case_id,information_policy,device,threads,seed,reference_method,comparison_method,reference_status,comparison_status,reference_job_id,comparison_job_id,comparison_basis,reference_complete_pipeline_seconds,comparison_complete_pipeline_seconds,complete_pipeline_time_ratio_comparison_over_reference,matched_macro_f1_difference_comparison_minus_reference,matched_membership_micro_f1_difference_comparison_minus_reference,at_least_two_correct_recall_difference_comparison_minus_reference,small_group_mean_matched_f1_difference_comparison_minus_reference,onmi_difference_comparison_minus_reference,pred_node_coverage_difference_comparison_minus_reference,observed_macro_quality_at_least_equal_and_faster,observed_macro_quality_higher_and_time_at_most_equal,observation_is_not_a_repeatability_claim
lfr_n1000_o00_m20_s11,graph_only_native_K,cpu,1,73,bigclam_native,ego_karateclub,COMPLETED,COMPLETED,lfr_n1000_o00_m20_s11__bigclam_native__s73,lfr_n1000_o00_m20_s11__ego_karateclub__s73,both_completed_and_scored,12.818048499990255,0.22718816669657826,0.01772408387257631,0.09191804893378908,0.08084696823869109,,0.0,0.09680861556802611,0.0010000000000000009,True,True,True
lfr_n1000_o00_m20_s12,graph_only_native_K,cpu,1,73,bigclam_native,ego_karateclub,COMPLETED,COMPLETED,lfr_n1000_o00_m20_s12__bigclam_native__s73,lfr_n1000_o00_m20_s12__ego_karateclub__s73,both_completed_and_scored,12.709543999750167,0.21211591688916087,0.016689498607765193,0.12760456455309388,0.13276836158192096,,0.0,0.15589146160713685,0.0030000000000000027,True,True,True
lfr_n1000_o00_m50_s11,graph_only_native_K,cpu,1,73,bigclam_native,ego_karateclub,COMPLETED,COMPLETED,lfr_n1000_o00_m50_s11__bigclam_native__s73,lfr_n1000_o00_m50_s11__ego_karateclub__s73,both_completed_and_scored,17.015216667205095,0.22771445801481605,0.013382989030854359,0.11891552113450199,0.13710429447852757,,0.26155844155844155,0.21363282640554926,0.07499999999999996,True,True,True
lfr_n1000_o00_m50_s12,graph_only_native_K,cpu,1,73,bigclam_native,ego_karateclub,COMPLETED,COMPLETED,lfr_n1000_o00_m50_s12__bigclam_native__s73,lfr_n1000_o00_m50_s12__ego_karateclub__s73,both_completed_and_scored,17.10464279074222,0.2472217078320682,0.014453485574447391,0.21816628775945068,0.21256750122729506,,0.4558325024925225,0.3161725044342494,0.06899999999999995,True,True,True
lfr_n1000_o20_m20_s11,graph_only_native_K,cpu,1,73,bigclam_native,ego_karateclub,COMPLETED,COMPLETED,lfr_n1000_o20_m20_s11__bigclam_native__s73,lfr_n1000_o20_m20_s11__ego_karateclub__s73,both_completed_and_scored,12.99678708286956,0.23696362506598234,0.018232477269579394,-0.07605104033729126,-0.0749274923327401,-0.645,-0.5406011113762421,-0.1690190013384678,0.02200000000000002,False,False,True
lfr_n1000_o20_m20_s12,graph_only_native_K,cpu,1,73,bigclam_native,ego_karateclub,COMPLETED,COMPLETED,lfr_n1000_o20_m20_s12__bigclam_native__s73,lfr_n1000_o20_m20_s12__ego_karateclub__s73,both_completed_and_scored,13.22575195832178,0.23698658403009176,0.017918571645446395,-0.029633024549252984,0.02286080117066036,-0.575,-0.5585585585585586,-0.10161679468220963,0.014000000000000012,False,False,True
lfr_n1000_o20_m50_s11,graph_only_native_K,cpu,1,73,bigclam_native,ego_karateclub,COMPLETED,COMPLETED,lfr_n1000_o20_m50_s11__bigclam_native__s73,lfr_n1000_o20_m50_s11__ego_karateclub__s73,both_completed_and_scored,18.248579083010554,0.23729783296585083,0.013003633427370537,0.05086446535338163,0.05687017920871862,-0.375,-0.18737436370743055,-0.0019384057057759696,0.05300000000000005,True,True,True
lfr_n1000_o20_m50_s12,graph_only_native_K,cpu,1,73,bigclam_native,ego_karateclub,COMPLETED,COMPLETED,lfr_n1000_o20_m50_s12__bigclam_native__s73,lfr_n1000_o20_m50_s12__ego_karateclub__s73,both_completed_and_scored,16.67486874992028,0.2570091672241688,0.01541296492815858,0.6355171480214609,0.5675851684547337,-0.02,0.42076719576719573,0.6033462096146862,0.33499999999999996,True,True,True
lfr_n1000_o40_m20_s11,graph_only_native_K,cpu,1,73,bigclam_native,ego_karateclub,COMPLETED,COMPLETED,lfr_n1000_o40_m20_s11__bigclam_native__s73,lfr_n1000_o40_m20_s11__ego_karateclub__s73,both_completed_and_scored,13.680023625027388,0.2806644169613719,0.020516369317367316,-0.16981274620989706,-0.18485412107950405,-0.6525,-0.4595331701406918,-0.34482276918000115,0.031000000000000028,False,False,True
lfr_n1000_o40_m20_s12,graph_only_native_K,cpu,1,73,bigclam_native,ego_karateclub,COMPLETED,COMPLETED,lfr_n1000_o40_m20_s12__bigclam_native__s73,lfr_n1000_o40_m20_s12__ego_karateclub__s73,both_completed_and_scored,13.644591290969402,0.2574030002579093,0.01886483770519899,-0.18736606719248128,-0.23149829184968274,-0.705,-0.2274019268952886,-0.35227865820913906,0.027000000000000024,False,False,True
lfr_n1000_o40_m50_s11,graph_only_native_K,cpu,1,73,bigclam_native,ego_karateclub,COMPLETED,COMPLETED,lfr_n1000_o40_m50_s11__bigclam_native__s73,lfr_n1000_o40_m50_s11__ego_karateclub__s73,both_completed_and_scored,17.383895667269826,0.24968895828351378,0.014363233826444605,0.4919641439499951,0.45536211258697024,-0.0075,0.3249371268302979,0.386182456051429,0.391,True,True,True
lfr_n1000_o40_m50_s12,graph_only_native_K,cpu,1,73,bigclam_native,ego_karateclub,COMPLETED,COMPLETED,lfr_n1000_o40_m50_s12__bigclam_native__s73,lfr_n1000_o40_m50_s12__ego_karateclub__s73,both_completed_and_scored,17.193383667152375,0.25782199995592237,0.014995419455943758,0.47563242614899176,0.3452142524452725,-0.0175,0.6572601422048621,0.3186526691898981,0.367,True,True,True
lfr_n5000_o00_m20_s11,graph_only_native_K,cpu,1,73,bigclam_native,ego_karateclub,TIMEOUT,COMPLETED,lfr_n5000_o00_m20_s11__bigclam_native__s73,lfr_n5000_o00_m20_s11__ego_karateclub__s73,not_both_completed_and_scored,,,,,,,,,,,,
lfr_n5000_o00_m20_s12,graph_only_native_K,cpu,1,73,bigclam_native,ego_karateclub,TIMEOUT,COMPLETED,lfr_n5000_o00_m20_s12__bigclam_native__s73,lfr_n5000_o00_m20_s12__ego_karateclub__s73,not_both_completed_and_scored,,,,,,,,,,,,
lfr_n5000_o00_m50_s11,graph_only_native_K,cpu,1,73,bigclam_native,ego_karateclub,TIMEOUT,COMPLETED,lfr_n5000_o00_m50_s11__bigclam_native__s73,lfr_n5000_o00_m50_s11__ego_karateclub__s73,not_both_completed_and_scored,,,,,,,,,,,,
lfr_n5000_o00_m50_s12,graph_only_native_K,cpu,1,73,bigclam_native,ego_karateclub,TIMEOUT,COMPLETED,lfr_n5000_o00_m50_s12__bigclam_native__s73,lfr_n5000_o00_m50_s12__ego_karateclub__s73,not_both_completed_and_scored,,,,,,,,,,,,
lfr_n5000_o20_m20_s11,graph_only_native_K,cpu,1,73,bigclam_native,ego_karateclub,TIMEOUT,COMPLETED,lfr_n5000_o20_m20_s11__bigclam_native__s73,lfr_n5000_o20_m20_s11__ego_karateclub__s73,not_both_completed_and_scored,,,,,,,,,,,,
lfr_n5000_o20_m20_s12,graph_only_native_K,cpu,1,73,bigclam_native,ego_karateclub,TIMEOUT,COMPLETED,lfr_n5000_o20_m20_s12__bigclam_native__s73,lfr_n5000_o20_m20_s12__ego_karateclub__s73,not_both_completed_and_scored,,,,,,,,,,,,
lfr_n5000_o20_m50_s11,graph_only_native_K,cpu,1,73,bigclam_native,ego_karateclub,TIMEOUT,COMPLETED,lfr_n5000_o20_m50_s11__bigclam_native__s73,lfr_n5000_o20_m50_s11__ego_karateclub__s73,not_both_completed_and_scored,,,,,,,,,,,,
lfr_n5000_o20_m50_s12,graph_only_native_K,cpu,1,73,bigclam_native,ego_karateclub,TIMEOUT,COMPLETED,lfr_n5000_o20_m50_s12__bigclam_native__s73,lfr_n5000_o20_m50_s12__ego_karateclub__s73,not_both_completed_and_scored,,,,,,,,,,,,
lfr_n5000_o40_m20_s11,graph_only_native_K,cpu,1,73,bigclam_native,ego_karateclub,TIMEOUT,COMPLETED,lfr_n5000_o40_m20_s11__bigclam_native__s73,lfr_n5000_o40_m20_s11__ego_karateclub__s73,not_both_completed_and_scored,,,,,,,,,,,,
lfr_n5000_o40_m20_s12,graph_only_native_K,cpu,1,73,bigclam_native,ego_karateclub,TIMEOUT,COMPLETED,lfr_n5000_o40_m20_s12__bigclam_native__s73,lfr_n5000_o40_m20_s12__ego_karateclub__s73,not_both_completed_and_scored,,,,,,,,,,,,
lfr_n5000_o40_m50_s11,graph_only_native_K,cpu,1,73,bigclam_native,ego_karateclub,TIMEOUT,COMPLETED,lfr_n5000_o40_m50_s11__bigclam_native__s73,lfr_n5000_o40_m50_s11__ego_karateclub__s73,not_both_completed_and_scored,,,,,,,,,,,,
lfr_n5000_o40_m50_s12,graph_only_native_K,cpu,1,73,bigclam_native,ego_karateclub,TIMEOUT,COMPLETED,lfr_n5000_o40_m50_s12__bigclam_native__s73,lfr_n5000_o40_m50_s12__ego_karateclub__s73,not_both_completed_and_scored,,,,,,,,,,,,
lfr_n1000_o00_m20_s11,graph_only_native_K,cpu,1,73,bigclam_native,ego_karateclub_loopless_fix,COMPLETED,COMPLETED,lfr_n1000_o00_m20_s11__bigclam_native__s73,lfr_n1000_o00_m20_s11__ego_karateclub_loopless_fix__s73,both_completed_and_scored,12.818048499990255,0.29188304115086794,0.022771254231959713,-0.8880264234151911,-0.5649199463911354,,-0.036166278470462165,-0.7863186300861892,0.0010000000000000009,False,False,True
lfr_n1000_o00_m20_s12,graph_only_native_K,cpu,1,73,bigclam_native,ego_karateclub_loopless_fix,COMPLETED,COMPLETED,lfr_n1000_o00_m20_s12__bigclam_native__s73,lfr_n1000_o00_m20_s12__ego_karateclub_loopless_fix__s73,both_completed_and_scored,12.709543999750167,0.36111766705289483,0.02841310963320111,-0.8526118100382615,-0.503462995275118,,-0.04739683454401167,-0.7262931211323755,0.0030000000000000027,False,False,True
lfr_n1000_o00_m50_s11,graph_only_native_K,cpu,1,73,bigclam_native,ego_karateclub_loopless_fix,COMPLETED,COMPLETED,lfr_n1000_o00_m50_s11__bigclam_native__s73,lfr_n1000_o00_m50_s11__ego_karateclub_loopless_fix__s73,both_completed_and_scored,17.015216667205095,0.5479585421271622,0.03220402965442634,-0.8713713071291143,-0.6822636725867537,,-0.20793461419780623,-0.7350163552852277,0.07499999999999996,False,False,True
lfr_n1000_o00_m50_s12,graph_only_native_K,cpu,1,73,bigclam_native,ego_karateclub_loopless_fix,COMPLETED,COMPLETED,lfr_n1000_o00_m50_s12__bigclam_native__s73,lfr_n1000_o00_m50_s12__ego_karateclub_loopless_fix__s73,both_completed_and_scored,17.10464279074222,0.5874131671153009,0.034342322976381276,-0.7750553523598939,-0.6138301042569185,,0.16187260274314907,-0.6452639072822743,0.06899999999999995,False,False,True
lfr_n1000_o20_m20_s11,graph_only_native_K,cpu,1,73,bigclam_native,ego_karateclub_loopless_fix,COMPLETED,COMPLETED,lfr_n1000_o20_m20_s11__bigclam_native__s73,lfr_n1000_o20_m20_s11__ego_karateclub_loopless_fix__s73,both_completed_and_scored,12.99678708286956,0.3166332500986755,0.024362424965475856,-0.8484407063849132,-0.6016959869959717,-0.335,-0.5903275494206155,-0.7518880645629136,0.02200000000000002,False,False,True
lfr_n1000_o20_m20_s12,graph_only_native_K,cpu,1,73,bigclam_native,ego_karateclub_loopless_fix,COMPLETED,COMPLETED,lfr_n1000_o20_m20_s12__bigclam_native__s73,lfr_n1000_o20_m20_s12__ego_karateclub_loopless_fix__s73,both_completed_and_scored,13.22575195832178,0.3758895839564502,0.028421036863611873,-0.8102390026551615,-0.504666326873709,-0.22999999999999998,-0.9030844645550528,-0.687771477873152,0.014000000000000012,False,False,True
lfr_n1000_o20_m50_s11,graph_only_native_K,cpu,1,73,bigclam_native,ego_karateclub_loopless_fix,COMPLETED,COMPLETED,lfr_n1000_o20_m50_s11__bigclam_native__s73,lfr_n1000_o20_m50_s11__ego_karateclub_loopless_fix__s73,both_completed_and_scored,18.248579083010554,0.5577367497608066,0.03056329740653945,-0.7975005769613496,-0.6795646648753337,-0.265,-0.6308432602266116,-0.6713918717444276,0.05300000000000005,False,False,True
lfr_n1000_o20_m50_s12,graph_only_native_K,cpu,1,73,bigclam_native,ego_karateclub_loopless_fix,COMPLETED,COMPLETED,lfr_n1000_o20_m50_s12__bigclam_native__s73,lfr_n1000_o20_m50_s12__ego_karateclub_loopless_fix__s73,both_completed_and_scored,16.67486874992028,0.6619792077690363,0.039699215489909095,-0.1369111929526001,-0.10857874026478104,0.08499999999999999,0.12135997988939166,0.01694221706305959,0.33499999999999996,False,False,True
lfr_n1000_o40_m20_s11,graph_only_native_K,cpu,1,73,bigclam_native,ego_karateclub_loopless_fix,COMPLETED,COMPLETED,lfr_n1000_o40_m20_s11__bigclam_native__s73,lfr_n1000_o40_m20_s11__ego_karateclub_loopless_fix__s73,both_completed_and_scored,13.680023625027388,0.3385588340461254,0.0247484100412471,-0.8297939369057393,-0.5864121249028262,-0.32999999999999996,-0.5562586819901928,-0.7460492779883494,0.031000000000000028,False,False,True
lfr_n1000_o40_m20_s12,graph_only_native_K,cpu,1,73,bigclam_native,ego_karateclub_loopless_fix,COMPLETED,COMPLETED,lfr_n1000_o40_m20_s12__bigclam_native__s73,lfr_n1000_o40_m20_s12__ego_karateclub_loopless_fix__s73,both_completed_and_scored,13.644591290969402,0.39572337502613664,0.02900221535313,-0.8842057247148751,-0.638527277356929,-0.42499999999999993,-0.6621417415618844,-0.7760083598255895,0.027000000000000024,False,False,True
lfr_n1000_o40_m50_s11,graph_only_native_K,cpu,1,73,bigclam_native,ego_karateclub_loopless_fix,COMPLETED,COMPLETED,lfr_n1000_o40_m50_s11__bigclam_native__s73,lfr_n1000_o40_m50_s11__ego_karateclub_loopless_fix__s73,both_completed_and_scored,17.383895667269826,0.5417472501285374,0.031163742609692034,-0.11723844103278395,-0.09387485659354387,0.07750000000000001,0.19571833113763448,0.01127678127667139,0.391,False,False,True
lfr_n1000_o40_m50_s12,graph_only_native_K,cpu,1,73,bigclam_native,ego_karateclub_loopless_fix,COMPLETED,COMPLETED,lfr_n1000_o40_m50_s12__bigclam_native__s73,lfr_n1000_o40_m50_s12__ego_karateclub_loopless_fix__s73,both_completed_and_scored,17.193383667152375,0.4763819999061525,0.02770728607750847,-0.10952841249398645,-0.08263942090020417,0.0675,0.2665179811977842,0.010932819919900184,0.367,False,False,True
lfr_n5000_o00_m20_s11,graph_only_native_K,cpu,1,73,bigclam_native,ego_karateclub_loopless_fix,TIMEOUT,COMPLETED,lfr_n5000_o00_m20_s11__bigclam_native__s73,lfr_n5000_o00_m20_s11__ego_karateclub_loopless_fix__s73,not_both_completed_and_scored,,,,,,,,,,,,
lfr_n5000_o00_m20_s12,graph_only_native_K,cpu,1,73,bigclam_native,ego_karateclub_loopless_fix,TIMEOUT,COMPLETED,lfr_n5000_o00_m20_s12__bigclam_native__s73,lfr_n5000_o00_m20_s12__ego_karateclub_loopless_fix__s73,not_both_completed_and_scored,,,,,,,,,,,,
lfr_n5000_o00_m50_s11,graph_only_native_K,cpu,1,73,bigclam_native,ego_karateclub_loopless_fix,TIMEOUT,COMPLETED,lfr_n5000_o00_m50_s11__bigclam_native__s73,lfr_n5000_o00_m50_s11__ego_karateclub_loopless_fix__s73,not_both_completed_and_scored,,,,,,,,,,,,
lfr_n5000_o00_m50_s12,graph_only_native_K,cpu,1,73,bigclam_native,ego_karateclub_loopless_fix,TIMEOUT,COMPLETED,lfr_n5000_o00_m50_s12__bigclam_native__s73,lfr_n5000_o00_m50_s12__ego_karateclub_loopless_fix__s73,not_both_completed_and_scored,,,,,,,,,,,,
lfr_n5000_o20_m20_s11,graph_only_native_K,cpu,1,73,bigclam_native,ego_karateclub_loopless_fix,TIMEOUT,COMPLETED,lfr_n5000_o20_m20_s11__bigclam_native__s73,lfr_n5000_o20_m20_s11__ego_karateclub_loopless_fix__s73,not_both_completed_and_scored,,,,,,,,,,,,
lfr_n5000_o20_m20_s12,graph_only_native_K,cpu,1,73,bigclam_native,ego_karateclub_loopless_fix,TIMEOUT,COMPLETED,lfr_n5000_o20_m20_s12__bigclam_native__s73,lfr_n5000_o20_m20_s12__ego_karateclub_loopless_fix__s73,not_both_completed_and_scored,,,,,,,,,,,,
lfr_n5000_o20_m50_s11,graph_only_native_K,cpu,1,73,bigclam_native,ego_karateclub_loopless_fix,TIMEOUT,COMPLETED,lfr_n5000_o20_m50_s11__bigclam_native__s73,lfr_n5000_o20_m50_s11__ego_karateclub_loopless_fix__s73,not_both_completed_and_scored,,,,,,,,,,,,
lfr_n5000_o20_m50_s12,graph_only_native_K,cpu,1,73,bigclam_native,ego_karateclub_loopless_fix,TIMEOUT,COMPLETED,lfr_n5000_o20_m50_s12__bigclam_native__s73,lfr_n5000_o20_m50_s12__ego_karateclub_loopless_fix__s73,not_both_completed_and_scored,,,,,,,,,,,,
lfr_n5000_o40_m20_s11,graph_only_native_K,cpu,1,73,bigclam_native,ego_karateclub_loopless_fix,TIMEOUT,COMPLETED,lfr_n5000_o40_m20_s11__bigclam_native__s73,lfr_n5000_o40_m20_s11__ego_karateclub_loopless_fix__s73,not_both_completed_and_scored,,,,,,,,,,,,
lfr_n5000_o40_m20_s12,graph_only_native_K,cpu,1,73,bigclam_native,ego_karateclub_loopless_fix,TIMEOUT,COMPLETED,lfr_n5000_o40_m20_s12__bigclam_native__s73,lfr_n5000_o40_m20_s12__ego_karateclub_loopless_fix__s73,not_both_completed_and_scored,,,,,,,,,,,,
lfr_n5000_o40_m50_s11,graph_only_native_K,cpu,1,73,bigclam_native,ego_karateclub_loopless_fix,TIMEOUT,COMPLETED,lfr_n5000_o40_m50_s11__bigclam_native__s73,lfr_n5000_o40_m50_s11__ego_karateclub_loopless_fix__s73,not_both_completed_and_scored,,,,,,,,,,,,
lfr_n5000_o40_m50_s12,graph_only_native_K,cpu,1,73,bigclam_native,ego_karateclub_loopless_fix,TIMEOUT,COMPLETED,lfr_n5000_o40_m50_s12__bigclam_native__s73,lfr_n5000_o40_m50_s12__ego_karateclub_loopless_fix__s73,not_both_completed_and_scored,,,,,,,,,,,,
lfr_n1000_o00_m20_s11,graph_only_native_K,cpu,1,73,bigclam_native,ego_sknetwork_fixed,COMPLETED,COMPLETED,lfr_n1000_o00_m20_s11__bigclam_native__s73,lfr_n1000_o00_m20_s11__ego_sknetwork_fixed__s73,both_completed_and_scored,12.818048499990255,2.736596167087555,0.21349553850491637,-0.8880264234151911,-0.5649199463911354,,-0.036166278470462165,-0.7863186300861883,0.0010000000000000009,False,False,True
lfr_n1000_o00_m20_s12,graph_only_native_K,cpu,1,73,bigclam_native,ego_sknetwork_fixed,COMPLETED,COMPLETED,lfr_n1000_o00_m20_s12__bigclam_native__s73,lfr_n1000_o00_m20_s12__ego_sknetwork_fixed__s73,both_completed_and_scored,12.709543999750167,2.6470188749954104,0.20827016886266284,-0.8526118100382615,-0.503462995275118,,-0.04739683454401167,-0.7262931211323747,0.0030000000000000027,False,False,True
lfr_n1000_o00_m50_s11,graph_only_native_K,cpu,1,73,bigclam_native,ego_sknetwork_fixed,COMPLETED,COMPLETED,lfr_n1000_o00_m50_s11__bigclam_native__s73,lfr_n1000_o00_m50_s11__ego_sknetwork_fixed__s73,both_completed_and_scored,17.015216667205095,2.668714374769479,0.15684280882024407,-0.8710762924426828,-0.6787879152225993,,-0.12481702746380341,-0.732921267780767,0.07499999999999996,False,False,True
lfr_n1000_o00_m50_s12,graph_only_native_K,cpu,1,73,bigclam_native,ego_sknetwork_fixed,COMPLETED,COMPLETED,lfr_n1000_o00_m50_s12__bigclam_native__s73,lfr_n1000_o00_m50_s12__ego_sknetwork_fixed__s73,both_completed_and_scored,17.10464279074222,2.885944874957204,0.16872289648277272,-0.7746168888899178,-0.6102808198842449,,0.32631704718759347,-0.6442147758106794,0.06899999999999995,False,False,True
lfr_n1000_o20_m20_s11,graph_only_native_K,cpu,1,73,bigclam_native,ego_sknetwork_fixed,COMPLETED,COMPLETED,lfr_n1000_o20_m20_s11__bigclam_native__s73,lfr_n1000_o20_m20_s11__ego_sknetwork_fixed__s73,both_completed_and_scored,12.99678708286956,2.877074584364891,0.22136814014265302,-0.8484043717950625,-0.6009705617991266,-0.34,-0.5903275494206155,-0.7515044120036986,0.02200000000000002,False,False,True
lfr_n1000_o20_m20_s12,graph_only_native_K,cpu,1,73,bigclam_native,ego_sknetwork_fixed,COMPLETED,COMPLETED,lfr_n1000_o20_m20_s12__bigclam_native__s73,lfr_n1000_o20_m20_s12__ego_sknetwork_fixed__s73,both_completed_and_scored,13.22575195832178,2.6545057906769216,0.2007073623520271,-0.8102115445106528,-0.504565702673754,-0.23499999999999993,-0.9030844645550528,-0.6875030687414058,0.014000000000000012,False,False,True
lfr_n1000_o20_m50_s11,graph_only_native_K,cpu,1,73,bigclam_native,ego_sknetwork_fixed,COMPLETED,COMPLETED,lfr_n1000_o20_m50_s11__bigclam_native__s73,lfr_n1000_o20_m50_s11__ego_sknetwork_fixed__s73,both_completed_and_scored,18.248579083010554,2.6675009578466415,0.1461758170711542,-0.7973404558753521,-0.6710170080491962,-0.195,-0.7576254048685764,-0.6695547014409631,0.05300000000000005,False,False,True
lfr_n1000_o20_m50_s12,graph_only_native_K,cpu,1,73,bigclam_native,ego_sknetwork_fixed,COMPLETED,COMPLETED,lfr_n1000_o20_m50_s12__bigclam_native__s73,lfr_n1000_o20_m50_s12__ego_sknetwork_fixed__s73,both_completed_and_scored,16.67486874992028,2.970596041996032,0.17814809139113819,-0.13649951276079977,-0.10447032890155308,0.11,0.2092766465560583,0.019355623207788383,0.33499999999999996,False,False,True
lfr_n1000_o40_m20_s11,graph_only_native_K,cpu,1,73,bigclam_native,ego_sknetwork_fixed,COMPLETED,COMPLETED,lfr_n1000_o40_m20_s11__bigclam_native__s73,lfr_n1000_o40_m20_s11__ego_sknetwork_fixed__s73,both_completed_and_scored,13.680023625027388,2.902785209007561,0.21219153479362135,-0.8274567291728105,-0.5589909854223439,-0.25999999999999995,-0.4760295237668641,-0.7367655835273337,0.031000000000000028,False,False,True
lfr_n1000_o40_m20_s12,graph_only_native_K,cpu,1,73,bigclam_native,ego_sknetwork_fixed,COMPLETED,COMPLETED,lfr_n1000_o40_m20_s12__bigclam_native__s73,lfr_n1000_o40_m20_s12__ego_sknetwork_fixed__s73,both_completed_and_scored,13.644591290969402,2.6659887498244643,0.19538795211762294,-0.883317241400978,-0.6206258626245609,-0.37499999999999994,-0.6621417415618844,-0.7711995010442353,0.027000000000000024,False,False,True
lfr_n1000_o40_m50_s11,graph_only_native_K,cpu,1,73,bigclam_native,ego_sknetwork_fixed,COMPLETED,COMPLETED,lfr_n1000_o40_m50_s11__bigclam_native__s73,lfr_n1000_o40_m50_s11__ego_sknetwork_fixed__s73,both_completed_and_scored,17.383895667269826,2.908418625127524,0.16730534287567414,-0.11724270324563821,-0.09554737225376511,0.060000000000000005,0.2566572294052591,0.008649024353515857,0.391,False,False,True
lfr_n1000_o40_m50_s12,graph_only_native_K,cpu,1,73,bigclam_native,ego_sknetwork_fixed,COMPLETED,COMPLETED,lfr_n1000_o40_m50_s12__bigclam_native__s73,lfr_n1000_o40_m50_s12__ego_sknetwork_fixed__s73,both_completed_and_scored,17.193383667152375,2.679019832983613,0.15581690520300714,-0.10986767061940388,-0.08268656395215676,0.0775,0.21049456634174243,0.008384903808350419,0.367,False,False,True
lfr_n5000_o00_m20_s11,graph_only_native_K,cpu,1,73,bigclam_native,ego_sknetwork_fixed,TIMEOUT,COMPLETED,lfr_n5000_o00_m20_s11__bigclam_native__s73,lfr_n5000_o00_m20_s11__ego_sknetwork_fixed__s73,not_both_completed_and_scored,,,,,,,,,,,,
lfr_n5000_o00_m20_s12,graph_only_native_K,cpu,1,73,bigclam_native,ego_sknetwork_fixed,TIMEOUT,COMPLETED,lfr_n5000_o00_m20_s12__bigclam_native__s73,lfr_n5000_o00_m20_s12__ego_sknetwork_fixed__s73,not_both_completed_and_scored,,,,,,,,,,,,
lfr_n5000_o00_m50_s11,graph_only_native_K,cpu,1,73,bigclam_native,ego_sknetwork_fixed,TIMEOUT,COMPLETED,lfr_n5000_o00_m50_s11__bigclam_native__s73,lfr_n5000_o00_m50_s11__ego_sknetwork_fixed__s73,not_both_completed_and_scored,,,,,,,,,,,,
lfr_n5000_o00_m50_s12,graph_only_native_K,cpu,1,73,bigclam_native,ego_sknetwork_fixed,TIMEOUT,COMPLETED,lfr_n5000_o00_m50_s12__bigclam_native__s73,lfr_n5000_o00_m50_s12__ego_sknetwork_fixed__s73,not_both_completed_and_scored,,,,,,,,,,,,
lfr_n5000_o20_m20_s11,graph_only_native_K,cpu,1,73,bigclam_native,ego_sknetwork_fixed,TIMEOUT,COMPLETED,lfr_n5000_o20_m20_s11__bigclam_native__s73,lfr_n5000_o20_m20_s11__ego_sknetwork_fixed__s73,not_both_completed_and_scored,,,,,,,,,,,,
lfr_n5000_o20_m20_s12,graph_only_native_K,cpu,1,73,bigclam_native,ego_sknetwork_fixed,TIMEOUT,COMPLETED,lfr_n5000_o20_m20_s12__bigclam_native__s73,lfr_n5000_o20_m20_s12__ego_sknetwork_fixed__s73,not_both_completed_and_scored,,,,,,,,,,,,
lfr_n5000_o20_m50_s11,graph_only_native_K,cpu,1,73,bigclam_native,ego_sknetwork_fixed,TIMEOUT,COMPLETED,lfr_n5000_o20_m50_s11__bigclam_native__s73,lfr_n5000_o20_m50_s11__ego_sknetwork_fixed__s73,not_both_completed_and_scored,,,,,,,,,,,,
lfr_n5000_o20_m50_s12,graph_only_native_K,cpu,1,73,bigclam_native,ego_sknetwork_fixed,TIMEOUT,COMPLETED,lfr_n5000_o20_m50_s12__bigclam_native__s73,lfr_n5000_o20_m50_s12__ego_sknetwork_fixed__s73,not_both_completed_and_scored,,,,,,,,,,,,
lfr_n5000_o40_m20_s11,graph_only_native_K,cpu,1,73,bigclam_native,ego_sknetwork_fixed,TIMEOUT,COMPLETED,lfr_n5000_o40_m20_s11__bigclam_native__s73,lfr_n5000_o40_m20_s11__ego_sknetwork_fixed__s73,not_both_completed_and_scored,,,,,,,,,,,,
lfr_n5000_o40_m20_s12,graph_only_native_K,cpu,1,73,bigclam_native,ego_sknetwork_fixed,TIMEOUT,COMPLETED,lfr_n5000_o40_m20_s12__bigclam_native__s73,lfr_n5000_o40_m20_s12__ego_sknetwork_fixed__s73,not_both_completed_and_scored,,,,,,,,,,,,
lfr_n5000_o40_m50_s11,graph_only_native_K,cpu,1,73,bigclam_native,ego_sknetwork_fixed,TIMEOUT,COMPLETED,lfr_n5000_o40_m50_s11__bigclam_native__s73,lfr_n5000_o40_m50_s11__ego_sknetwork_fixed__s73,not_both_completed_and_scored,,,,,,,,,,,,
lfr_n5000_o40_m50_s12,graph_only_native_K,cpu,1,73,bigclam_native,ego_sknetwork_fixed,TIMEOUT,COMPLETED,lfr_n5000_o40_m50_s12__bigclam_native__s73,lfr_n5000_o40_m50_s12__ego_sknetwork_fixed__s73,not_both_completed_and_scored,,,,,,,,,,,,
lfr_n1000_o00_m20_s11,graph_only_native_K,cpu,1,73,bigclam_native,highway_native,COMPLETED,COMPLETED,lfr_n1000_o00_m20_s11__bigclam_native__s73,lfr_n1000_o00_m20_s11__highway_native__s73,both_completed_and_scored,12.818048499990255,0.12513695796951652,0.009762559251481352,-0.3970456289472013,-0.6002970995579191,,-0.6,-0.37150233651184306,-0.07099999999999995,False,False,True
lfr_n1000_o00_m20_s12,graph_only_native_K,cpu,1,73,bigclam_native,highway_native,COMPLETED,COMPLETED,lfr_n1000_o00_m20_s12__bigclam_native__s73,lfr_n1000_o00_m20_s12__highway_native__s73,both_completed_and_scored,12.709543999750167,0.13457491621375084,0.010588492885063083,-0.23794693468996686,-0.4108333758053159,,0.0,-0.23488671299871733,0.0030000000000000027,False,False,True
lfr_n1000_o00_m50_s11,graph_only_native_K,cpu,1,73,bigclam_native,highway_native,COMPLETED,COMPLETED,lfr_n1000_o00_m50_s11__bigclam_native__s73,lfr_n1000_o00_m50_s11__highway_native__s73,both_completed_and_scored,17.015216667205095,0.13342958316206932,0.007841779847519647,-0.4565648225304552,-0.6188153438941495,,-0.1308547333587089,-0.5279562539024301,0.07499999999999996,False,False,True
lfr_n1000_o00_m50_s12,graph_only_native_K,cpu,1,73,bigclam_native,highway_native,COMPLETED,COMPLETED,lfr_n1000_o00_m50_s12__bigclam_native__s73,lfr_n1000_o00_m50_s12__highway_native__s73,both_completed_and_scored,17.10464279074222,0.13068545842543244,0.007640350051400379,-0.26729860867871913,-0.43231120497216585,,0.3080517847118046,-0.34761003852404593,0.06899999999999995,False,False,True
lfr_n1000_o20_m20_s11,graph_only_native_K,cpu,1,73,bigclam_native,highway_native,COMPLETED,COMPLETED,lfr_n1000_o20_m20_s11__bigclam_native__s73,lfr_n1000_o20_m20_s11__highway_native__s73,both_completed_and_scored,12.99678708286956,0.13102241698652506,0.010081138988513509,-0.3117638761811137,-0.4410531825473471,-0.635,-0.7154123685431808,-0.34397758982304566,0.02200000000000002,False,False,True
lfr_n1000_o20_m20_s12,graph_only_native_K,cpu,1,73,bigclam_native,highway_native,COMPLETED,COMPLETED,lfr_n1000_o20_m20_s12__bigclam_native__s73,lfr_n1000_o20_m20_s12__highway_native__s73,both_completed_and_scored,13.22575195832178,0.13025891687721014,0.009848885514237236,-0.17212448908414435,-0.316522866009617,-0.565,-0.30387966642687536,-0.25651158656364226,0.014000000000000012,False,False,True
lfr_n1000_o20_m50_s11,graph_only_native_K,cpu,1,73,bigclam_native,highway_native,COMPLETED,COMPLETED,lfr_n1000_o20_m50_s11__bigclam_native__s73,lfr_n1000_o20_m50_s11__highway_native__s73,both_completed_and_scored,18.248579083010554,0.1317982911132276,0.007222386494515179,-0.35221049276352345,-0.43683522930681645,-0.33,-0.26211525846910855,-0.551526735680572,0.05300000000000005,False,False,True
lfr_n1000_o20_m50_s12,graph_only_native_K,cpu,1,73,bigclam_native,highway_native,COMPLETED,COMPLETED,lfr_n1000_o20_m50_s12__bigclam_native__s73,lfr_n1000_o20_m50_s12__highway_native__s73,both_completed_and_scored,16.67486874992028,0.13632933283224702,0.008175736485655925,0.27563148302707763,0.0876092807491333,0.039999999999999994,0.5652388183750271,0.15303452246595048,0.33499999999999996,True,True,True
lfr_n1000_o40_m20_s11,graph_only_native_K,cpu,1,73,bigclam_native,highway_native,COMPLETED,COMPLETED,lfr_n1000_o40_m20_s11__bigclam_native__s73,lfr_n1000_o40_m20_s11__highway_native__s73,both_completed_and_scored,13.680023625027388,0.12970216711983085,0.009481136193547412,-0.288213629395646,-0.41039080251721943,-0.5974999999999999,-0.31068144848082513,-0.4847206834656751,0.031000000000000028,False,False,True
lfr_n1000_o40_m20_s12,graph_only_native_K,cpu,1,73,bigclam_native,highway_native,COMPLETED,COMPLETED,lfr_n1000_o40_m20_s12__bigclam_native__s73,lfr_n1000_o40_m20_s12__highway_native__s73,both_completed_and_scored,13.644591290969402,0.12694866675883532,0.009303955248762607,-0.36058429569426276,-0.4822547930317158,-0.6875,-0.2746460034425581,-0.543639936256656,0.027000000000000024,False,False,True
lfr_n1000_o40_m50_s11,graph_only_native_K,cpu,1,73,bigclam_native,highway_native,COMPLETED,COMPLETED,lfr_n1000_o40_m50_s11__bigclam_native__s73,lfr_n1000_o40_m50_s11__highway_native__s73,both_completed_and_scored,17.383895667269826,0.13743704184889793,0.007905997854535139,0.28133414047332805,0.12862718909462104,0.0325,0.5813961746931157,0.08320881513833153,0.391,True,True,True
lfr_n1000_o40_m50_s12,graph_only_native_K,cpu,1,73,bigclam_native,highway_native,COMPLETED,COMPLETED,lfr_n1000_o40_m50_s12__bigclam_native__s73,lfr_n1000_o40_m50_s12__highway_native__s73,both_completed_and_scored,17.193383667152375,0.2244934169575572,0.013056965475995717,0.23440533004903152,0.09063418783982713,0.0475,0.4190225621373162,0.035922105508439196,0.367,True,True,True
lfr_n5000_o00_m20_s11,graph_only_native_K,cpu,1,73,bigclam_native,highway_native,TIMEOUT,COMPLETED,lfr_n5000_o00_m20_s11__bigclam_native__s73,lfr_n5000_o00_m20_s11__highway_native__s73,not_both_completed_and_scored,,,,,,,,,,,,
lfr_n5000_o00_m20_s12,graph_only_native_K,cpu,1,73,bigclam_native,highway_native,TIMEOUT,COMPLETED,lfr_n5000_o00_m20_s12__bigclam_native__s73,lfr_n5000_o00_m20_s12__highway_native__s73,not_both_completed_and_scored,,,,,,,,,,,,
lfr_n5000_o00_m50_s11,graph_only_native_K,cpu,1,73,bigclam_native,highway_native,TIMEOUT,COMPLETED,lfr_n5000_o00_m50_s11__bigclam_native__s73,lfr_n5000_o00_m50_s11__highway_native__s73,not_both_completed_and_scored,,,,,,,,,,,,
lfr_n5000_o00_m50_s12,graph_only_native_K,cpu,1,73,bigclam_native,highway_native,TIMEOUT,COMPLETED,lfr_n5000_o00_m50_s12__bigclam_native__s73,lfr_n5000_o00_m50_s12__highway_native__s73,not_both_completed_and_scored,,,,,,,,,,,,
lfr_n5000_o20_m20_s11,graph_only_native_K,cpu,1,73,bigclam_native,highway_native,TIMEOUT,COMPLETED,lfr_n5000_o20_m20_s11__bigclam_native__s73,lfr_n5000_o20_m20_s11__highway_native__s73,not_both_completed_and_scored,,,,,,,,,,,,
lfr_n5000_o20_m20_s12,graph_only_native_K,cpu,1,73,bigclam_native,highway_native,TIMEOUT,COMPLETED,lfr_n5000_o20_m20_s12__bigclam_native__s73,lfr_n5000_o20_m20_s12__highway_native__s73,not_both_completed_and_scored,,,,,,,,,,,,
lfr_n5000_o20_m50_s11,graph_only_native_K,cpu,1,73,bigclam_native,highway_native,TIMEOUT,COMPLETED,lfr_n5000_o20_m50_s11__bigclam_native__s73,lfr_n5000_o20_m50_s11__highway_native__s73,not_both_completed_and_scored,,,,,,,,,,,,
lfr_n5000_o20_m50_s12,graph_only_native_K,cpu,1,73,bigclam_native,highway_native,TIMEOUT,COMPLETED,lfr_n5000_o20_m50_s12__bigclam_native__s73,lfr_n5000_o20_m50_s12__highway_native__s73,not_both_completed_and_scored,,,,,,,,,,,,
lfr_n5000_o40_m20_s11,graph_only_native_K,cpu,1,73,bigclam_native,highway_native,TIMEOUT,COMPLETED,lfr_n5000_o40_m20_s11__bigclam_native__s73,lfr_n5000_o40_m20_s11__highway_native__s73,not_both_completed_and_scored,,,,,,,,,,,,
lfr_n5000_o40_m20_s12,graph_only_native_K,cpu,1,73,bigclam_native,highway_native,TIMEOUT,COMPLETED,lfr_n5000_o40_m20_s12__bigclam_native__s73,lfr_n5000_o40_m20_s12__highway_native__s73,not_both_completed_and_scored,,,,,,,,,,,,
lfr_n5000_o40_m50_s11,graph_only_native_K,cpu,1,73,bigclam_native,highway_native,TIMEOUT,COMPLETED,lfr_n5000_o40_m50_s11__bigclam_native__s73,lfr_n5000_o40_m50_s11__highway_native__s73,not_both_completed_and_scored,,,,,,,,,,,,
lfr_n5000_o40_m50_s12,graph_only_native_K,cpu,1,73,bigclam_native,highway_native,TIMEOUT,COMPLETED,lfr_n5000_o40_m50_s12__bigclam_native__s73,lfr_n5000_o40_m50_s12__highway_native__s73,not_both_completed_and_scored,,,,,,,,,,,,
lfr_n1000_o00_m20_s11,graph_only_native_K,cpu,1,73,bigclam_native,highway_python,COMPLETED,COMPLETED,lfr_n1000_o00_m20_s11__bigclam_native__s73,lfr_n1000_o00_m20_s11__highway_python__s73,both_completed_and_scored,12.818048499990255,0.27699983306229115,0.021610140815312234,-0.15298900980598662,-0.16873843806313316,,-0.6,-0.1379252507143981,-0.07099999999999995,False,False,True
lfr_n1000_o00_m20_s12,graph_only_native_K,cpu,1,73,bigclam_native,highway_python,COMPLETED,COMPLETED,lfr_n1000_o00_m20_s12__bigclam_native__s73,lfr_n1000_o00_m20_s12__highway_python__s73,both_completed_and_scored,12.709543999750167,0.254589875228703,0.020031393355552922,0.08678823802248159,0.09076836158192092,,0.0,0.10184647047869988,0.0030000000000000027,True,True,True
lfr_n1000_o00_m50_s11,graph_only_native_K,cpu,1,73,bigclam_native,highway_python,COMPLETED,COMPLETED,lfr_n1000_o00_m50_s11__bigclam_native__s73,lfr_n1000_o00_m50_s11__highway_python__s73,both_completed_and_scored,17.015216667205095,0.2639225828461349,0.015510973971598951,-0.3941997738252162,-0.43834432707535714,,-0.17423971779319536,-0.5224986558377906,0.07499999999999996,False,False,True
lfr_n1000_o00_m50_s12,graph_only_native_K,cpu,1,73,bigclam_native,highway_python,COMPLETED,COMPLETED,lfr_n1000_o00_m50_s12__bigclam_native__s73,lfr_n1000_o00_m50_s12__highway_python__s73,both_completed_and_scored,17.10464279074222,0.2609614171087742,0.015256759249600812,-0.2846541483239428,-0.36804525618104245,,0.04764357476449199,-0.4597392545672772,0.06899999999999995,False,False,True
lfr_n1000_o20_m20_s11,graph_only_native_K,cpu,1,73,bigclam_native,highway_python,COMPLETED,COMPLETED,lfr_n1000_o20_m20_s11__bigclam_native__s73,lfr_n1000_o20_m20_s11__highway_python__s73,both_completed_and_scored,12.99678708286956,0.2594987917691469,0.019966380161076873,-0.3484762199086622,-0.41607833715994946,-0.445,-0.7034574888280731,-0.5432409842013397,0.02200000000000002,False,False,True
lfr_n1000_o20_m20_s12,graph_only_native_K,cpu,1,73,bigclam_native,highway_python,COMPLETED,COMPLETED,lfr_n1000_o20_m20_s12__bigclam_native__s73,lfr_n1000_o20_m20_s12__highway_python__s73,both_completed_and_scored,13.22575195832178,0.26431670831516385,0.019985004190922622,-0.2792284378729639,-0.30601431031751647,-0.30499999999999994,-0.5064741564929882,-0.46810114756535315,0.014000000000000012,False,False,True
lfr_n1000_o20_m50_s11,graph_only_native_K,cpu,1,73,bigclam_native,highway_python,COMPLETED,COMPLETED,lfr_n1000_o20_m50_s11__bigclam_native__s73,lfr_n1000_o20_m50_s11__highway_python__s73,both_completed_and_scored,18.248579083010554,0.2676141248084605,0.01466492944963641,-0.368899531053926,-0.4101002416747457,-0.225,-0.5512463293796808,-0.5651008281505188,0.05300000000000005,False,False,True
lfr_n1000_o20_m50_s12,graph_only_native_K,cpu,1,73,bigclam_native,highway_python,COMPLETED,COMPLETED,lfr_n1000_o20_m50_s12__bigclam_native__s73,lfr_n1000_o20_m50_s12__highway_python__s73,both_completed_and_scored,16.67486874992028,0.34128245897591114,0.02046687527765655,0.2754298361635954,0.15040013763073437,0.155,0.4264800055552944,0.09079778836519563,0.33499999999999996,True,True,True
lfr_n1000_o40_m20_s11,graph_only_native_K,cpu,1,73,bigclam_native,highway_python,COMPLETED,COMPLETED,lfr_n1000_o40_m20_s11__bigclam_native__s73,lfr_n1000_o40_m20_s11__highway_python__s73,both_completed_and_scored,13.680023625027388,0.31141437496989965,0.022764169383463047,-0.3211106659251076,-0.362288346657175,-0.34249999999999997,-0.36826935330332444,-0.5650775258779326,0.031000000000000028,False,False,True
lfr_n1000_o40_m20_s12,graph_only_native_K,cpu,1,73,bigclam_native,highway_python,COMPLETED,COMPLETED,lfr_n1000_o40_m20_s12__bigclam_native__s73,lfr_n1000_o40_m20_s12__highway_python__s73,both_completed_and_scored,13.644591290969402,0.2706964579410851,0.019839103434358206,-0.401385915103855,-0.42762105088948826,-0.43249999999999994,-0.4828870163074982,-0.6443190050254103,0.027000000000000024,False,False,True
lfr_n1000_o40_m50_s11,graph_only_native_K,cpu,1,73,bigclam_native,highway_python,COMPLETED,COMPLETED,lfr_n1000_o40_m50_s11__bigclam_native__s73,lfr_n1000_o40_m50_s11__highway_python__s73,both_completed_and_scored,17.383895667269826,0.27108091674745083,0.015593795656392398,0.22237039753551077,0.1367874313483546,0.1175,0.3674505199651619,0.01515855004176715,0.391,True,True,True
lfr_n1000_o40_m50_s12,graph_only_native_K,cpu,1,73,bigclam_native,highway_python,COMPLETED,COMPLETED,lfr_n1000_o40_m50_s12__bigclam_native__s73,lfr_n1000_o40_m50_s12__highway_python__s73,both_completed_and_scored,17.193383667152375,0.3628091663122177,0.02110167337249372,0.2042114016588168,0.12271994720609253,0.052500000000000005,0.3063987496570416,0.007851464663322408,0.367,True,True,True
lfr_n5000_o00_m20_s11,graph_only_native_K,cpu,1,73,bigclam_native,highway_python,TIMEOUT,COMPLETED,lfr_n5000_o00_m20_s11__bigclam_native__s73,lfr_n5000_o00_m20_s11__highway_python__s73,not_both_completed_and_scored,,,,,,,,,,,,
lfr_n5000_o00_m20_s12,graph_only_native_K,cpu,1,73,bigclam_native,highway_python,TIMEOUT,COMPLETED,lfr_n5000_o00_m20_s12__bigclam_native__s73,lfr_n5000_o00_m20_s12__highway_python__s73,not_both_completed_and_scored,,,,,,,,,,,,
lfr_n5000_o00_m50_s11,graph_only_native_K,cpu,1,73,bigclam_native,highway_python,TIMEOUT,COMPLETED,lfr_n5000_o00_m50_s11__bigclam_native__s73,lfr_n5000_o00_m50_s11__highway_python__s73,not_both_completed_and_scored,,,,,,,,,,,,
lfr_n5000_o00_m50_s12,graph_only_native_K,cpu,1,73,bigclam_native,highway_python,TIMEOUT,COMPLETED,lfr_n5000_o00_m50_s12__bigclam_native__s73,lfr_n5000_o00_m50_s12__highway_python__s73,not_both_completed_and_scored,,,,,,,,,,,,
lfr_n5000_o20_m20_s11,graph_only_native_K,cpu,1,73,bigclam_native,highway_python,TIMEOUT,COMPLETED,lfr_n5000_o20_m20_s11__bigclam_native__s73,lfr_n5000_o20_m20_s11__highway_python__s73,not_both_completed_and_scored,,,,,,,,,,,,
lfr_n5000_o20_m20_s12,graph_only_native_K,cpu,1,73,bigclam_native,highway_python,TIMEOUT,COMPLETED,lfr_n5000_o20_m20_s12__bigclam_native__s73,lfr_n5000_o20_m20_s12__highway_python__s73,not_both_completed_and_scored,,,,,,,,,,,,
lfr_n5000_o20_m50_s11,graph_only_native_K,cpu,1,73,bigclam_native,highway_python,TIMEOUT,COMPLETED,lfr_n5000_o20_m50_s11__bigclam_native__s73,lfr_n5000_o20_m50_s11__highway_python__s73,not_both_completed_and_scored,,,,,,,,,,,,
lfr_n5000_o20_m50_s12,graph_only_native_K,cpu,1,73,bigclam_native,highway_python,TIMEOUT,COMPLETED,lfr_n5000_o20_m50_s12__bigclam_native__s73,lfr_n5000_o20_m50_s12__highway_python__s73,not_both_completed_and_scored,,,,,,,,,,,,
lfr_n5000_o40_m20_s11,graph_only_native_K,cpu,1,73,bigclam_native,highway_python,TIMEOUT,COMPLETED,lfr_n5000_o40_m20_s11__bigclam_native__s73,lfr_n5000_o40_m20_s11__highway_python__s73,not_both_completed_and_scored,,,,,,,,,,,,
lfr_n5000_o40_m20_s12,graph_only_native_K,cpu,1,73,bigclam_native,highway_python,TIMEOUT,COMPLETED,lfr_n5000_o40_m20_s12__bigclam_native__s73,lfr_n5000_o40_m20_s12__highway_python__s73,not_both_completed_and_scored,,,,,,,,,,,,
lfr_n5000_o40_m50_s11,graph_only_native_K,cpu,1,73,bigclam_native,highway_python,TIMEOUT,COMPLETED,lfr_n5000_o40_m50_s11__bigclam_native__s73,lfr_n5000_o40_m50_s11__highway_python__s73,not_both_completed_and_scored,,,,,,,,,,,,
lfr_n5000_o40_m50_s12,graph_only_native_K,cpu,1,73,bigclam_native,highway_python,TIMEOUT,COMPLETED,lfr_n5000_o40_m50_s12__bigclam_native__s73,lfr_n5000_o40_m50_s12__highway_python__s73,not_both_completed_and_scored,,,,,,,,,,,,
lfr_n1000_o00_m20_s11,graph_only_native_K,cpu,1,73,bigclam_native,slpa_cdlib,COMPLETED,COMPLETED,lfr_n1000_o00_m20_s11__bigclam_native__s73,lfr_n1000_o00_m20_s11__slpa_cdlib__s73,both_completed_and_scored,12.818048499990255,0.5178896668367088,0.040403160187535765,0.09069405872571068,0.08034721811375356,,-0.0046511627906976605,0.09474717741186633,0.0010000000000000009,True,True,True
lfr_n1000_o00_m20_s12,graph_only_native_K,cpu,1,73,bigclam_native,slpa_cdlib,COMPLETED,COMPLETED,lfr_n1000_o00_m20_s12__bigclam_native__s73,lfr_n1000_o00_m20_s12__slpa_cdlib__s73,both_completed_and_scored,12.709543999750167,0.5102179171517491,0.04014447073488856,0.1005775375260669,0.13176936058292,,0.0,0.15206546715725044,0.0030000000000000027,True,True,True
lfr_n1000_o00_m50_s11,graph_only_native_K,cpu,1,73,bigclam_native,slpa_cdlib,COMPLETED,COMPLETED,lfr_n1000_o00_m50_s11__bigclam_native__s73,lfr_n1000_o00_m50_s11__slpa_cdlib__s73,both_completed_and_scored,17.015216667205095,0.5547210830263793,0.03260147042943869,-0.5768087917069646,-0.20475460122699385,,0.2195354530526944,-0.36900144568431836,0.07499999999999996,False,False,True
lfr_n1000_o00_m50_s12,graph_only_native_K,cpu,1,73,bigclam_native,slpa_cdlib,COMPLETED,COMPLETED,lfr_n1000_o00_m50_s12__bigclam_native__s73,lfr_n1000_o00_m50_s12__slpa_cdlib__s73,both_completed_and_scored,17.10464279074222,0.5185853750444949,0.030318398424851994,-0.43391547204854936,-0.09601718554764693,,0.4182295143476624,-0.24620870191503863,0.06899999999999995,False,False,True
lfr_n1000_o20_m20_s11,graph_only_native_K,cpu,1,73,bigclam_native,slpa_cdlib,COMPLETED,COMPLETED,lfr_n1000_o20_m20_s11__bigclam_native__s73,lfr_n1000_o20_m20_s11__slpa_cdlib__s73,both_completed_and_scored,12.99678708286956,0.5227502910420299,0.04022150149178345,0.07513202417650533,0.07541365741120498,0.12,-0.007053081655042259,0.08808488040761453,0.02200000000000002,True,True,True
lfr_n1000_o20_m20_s12,graph_only_native_K,cpu,1,73,bigclam_native,slpa_cdlib,COMPLETED,COMPLETED,lfr_n1000_o20_m20_s12__bigclam_native__s73,lfr_n1000_o20_m20_s12__slpa_cdlib__s73,both_completed_and_scored,13.22575195832178,0.5101071656681597,0.038569237293702235,0.11062361931161735,0.1646944700571401,0.135,-0.026098191214470212,0.14116575777173612,0.014000000000000012,True,True,True
lfr_n1000_o20_m50_s11,graph_only_native_K,cpu,1,73,bigclam_native,slpa_cdlib,COMPLETED,COMPLETED,lfr_n1000_o20_m50_s11__bigclam_native__s73,lfr_n1000_o20_m50_s11__slpa_cdlib__s73,both_completed_and_scored,18.248579083010554,0.5755386669188738,0.03153882087480997,-0.522320823756255,-0.3111606874558984,-0.235,-0.15061210034428907,-0.39954512851048657,0.05300000000000005,False,False,True
lfr_n1000_o20_m50_s12,graph_only_native_K,cpu,1,73,bigclam_native,slpa_cdlib,COMPLETED,COMPLETED,lfr_n1000_o20_m50_s12__bigclam_native__s73,lfr_n1000_o20_m50_s12__slpa_cdlib__s73,both_completed_and_scored,16.67486874992028,0.5419839159585536,0.03250303939940425,0.11406711310265422,-0.04357762224294073,-0.01,0.3033151904997526,0.09247373661519884,0.33499999999999996,True,True,True
lfr_n1000_o40_m20_s11,graph_only_native_K,cpu,1,73,bigclam_native,slpa_cdlib,COMPLETED,COMPLETED,lfr_n1000_o40_m20_s11__bigclam_native__s73,lfr_n1000_o40_m20_s11__slpa_cdlib__s73,both_completed_and_scored,13.680023625027388,0.5728650828823447,0.041876030230992956,-0.10997111230983814,0.0062862297976890025,-0.14,0.1463186500538246,-0.04719365246756557,0.031000000000000028,False,False,True
lfr_n1000_o40_m20_s12,graph_only_native_K,cpu,1,73,bigclam_native,slpa_cdlib,COMPLETED,COMPLETED,lfr_n1000_o40_m20_s12__bigclam_native__s73,lfr_n1000_o40_m20_s12__slpa_cdlib__s73,both_completed_and_scored,13.644591290969402,0.5237596668303013,0.03838588167730233,-0.23824039409861608,-0.08969334279582541,-0.29,-0.03873759663214993,-0.16768777590058126,0.027000000000000024,False,False,True
lfr_n1000_o40_m50_s11,graph_only_native_K,cpu,1,73,bigclam_native,slpa_cdlib,COMPLETED,COMPLETED,lfr_n1000_o40_m50_s11__bigclam_native__s73,lfr_n1000_o40_m50_s11__slpa_cdlib__s73,both_completed_and_scored,17.383895667269826,0.5235130419023335,0.030114828800312986,-0.10758216104017598,-0.1088045540796964,-0.0075,0.0,1.8560825803973887e-18,0.391,False,False,True
lfr_n1000_o40_m50_s12,graph_only_native_K,cpu,1,73,bigclam_native,slpa_cdlib,COMPLETED,COMPLETED,lfr_n1000_o40_m50_s12__bigclam_native__s73,lfr_n1000_o40_m50_s12__slpa_cdlib__s73,both_completed_and_scored,17.193383667152375,0.5479386253282428,0.03186915594602061,0.18720274372106166,0.04642610163737301,0.019999999999999997,0.5120868668203638,0.10872447512941388,0.367,True,True,True
lfr_n5000_o00_m20_s11,graph_only_native_K,cpu,1,73,bigclam_native,slpa_cdlib,TIMEOUT,COMPLETED,lfr_n5000_o00_m20_s11__bigclam_native__s73,lfr_n5000_o00_m20_s11__slpa_cdlib__s73,not_both_completed_and_scored,,,,,,,,,,,,
lfr_n5000_o00_m20_s12,graph_only_native_K,cpu,1,73,bigclam_native,slpa_cdlib,TIMEOUT,COMPLETED,lfr_n5000_o00_m20_s12__bigclam_native__s73,lfr_n5000_o00_m20_s12__slpa_cdlib__s73,not_both_completed_and_scored,,,,,,,,,,,,
lfr_n5000_o00_m50_s11,graph_only_native_K,cpu,1,73,bigclam_native,slpa_cdlib,TIMEOUT,COMPLETED,lfr_n5000_o00_m50_s11__bigclam_native__s73,lfr_n5000_o00_m50_s11__slpa_cdlib__s73,not_both_completed_and_scored,,,,,,,,,,,,
lfr_n5000_o00_m50_s12,graph_only_native_K,cpu,1,73,bigclam_native,slpa_cdlib,TIMEOUT,COMPLETED,lfr_n5000_o00_m50_s12__bigclam_native__s73,lfr_n5000_o00_m50_s12__slpa_cdlib__s73,not_both_completed_and_scored,,,,,,,,,,,,
lfr_n5000_o20_m20_s11,graph_only_native_K,cpu,1,73,bigclam_native,slpa_cdlib,TIMEOUT,COMPLETED,lfr_n5000_o20_m20_s11__bigclam_native__s73,lfr_n5000_o20_m20_s11__slpa_cdlib__s73,not_both_completed_and_scored,,,,,,,,,,,,
lfr_n5000_o20_m20_s12,graph_only_native_K,cpu,1,73,bigclam_native,slpa_cdlib,TIMEOUT,COMPLETED,lfr_n5000_o20_m20_s12__bigclam_native__s73,lfr_n5000_o20_m20_s12__slpa_cdlib__s73,not_both_completed_and_scored,,,,,,,,,,,,
lfr_n5000_o20_m50_s11,graph_only_native_K,cpu,1,73,bigclam_native,slpa_cdlib,TIMEOUT,COMPLETED,lfr_n5000_o20_m50_s11__bigclam_native__s73,lfr_n5000_o20_m50_s11__slpa_cdlib__s73,not_both_completed_and_scored,,,,,,,,,,,,
lfr_n5000_o20_m50_s12,graph_only_native_K,cpu,1,73,bigclam_native,slpa_cdlib,TIMEOUT,COMPLETED,lfr_n5000_o20_m50_s12__bigclam_native__s73,lfr_n5000_o20_m50_s12__slpa_cdlib__s73,not_both_completed_and_scored,,,,,,,,,,,,
lfr_n5000_o40_m20_s11,graph_only_native_K,cpu,1,73,bigclam_native,slpa_cdlib,TIMEOUT,COMPLETED,lfr_n5000_o40_m20_s11__bigclam_native__s73,lfr_n5000_o40_m20_s11__slpa_cdlib__s73,not_both_completed_and_scored,,,,,,,,,,,,
lfr_n5000_o40_m20_s12,graph_only_native_K,cpu,1,73,bigclam_native,slpa_cdlib,TIMEOUT,COMPLETED,lfr_n5000_o40_m20_s12__bigclam_native__s73,lfr_n5000_o40_m20_s12__slpa_cdlib__s73,not_both_completed_and_scored,,,,,,,,,,,,
lfr_n5000_o40_m50_s11,graph_only_native_K,cpu,1,73,bigclam_native,slpa_cdlib,TIMEOUT,COMPLETED,lfr_n5000_o40_m50_s11__bigclam_native__s73,lfr_n5000_o40_m50_s11__slpa_cdlib__s73,not_both_completed_and_scored,,,,,,,,,,,,
lfr_n5000_o40_m50_s12,graph_only_native_K,cpu,1,73,bigclam_native,slpa_cdlib,TIMEOUT,COMPLETED,lfr_n5000_o40_m50_s12__bigclam_native__s73,lfr_n5000_o40_m50_s12__slpa_cdlib__s73,not_both_completed_and_scored,,,,,,,,,,,,
lfr_n1000_o00_m20_s11,graph_only_native_K,cpu,1,73,ego_karateclub,ego_karateclub_loopless_fix,COMPLETED,COMPLETED,lfr_n1000_o00_m20_s11__ego_karateclub__s73,lfr_n1000_o00_m20_s11__ego_karateclub_loopless_fix__s73,both_completed_and_scored,0.22718816669657826,0.29188304115086794,1.2847633985298763,-0.9799444723489802,-0.6457669146298264,,-0.036166278470462165,-0.8831272456542153,0.0,False,False,True
lfr_n1000_o00_m20_s12,graph_only_native_K,cpu,1,73,ego_karateclub,ego_karateclub_loopless_fix,COMPLETED,COMPLETED,lfr_n1000_o00_m20_s12__ego_karateclub__s73,lfr_n1000_o00_m20_s12__ego_karateclub_loopless_fix__s73,both_completed_and_scored,0.21211591688916087,0.36111766705289483,1.7024543577349425,-0.9802163745913554,-0.6362313568570389,,-0.04739683454401167,-0.8821845827395124,0.0,False,False,True
lfr_n1000_o00_m50_s11,graph_only_native_K,cpu,1,73,ego_karateclub,ego_karateclub_loopless_fix,COMPLETED,COMPLETED,lfr_n1000_o00_m50_s11__ego_karateclub__s73,lfr_n1000_o00_m50_s11__ego_karateclub_loopless_fix__s73,both_completed_and_scored,0.22771445801481605,0.5479585421271622,2.4063405850651334,-0.9902868282636162,-0.8193679670652814,,-0.4694930557562478,-0.9486491816907769,0.0,False,False,True
lfr_n1000_o00_m50_s12,graph_only_native_K,cpu,1,73,ego_karateclub,ego_karateclub_loopless_fix,COMPLETED,COMPLETED,lfr_n1000_o00_m50_s12__ego_karateclub__s73,lfr_n1000_o00_m50_s12__ego_karateclub_loopless_fix__s73,both_completed_and_scored,0.2472217078320682,0.5874131671153009,2.376058204056727,-0.9932216401193446,-0.8263976054842136,,-0.2939598997493734,-0.9614364117165237,0.0,False,False,True
lfr_n1000_o20_m20_s11,graph_only_native_K,cpu,1,73,ego_karateclub,ego_karateclub_loopless_fix,COMPLETED,COMPLETED,lfr_n1000_o20_m20_s11__ego_karateclub__s73,lfr_n1000_o20_m20_s11__ego_karateclub_loopless_fix__s73,both_completed_and_scored,0.23696362506598234,0.3166332500986755,1.3362103572246973,-0.7723896660476219,-0.5267684946632316,0.31,-0.04972643804437332,-0.5828690632244458,0.0,False,False,True
lfr_n1000_o20_m20_s12,graph_only_native_K,cpu,1,73,ego_karateclub,ego_karateclub_loopless_fix,COMPLETED,COMPLETED,lfr_n1000_o20_m20_s12__ego_karateclub__s73,lfr_n1000_o20_m20_s12__ego_karateclub_loopless_fix__s73,both_completed_and_scored,0.23698658403009176,0.3758895839564502,1.5861217861544477,-0.7806059781059085,-0.5275271280443694,0.345,-0.3445259059964942,-0.5861546831909423,0.0,False,False,True
lfr_n1000_o20_m50_s11,graph_only_native_K,cpu,1,73,ego_karateclub,ego_karateclub_loopless_fix,COMPLETED,COMPLETED,lfr_n1000_o20_m50_s11__ego_karateclub__s73,lfr_n1000_o20_m50_s11__ego_karateclub_loopless_fix__s73,both_completed_and_scored,0.23729783296585083,0.5577367497608066,2.3503659632705944,-0.8483650423147312,-0.7364348440840524,0.11,-0.44346889651918114,-0.6694534660386516,0.0,False,False,True
lfr_n1000_o20_m50_s12,graph_only_native_K,cpu,1,73,ego_karateclub,ego_karateclub_loopless_fix,COMPLETED,COMPLETED,lfr_n1000_o20_m50_s12__ego_karateclub__s73,lfr_n1000_o20_m50_s12__ego_karateclub_loopless_fix__s73,both_completed_and_scored,0.2570091672241688,0.6619792077690363,2.575702707100888,-0.772428340974061,-0.6761639087195147,0.105,-0.29940721587780406,-0.5864039925516267,0.0,False,False,True
lfr_n1000_o40_m20_s11,graph_only_native_K,cpu,1,73,ego_karateclub,ego_karateclub_loopless_fix,COMPLETED,COMPLETED,lfr_n1000_o40_m20_s11__ego_karateclub__s73,lfr_n1000_o40_m20_s11__ego_karateclub_loopless_fix__s73,both_completed_and_scored,0.2806644169613719,0.3385588340461254,1.206276298618651,-0.6599811906958423,-0.40155800382332224,0.3225,-0.09672551184950101,-0.4012265088083482,0.0,False,False,True
lfr_n1000_o40_m20_s12,graph_only_native_K,cpu,1,73,ego_karateclub,ego_karateclub_loopless_fix,COMPLETED,COMPLETED,lfr_n1000_o40_m20_s12__ego_karateclub__s73,lfr_n1000_o40_m20_s12__ego_karateclub_loopless_fix__s73,both_completed_and_scored,0.2574030002579093,0.39572337502613664,1.537368929770185,-0.6968396575223939,-0.40702898550724637,0.28,-0.43473981466659584,-0.42372970161645035,0.0,False,False,True
lfr_n1000_o40_m50_s11,graph_only_native_K,cpu,1,73,ego_karateclub,ego_karateclub_loopless_fix,COMPLETED,COMPLETED,lfr_n1000_o40_m50_s11__ego_karateclub__s73,lfr_n1000_o40_m50_s11__ego_karateclub_loopless_fix__s73,both_completed_and_scored,0.24968895828351378,0.5417472501285374,2.169688454999283,-0.609202584982779,-0.5492369691805141,0.085,-0.12921879569266342,-0.3749056747747576,0.0,False,False,True
lfr_n1000_o40_m50_s12,graph_only_native_K,cpu,1,73,ego_karateclub,ego_karateclub_loopless_fix,COMPLETED,COMPLETED,lfr_n1000_o40_m50_s12__ego_karateclub__s73,lfr_n1000_o40_m50_s12__ego_karateclub_loopless_fix__s73,both_completed_and_scored,0.25782199995592237,0.4763819999061525,1.847716641665938,-0.5851608386429782,-0.42785367334547664,0.085,-0.39074216100707787,-0.30771984926999796,0.0,False,False,True
lfr_n5000_o00_m20_s11,graph_only_native_K,cpu,1,73,ego_karateclub,ego_karateclub_loopless_fix,COMPLETED,COMPLETED,lfr_n5000_o00_m20_s11__ego_karateclub__s73,lfr_n5000_o00_m20_s11__ego_karateclub_loopless_fix__s73,both_completed_and_scored,0.6323981247842312,1.2644712077453732,1.9994860170984852,-0.8880530158366162,-0.6135342138616504,,0.3754127641809265,-0.8098895856183952,0.0,False,False,True
lfr_n5000_o00_m20_s12,graph_only_native_K,cpu,1,73,ego_karateclub,ego_karateclub_loopless_fix,COMPLETED,COMPLETED,lfr_n5000_o00_m20_s12__ego_karateclub__s73,lfr_n5000_o00_m20_s12__ego_karateclub_loopless_fix__s73,both_completed_and_scored,0.6218894170597196,1.2192562916316092,1.9605676800165341,-0.9081407860826303,-0.6252922855324423,,0.3744967196888934,-0.8270229210179378,0.0,False,False,True
lfr_n5000_o00_m50_s11,graph_only_native_K,cpu,1,73,ego_karateclub,ego_karateclub_loopless_fix,COMPLETED,COMPLETED,lfr_n5000_o00_m50_s11__ego_karateclub__s73,lfr_n5000_o00_m50_s11__ego_karateclub_loopless_fix__s73,both_completed_and_scored,0.8156710839830339,3.3527110419236124,4.110371334425469,-0.6874748339233764,-0.6665250797702617,,0.6619341473739204,-0.7180880573389448,0.0,False,False,True
lfr_n5000_o00_m50_s12,graph_only_native_K,cpu,1,73,ego_karateclub,ego_karateclub_loopless_fix,COMPLETED,COMPLETED,lfr_n5000_o00_m50_s12__ego_karateclub__s73,lfr_n5000_o00_m50_s12__ego_karateclub_loopless_fix__s73,both_completed_and_scored,0.7311167079024017,2.8559166248887777,3.9062390368324342,-0.6554650915713327,-0.6482795728067627,,0.7302500060552198,-0.6813637298426262,0.0,False,False,True
lfr_n5000_o20_m20_s11,graph_only_native_K,cpu,1,73,ego_karateclub,ego_karateclub_loopless_fix,COMPLETED,COMPLETED,lfr_n5000_o20_m20_s11__ego_karateclub__s73,lfr_n5000_o20_m20_s11__ego_karateclub_loopless_fix__s73,both_completed_and_scored,0.7071854998357594,1.3337403750047088,1.8859837699082687,-0.3622400776498694,-0.2683574435788356,0.372,0.5004084719132909,-0.2292585216766519,0.0,False,False,True
lfr_n5000_o20_m20_s12,graph_only_native_K,cpu,1,73,ego_karateclub,ego_karateclub_loopless_fix,COMPLETED,COMPLETED,lfr_n5000_o20_m20_s12__ego_karateclub__s73,lfr_n5000_o20_m20_s12__ego_karateclub_loopless_fix__s73,both_completed_and_scored,0.7440067087300122,1.5138607500120997,2.0347407251154976,-0.3531218653200444,-0.23714975307783265,0.413,0.5708974397007044,-0.19072015871070896,0.0,False,False,True
lfr_n5000_o20_m50_s11,graph_only_native_K,cpu,1,73,ego_karateclub,ego_karateclub_loopless_fix,COMPLETED,COMPLETED,lfr_n5000_o20_m50_s11__ego_karateclub__s73,lfr_n5000_o20_m50_s11__ego_karateclub_loopless_fix__s73,both_completed_and_scored,0.7765184580348432,3.0573449581861496,3.9372469856331005,-0.3718243506738039,-0.4006907016029542,0.183,0.5024489709783325,-0.26134620265209835,0.0,False,False,True
lfr_n5000_o20_m50_s12,graph_only_native_K,cpu,1,73,ego_karateclub,ego_karateclub_loopless_fix,COMPLETED,COMPLETED,lfr_n5000_o20_m50_s12__ego_karateclub__s73,lfr_n5000_o20_m50_s12__ego_karateclub_loopless_fix__s73,both_completed_and_scored,0.7033932497724891,3.8746527498587966,5.508515686086047,-0.37422544240399985,-0.3989305036024629,0.228,0.5118974402975176,-0.2532670633114991,0.0,False,False,True
lfr_n5000_o40_m20_s11,graph_only_native_K,cpu,1,73,ego_karateclub,ego_karateclub_loopless_fix,COMPLETED,COMPLETED,lfr_n5000_o40_m20_s11__ego_karateclub__s73,lfr_n5000_o40_m20_s11__ego_karateclub_loopless_fix__s73,both_completed_and_scored,0.7164807091467083,1.41891337512061,1.980392991753348,-0.25821141237905776,-0.17507322990487137,0.241,0.42381475061871604,-0.050965312293159176,0.0,False,False,True
lfr_n5000_o40_m20_s12,graph_only_native_K,cpu,1,73,ego_karateclub,ego_karateclub_loopless_fix,COMPLETED,COMPLETED,lfr_n5000_o40_m20_s12__ego_karateclub__s73,lfr_n5000_o40_m20_s12__ego_karateclub_loopless_fix__s73,both_completed_and_scored,0.7586388341151178,1.6081064161844552,2.1197259405526783,-0.24001216074833615,-0.16612790218436596,0.216,0.2754848881874722,-0.0391155726646879,0.0,False,False,True
lfr_n5000_o40_m50_s11,graph_only_native_K,cpu,1,73,ego_karateclub,ego_karateclub_loopless_fix,COMPLETED,COMPLETED,lfr_n5000_o40_m50_s11__ego_karateclub__s73,lfr_n5000_o40_m50_s11__ego_karateclub_loopless_fix__s73,both_completed_and_scored,0.8792188749648631,3.7489952500909567,4.2640067869798415,-0.22590077944488618,-0.2574710017574693,0.102,0.3183729291850162,-0.05334556880082095,0.0,False,False,True
lfr_n5000_o40_m50_s12,graph_only_native_K,cpu,1,73,ego_karateclub,ego_karateclub_loopless_fix,COMPLETED,COMPLETED,lfr_n5000_o40_m50_s12__ego_karateclub__s73,lfr_n5000_o40_m50_s12__ego_karateclub_loopless_fix__s73,both_completed_and_scored,0.7889521247707307,3.858851083088666,4.8911093106062005,-0.2260794176687888,-0.25393251136088435,0.1215,0.4378599910237396,-0.0733578440405681,0.0,False,False,True
lfr_n1000_o00_m20_s11,graph_only_native_K,cpu,1,73,ego_karateclub,ego_sknetwork_fixed,COMPLETED,COMPLETED,lfr_n1000_o00_m20_s11__ego_karateclub__s73,lfr_n1000_o00_m20_s11__ego_sknetwork_fixed__s73,both_completed_and_scored,0.22718816669657826,2.736596167087555,12.045504864443151,-0.9799444723489802,-0.6457669146298264,,-0.036166278470462165,-0.8831272456542144,0.0,False,False,True
lfr_n1000_o00_m20_s12,graph_only_native_K,cpu,1,73,ego_karateclub,ego_sknetwork_fixed,COMPLETED,COMPLETED,lfr_n1000_o00_m20_s12__ego_karateclub__s73,lfr_n1000_o00_m20_s12__ego_sknetwork_fixed__s73,both_completed_and_scored,0.21211591688916087,2.6470188749954104,12.479114786933149,-0.9802163745913554,-0.6362313568570389,,-0.04739683454401167,-0.8821845827395115,0.0,False,False,True
lfr_n1000_o00_m50_s11,graph_only_native_K,cpu,1,73,ego_karateclub,ego_sknetwork_fixed,COMPLETED,COMPLETED,lfr_n1000_o00_m50_s11__ego_karateclub__s73,lfr_n1000_o00_m50_s11__ego_sknetwork_fixed__s73,both_completed_and_scored,0.22771445801481605,2.668714374769479,11.719564923698615,-0.9899918135771848,-0.8158922097011269,,-0.38637546902224496,-0.9465540941863163,0.0,False,False,True
lfr_n1000_o00_m50_s12,graph_only_native_K,cpu,1,73,ego_karateclub,ego_sknetwork_fixed,COMPLETED,COMPLETED,lfr_n1000_o00_m50_s12__ego_karateclub__s73,lfr_n1000_o00_m50_s12__ego_sknetwork_fixed__s73,both_completed_and_scored,0.2472217078320682,2.885944874957204,11.673509176295948,-0.9927831766493684,-0.8228483211115399,,-0.12951545530492903,-0.9603872802449288,0.0,False,False,True
lfr_n1000_o20_m20_s11,graph_only_native_K,cpu,1,73,ego_karateclub,ego_sknetwork_fixed,COMPLETED,COMPLETED,lfr_n1000_o20_m20_s11__ego_karateclub__s73,lfr_n1000_o20_m20_s11__ego_sknetwork_fixed__s73,both_completed_and_scored,0.23696362506598234,2.877074584364891,12.141418682144872,-0.7723533314577712,-0.5260430694663865,0.305,-0.04972643804437332,-0.5824854106652307,0.0,False,False,True
lfr_n1000_o20_m20_s12,graph_only_native_K,cpu,1,73,ego_karateclub,ego_sknetwork_fixed,COMPLETED,COMPLETED,lfr_n1000_o20_m20_s12__ego_karateclub__s73,lfr_n1000_o20_m20_s12__ego_sknetwork_fixed__s73,both_completed_and_scored,0.23698658403009176,2.6545057906769216,11.201080438966374,-0.7805785199613998,-0.5274265038444144,0.34,-0.3445259059964942,-0.5858862740591961,0.0,False,False,True
lfr_n1000_o20_m50_s11,graph_only_native_K,cpu,1,73,ego_karateclub,ego_sknetwork_fixed,COMPLETED,COMPLETED,lfr_n1000_o20_m50_s11__ego_karateclub__s73,lfr_n1000_o20_m50_s11__ego_sknetwork_fixed__s73,both_completed_and_scored,0.23729783296585083,2.6675009578466415,11.241151781738004,-0.8482049212287337,-0.7278871872579148,0.18,-0.5702510411611459,-0.6676162957351871,0.0,False,False,True
lfr_n1000_o20_m50_s12,graph_only_native_K,cpu,1,73,ego_karateclub,ego_sknetwork_fixed,COMPLETED,COMPLETED,lfr_n1000_o20_m50_s12__ego_karateclub__s73,lfr_n1000_o20_m50_s12__ego_sknetwork_fixed__s73,both_completed_and_scored,0.2570091672241688,2.970596041996032,11.558327175952506,-0.7720166607822606,-0.6720554973562868,0.13,-0.21149054921113744,-0.5839905864068978,0.0,False,False,True
lfr_n1000_o40_m20_s11,graph_only_native_K,cpu,1,73,ego_karateclub,ego_sknetwork_fixed,COMPLETED,COMPLETED,lfr_n1000_o40_m20_s11__ego_karateclub__s73,lfr_n1000_o40_m20_s11__ego_sknetwork_fixed__s73,both_completed_and_scored,0.2806644169613719,2.902785209007561,10.342548016719462,-0.6576439829629135,-0.3741368643428399,0.3925,-0.0164963536261723,-0.3919428143473326,0.0,False,False,True
lfr_n1000_o40_m20_s12,graph_only_native_K,cpu,1,73,ego_karateclub,ego_sknetwork_fixed,COMPLETED,COMPLETED,lfr_n1000_o40_m20_s12__ego_karateclub__s73,lfr_n1000_o40_m20_s12__ego_sknetwork_fixed__s73,both_completed_and_scored,0.2574030002579093,2.6659887498244643,10.357255926128412,-0.6959511742084967,-0.3891275707748781,0.33,-0.43473981466659584,-0.41892084283509623,0.0,False,False,True
lfr_n1000_o40_m50_s11,graph_only_native_K,cpu,1,73,ego_karateclub,ego_sknetwork_fixed,COMPLETED,COMPLETED,lfr_n1000_o40_m50_s11__ego_karateclub__s73,lfr_n1000_o40_m50_s11__ego_sknetwork_fixed__s73,both_completed_and_scored,0.24968895828351378,2.908418625127524,11.648166763646426,-0.6092068471956332,-0.5509094848407354,0.0675,-0.06827989742503882,-0.37753343169791315,0.0,False,False,True
lfr_n1000_o40_m50_s12,graph_only_native_K,cpu,1,73,ego_karateclub,ego_sknetwork_fixed,COMPLETED,COMPLETED,lfr_n1000_o40_m50_s12__ego_karateclub__s73,lfr_n1000_o40_m50_s12__ego_sknetwork_fixed__s73,both_completed_and_scored,0.25782199995592237,2.679019832983613,10.390966765604263,-0.5855000967683957,-0.4279008163974293,0.095,-0.4467655758631196,-0.3102677653815477,0.0,False,False,True
lfr_n5000_o00_m20_s11,graph_only_native_K,cpu,1,73,ego_karateclub,ego_sknetwork_fixed,COMPLETED,COMPLETED,lfr_n5000_o00_m20_s11__ego_karateclub__s73,lfr_n5000_o00_m20_s11__ego_sknetwork_fixed__s73,both_completed_and_scored,0.6323981247842312,3.193327167071402,5.049551922945594,-0.8880530158366162,-0.6135342138616504,,0.3754127641809265,-0.8098895856183944,0.0,False,False,True
lfr_n5000_o00_m20_s12,graph_only_native_K,cpu,1,73,ego_karateclub,ego_sknetwork_fixed,COMPLETED,COMPLETED,lfr_n5000_o00_m20_s12__ego_karateclub__s73,lfr_n5000_o00_m20_s12__ego_sknetwork_fixed__s73,both_completed_and_scored,0.6218894170597196,2.9628595830872655,4.764286868066681,-0.9081407860826303,-0.6252922855324423,,0.3744967196888934,-0.8270229210179367,0.0,False,False,True
lfr_n5000_o00_m50_s11,graph_only_native_K,cpu,1,73,ego_karateclub,ego_sknetwork_fixed,COMPLETED,COMPLETED,lfr_n5000_o00_m50_s11__ego_karateclub__s73,lfr_n5000_o00_m50_s11__ego_sknetwork_fixed__s73,both_completed_and_scored,0.8156710839830339,3.4910025829449296,4.2799146022167225,-0.687480977692985,-0.6672270580727505,,0.6619341473739204,-0.7179710184390039,0.0,False,False,True
lfr_n5000_o00_m50_s12,graph_only_native_K,cpu,1,73,ego_karateclub,ego_sknetwork_fixed,COMPLETED,COMPLETED,lfr_n5000_o00_m50_s12__ego_karateclub__s73,lfr_n5000_o00_m50_s12__ego_sknetwork_fixed__s73,both_completed_and_scored,0.7311167079024017,3.2145127500407398,4.396716304382216,-0.6553966872003982,-0.6470578305478479,,0.7302500060552198,-0.6806672096567461,0.0,False,False,True
lfr_n5000_o20_m20_s11,graph_only_native_K,cpu,1,73,ego_karateclub,ego_sknetwork_fixed,COMPLETED,COMPLETED,lfr_n5000_o20_m20_s11__ego_karateclub__s73,lfr_n5000_o20_m20_s11__ego_sknetwork_fixed__s73,both_completed_and_scored,0.7071854998357594,2.9576072497293353,4.182222698876357,-0.36205012509955325,-0.2646137601055931,0.379,0.5004084719132909,-0.22700435631957397,0.0,False,False,True
lfr_n5000_o20_m20_s12,graph_only_native_K,cpu,1,73,ego_karateclub,ego_sknetwork_fixed,COMPLETED,COMPLETED,lfr_n5000_o20_m20_s12__ego_karateclub__s73,lfr_n5000_o20_m20_s12__ego_sknetwork_fixed__s73,both_completed_and_scored,0.7440067087300122,2.981603083666414,4.0074948904101735,-0.3533809200521071,-0.24124314578730935,0.421,0.5708974397007044,-0.19034325323902712,0.0,False,False,True
lfr_n5000_o20_m50_s11,graph_only_native_K,cpu,1,73,ego_karateclub,ego_sknetwork_fixed,COMPLETED,COMPLETED,lfr_n5000_o20_m50_s11__ego_karateclub__s73,lfr_n5000_o20_m50_s11__ego_sknetwork_fixed__s73,both_completed_and_scored,0.7765184580348432,2.992798457853496,3.8541240415938782,-0.37184075280192236,-0.40138793450055504,0.198,0.5024489709783325,-0.26113033212546294,0.0,False,False,True
lfr_n5000_o20_m50_s12,graph_only_native_K,cpu,1,73,ego_karateclub,ego_sknetwork_fixed,COMPLETED,COMPLETED,lfr_n5000_o20_m50_s12__ego_karateclub__s73,lfr_n5000_o20_m50_s12__ego_sknetwork_fixed__s73,both_completed_and_scored,0.7033932497724891,2.9808567501604557,4.237823935792115,-0.37430885705792183,-0.39993011011368784,0.237,0.5118974402975176,-0.25398294245699365,0.0,False,False,True
lfr_n5000_o40_m20_s11,graph_only_native_K,cpu,1,73,ego_karateclub,ego_sknetwork_fixed,COMPLETED,COMPLETED,lfr_n5000_o40_m20_s11__ego_karateclub__s73,lfr_n5000_o40_m20_s11__ego_sknetwork_fixed__s73,both_completed_and_scored,0.7164807091467083,2.944576666690409,4.109778015094431,-0.2580683832441737,-0.1723861434903957,0.255,0.42381475061871604,-0.04994838033839383,0.0,False,False,True
lfr_n5000_o40_m20_s12,graph_only_native_K,cpu,1,73,ego_karateclub,ego_sknetwork_fixed,COMPLETED,COMPLETED,lfr_n5000_o40_m20_s12__ego_karateclub__s73,lfr_n5000_o40_m20_s12__ego_sknetwork_fixed__s73,both_completed_and_scored,0.7586388341151178,2.96236062515527,3.904836520279891,-0.24018557903249269,-0.16403970325594172,0.225,0.2542557564531279,-0.03894136364307672,0.0,False,False,True
lfr_n5000_o40_m50_s11,graph_only_native_K,cpu,1,73,ego_karateclub,ego_sknetwork_fixed,COMPLETED,COMPLETED,lfr_n5000_o40_m50_s11__ego_karateclub__s73,lfr_n5000_o40_m50_s11__ego_sknetwork_fixed__s73,both_completed_and_scored,0.8792188749648631,3.4658902920782566,3.9420107902219077,-0.22588546847605062,-0.2569573666301077,0.1105,0.3183729291850162,-0.053134214875106146,0.0,False,False,True
lfr_n5000_o40_m50_s12,graph_only_native_K,cpu,1,73,ego_karateclub,ego_sknetwork_fixed,COMPLETED,COMPLETED,lfr_n5000_o40_m50_s12__ego_karateclub__s73,lfr_n5000_o40_m50_s12__ego_sknetwork_fixed__s73,both_completed_and_scored,0.7889521247707307,3.209445666987449,4.067985326638309,-0.22605738818830118,-0.25421967311975,0.126,0.4378599910237396,-0.07358562201035357,0.0,False,False,True
lfr_n1000_o00_m20_s11,graph_only_native_K,cpu,1,73,ego_karateclub,highway_native,COMPLETED,COMPLETED,lfr_n1000_o00_m20_s11__ego_karateclub__s73,lfr_n1000_o00_m20_s11__highway_native__s73,both_completed_and_scored,0.22718816669657826,0.12513695796951652,0.5508075521232737,-0.4889636778809904,-0.6811440677966102,,-0.6,-0.46831095207986917,-0.07199999999999995,False,False,True
lfr_n1000_o00_m20_s12,graph_only_native_K,cpu,1,73,ego_karateclub,highway_native,COMPLETED,COMPLETED,lfr_n1000_o00_m20_s12__ego_karateclub__s73,lfr_n1000_o00_m20_s12__highway_native__s73,both_completed_and_scored,0.21211591688916087,0.13457491621375084,0.6344404426946972,-0.36555149924306074,-0.5436017373872368,,0.0,-0.3907781746058542,0.0,False,False,True
lfr_n1000_o00_m50_s11,graph_only_native_K,cpu,1,73,ego_karateclub,highway_native,COMPLETED,COMPLETED,lfr_n1000_o00_m50_s11__ego_karateclub__s73,lfr_n1000_o00_m50_s11__highway_native__s73,both_completed_and_scored,0.22771445801481605,0.13342958316206932,0.5859513020178448,-0.5754803436649572,-0.7559196383726771,,-0.39241317491715044,-0.7415890803079793,0.0,False,False,True
lfr_n1000_o00_m50_s12,graph_only_native_K,cpu,1,73,ego_karateclub,highway_native,COMPLETED,COMPLETED,lfr_n1000_o00_m50_s12__ego_karateclub__s73,lfr_n1000_o00_m50_s12__highway_native__s73,both_completed_and_scored,0.2472217078320682,0.13068545842543244,0.5286164373324528,-0.4854648964381698,-0.644878706199461,,-0.14778071778071789,-0.6637825429582953,0.0,False,False,True
lfr_n1000_o20_m20_s11,graph_only_native_K,cpu,1,73,ego_karateclub,highway_native,COMPLETED,COMPLETED,lfr_n1000_o20_m20_s11__ego_karateclub__s73,lfr_n1000_o20_m20_s11__highway_native__s73,both_completed_and_scored,0.23696362506598234,0.13102241698652506,0.5529220653593646,-0.2357128358438224,-0.366125690214607,0.01,-0.17481125716693863,-0.17495858848457785,0.0,False,False,True
lfr_n1000_o20_m20_s12,graph_only_native_K,cpu,1,73,ego_karateclub,highway_native,COMPLETED,COMPLETED,lfr_n1000_o20_m20_s12__ego_karateclub__s73,lfr_n1000_o20_m20_s12__highway_native__s73,both_completed_and_scored,0.23698658403009176,0.13025891687721014,0.5496467971396655,-0.14249146453489137,-0.33938366718027735,0.01,0.2546788921316832,-0.15489479188143263,0.0,False,False,True
lfr_n1000_o20_m50_s11,graph_only_native_K,cpu,1,73,ego_karateclub,highway_native,COMPLETED,COMPLETED,lfr_n1000_o20_m50_s11__ego_karateclub__s73,lfr_n1000_o20_m50_s11__highway_native__s73,both_completed_and_scored,0.23729783296585083,0.1317982911132276,0.5554129570673092,-0.4030749581169051,-0.49370540851553507,0.045,-0.074740894761678,-0.549588329974796,0.0,False,False,True
lfr_n1000_o20_m50_s12,graph_only_native_K,cpu,1,73,ego_karateclub,highway_native,COMPLETED,COMPLETED,lfr_n1000_o20_m50_s12__ego_karateclub__s73,lfr_n1000_o20_m50_s12__highway_native__s73,both_completed_and_scored,0.2570091672241688,0.13632933283224702,0.5304454090283002,-0.35988566499438324,-0.4799758877056004,0.06,0.14447162260783136,-0.4503116871487358,0.0,False,False,True
lfr_n1000_o40_m20_s11,graph_only_native_K,cpu,1,73,ego_karateclub,highway_native,COMPLETED,COMPLETED,lfr_n1000_o40_m20_s11__ego_karateclub__s73,lfr_n1000_o40_m20_s11__highway_native__s73,both_completed_and_scored,0.2806644169613719,0.12970216711983085,0.4621254397834189,-0.11840088318574893,-0.22553668143771538,0.055,0.14885172165986665,-0.13989791428567394,0.0,False,False,True
lfr_n1000_o40_m20_s12,graph_only_native_K,cpu,1,73,ego_karateclub,highway_native,COMPLETED,COMPLETED,lfr_n1000_o40_m20_s12__ego_karateclub__s73,lfr_n1000_o40_m20_s12__highway_native__s73,both_completed_and_scored,0.2574030002579093,0.12694866675883532,0.49319031492110404,-0.17321822850178148,-0.2507565011820331,0.0175,-0.047244076547269476,-0.19136127804751696,0.0,False,False,True
lfr_n1000_o40_m50_s11,graph_only_native_K,cpu,1,73,ego_karateclub,highway_native,COMPLETED,COMPLETED,lfr_n1000_o40_m50_s11__ego_karateclub__s73,lfr_n1000_o40_m50_s11__highway_native__s73,both_completed_and_scored,0.24968895828351378,0.13743704184889793,0.5504329978934935,-0.21063000347666705,-0.3267349234923492,0.04,0.25645904786281776,-0.3029736409130974,0.0,False,False,True
lfr_n1000_o40_m50_s12,graph_only_native_K,cpu,1,73,ego_karateclub,highway_native,COMPLETED,COMPLETED,lfr_n1000_o40_m50_s12__ego_karateclub__s73,lfr_n1000_o40_m50_s12__highway_native__s73,both_completed_and_scored,0.25782199995592237,0.2244934169575572,0.8707302596207342,-0.24122709609996024,-0.25458006460544536,0.065,-0.23823758006754586,-0.28273056368145894,0.0,False,False,True
lfr_n5000_o00_m20_s11,graph_only_native_K,cpu,1,73,ego_karateclub,highway_native,COMPLETED,COMPLETED,lfr_n5000_o00_m20_s11__ego_karateclub__s73,lfr_n5000_o00_m20_s11__highway_native__s73,both_completed_and_scored,0.6323981247842312,0.18152650026604533,0.28704465296759163,-0.5391746565657152,-0.5321437722419928,,-0.5891003265740108,-0.6071798344527808,-0.6008,False,False,True
lfr_n5000_o00_m20_s12,graph_only_native_K,cpu,1,73,ego_karateclub,highway_native,COMPLETED,COMPLETED,lfr_n5000_o00_m20_s12__ego_karateclub__s73,lfr_n5000_o00_m20_s12__highway_native__s73,both_completed_and_scored,0.6218894170597196,0.2838608338497579,0.45644905036629524,-0.5337705515544373,-0.5974936109117015,,-0.6198776064051207,-0.6027158486462447,-0.5904,False,False,True
lfr_n5000_o00_m50_s11,graph_only_native_K,cpu,1,73,ego_karateclub,highway_native,COMPLETED,COMPLETED,lfr_n5000_o00_m50_s11__ego_karateclub__s73,lfr_n5000_o00_m50_s11__highway_native__s73,both_completed_and_scored,0.8156710839830339,0.21249837521463633,0.2605196866572462,-0.4643299301106784,-0.552034505145383,,-0.1092253823422681,-0.6109817581866984,-0.04859999999999998,False,False,True
lfr_n5000_o00_m50_s12,graph_only_native_K,cpu,1,73,ego_karateclub,highway_native,COMPLETED,COMPLETED,lfr_n5000_o00_m50_s12__ego_karateclub__s73,lfr_n5000_o00_m50_s12__highway_native__s73,both_completed_and_scored,0.7311167079024017,0.19262691726908088,0.2634694504817623,-0.42319081737187564,-0.533607754084741,,-0.050456253354804075,-0.5818267264642413,-0.052000000000000046,False,False,True
lfr_n5000_o20_m20_s11,graph_only_native_K,cpu,1,73,ego_karateclub,highway_native,COMPLETED,COMPLETED,lfr_n5000_o20_m20_s11__ego_karateclub__s73,lfr_n5000_o20_m20_s11__highway_native__s73,both_completed_and_scored,0.7071854998357594,0.19077729200944304,0.2697698016344371,-0.19743851374981913,-0.3444214943732122,0.018,0.09019361590790163,-0.2597639779076411,-0.01419999999999999,False,False,True
lfr_n5000_o20_m20_s12,graph_only_native_K,cpu,1,73,ego_karateclub,highway_native,COMPLETED,COMPLETED,lfr_n5000_o20_m20_s12__ego_karateclub__s73,lfr_n5000_o20_m20_s12__highway_native__s73,both_completed_and_scored,0.7440067087300122,0.24474924989044666,0.328961079273362,-0.17725803853731806,-0.2834782288162927,0.003,0.019555404461064838,-0.21585597579176735,-0.017199999999999993,False,False,True
lfr_n5000_o20_m50_s11,graph_only_native_K,cpu,1,73,ego_karateclub,highway_native,COMPLETED,COMPLETED,lfr_n5000_o20_m50_s11__ego_karateclub__s73,lfr_n5000_o20_m50_s11__highway_native__s73,both_completed_and_scored,0.7765184580348432,0.19667170802131295,0.25327370648604475,-0.22209924428791838,-0.31872498929641785,0.003,0.014746543778801843,-0.2624856033932606,0.0,False,False,True
lfr_n5000_o20_m50_s12,graph_only_native_K,cpu,1,73,ego_karateclub,highway_native,COMPLETED,COMPLETED,lfr_n5000_o20_m50_s12__ego_karateclub__s73,lfr_n5000_o20_m50_s12__highway_native__s73,both_completed_and_scored,0.7033932497724891,0.1919927503913641,0.2729522218950263,-0.2262575672830041,-0.33646259156959285,0.002,0.01548731642189586,-0.253107575115046,0.0,False,False,True
lfr_n5000_o40_m20_s11,graph_only_native_K,cpu,1,73,ego_karateclub,highway_native,COMPLETED,COMPLETED,lfr_n5000_o40_m20_s11__ego_karateclub__s73,lfr_n5000_o40_m20_s11__highway_native__s73,both_completed_and_scored,0.7164807091467083,0.21236512484028935,0.29640033866816223,-0.13129093541611156,-0.24692432325627348,0.011,0.0171576338955608,-0.10217917519349269,0.0,False,False,True
lfr_n5000_o40_m20_s12,graph_only_native_K,cpu,1,73,ego_karateclub,highway_native,COMPLETED,COMPLETED,lfr_n5000_o40_m20_s12__ego_karateclub__s73,lfr_n5000_o40_m20_s12__highway_native__s73,both_completed_and_scored,0.7586388341151178,0.1966300830245018,0.25918800117034957,-0.11848579263993916,-0.19224089056871196,0.005,-0.03160160416563124,-0.08641916732738752,0.0,False,False,True
lfr_n5000_o40_m50_s11,graph_only_native_K,cpu,1,73,ego_karateclub,highway_native,COMPLETED,COMPLETED,lfr_n5000_o40_m50_s11__ego_karateclub__s73,lfr_n5000_o40_m50_s11__highway_native__s73,both_completed_and_scored,0.8792188749648631,0.1928101247176528,0.21929707176197533,-0.12383899856852287,-0.20633214730475005,0.003,-0.014139342655397541,-0.06160166746480851,0.0,False,False,True
lfr_n5000_o40_m50_s12,graph_only_native_K,cpu,1,73,ego_karateclub,highway_native,COMPLETED,COMPLETED,lfr_n5000_o40_m50_s12__ego_karateclub__s73,lfr_n5000_o40_m50_s12__highway_native__s73,both_completed_and_scored,0.7889521247707307,0.1987974587827921,0.2519765807596533,-0.11292007698536512,-0.1910720159727988,0.005,0.027243846770711243,-0.08684446221799573,0.0,False,False,True
lfr_n1000_o00_m20_s11,graph_only_native_K,cpu,1,73,ego_karateclub,highway_python,COMPLETED,COMPLETED,lfr_n1000_o00_m20_s11__ego_karateclub__s73,lfr_n1000_o00_m20_s11__highway_python__s73,both_completed_and_scored,0.22718816669657826,0.27699983306229115,1.21925290867917,-0.2449070587397757,-0.24958540630182424,,-0.6,-0.2347338662824242,-0.07199999999999995,False,False,True
lfr_n1000_o00_m20_s12,graph_only_native_K,cpu,1,73,ego_karateclub,highway_python,COMPLETED,COMPLETED,lfr_n1000_o00_m20_s12__ego_karateclub__s73,lfr_n1000_o00_m20_s12__highway_python__s73,both_completed_and_scored,0.21211591688916087,0.254589875228703,1.200239373652174,-0.04081632653061229,-0.04200000000000004,,0.0,-0.05404499112843697,0.0,False,False,True
lfr_n1000_o00_m50_s11,graph_only_native_K,cpu,1,73,ego_karateclub,highway_python,COMPLETED,COMPLETED,lfr_n1000_o00_m50_s11__ego_karateclub__s73,lfr_n1000_o00_m50_s11__highway_python__s73,both_completed_and_scored,0.22771445801481605,0.2639225828461349,1.1590067014056833,-0.5131152949597182,-0.5754486215538848,,-0.4357981593516369,-0.7361314822433398,0.0,False,False,True
lfr_n1000_o00_m50_s12,graph_only_native_K,cpu,1,73,ego_karateclub,highway_python,COMPLETED,COMPLETED,lfr_n1000_o00_m50_s12__ego_karateclub__s73,lfr_n1000_o00_m50_s12__highway_python__s73,both_completed_and_scored,0.2472217078320682,0.2609614171087742,1.0555764677673007,-0.5028204360833934,-0.5806127574083375,,-0.4081889277280305,-0.7759117590015265,0.0,False,False,True
lfr_n1000_o20_m20_s11,graph_only_native_K,cpu,1,73,ego_karateclub,highway_python,COMPLETED,COMPLETED,lfr_n1000_o20_m20_s11__ego_karateclub__s73,lfr_n1000_o20_m20_s11__highway_python__s73,both_completed_and_scored,0.23696362506598234,0.2594987917691469,1.0950996875444055,-0.2724251795713709,-0.34115084482720937,0.2,-0.1628563774518309,-0.37422198286287184,0.0,False,False,True
lfr_n1000_o20_m20_s12,graph_only_native_K,cpu,1,73,ego_karateclub,highway_python,COMPLETED,COMPLETED,lfr_n1000_o20_m20_s12__ego_karateclub__s73,lfr_n1000_o20_m20_s12__highway_python__s73,both_completed_and_scored,0.23698658403009176,0.26431670831516385,1.11532350827759,-0.24959541332371094,-0.32887511148817683,0.27,0.05208440206557041,-0.3664843528831435,0.0,False,False,True
lfr_n1000_o20_m50_s11,graph_only_native_K,cpu,1,73,ego_karateclub,highway_python,COMPLETED,COMPLETED,lfr_n1000_o20_m50_s11__ego_karateclub__s73,lfr_n1000_o20_m50_s11__highway_python__s73,both_completed_and_scored,0.23729783296585083,0.2676141248084605,1.1277562945421942,-0.4197639964073076,-0.4669704208834643,0.15,-0.3638719656722503,-0.5631624224447427,0.0,False,False,True
lfr_n1000_o20_m50_s12,graph_only_native_K,cpu,1,73,ego_karateclub,highway_python,COMPLETED,COMPLETED,lfr_n1000_o20_m50_s12__ego_karateclub__s73,lfr_n1000_o20_m50_s12__highway_python__s73,both_completed_and_scored,0.2570091672241688,0.34128245897591114,1.3278999448227364,-0.36008731185786547,-0.4171850308239993,0.175,0.005712809788098683,-0.5125484212494906,0.0,False,False,True
lfr_n1000_o40_m20_s11,graph_only_native_K,cpu,1,73,ego_karateclub,highway_python,COMPLETED,COMPLETED,lfr_n1000_o40_m20_s11__ego_karateclub__s73,lfr_n1000_o40_m20_s11__highway_python__s73,both_completed_and_scored,0.2806644169613719,0.31141437496989965,1.1095612986549694,-0.15129791971521056,-0.17743422557767097,0.31,0.09126381683736734,-0.22025475669793143,0.0,False,False,True
lfr_n1000_o40_m20_s12,graph_only_native_K,cpu,1,73,ego_karateclub,highway_python,COMPLETED,COMPLETED,lfr_n1000_o40_m20_s12__ego_karateclub__s73,lfr_n1000_o40_m20_s12__highway_python__s73,both_completed_and_scored,0.2574030002579093,0.2706964579410851,1.0516445327748947,-0.21401984791137374,-0.19612275903980553,0.2725,-0.2554850894122096,-0.2920403468162712,0.0,False,False,True
lfr_n1000_o40_m50_s11,graph_only_native_K,cpu,1,73,ego_karateclub,highway_python,COMPLETED,COMPLETED,lfr_n1000_o40_m50_s11__ego_karateclub__s73,lfr_n1000_o40_m50_s11__highway_python__s73,both_completed_and_scored,0.24968895828351378,0.27108091674745083,1.0856744271392536,-0.2695937464144843,-0.31857468123861565,0.125,0.04251339313486402,-0.37102390600966184,0.0,False,False,True
lfr_n1000_o40_m50_s12,graph_only_native_K,cpu,1,73,ego_karateclub,highway_python,COMPLETED,COMPLETED,lfr_n1000_o40_m50_s12__ego_karateclub__s73,lfr_n1000_o40_m50_s12__highway_python__s73,both_completed_and_scored,0.25782199995592237,0.3628091663122177,1.4072079433649731,-0.27142102449017497,-0.22249430523917996,0.07,-0.35086139254782045,-0.3108012045265757,0.0,False,False,True
lfr_n5000_o00_m20_s11,graph_only_native_K,cpu,1,73,ego_karateclub,highway_python,COMPLETED,COMPLETED,lfr_n5000_o00_m20_s11__ego_karateclub__s73,lfr_n5000_o00_m20_s11__highway_python__s73,both_completed_and_scored,0.6323981247842312,0.6227234997786582,0.9847016861271151,-0.49391700898845275,-0.3747882218410521,,-0.5891003265740108,-0.5673920904360955,-0.6008,False,False,True
lfr_n5000_o00_m20_s12,graph_only_native_K,cpu,1,73,ego_karateclub,highway_python,COMPLETED,COMPLETED,lfr_n5000_o00_m20_s12__ego_karateclub__s73,lfr_n5000_o00_m20_s12__highway_python__s73,both_completed_and_scored,0.6218894170597196,0.6271165423095226,1.008405232677084,-0.4924594138411865,-0.37904222474460847,,-0.6198776064051207,-0.5723877935187934,-0.5904,False,False,True
lfr_n5000_o00_m50_s11,graph_only_native_K,cpu,1,73,ego_karateclub,highway_python,COMPLETED,COMPLETED,lfr_n5000_o00_m50_s11__ego_karateclub__s73,lfr_n5000_o00_m50_s11__highway_python__s73,both_completed_and_scored,0.8156710839830339,0.80131566664204,0.9824004827155397,-0.5580469915601174,-0.5698480750566159,,-0.1092253823422681,-0.7508621969130933,-0.04620000000000002,False,False,True
lfr_n5000_o00_m50_s12,graph_only_native_K,cpu,1,73,ego_karateclub,highway_python,COMPLETED,COMPLETED,lfr_n5000_o00_m50_s12__ego_karateclub__s73,lfr_n5000_o00_m50_s12__highway_python__s73,both_completed_and_scored,0.7311167079024017,0.8421906670555472,1.151923705138432,-0.5082807457520755,-0.543476323361746,,-0.050456253354804075,-0.6987805344878384,-0.052000000000000046,False,False,True
lfr_n5000_o20_m20_s11,graph_only_native_K,cpu,1,73,ego_karateclub,highway_python,COMPLETED,COMPLETED,lfr_n5000_o20_m20_s11__ego_karateclub__s73,lfr_n5000_o20_m20_s11__highway_python__s73,both_completed_and_scored,0.7071854998357594,0.8093864172697067,1.1445178350767697,-0.2608227145364723,-0.31881483802523736,0.038,0.05714285714285714,-0.3034798621904329,-0.01419999999999999,False,False,True
lfr_n5000_o20_m20_s12,graph_only_native_K,cpu,1,73,ego_karateclub,highway_python,COMPLETED,COMPLETED,lfr_n5000_o20_m20_s12__ego_karateclub__s73,lfr_n5000_o20_m20_s12__highway_python__s73,both_completed_and_scored,0.7440067087300122,0.8076168340630829,1.0854967093531327,-0.2582478201484501,-0.305073756432247,0.033,-0.020077220077220077,-0.2763222313533401,-0.017199999999999993,False,False,True
lfr_n5000_o20_m50_s11,graph_only_native_K,cpu,1,73,ego_karateclub,highway_python,COMPLETED,COMPLETED,lfr_n5000_o20_m50_s11__ego_karateclub__s73,lfr_n5000_o20_m50_s11__highway_python__s73,both_completed_and_scored,0.7765184580348432,0.8501358754001558,1.0948044655005602,-0.29305494790771236,-0.3305358851674641,0.031,0.0,-0.2819488272271724,0.0,False,False,True
lfr_n5000_o20_m50_s12,graph_only_native_K,cpu,1,73,ego_karateclub,highway_python,COMPLETED,COMPLETED,lfr_n5000_o20_m50_s12__ego_karateclub__s73,lfr_n5000_o20_m50_s12__highway_python__s73,both_completed_and_scored,0.7033932497724891,0.8773333341814578,1.2472871106813,-0.28938541340706603,-0.3373039953676896,0.026,0.0,-0.277849710968526,0.0,False,False,True
lfr_n5000_o40_m20_s11,graph_only_native_K,cpu,1,73,ego_karateclub,highway_python,COMPLETED,COMPLETED,lfr_n5000_o40_m20_s11__ego_karateclub__s73,lfr_n5000_o40_m20_s11__highway_python__s73,both_completed_and_scored,0.7164807091467083,0.8389465832151473,1.1709269663579491,-0.19401250202208742,-0.2268783097818631,0.0255,-0.021568385731631324,-0.1113682927425508,0.0,False,False,True
lfr_n5000_o40_m20_s12,graph_only_native_K,cpu,1,73,ego_karateclub,highway_python,COMPLETED,COMPLETED,lfr_n5000_o40_m20_s12__ego_karateclub__s73,lfr_n5000_o40_m20_s12__highway_python__s73,both_completed_and_scored,0.7586388341151178,0.8562445002608001,1.12865893723926,-0.17727908280538882,-0.20528545329984013,0.026,-0.03160160416563124,-0.09659417509169467,0.0,False,False,True
lfr_n5000_o40_m50_s11,graph_only_native_K,cpu,1,73,ego_karateclub,highway_python,COMPLETED,COMPLETED,lfr_n5000_o40_m50_s11__ego_karateclub__s73,lfr_n5000_o40_m50_s11__highway_python__s73,both_completed_and_scored,0.8792188749648631,0.8778975829482079,0.9984971978488201,-0.16882847464850725,-0.2046777787925838,0.018,-0.031059267114410274,-0.06529195459703084,0.0,False,False,True
lfr_n5000_o40_m50_s12,graph_only_native_K,cpu,1,73,ego_karateclub,highway_python,COMPLETED,COMPLETED,lfr_n5000_o40_m50_s12__ego_karateclub__s73,lfr_n5000_o40_m50_s12__highway_python__s73,both_completed_and_scored,0.7889521247707307,0.8653283747844398,1.0968072049186812,-0.1675653405366186,-0.20167182601284508,0.022,0.008791832104367556,-0.0868444622179958,0.0,False,False,True
lfr_n1000_o00_m20_s11,graph_only_native_K,cpu,1,73,ego_karateclub,slpa_cdlib,COMPLETED,COMPLETED,lfr_n1000_o00_m20_s11__ego_karateclub__s73,lfr_n1000_o00_m20_s11__slpa_cdlib__s73,both_completed_and_scored,0.22718816669657826,0.5178896668367088,2.2795626830704507,-0.001223990208078396,-0.0004997501249375258,,-0.0046511627906976605,-0.0020614381561597783,0.0,False,False,True
lfr_n1000_o00_m20_s12,graph_only_native_K,cpu,1,73,ego_karateclub,slpa_cdlib,COMPLETED,COMPLETED,lfr_n1000_o00_m20_s12__ego_karateclub__s73,lfr_n1000_o00_m20_s12__slpa_cdlib__s73,both_completed_and_scored,0.21211591688916087,0.5102179171517491,2.40537308389902,-0.027027027027026973,-0.0009990009990009652,,0.0,-0.003825994449886405,0.0,False,False,True
lfr_n1000_o00_m50_s11,graph_only_native_K,cpu,1,73,ego_karateclub,slpa_cdlib,COMPLETED,COMPLETED,lfr_n1000_o00_m50_s11__ego_karateclub__s73,lfr_n1000_o00_m50_s11__slpa_cdlib__s73,both_completed_and_scored,0.22771445801481605,0.5547210830263793,2.436038044586027,-0.6957243128414666,-0.3418588957055214,,-0.04202298850574715,-0.5826342720898676,0.0,False,False,True
lfr_n1000_o00_m50_s12,graph_only_native_K,cpu,1,73,ego_karateclub,slpa_cdlib,COMPLETED,COMPLETED,lfr_n1000_o00_m50_s12__ego_karateclub__s73,lfr_n1000_o00_m50_s12__slpa_cdlib__s73,both_completed_and_scored,0.2472217078320682,0.5185853750444949,2.0976530725884213,-0.652081759808,-0.308584686774942,,-0.03760298814486007,-0.562381206349288,0.0,False,False,True
lfr_n1000_o20_m20_s11,graph_only_native_K,cpu,1,73,ego_karateclub,slpa_cdlib,COMPLETED,COMPLETED,lfr_n1000_o20_m20_s11__ego_karateclub__s73,lfr_n1000_o20_m20_s11__slpa_cdlib__s73,both_completed_and_scored,0.23696362506598234,0.5227502910420299,2.206036014584392,0.1511830645137966,0.15034114974394508,0.765,0.5335480297211999,0.25710388174608234,0.0,False,False,True
lfr_n1000_o20_m20_s12,graph_only_native_K,cpu,1,73,ego_karateclub,slpa_cdlib,COMPLETED,COMPLETED,lfr_n1000_o20_m20_s12__ego_karateclub__s73,lfr_n1000_o20_m20_s12__slpa_cdlib__s73,both_completed_and_scored,0.23698658403009176,0.5101071656681597,2.1524727560248222,0.14025664386087033,0.14183366888647975,0.71,0.5324603673440884,0.24278255245394575,0.0,False,False,True
lfr_n1000_o20_m50_s11,graph_only_native_K,cpu,1,73,ego_karateclub,slpa_cdlib,COMPLETED,COMPLETED,lfr_n1000_o20_m50_s11__ego_karateclub__s73,lfr_n1000_o20_m50_s11__slpa_cdlib__s73,both_completed_and_scored,0.23729783296585083,0.5755386669188738,2.4253852625855994,-0.5731852891096366,-0.36803086666461704,0.14,0.03676226336314148,-0.3976067228047106,0.0,False,False,True
lfr_n1000_o20_m50_s12,graph_only_native_K,cpu,1,73,ego_karateclub,slpa_cdlib,COMPLETED,COMPLETED,lfr_n1000_o20_m50_s12__ego_karateclub__s73,lfr_n1000_o20_m50_s12__slpa_cdlib__s73,both_completed_and_scored,0.2570091672241688,0.5419839159585536,2.108811610933021,-0.5214500349188067,-0.6111627906976744,0.01,-0.11745200526744315,-0.5108724729994875,0.0,False,False,True
lfr_n1000_o40_m20_s11,graph_only_native_K,cpu,1,73,ego_karateclub,slpa_cdlib,COMPLETED,COMPLETED,lfr_n1000_o40_m20_s11__ego_karateclub__s73,lfr_n1000_o40_m20_s11__slpa_cdlib__s73,both_completed_and_scored,0.2806644169613719,0.5728650828823447,2.0411033542637815,0.05984163390005892,0.19114035087719305,0.5125,0.6058518201945164,0.2976291167124356,0.0,False,False,True
lfr_n1000_o40_m20_s12,graph_only_native_K,cpu,1,73,ego_karateclub,slpa_cdlib,COMPLETED,COMPLETED,lfr_n1000_o40_m20_s12__ego_karateclub__s73,lfr_n1000_o40_m20_s12__slpa_cdlib__s73,both_completed_and_scored,0.2574030002579093,0.5237596668303013,2.0347846229667543,-0.050874326906134804,0.14180494905385732,0.415,0.18866433026313867,0.1845908823085578,0.0,False,False,True
lfr_n1000_o40_m50_s11,graph_only_native_K,cpu,1,73,ego_karateclub,slpa_cdlib,COMPLETED,COMPLETED,lfr_n1000_o40_m50_s11__ego_karateclub__s73,lfr_n1000_o40_m50_s11__slpa_cdlib__s73,both_completed_and_scored,0.24968895828351378,0.5235130419023335,2.096660763460358,-0.599546304990171,-0.5641666666666667,0.0,-0.3249371268302979,-0.386182456051429,0.0,False,False,True
lfr_n1000_o40_m50_s12,graph_only_native_K,cpu,1,73,ego_karateclub,slpa_cdlib,COMPLETED,COMPLETED,lfr_n1000_o40_m50_s12__ego_karateclub__s73,lfr_n1000_o40_m50_s12__slpa_cdlib__s73,both_completed_and_scored,0.25782199995592237,0.5479386253282428,2.125259386017947,-0.2884296824279301,-0.29878815080789944,0.0375,-0.1451732753844983,-0.20992819406048424,0.0,False,False,True
lfr_n5000_o00_m20_s11,graph_only_native_K,cpu,1,73,ego_karateclub,slpa_cdlib,COMPLETED,COMPLETED,lfr_n5000_o00_m20_s11__ego_karateclub__s73,lfr_n5000_o00_m20_s11__slpa_cdlib__s73,both_completed_and_scored,0.6323981247842312,2.072107917163521,3.2765876999880517,0.07287250459005168,0.053501208670462486,,0.4108996734259892,0.0541639940594838,0.0,False,False,True
lfr_n5000_o00_m20_s12,graph_only_native_K,cpu,1,73,ego_karateclub,slpa_cdlib,COMPLETED,COMPLETED,lfr_n5000_o00_m20_s12__ego_karateclub__s73,lfr_n5000_o00_m20_s12__slpa_cdlib__s73,both_completed_and_scored,0.6218894170597196,2.117384749930352,3.404760865591352,0.04323891817785386,0.03800323417847873,,0.3801223935948793,0.03413509892749045,0.0,False,False,True
lfr_n5000_o00_m50_s11,graph_only_native_K,cpu,1,73,ego_karateclub,slpa_cdlib,COMPLETED,COMPLETED,lfr_n5000_o00_m50_s11__ego_karateclub__s73,lfr_n5000_o00_m50_s11__slpa_cdlib__s73,both_completed_and_scored,0.8156710839830339,2.2881769998930395,2.8052692375945916,-0.2645553320910229,0.0027266492982603863,,0.8213577394404592,-0.11384308212077987,0.0,False,False,True
lfr_n5000_o00_m50_s12,graph_only_native_K,cpu,1,73,ego_karateclub,slpa_cdlib,COMPLETED,COMPLETED,lfr_n5000_o00_m50_s12__ego_karateclub__s73,lfr_n5000_o00_m50_s12__slpa_cdlib__s73,both_completed_and_scored,0.7311167079024017,2.2487759171053767,3.07580977537388,-0.2355692449425283,0.05121998631074609,,0.8863279461948473,-0.06550818796863733,0.0,False,False,True
lfr_n5000_o20_m20_s11,graph_only_native_K,cpu,1,73,ego_karateclub,slpa_cdlib,COMPLETED,COMPLETED,lfr_n5000_o20_m20_s11__ego_karateclub__s73,lfr_n5000_o20_m20_s11__slpa_cdlib__s73,both_completed_and_scored,0.7071854998357594,2.162780167069286,3.0582925803365337,0.5630037921068672,0.46090714252578513,0.662,0.979937347828585,0.6149685440111566,0.0,False,False,True
lfr_n5000_o20_m20_s12,graph_only_native_K,cpu,1,73,ego_karateclub,slpa_cdlib,COMPLETED,COMPLETED,lfr_n5000_o20_m20_s12__ego_karateclub__s73,lfr_n5000_o20_m20_s12__slpa_cdlib__s73,both_completed_and_scored,0.7440067087300122,2.2033757916651666,2.961499897529466,0.543468383991848,0.46583610407267784,0.642,0.941737205065061,0.6283998614929982,0.0,False,False,True
lfr_n5000_o20_m50_s11,graph_only_native_K,cpu,1,73,ego_karateclub,slpa_cdlib,COMPLETED,COMPLETED,lfr_n5000_o20_m50_s11__ego_karateclub__s73,lfr_n5000_o20_m50_s11__slpa_cdlib__s73,both_completed_and_scored,0.7765184580348432,2.4021251248195767,3.093455281022812,-0.013444628961806648,0.21175242056014032,0.35,0.8631757618454042,0.2261370775994811,0.0,False,False,True
lfr_n5000_o20_m50_s12,graph_only_native_K,cpu,1,73,ego_karateclub,slpa_cdlib,COMPLETED,COMPLETED,lfr_n5000_o20_m50_s12__ego_karateclub__s73,lfr_n5000_o20_m50_s12__slpa_cdlib__s73,both_completed_and_scored,0.7033932497724891,2.317960458341986,3.295397644335832,-0.021049829620824412,0.24369165074727506,0.391,0.8700290745413444,0.26682952574064206,0.0,False,False,True
lfr_n5000_o40_m20_s11,graph_only_native_K,cpu,1,73,ego_karateclub,slpa_cdlib,COMPLETED,COMPLETED,lfr_n5000_o40_m20_s11__ego_karateclub__s73,lfr_n5000_o40_m20_s11__slpa_cdlib__s73,both_completed_and_scored,0.7164807091467083,2.212483874987811,3.0879880598917526,0.5392312259762377,0.5269101681107902,0.577,0.9427007424674332,0.7242332332706171,0.0,False,False,True
lfr_n5000_o40_m20_s12,graph_only_native_K,cpu,1,73,ego_karateclub,slpa_cdlib,COMPLETED,COMPLETED,lfr_n5000_o40_m20_s12__ego_karateclub__s73,lfr_n5000_o40_m20_s12__slpa_cdlib__s73,both_completed_and_scored,0.7586388341151178,2.183912333101034,2.878724677531656,0.4828322791087455,0.524412637199644,0.4925,0.8536602105509895,0.7059350386216771,0.0,False,False,True
lfr_n5000_o40_m50_s11,graph_only_native_K,cpu,1,73,ego_karateclub,slpa_cdlib,COMPLETED,COMPLETED,lfr_n5000_o40_m50_s11__ego_karateclub__s73,lfr_n5000_o40_m50_s11__slpa_cdlib__s73,both_completed_and_scored,0.8792188749648631,2.4647884583100677,2.8033843773071525,0.06302032261015561,0.24919004065040645,0.201,0.7110521224555727,0.28792393134877514,0.0,False,False,True
lfr_n5000_o40_m50_s12,graph_only_native_K,cpu,1,73,ego_karateclub,slpa_cdlib,COMPLETED,COMPLETED,lfr_n5000_o40_m50_s12__ego_karateclub__s73,lfr_n5000_o40_m50_s12__slpa_cdlib__s73,both_completed_and_scored,0.7889521247707307,2.4597764587961137,3.1177765818311522,0.06218036934545715,0.2682918799044695,0.218,0.7667046701930489,0.28901756082691643,0.0,False,False,True
lfr_n1000_o00_m20_s11,graph_only_native_K,cpu,1,73,ego_karateclub_loopless_fix,ego_sknetwork_fixed,COMPLETED,COMPLETED,lfr_n1000_o00_m20_s11__ego_karateclub_loopless_fix__s73,lfr_n1000_o00_m20_s11__ego_sknetwork_fixed__s73,both_completed_and_scored,0.29188304115086794,2.736596167087555,9.375660046220597,0.0,0.0,,0.0,9.020562075079397e-16,0.0,False,False,True
lfr_n1000_o00_m20_s12,graph_only_native_K,cpu,1,73,ego_karateclub_loopless_fix,ego_sknetwork_fixed,COMPLETED,COMPLETED,lfr_n1000_o00_m20_s12__ego_karateclub_loopless_fix__s73,lfr_n1000_o00_m20_s12__ego_sknetwork_fixed__s73,both_completed_and_scored,0.36111766705289483,2.6470188749954104,7.330073038513753,0.0,0.0,,0.0,8.881784197001252e-16,0.0,False,False,True
lfr_n1000_o00_m50_s11,graph_only_native_K,cpu,1,73,ego_karateclub_loopless_fix,ego_sknetwork_fixed,COMPLETED,COMPLETED,lfr_n1000_o00_m50_s11__ego_karateclub_loopless_fix__s73,lfr_n1000_o00_m50_s11__ego_sknetwork_fixed__s73,both_completed_and_scored,0.5479585421271622,2.668714374769479,4.870285194222162,0.00029501468643138625,0.003475757364154425,,0.08311758673400282,0.0020950875044606493,0.0,False,False,True
lfr_n1000_o00_m50_s12,graph_only_native_K,cpu,1,73,ego_karateclub_loopless_fix,ego_sknetwork_fixed,COMPLETED,COMPLETED,lfr_n1000_o00_m50_s12__ego_karateclub_loopless_fix__s73,lfr_n1000_o00_m50_s12__ego_sknetwork_fixed__s73,both_completed_and_scored,0.5874131671153009,2.885944874957204,4.912972736259304,0.0004384634699761908,0.003549284372673628,,0.1644444444444444,0.0010491314715948621,0.0,False,False,True
lfr_n1000_o20_m20_s11,graph_only_native_K,cpu,1,73,ego_karateclub_loopless_fix,ego_sknetwork_fixed,COMPLETED,COMPLETED,lfr_n1000_o20_m20_s11__ego_karateclub_loopless_fix__s73,lfr_n1000_o20_m20_s11__ego_sknetwork_fixed__s73,both_completed_and_scored,0.3166332500986755,2.877074584364891,9.08645754502498,3.6334589850776575e-05,0.000725425196845042,-0.0050000000000000044,0.0,0.00038365255921507524,0.0,False,False,True
lfr_n1000_o20_m20_s12,graph_only_native_K,cpu,1,73,ego_karateclub_loopless_fix,ego_sknetwork_fixed,COMPLETED,COMPLETED,lfr_n1000_o20_m20_s12__ego_karateclub_loopless_fix__s73,lfr_n1000_o20_m20_s12__ego_sknetwork_fixed__s73,both_completed_and_scored,0.3758895839564502,2.6545057906769216,7.061929630336516,2.7458144508734142e-05,0.00010062419995515715,-0.004999999999999949,0.0,0.00026840913174623615,0.0,False,False,True
lfr_n1000_o20_m50_s11,graph_only_native_K,cpu,1,73,ego_karateclub_loopless_fix,ego_sknetwork_fixed,COMPLETED,COMPLETED,lfr_n1000_o20_m50_s11__ego_karateclub_loopless_fix__s73,lfr_n1000_o20_m50_s11__ego_sknetwork_fixed__s73,both_completed_and_scored,0.5577367497608066,2.6675009578466415,4.78272403421621,0.00016012108599750084,0.008547656826137506,0.06999999999999999,-0.12678214464196472,0.0018371703034644818,0.0,False,False,True
lfr_n1000_o20_m50_s12,graph_only_native_K,cpu,1,73,ego_karateclub_loopless_fix,ego_sknetwork_fixed,COMPLETED,COMPLETED,lfr_n1000_o20_m50_s12__ego_karateclub_loopless_fix__s73,lfr_n1000_o20_m50_s12__ego_sknetwork_fixed__s73,both_completed_and_scored,0.6619792077690363,2.970596041996032,4.487446142013073,0.00041168019180030675,0.004108411363227954,0.02500000000000001,0.08791666666666663,0.0024134061447287913,0.0,False,False,True
lfr_n1000_o40_m20_s11,graph_only_native_K,cpu,1,73,ego_karateclub_loopless_fix,ego_sknetwork_fixed,COMPLETED,COMPLETED,lfr_n1000_o40_m20_s11__ego_karateclub_loopless_fix__s73,lfr_n1000_o40_m20_s11__ego_sknetwork_fixed__s73,both_completed_and_scored,0.3385588340461254,2.902785209007561,8.573946141993401,0.0023372077329288036,0.02742113948048236,0.07,0.08022915822332871,0.009283694461015651,0.0,False,False,True
lfr_n1000_o40_m20_s12,graph_only_native_K,cpu,1,73,ego_karateclub_loopless_fix,ego_sknetwork_fixed,COMPLETED,COMPLETED,lfr_n1000_o40_m20_s12__ego_karateclub_loopless_fix__s73,lfr_n1000_o40_m20_s12__ego_sknetwork_fixed__s73,both_completed_and_scored,0.39572337502613664,2.6659887498244643,6.73700094074145,0.0008884833138971746,0.01790141473236828,0.04999999999999999,0.0,0.004808858781354133,0.0,False,False,True
lfr_n1000_o40_m50_s11,graph_only_native_K,cpu,1,73,ego_karateclub_loopless_fix,ego_sknetwork_fixed,COMPLETED,COMPLETED,lfr_n1000_o40_m50_s11__ego_karateclub_loopless_fix__s73,lfr_n1000_o40_m50_s11__ego_sknetwork_fixed__s73,both_completed_and_scored,0.5417472501285374,2.908418625127524,5.368589548793205,-4.262212854254724e-06,-0.0016725156602212382,-0.0175,0.06093889826762461,-0.002627756923155533,0.0,False,False,True
lfr_n1000_o40_m50_s12,graph_only_native_K,cpu,1,73,ego_karateclub_loopless_fix,ego_sknetwork_fixed,COMPLETED,COMPLETED,lfr_n1000_o40_m50_s12__ego_karateclub_loopless_fix__s73,lfr_n1000_o40_m50_s12__ego_sknetwork_fixed__s73,both_completed_and_scored,0.4763819999061525,2.679019832983613,5.623679806355785,-0.00033925812541742064,-4.7143051952594495e-05,0.009999999999999995,-0.05602341485604176,-0.002547916111549765,0.0,False,False,True
lfr_n5000_o00_m20_s11,graph_only_native_K,cpu,1,73,ego_karateclub_loopless_fix,ego_sknetwork_fixed,COMPLETED,COMPLETED,lfr_n5000_o00_m20_s11__ego_karateclub_loopless_fix__s73,lfr_n5000_o00_m20_s11__ego_sknetwork_fixed__s73,both_completed_and_scored,1.2644712077453732,3.193327167071402,2.52542497410067,0.0,0.0,,0.0,6.938893903907228e-16,0.0,False,False,True
lfr_n5000_o00_m20_s12,graph_only_native_K,cpu,1,73,ego_karateclub_loopless_fix,ego_sknetwork_fixed,COMPLETED,COMPLETED,lfr_n5000_o00_m20_s12__ego_karateclub_loopless_fix__s73,lfr_n5000_o00_m20_s12__ego_sknetwork_fixed__s73,both_completed_and_scored,1.2192562916316092,2.9628595830872655,2.4300547829221086,0.0,0.0,,0.0,1.0269562977782698e-15,0.0,False,False,True
lfr_n5000_o00_m50_s11,graph_only_native_K,cpu,1,73,ego_karateclub_loopless_fix,ego_sknetwork_fixed,COMPLETED,COMPLETED,lfr_n5000_o00_m50_s11__ego_karateclub_loopless_fix__s73,lfr_n5000_o00_m50_s11__ego_sknetwork_fixed__s73,both_completed_and_scored,3.3527110419236124,3.4910025829449296,1.0412476766688408,-6.143769608603529e-06,-0.0007019783024888315,,0.0,0.00011703889994087169,0.0,False,False,True
lfr_n5000_o00_m50_s12,graph_only_native_K,cpu,1,73,ego_karateclub_loopless_fix,ego_sknetwork_fixed,COMPLETED,COMPLETED,lfr_n5000_o00_m50_s12__ego_karateclub_loopless_fix__s73,lfr_n5000_o00_m50_s12__ego_sknetwork_fixed__s73,both_completed_and_scored,2.8559166248887777,3.2145127500407398,1.1255625328928947,6.840437093446651e-05,0.001221742258914832,,0.0,0.0006965201858800188,0.0,False,False,True
lfr_n5000_o20_m20_s11,graph_only_native_K,cpu,1,73,ego_karateclub_loopless_fix,ego_sknetwork_fixed,COMPLETED,COMPLETED,lfr_n5000_o20_m20_s11__ego_karateclub_loopless_fix__s73,lfr_n5000_o20_m20_s11__ego_sknetwork_fixed__s73,both_completed_and_scored,1.3337403750047088,2.9576072497293353,2.2175284674267237,0.00018995255031612097,0.0037436834732424984,0.007000000000000006,0.0,0.0022541653570779113,0.0,False,False,True
lfr_n5000_o20_m20_s12,graph_only_native_K,cpu,1,73,ego_karateclub_loopless_fix,ego_sknetwork_fixed,COMPLETED,COMPLETED,lfr_n5000_o20_m20_s12__ego_karateclub_loopless_fix__s73,lfr_n5000_o20_m20_s12__ego_sknetwork_fixed__s73,both_completed_and_scored,1.5138607500120997,2.981603083666414,1.9695358926787574,-0.0002590547320627211,-0.004093392709476701,0.008000000000000007,0.0,0.00037690547168185706,0.0,False,False,True
lfr_n5000_o20_m50_s11,graph_only_native_K,cpu,1,73,ego_karateclub_loopless_fix,ego_sknetwork_fixed,COMPLETED,COMPLETED,lfr_n5000_o20_m50_s11__ego_karateclub_loopless_fix__s73,lfr_n5000_o20_m50_s11__ego_sknetwork_fixed__s73,both_completed_and_scored,3.0573449581861496,2.992798457853496,0.9788880544343457,-1.640212811841041e-05,-0.000697232897600833,0.015000000000000013,0.0,0.00021587052663542966,0.0,False,False,True
lfr_n5000_o20_m50_s12,graph_only_native_K,cpu,1,73,ego_karateclub_loopless_fix,ego_sknetwork_fixed,COMPLETED,COMPLETED,lfr_n5000_o20_m50_s12__ego_karateclub_loopless_fix__s73,lfr_n5000_o20_m50_s12__ego_sknetwork_fixed__s73,both_completed_and_scored,3.8746527498587966,2.9808567501604557,0.7693222961126224,-8.341465392199335e-05,-0.0009996065112249652,0.00899999999999998,0.0,-0.0007158791454945669,0.0,False,False,True
lfr_n5000_o40_m20_s11,graph_only_native_K,cpu,1,73,ego_karateclub_loopless_fix,ego_sknetwork_fixed,COMPLETED,COMPLETED,lfr_n5000_o40_m20_s11__ego_karateclub_loopless_fix__s73,lfr_n5000_o40_m20_s11__ego_sknetwork_fixed__s73,both_completed_and_scored,1.41891337512061,2.944576666690409,2.075233568391809,0.0001430291348840599,0.002687086414475681,0.014000000000000012,0.0,0.0010169319547653488,0.0,False,False,True
lfr_n5000_o40_m20_s12,graph_only_native_K,cpu,1,73,ego_karateclub_loopless_fix,ego_sknetwork_fixed,COMPLETED,COMPLETED,lfr_n5000_o40_m20_s12__ego_karateclub_loopless_fix__s73,lfr_n5000_o40_m20_s12__ego_sknetwork_fixed__s73,both_completed_and_scored,1.6081064161844552,2.96236062515527,1.8421421588404865,-0.00017341828415654015,0.0020881989284242397,0.009000000000000008,-0.021229131734344264,0.00017420902161118662,0.0,False,False,True
lfr_n5000_o40_m50_s11,graph_only_native_K,cpu,1,73,ego_karateclub_loopless_fix,ego_sknetwork_fixed,COMPLETED,COMPLETED,lfr_n5000_o40_m50_s11__ego_karateclub_loopless_fix__s73,lfr_n5000_o40_m50_s11__ego_sknetwork_fixed__s73,both_completed_and_scored,3.7489952500909567,3.4658902920782566,0.9244851115760065,1.531096883554883e-05,0.0005136351273615364,0.008500000000000008,0.0,0.00021135392571479741,0.0,True,True,True
lfr_n5000_o40_m50_s12,graph_only_native_K,cpu,1,73,ego_karateclub_loopless_fix,ego_sknetwork_fixed,COMPLETED,COMPLETED,lfr_n5000_o40_m50_s12__ego_karateclub_loopless_fix__s73,lfr_n5000_o40_m50_s12__ego_sknetwork_fixed__s73,both_completed_and_scored,3.858851083088666,3.209445666987449,0.831710163953405,2.2029480487605665e-05,-0.0002871617588656866,0.004500000000000004,0.0,-0.00022777796978547434,0.0,True,True,True
lfr_n1000_o00_m20_s11,graph_only_native_K,cpu,1,73,ego_karateclub_loopless_fix,highway_native,COMPLETED,COMPLETED,lfr_n1000_o00_m20_s11__ego_karateclub_loopless_fix__s73,lfr_n1000_o00_m20_s11__highway_native__s73,both_completed_and_scored,0.29188304115086794,0.12513695796951652,0.4287229483292795,0.49098079446798976,-0.03537715316678375,,-0.5638337215295378,0.4148162935743462,-0.07199999999999995,True,True,True
lfr_n1000_o00_m20_s12,graph_only_native_K,cpu,1,73,ego_karateclub_loopless_fix,highway_native,COMPLETED,COMPLETED,lfr_n1000_o00_m20_s12__ego_karateclub_loopless_fix__s73,lfr_n1000_o00_m20_s12__highway_native__s73,both_completed_and_scored,0.36111766705289483,0.13457491621375084,0.3726622330943419,0.6146648753482946,0.09262961946980203,,0.04739683454401167,0.4914064081336582,0.0,True,True,True
lfr_n1000_o00_m50_s11,graph_only_native_K,cpu,1,73,ego_karateclub_loopless_fix,highway_native,COMPLETED,COMPLETED,lfr_n1000_o00_m50_s11__ego_karateclub_loopless_fix__s73,lfr_n1000_o00_m50_s11__highway_native__s73,both_completed_and_scored,0.5479585421271622,0.13342958316206932,0.24350306255670148,0.41480648459865904,0.06344832869260428,,0.07707988083909734,0.2070601013827976,0.0,True,True,True
lfr_n1000_o00_m50_s12,graph_only_native_K,cpu,1,73,ego_karateclub_loopless_fix,highway_native,COMPLETED,COMPLETED,lfr_n1000_o00_m50_s12__ego_karateclub_loopless_fix__s73,lfr_n1000_o00_m50_s12__highway_native__s73,both_completed_and_scored,0.5874131671153009,0.13068545842543244,0.22247621562044545,0.5077567436811747,0.18151889928475265,,0.14617918196865554,0.29765386875822836,0.0,True,True,True
lfr_n1000_o20_m20_s11,graph_only_native_K,cpu,1,73,ego_karateclub_loopless_fix,highway_native,COMPLETED,COMPLETED,lfr_n1000_o20_m20_s11__ego_karateclub_loopless_fix__s73,lfr_n1000_o20_m20_s11__highway_native__s73,both_completed_and_scored,0.3166332500986755,0.13102241698652506,0.41379866752999966,0.5366768302037995,0.16064280444862455,-0.3,-0.1250848191225653,0.40791047473986797,0.0,True,True,True
lfr_n1000_o20_m20_s12,graph_only_native_K,cpu,1,73,ego_karateclub_loopless_fix,highway_native,COMPLETED,COMPLETED,lfr_n1000_o20_m20_s12__ego_karateclub_loopless_fix__s73,lfr_n1000_o20_m20_s12__highway_native__s73,both_completed_and_scored,0.3758895839564502,0.13025891687721014,0.3465350529433709,0.6381145135710171,0.18814346086409212,-0.33499999999999996,0.5992047981281774,0.4312598913095097,0.0,True,True,True
lfr_n1000_o20_m50_s11,graph_only_native_K,cpu,1,73,ego_karateclub_loopless_fix,highway_native,COMPLETED,COMPLETED,lfr_n1000_o20_m50_s11__ego_karateclub_loopless_fix__s73,lfr_n1000_o20_m50_s11__highway_native__s73,both_completed_and_scored,0.5577367497608066,0.1317982911132276,0.2363091389795476,0.4452900841978261,0.24272943556851725,-0.065,0.36872800175750314,0.11986513606385565,0.0,True,True,True
lfr_n1000_o20_m50_s12,graph_only_native_K,cpu,1,73,ego_karateclub_loopless_fix,highway_native,COMPLETED,COMPLETED,lfr_n1000_o20_m50_s12__ego_karateclub_loopless_fix__s73,lfr_n1000_o20_m50_s12__highway_native__s73,both_completed_and_scored,0.6619792077690363,0.13632933283224702,0.20594201635380088,0.4125426759796777,0.19618802101391433,-0.045,0.4438788384856354,0.13609230540289088,0.0,True,True,True
lfr_n1000_o40_m20_s11,graph_only_native_K,cpu,1,73,ego_karateclub_loopless_fix,highway_native,COMPLETED,COMPLETED,lfr_n1000_o40_m20_s11__ego_karateclub_loopless_fix__s73,lfr_n1000_o40_m20_s11__highway_native__s73,both_completed_and_scored,0.3385588340461254,0.12970216711983085,0.3831008205272829,0.5415803075100933,0.17602132238560686,-0.2675,0.24557723350936767,0.26132859452267426,0.0,True,True,True
lfr_n1000_o40_m20_s12,graph_only_native_K,cpu,1,73,ego_karateclub_loopless_fix,highway_native,COMPLETED,COMPLETED,lfr_n1000_o40_m20_s12__ego_karateclub_loopless_fix__s73,lfr_n1000_o40_m20_s12__highway_native__s73,both_completed_and_scored,0.39572337502613664,0.12694866675883532,0.3208015365542929,0.5236214290206124,0.1562724843252133,-0.2625,0.38749573811932636,0.2323684235689334,0.0,True,True,True
lfr_n1000_o40_m50_s11,graph_only_native_K,cpu,1,73,ego_karateclub_loopless_fix,highway_native,COMPLETED,COMPLETED,lfr_n1000_o40_m50_s11__ego_karateclub_loopless_fix__s73,lfr_n1000_o40_m50_s11__highway_native__s73,both_completed_and_scored,0.5417472501285374,0.13743704184889793,0.253692181762416,0.39857258150611197,0.2225020456881649,-0.045000000000000005,0.3856778435554812,0.07193203386166014,0.0,True,True,True
lfr_n1000_o40_m50_s12,graph_only_native_K,cpu,1,73,ego_karateclub_loopless_fix,highway_native,COMPLETED,COMPLETED,lfr_n1000_o40_m50_s12__ego_karateclub_loopless_fix__s73,lfr_n1000_o40_m50_s12__highway_native__s73,both_completed_and_scored,0.4763819999061525,0.2244934169575572,0.4712466403050126,0.34393374254301795,0.17327360874003128,-0.020000000000000004,0.152504580939532,0.02498928558853901,0.0,True,True,True
lfr_n5000_o00_m20_s11,graph_only_native_K,cpu,1,73,ego_karateclub_loopless_fix,highway_native,COMPLETED,COMPLETED,lfr_n5000_o00_m20_s11__ego_karateclub_loopless_fix__s73,lfr_n5000_o00_m20_s11__highway_native__s73,both_completed_and_scored,1.2644712077453732,0.18152650026604533,0.14355921997600704,0.348878359270901,0.08139044161965747,,-0.9645130907549373,0.20270975116561435,-0.6008,True,True,True
lfr_n5000_o00_m20_s12,graph_only_native_K,cpu,1,73,ego_karateclub_loopless_fix,highway_native,COMPLETED,COMPLETED,lfr_n5000_o00_m20_s12__ego_karateclub_loopless_fix__s73,lfr_n5000_o00_m20_s12__highway_native__s73,both_completed_and_scored,1.2192562916316092,0.2838608338497579,0.23281473780208692,0.3743702345281929,0.027798674620740926,,-0.9943743260940141,0.22430707237169312,-0.5904,True,True,True
lfr_n5000_o00_m50_s11,graph_only_native_K,cpu,1,73,ego_karateclub_loopless_fix,highway_native,COMPLETED,COMPLETED,lfr_n5000_o00_m50_s11__ego_karateclub_loopless_fix__s73,lfr_n5000_o00_m50_s11__highway_native__s73,both_completed_and_scored,3.3527110419236124,0.21249837521463633,0.06338105865894,0.22314490381269794,0.11449057462487866,,-0.7711595297161885,0.1071062991522464,-0.04859999999999998,True,True,True
lfr_n5000_o00_m50_s12,graph_only_native_K,cpu,1,73,ego_karateclub_loopless_fix,highway_native,COMPLETED,COMPLETED,lfr_n5000_o00_m50_s12__ego_karateclub_loopless_fix__s73,lfr_n5000_o00_m50_s12__highway_native__s73,both_completed_and_scored,2.8559166248887777,0.19262691726908088,0.06744836862195956,0.23227427419945712,0.11467181872202173,,-0.7807062594100239,0.09953700337838489,-0.052000000000000046,True,True,True
lfr_n5000_o20_m20_s11,graph_only_native_K,cpu,1,73,ego_karateclub_loopless_fix,highway_native,COMPLETED,COMPLETED,lfr_n5000_o20_m20_s11__ego_karateclub_loopless_fix__s73,lfr_n5000_o20_m20_s11__highway_native__s73,both_completed_and_scored,1.3337403750047088,0.19077729200944304,0.14303930178972762,0.1648015639000502,-0.07606405079437656,-0.354,-0.4102148560053892,-0.030505456230989242,-0.01419999999999999,True,True,True
lfr_n5000_o20_m20_s12,graph_only_native_K,cpu,1,73,ego_karateclub_loopless_fix,highway_native,COMPLETED,COMPLETED,lfr_n5000_o20_m20_s12__ego_karateclub_loopless_fix__s73,lfr_n5000_o20_m20_s12__highway_native__s73,both_completed_and_scored,1.5138607500120997,0.24474924989044666,0.16167223431117458,0.17586382678272633,-0.04632847573846005,-0.41,-0.5513420352396396,-0.02513581708105836,-0.017199999999999993,True,True,True
lfr_n5000_o20_m50_s11,graph_only_native_K,cpu,1,73,ego_karateclub_loopless_fix,highway_native,COMPLETED,COMPLETED,lfr_n5000_o20_m50_s11__ego_karateclub_loopless_fix__s73,lfr_n5000_o20_m50_s11__highway_native__s73,both_completed_and_scored,3.0573449581861496,0.19667170802131295,0.06432761455154659,0.14972510638588554,0.08196571230653638,-0.18,-0.48770242719953066,-0.0011394007411622172,0.0,True,True,True
lfr_n5000_o20_m50_s12,graph_only_native_K,cpu,1,73,ego_karateclub_loopless_fix,highway_native,COMPLETED,COMPLETED,lfr_n5000_o20_m50_s12__ego_karateclub_loopless_fix__s73,lfr_n5000_o20_m50_s12__highway_native__s73,both_completed_and_scored,3.8746527498587966,0.1919927503913641,0.04955095663691691,0.14796787512099574,0.062467912032870054,-0.226,-0.4964101238756217,0.0001594881964531135,0.0,True,True,True
lfr_n5000_o40_m20_s11,graph_only_native_K,cpu,1,73,ego_karateclub_loopless_fix,highway_native,COMPLETED,COMPLETED,lfr_n5000_o40_m20_s11__ego_karateclub_loopless_fix__s73,lfr_n5000_o40_m20_s11__highway_native__s73,both_completed_and_scored,1.41891337512061,0.21236512484028935,0.14966743464676832,0.1269204769629462,-0.0718510933514021,-0.22999999999999998,-0.40665711672315524,-0.051213862900333515,0.0,True,True,True
lfr_n5000_o40_m20_s12,graph_only_native_K,cpu,1,73,ego_karateclub_loopless_fix,highway_native,COMPLETED,COMPLETED,lfr_n5000_o40_m20_s12__ego_karateclub_loopless_fix__s73,lfr_n5000_o40_m20_s12__highway_native__s73,both_completed_and_scored,1.6081064161844552,0.1966300830245018,0.1222742979230472,0.12152636810839698,-0.026112988384346003,-0.211,-0.3070864923531034,-0.04730359466269962,0.0,True,True,True
lfr_n5000_o40_m50_s11,graph_only_native_K,cpu,1,73,ego_karateclub_loopless_fix,highway_native,COMPLETED,COMPLETED,lfr_n5000_o40_m50_s11__ego_karateclub_loopless_fix__s73,lfr_n5000_o40_m50_s11__highway_native__s73,both_completed_and_scored,3.7489952500909567,0.1928101247176528,0.05142981301802794,0.10206178087636329,0.05113885445271921,-0.09899999999999999,-0.3325122718404137,-0.008256098663987564,0.0,True,True,True
lfr_n5000_o40_m50_s12,graph_only_native_K,cpu,1,73,ego_karateclub_loopless_fix,highway_native,COMPLETED,COMPLETED,lfr_n5000_o40_m50_s12__ego_karateclub_loopless_fix__s73,lfr_n5000_o40_m50_s12__highway_native__s73,both_completed_and_scored,3.858851083088666,0.1987974587827921,0.051517266280115805,0.11315934068342368,0.06286049538808557,-0.11649999999999999,-0.4106161442530284,-0.013486618177427637,0.0,True,True,True
lfr_n1000_o00_m20_s11,graph_only_native_K,cpu,1,73,ego_karateclub_loopless_fix,highway_python,COMPLETED,COMPLETED,lfr_n1000_o00_m20_s11__ego_karateclub_loopless_fix__s73,lfr_n1000_o00_m20_s11__highway_python__s73,both_completed_and_scored,0.29188304115086794,0.27699983306229115,0.9490096854209354,0.7350374136092045,0.3961815083280022,,-0.5638337215295378,0.6483933793717911,-0.07199999999999995,True,True,True
lfr_n1000_o00_m20_s12,graph_only_native_K,cpu,1,73,ego_karateclub_loopless_fix,highway_python,COMPLETED,COMPLETED,lfr_n1000_o00_m20_s12__ego_karateclub_loopless_fix__s73,lfr_n1000_o00_m20_s12__highway_python__s73,both_completed_and_scored,0.36111766705289483,0.254589875228703,0.7050053167058478,0.9394000480607431,0.5942313568570389,,0.04739683454401167,0.8281395916110754,0.0,True,True,True
lfr_n1000_o00_m50_s11,graph_only_native_K,cpu,1,73,ego_karateclub_loopless_fix,highway_python,COMPLETED,COMPLETED,lfr_n1000_o00_m50_s11__ego_karateclub_loopless_fix__s73,lfr_n1000_o00_m50_s11__highway_python__s73,both_completed_and_scored,0.5479585421271622,0.2639225828461349,0.4816469907040661,0.47717153330389805,0.2439193455113966,,0.033694896404610875,0.21251769944743706,0.0,True,True,True
lfr_n1000_o00_m50_s12,graph_only_native_K,cpu,1,73,ego_karateclub_loopless_fix,highway_python,COMPLETED,COMPLETED,lfr_n1000_o00_m50_s12__ego_karateclub_loopless_fix__s73,lfr_n1000_o00_m50_s12__highway_python__s73,both_completed_and_scored,0.5874131671153009,0.2609614171087742,0.4442553073679248,0.4904012040359511,0.24578484807587606,,-0.11422902797865708,0.1855246527149971,0.0,True,True,True
lfr_n1000_o20_m20_s11,graph_only_native_K,cpu,1,73,ego_karateclub_loopless_fix,highway_python,COMPLETED,COMPLETED,lfr_n1000_o20_m20_s11__ego_karateclub_loopless_fix__s73,lfr_n1000_o20_m20_s11__highway_python__s73,both_completed_and_scored,0.3166332500986755,0.2594987917691469,0.8195563532518356,0.499964486476251,0.1856176498360222,-0.10999999999999999,-0.11312993940745758,0.20864708036157395,0.0,True,True,True
lfr_n1000_o20_m20_s12,graph_only_native_K,cpu,1,73,ego_karateclub_loopless_fix,highway_python,COMPLETED,COMPLETED,lfr_n1000_o20_m20_s12__ego_karateclub_loopless_fix__s73,lfr_n1000_o20_m20_s12__highway_python__s73,both_completed_and_scored,0.3758895839564502,0.26431670831516385,0.7031764635058019,0.5310105647821975,0.19865201655619263,-0.07499999999999996,0.3966103080620646,0.2196703303077988,0.0,True,True,True
lfr_n1000_o20_m50_s11,graph_only_native_K,cpu,1,73,ego_karateclub_loopless_fix,highway_python,COMPLETED,COMPLETED,lfr_n1000_o20_m50_s11__ego_karateclub_loopless_fix__s73,lfr_n1000_o20_m50_s11__highway_python__s73,both_completed_and_scored,0.5577367497608066,0.2676141248084605,0.4798215733914443,0.4286010459074236,0.26946442320058805,0.039999999999999994,0.07959693084693087,0.1062910435939089,0.0,True,True,True
lfr_n1000_o20_m50_s12,graph_only_native_K,cpu,1,73,ego_karateclub_loopless_fix,highway_python,COMPLETED,COMPLETED,lfr_n1000_o20_m50_s12__ego_karateclub_loopless_fix__s73,lfr_n1000_o20_m50_s12__highway_python__s73,both_completed_and_scored,0.6619792077690363,0.34128245897591114,0.5155486078272479,0.41234102911619547,0.25897887789551544,0.06999999999999999,0.30512002566590274,0.07385557130213603,0.0,True,True,True
lfr_n1000_o40_m20_s11,graph_only_native_K,cpu,1,73,ego_karateclub_loopless_fix,highway_python,COMPLETED,COMPLETED,lfr_n1000_o40_m20_s11__ego_karateclub_loopless_fix__s73,lfr_n1000_o40_m20_s11__highway_python__s73,both_completed_and_scored,0.3385588340461254,0.31141437496989965,0.9198235096930669,0.5086832709806317,0.22412377824565127,-0.012500000000000011,0.18798932868686835,0.18097175211041677,0.0,True,True,True
lfr_n1000_o40_m20_s12,graph_only_native_K,cpu,1,73,ego_karateclub_loopless_fix,highway_python,COMPLETED,COMPLETED,lfr_n1000_o40_m20_s12__ego_karateclub_loopless_fix__s73,lfr_n1000_o40_m20_s12__highway_python__s73,both_completed_and_scored,0.39572337502613664,0.2706964579410851,0.6840547590174733,0.48281980961102017,0.21090622646744084,-0.007500000000000007,0.17925472525438624,0.13168935480017918,0.0,True,True,True
lfr_n1000_o40_m50_s11,graph_only_native_K,cpu,1,73,ego_karateclub_loopless_fix,highway_python,COMPLETED,COMPLETED,lfr_n1000_o40_m50_s11__ego_karateclub_loopless_fix__s73,lfr_n1000_o40_m50_s11__highway_python__s73,both_completed_and_scored,0.5417472501285374,0.27108091674745083,0.5003826354137154,0.3396088385682947,0.23066228794189847,0.039999999999999994,0.17173218882752744,0.00388176876509576,0.0,True,True,True
lfr_n1000_o40_m50_s12,graph_only_native_K,cpu,1,73,ego_karateclub_loopless_fix,highway_python,COMPLETED,COMPLETED,lfr_n1000_o40_m50_s12__ego_karateclub_loopless_fix__s73,lfr_n1000_o40_m50_s12__highway_python__s73,both_completed_and_scored,0.4763819999061525,0.3628091663122177,0.7615929367266003,0.3137398141528032,0.20535936810629668,-0.015,0.03988076845925742,-0.0030813552565777756,0.0,True,True,True
lfr_n5000_o00_m20_s11,graph_only_native_K,cpu,1,73,ego_karateclub_loopless_fix,highway_python,COMPLETED,COMPLETED,lfr_n5000_o00_m20_s11__ego_karateclub_loopless_fix__s73,lfr_n5000_o00_m20_s11__highway_python__s73,both_completed_and_scored,1.2644712077453732,0.6227234997786582,0.4924774055464742,0.39413600684816347,0.23874599202059826,,-0.9645130907549373,0.24249749518229963,-0.6008,True,True,True
lfr_n5000_o00_m20_s12,graph_only_native_K,cpu,1,73,ego_karateclub_loopless_fix,highway_python,COMPLETED,COMPLETED,lfr_n5000_o00_m20_s12__ego_karateclub_loopless_fix__s73,lfr_n5000_o00_m20_s12__highway_python__s73,both_completed_and_scored,1.2192562916316092,0.6271165423095226,0.5143434949761998,0.41568137224144375,0.2462500607878339,,-0.9943743260940141,0.25463512749914435,-0.5904,True,True,True
lfr_n5000_o00_m50_s11,graph_only_native_K,cpu,1,73,ego_karateclub_loopless_fix,highway_python,COMPLETED,COMPLETED,lfr_n5000_o00_m50_s11__ego_karateclub_loopless_fix__s73,lfr_n5000_o00_m50_s11__highway_python__s73,both_completed_and_scored,3.3527110419236124,0.80131566664204,0.23900528754851671,0.12942784236325897,0.09667700471364565,,-0.7711595297161885,-0.03277413957414857,-0.04620000000000002,True,True,True
lfr_n5000_o00_m50_s12,graph_only_native_K,cpu,1,73,ego_karateclub_loopless_fix,highway_python,COMPLETED,COMPLETED,lfr_n5000_o00_m50_s12__ego_karateclub_loopless_fix__s73,lfr_n5000_o00_m50_s12__highway_python__s73,both_completed_and_scored,2.8559166248887777,0.8421906670555472,0.29489329615438126,0.14718434581925727,0.10480324944501679,,-0.7807062594100239,-0.01741680464521224,-0.052000000000000046,True,True,True
lfr_n5000_o20_m20_s11,graph_only_native_K,cpu,1,73,ego_karateclub_loopless_fix,highway_python,COMPLETED,COMPLETED,lfr_n5000_o20_m20_s11__ego_karateclub_loopless_fix__s73,lfr_n5000_o20_m20_s11__highway_python__s73,both_completed_and_scored,1.3337403750047088,0.8093864172697067,0.6068545516340459,0.10141736311339702,-0.05045739444640174,-0.334,-0.4432656147704337,-0.07422134051378099,-0.01419999999999999,True,True,True
lfr_n5000_o20_m20_s12,graph_only_native_K,cpu,1,73,ego_karateclub_loopless_fix,highway_python,COMPLETED,COMPLETED,lfr_n5000_o20_m20_s12__ego_karateclub_loopless_fix__s73,lfr_n5000_o20_m20_s12__highway_python__s73,both_completed_and_scored,1.5138607500120997,0.8076168340630829,0.5334815861079878,0.09487404517159428,-0.06792400335441437,-0.38,-0.5909746597779245,-0.08560207264263112,-0.017199999999999993,True,True,True
lfr_n5000_o20_m50_s11,graph_only_native_K,cpu,1,73,ego_karateclub_loopless_fix,highway_python,COMPLETED,COMPLETED,lfr_n5000_o20_m50_s11__ego_karateclub_loopless_fix__s73,lfr_n5000_o20_m50_s11__highway_python__s73,both_completed_and_scored,3.0573449581861496,0.8501358754001558,0.278063446234252,0.07876940276609158,0.07015481643549012,-0.152,-0.5024489709783325,-0.020602624575074044,0.0,True,True,True
lfr_n5000_o20_m50_s12,graph_only_native_K,cpu,1,73,ego_karateclub_loopless_fix,highway_python,COMPLETED,COMPLETED,lfr_n5000_o20_m50_s12__ego_karateclub_loopless_fix__s73,lfr_n5000_o20_m50_s12__highway_python__s73,both_completed_and_scored,3.8746527498587966,0.8773333341814578,0.22642889332816477,0.08484002899693385,0.06162650823477331,-0.202,-0.5118974402975176,-0.024582647657026904,0.0,True,True,True
lfr_n5000_o40_m20_s11,graph_only_native_K,cpu,1,73,ego_karateclub_loopless_fix,highway_python,COMPLETED,COMPLETED,lfr_n5000_o40_m20_s11__ego_karateclub_loopless_fix__s73,lfr_n5000_o40_m20_s11__highway_python__s73,both_completed_and_scored,1.41891337512061,0.8389465832151473,0.5912599020668442,0.06419891035697034,-0.05180507987699173,-0.2155,-0.4453831363503474,-0.06040298044939163,0.0,True,True,True
lfr_n5000_o40_m20_s12,graph_only_native_K,cpu,1,73,ego_karateclub_loopless_fix,highway_python,COMPLETED,COMPLETED,lfr_n5000_o40_m20_s12__ego_karateclub_loopless_fix__s73,lfr_n5000_o40_m20_s12__highway_python__s73,both_completed_and_scored,1.6081064161844552,0.8562445002608001,0.5324551233943874,0.06273307794294733,-0.03915755111547417,-0.19,-0.3070864923531034,-0.05747860242700677,0.0,True,True,True
lfr_n5000_o40_m50_s11,graph_only_native_K,cpu,1,73,ego_karateclub_loopless_fix,highway_python,COMPLETED,COMPLETED,lfr_n5000_o40_m50_s11__ego_karateclub_loopless_fix__s73,lfr_n5000_o40_m50_s11__highway_python__s73,both_completed_and_scored,3.7489952500909567,0.8778975829482079,0.23416876373127138,0.05707230479637891,0.05279322296488545,-0.08399999999999999,-0.34943219629942646,-0.011946385796209897,0.0,True,True,True
lfr_n5000_o40_m50_s12,graph_only_native_K,cpu,1,73,ego_karateclub_loopless_fix,highway_python,COMPLETED,COMPLETED,lfr_n5000_o40_m50_s12__ego_karateclub_loopless_fix__s73,lfr_n5000_o40_m50_s12__highway_python__s73,both_completed_and_scored,3.858851083088666,0.8653283747844398,0.22424508128254111,0.05851407713217022,0.05226068534803928,-0.0995,-0.42906815891937206,-0.013486618177427702,0.0,True,True,True
lfr_n1000_o00_m20_s11,graph_only_native_K,cpu,1,73,ego_karateclub_loopless_fix,slpa_cdlib,COMPLETED,COMPLETED,lfr_n1000_o00_m20_s11__ego_karateclub_loopless_fix__s73,lfr_n1000_o00_m20_s11__slpa_cdlib__s73,both_completed_and_scored,0.29188304115086794,0.5178896668367088,1.7743054368445579,0.9787204821409018,0.6452671645048889,,0.031515115679764505,0.8810658074980555,0.0,False,False,True
lfr_n1000_o00_m20_s12,graph_only_native_K,cpu,1,73,ego_karateclub_loopless_fix,slpa_cdlib,COMPLETED,COMPLETED,lfr_n1000_o00_m20_s12__ego_karateclub_loopless_fix__s73,lfr_n1000_o00_m20_s12__slpa_cdlib__s73,both_completed_and_scored,0.36111766705289483,0.5102179171517491,1.412885504372221,0.9531893475643284,0.635232355858038,,0.04739683454401167,0.878358588289626,0.0,False,False,True
lfr_n1000_o00_m50_s11,graph_only_native_K,cpu,1,73,ego_karateclub_loopless_fix,slpa_cdlib,COMPLETED,COMPLETED,lfr_n1000_o00_m50_s11__ego_karateclub_loopless_fix__s73,lfr_n1000_o00_m50_s11__slpa_cdlib__s73,both_completed_and_scored,0.5479585421271622,0.5547210830263793,1.0123413367605605,0.2945625154221496,0.4775090713597599,,0.42747006725050063,0.36601490960090927,0.0,False,False,True
lfr_n1000_o00_m50_s12,graph_only_native_K,cpu,1,73,ego_karateclub_loopless_fix,slpa_cdlib,COMPLETED,COMPLETED,lfr_n1000_o00_m50_s12__ego_karateclub_loopless_fix__s73,lfr_n1000_o00_m50_s12__slpa_cdlib__s73,both_completed_and_scored,0.5874131671153009,0.5185853750444949,0.8828289934173434,0.34113988031134457,0.5178129187092716,,0.25635691160451335,0.39905520536723565,0.0,True,True,True
lfr_n1000_o20_m20_s11,graph_only_native_K,cpu,1,73,ego_karateclub_loopless_fix,slpa_cdlib,COMPLETED,COMPLETED,lfr_n1000_o20_m20_s11__ego_karateclub_loopless_fix__s73,lfr_n1000_o20_m20_s11__slpa_cdlib__s73,both_completed_and_scored,0.3166332500986755,0.5227502910420299,1.650964612462905,0.9235727305614185,0.6771096444071767,0.455,0.5832744677655732,0.8399729449705281,0.0,False,False,True
lfr_n1000_o20_m20_s12,graph_only_native_K,cpu,1,73,ego_karateclub_loopless_fix,slpa_cdlib,COMPLETED,COMPLETED,lfr_n1000_o20_m20_s12__ego_karateclub_loopless_fix__s73,lfr_n1000_o20_m20_s12__slpa_cdlib__s73,both_completed_and_scored,0.3758895839564502,0.5101071656681597,1.3570665095291912,0.9208626219667788,0.6693607969308493,0.365,0.8769862733405825,0.8289372356448881,0.0,False,False,True
lfr_n1000_o20_m50_s11,graph_only_native_K,cpu,1,73,ego_karateclub_loopless_fix,slpa_cdlib,COMPLETED,COMPLETED,lfr_n1000_o20_m50_s11__ego_karateclub_loopless_fix__s73,lfr_n1000_o20_m50_s11__slpa_cdlib__s73,both_completed_and_scored,0.5577367497608066,0.5755386669188738,1.0319181355105287,0.2751797532050946,0.3684039774194353,0.030000000000000013,0.4802311598823226,0.27184674323394104,0.0,False,False,True
lfr_n1000_o20_m50_s12,graph_only_native_K,cpu,1,73,ego_karateclub_loopless_fix,slpa_cdlib,COMPLETED,COMPLETED,lfr_n1000_o20_m50_s12__ego_karateclub_loopless_fix__s73,lfr_n1000_o20_m50_s12__slpa_cdlib__s73,both_completed_and_scored,0.6619792077690363,0.5419839159585536,0.8187325366080849,0.2509783060552543,0.0650011180218403,-0.095,0.1819552106103609,0.07553151955213924,0.0,True,True,True
lfr_n1000_o40_m20_s11,graph_only_native_K,cpu,1,73,ego_karateclub_loopless_fix,slpa_cdlib,COMPLETED,COMPLETED,lfr_n1000_o40_m20_s11__ego_karateclub_loopless_fix__s73,lfr_n1000_o40_m20_s11__slpa_cdlib__s73,both_completed_and_scored,0.3385588340461254,0.5728650828823447,1.6920695172417133,0.7198228245959012,0.5926983547005154,0.18999999999999995,0.7025773320440174,0.6988556255207838,0.0,False,False,True
lfr_n1000_o40_m20_s12,graph_only_native_K,cpu,1,73,ego_karateclub_loopless_fix,slpa_cdlib,COMPLETED,COMPLETED,lfr_n1000_o40_m20_s12__ego_karateclub_loopless_fix__s73,lfr_n1000_o40_m20_s12__slpa_cdlib__s73,both_completed_and_scored,0.39572337502613664,0.5237596668303013,1.3235499843690257,0.645965330616259,0.5488339345611037,0.13499999999999995,0.6234041449297345,0.6083205839250082,0.0,False,False,True
lfr_n1000_o40_m50_s11,graph_only_native_K,cpu,1,73,ego_karateclub_loopless_fix,slpa_cdlib,COMPLETED,COMPLETED,lfr_n1000_o40_m50_s11__ego_karateclub_loopless_fix__s73,lfr_n1000_o40_m50_s11__slpa_cdlib__s73,both_completed_and_scored,0.5417472501285374,0.5235130419023335,0.9663418536561513,0.009656279992607975,-0.014929697486152527,-0.085,-0.19571833113763448,-0.011276781276671389,0.0,True,True,True
lfr_n1000_o40_m50_s12,graph_only_native_K,cpu,1,73,ego_karateclub_loopless_fix,slpa_cdlib,COMPLETED,COMPLETED,lfr_n1000_o40_m50_s12__ego_karateclub_loopless_fix__s73,lfr_n1000_o40_m50_s12__slpa_cdlib__s73,both_completed_and_scored,0.4763819999061525,0.5479386253282428,1.1502084995574706,0.2967311562150481,0.1290655225375772,-0.04750000000000001,0.24556888562257956,0.0977916552095137,0.0,False,False,True
lfr_n5000_o00_m20_s11,graph_only_native_K,cpu,1,73,ego_karateclub_loopless_fix,slpa_cdlib,COMPLETED,COMPLETED,lfr_n5000_o00_m20_s11__ego_karateclub_loopless_fix__s73,lfr_n5000_o00_m20_s11__slpa_cdlib__s73,both_completed_and_scored,1.2644712077453732,2.072107917163521,1.638714985735588,0.9609255204266679,0.6670354225321129,,0.0354869092450627,0.864053579677879,0.0,False,False,True
lfr_n5000_o00_m20_s12,graph_only_native_K,cpu,1,73,ego_karateclub_loopless_fix,slpa_cdlib,COMPLETED,COMPLETED,lfr_n5000_o00_m20_s12__ego_karateclub_loopless_fix__s73,lfr_n5000_o00_m20_s12__slpa_cdlib__s73,both_completed_and_scored,1.2192562916316092,2.117384749930352,1.7366199087616492,0.9513797042604841,0.6632955197109212,,0.005625673905985895,0.8611580199454283,0.0,False,False,True
lfr_n5000_o00_m50_s11,graph_only_native_K,cpu,1,73,ego_karateclub_loopless_fix,slpa_cdlib,COMPLETED,COMPLETED,lfr_n5000_o00_m50_s11__ego_karateclub_loopless_fix__s73,lfr_n5000_o00_m50_s11__slpa_cdlib__s73,both_completed_and_scored,3.3527110419236124,2.2881769998930395,0.6824855978582043,0.4229195018323535,0.669251729068522,,0.15942359206653878,0.6042449752181649,0.0,True,True,True
lfr_n5000_o00_m50_s12,graph_only_native_K,cpu,1,73,ego_karateclub_loopless_fix,slpa_cdlib,COMPLETED,COMPLETED,lfr_n5000_o00_m50_s12__ego_karateclub_loopless_fix__s73,lfr_n5000_o00_m50_s12__slpa_cdlib__s73,both_completed_and_scored,2.8559166248887777,2.2487759171053767,0.7874095124163347,0.41989584662880447,0.6994995591175088,,0.1560779401396275,0.6158555418739888,0.0,True,True,True
lfr_n5000_o20_m20_s11,graph_only_native_K,cpu,1,73,ego_karateclub_loopless_fix,slpa_cdlib,COMPLETED,COMPLETED,lfr_n5000_o20_m20_s11__ego_karateclub_loopless_fix__s73,lfr_n5000_o20_m20_s11__slpa_cdlib__s73,both_completed_and_scored,1.3337403750047088,2.162780167069286,1.6215900842483308,0.9252438697567366,0.7292645861046207,0.29000000000000004,0.47952887591529414,0.8442270656878085,0.0,False,False,True
lfr_n5000_o20_m20_s12,graph_only_native_K,cpu,1,73,ego_karateclub_loopless_fix,slpa_cdlib,COMPLETED,COMPLETED,lfr_n5000_o20_m20_s12__ego_karateclub_loopless_fix__s73,lfr_n5000_o20_m20_s12__slpa_cdlib__s73,both_completed_and_scored,1.5138607500120997,2.2033757916651666,1.4554679429052875,0.8965902493118925,0.7029858571505105,0.22900000000000004,0.3708397653643566,0.8191200202037071,0.0,False,False,True
lfr_n5000_o20_m50_s11,graph_only_native_K,cpu,1,73,ego_karateclub_loopless_fix,slpa_cdlib,COMPLETED,COMPLETED,lfr_n5000_o20_m50_s11__ego_karateclub_loopless_fix__s73,lfr_n5000_o20_m50_s11__slpa_cdlib__s73,both_completed_and_scored,3.0573449581861496,2.4021251248195767,0.7856899230123842,0.3583797217119973,0.6124431221630946,0.16699999999999998,0.3607267908670717,0.48748328025157944,0.0,True,True,True
lfr_n5000_o20_m50_s12,graph_only_native_K,cpu,1,73,ego_karateclub_loopless_fix,slpa_cdlib,COMPLETED,COMPLETED,lfr_n5000_o20_m50_s12__ego_karateclub_loopless_fix__s73,lfr_n5000_o20_m50_s12__slpa_cdlib__s73,both_completed_and_scored,3.8746527498587966,2.317960458341986,0.5982369538603063,0.35317561278317544,0.6426221543497379,0.163,0.35813163424382677,0.5200965890521412,0.0,True,True,True
lfr_n5000_o40_m20_s11,graph_only_native_K,cpu,1,73,ego_karateclub_loopless_fix,slpa_cdlib,COMPLETED,COMPLETED,lfr_n5000_o40_m20_s11__ego_karateclub_loopless_fix__s73,lfr_n5000_o40_m20_s11__slpa_cdlib__s73,both_completed_and_scored,1.41891337512061,2.212483874987811,1.5592804421903106,0.7974426383552955,0.7019833980156616,0.33599999999999997,0.5188859918487172,0.7751985455637762,0.0,False,False,True
lfr_n5000_o40_m20_s12,graph_only_native_K,cpu,1,73,ego_karateclub_loopless_fix,slpa_cdlib,COMPLETED,COMPLETED,lfr_n5000_o40_m20_s12__ego_karateclub_loopless_fix__s73,lfr_n5000_o40_m20_s12__slpa_cdlib__s73,both_completed_and_scored,1.6081064161844552,2.183912333101034,1.3580645603558938,0.7228444398570816,0.69054053938401,0.27649999999999997,0.5781753223635173,0.745050611286365,0.0,False,False,True
lfr_n5000_o40_m50_s11,graph_only_native_K,cpu,1,73,ego_karateclub_loopless_fix,slpa_cdlib,COMPLETED,COMPLETED,lfr_n5000_o40_m50_s11__ego_karateclub_loopless_fix__s73,lfr_n5000_o40_m50_s11__slpa_cdlib__s73,both_completed_and_scored,3.7489952500909567,2.4647884583100677,0.6574530757941792,0.2889211020550418,0.5066610424078757,0.09900000000000002,0.39267919327055656,0.3412695001495961,0.0,True,True,True
lfr_n5000_o40_m50_s12,graph_only_native_K,cpu,1,73,ego_karateclub_loopless_fix,slpa_cdlib,COMPLETED,COMPLETED,lfr_n5000_o40_m50_s12__ego_karateclub_loopless_fix__s73,lfr_n5000_o40_m50_s12__slpa_cdlib__s73,both_completed_and_scored,3.858851083088666,2.4597764587961137,0.6374375185339575,0.2882597870142459,0.5222243912653539,0.0965,0.32884467916930926,0.36237540486748454,0.0,True,True,True
lfr_n1000_o00_m20_s11,graph_only_native_K,cpu,1,73,ego_sknetwork_fixed,highway_native,COMPLETED,COMPLETED,lfr_n1000_o00_m20_s11__ego_sknetwork_fixed__s73,lfr_n1000_o00_m20_s11__highway_native__s73,both_completed_and_scored,2.736596167087555,0.12513695796951652,0.045727228399466247,0.49098079446798976,-0.03537715316678375,,-0.5638337215295378,0.41481629357434524,-0.07199999999999995,True,True,True
lfr_n1000_o00_m20_s12,graph_only_native_K,cpu,1,73,ego_sknetwork_fixed,highway_native,COMPLETED,COMPLETED,lfr_n1000_o00_m20_s12__ego_sknetwork_fixed__s73,lfr_n1000_o00_m20_s12__highway_native__s73,both_completed_and_scored,2.6470188749954104,0.13457491621375084,0.05084018005500024,0.6146648753482946,0.09262961946980203,,0.04739683454401167,0.4914064081336573,0.0,True,True,True
lfr_n1000_o00_m50_s11,graph_only_native_K,cpu,1,73,ego_sknetwork_fixed,highway_native,COMPLETED,COMPLETED,lfr_n1000_o00_m50_s11__ego_sknetwork_fixed__s73,lfr_n1000_o00_m50_s11__highway_native__s73,both_completed_and_scored,2.668714374769479,0.13342958316206932,0.04999770092428675,0.41451146991222765,0.05997257132844985,,-0.006037705894905487,0.20496501387833693,0.0,True,True,True
lfr_n1000_o00_m50_s12,graph_only_native_K,cpu,1,73,ego_sknetwork_fixed,highway_native,COMPLETED,COMPLETED,lfr_n1000_o00_m50_s12__ego_sknetwork_fixed__s73,lfr_n1000_o00_m50_s12__highway_native__s73,both_completed_and_scored,2.885944874957204,0.13068545842543244,0.045283421578650354,0.5073182802111986,0.17796961491207902,,-0.018265262475788857,0.2966047372866335,0.0,True,True,True
lfr_n1000_o20_m20_s11,graph_only_native_K,cpu,1,73,ego_sknetwork_fixed,highway_native,COMPLETED,COMPLETED,lfr_n1000_o20_m20_s11__ego_sknetwork_fixed__s73,lfr_n1000_o20_m20_s11__highway_native__s73,both_completed_and_scored,2.877074584364891,0.13102241698652506,0.04554015307720916,0.5366404956139488,0.1599173792517795,-0.295,-0.1250848191225653,0.40752682218065284,0.0,True,True,True
lfr_n1000_o20_m20_s12,graph_only_native_K,cpu,1,73,ego_sknetwork_fixed,highway_native,COMPLETED,COMPLETED,lfr_n1000_o20_m20_s12__ego_sknetwork_fixed__s73,lfr_n1000_o20_m20_s12__highway_native__s73,both_completed_and_scored,2.6545057906769216,0.13025891687721014,0.04907087313001981,0.6380870554265085,0.18804283666413696,-0.33,0.5992047981281774,0.4309914821777635,0.0,True,True,True
lfr_n1000_o20_m50_s11,graph_only_native_K,cpu,1,73,ego_sknetwork_fixed,highway_native,COMPLETED,COMPLETED,lfr_n1000_o20_m50_s11__ego_sknetwork_fixed__s73,lfr_n1000_o20_m50_s11__highway_native__s73,both_completed_and_scored,2.6675009578466415,0.1317982911132276,0.049408901138548296,0.4451299631118286,0.23418177874237975,-0.135,0.4955101463994679,0.11802796576039118,0.0,True,True,True
lfr_n1000_o20_m50_s12,graph_only_native_K,cpu,1,73,ego_sknetwork_fixed,highway_native,COMPLETED,COMPLETED,lfr_n1000_o20_m50_s12__ego_sknetwork_fixed__s73,lfr_n1000_o20_m50_s12__highway_native__s73,both_completed_and_scored,2.970596041996032,0.13632933283224702,0.045892922129069855,0.41213099578787743,0.19207960965068638,-0.07,0.35596217181896883,0.1336788992581621,0.0,True,True,True
lfr_n1000_o40_m20_s11,graph_only_native_K,cpu,1,73,ego_sknetwork_fixed,highway_native,COMPLETED,COMPLETED,lfr_n1000_o40_m20_s11__ego_sknetwork_fixed__s73,lfr_n1000_o40_m20_s11__highway_native__s73,both_completed_and_scored,2.902785209007561,0.12970216711983085,0.04468197189284114,0.5392430997771646,0.1486001829051245,-0.3375,0.16534807528603895,0.2520449000616586,0.0,True,True,True
lfr_n1000_o40_m20_s12,graph_only_native_K,cpu,1,73,ego_sknetwork_fixed,highway_native,COMPLETED,COMPLETED,lfr_n1000_o40_m20_s12__ego_sknetwork_fixed__s73,lfr_n1000_o40_m20_s12__highway_native__s73,both_completed_and_scored,2.6659887498244643,0.12694866675883532,0.0476178553893725,0.5227329457067152,0.138371069592845,-0.3125,0.38749573811932636,0.22755956478757927,0.0,True,True,True
lfr_n1000_o40_m50_s11,graph_only_native_K,cpu,1,73,ego_sknetwork_fixed,highway_native,COMPLETED,COMPLETED,lfr_n1000_o40_m50_s11__ego_sknetwork_fixed__s73,lfr_n1000_o40_m50_s11__highway_native__s73,both_completed_and_scored,2.908418625127524,0.13743704184889793,0.047254903630962616,0.39857684371896623,0.22417456134838615,-0.027500000000000004,0.3247389452878566,0.07455979078481567,0.0,True,True,True
lfr_n1000_o40_m50_s12,graph_only_native_K,cpu,1,73,ego_sknetwork_fixed,highway_native,COMPLETED,COMPLETED,lfr_n1000_o40_m50_s12__ego_sknetwork_fixed__s73,lfr_n1000_o40_m50_s12__highway_native__s73,both_completed_and_scored,2.679019832983613,0.2244934169575572,0.08379684771035825,0.3442730006684354,0.1733207517919839,-0.03,0.20852799579557377,0.027537201700088776,0.0,True,True,True
lfr_n5000_o00_m20_s11,graph_only_native_K,cpu,1,73,ego_sknetwork_fixed,highway_native,COMPLETED,COMPLETED,lfr_n5000_o00_m20_s11__ego_sknetwork_fixed__s73,lfr_n5000_o00_m20_s11__highway_native__s73,both_completed_and_scored,3.193327167071402,0.18152650026604533,0.05684556914114226,0.348878359270901,0.08139044161965747,,-0.9645130907549373,0.20270975116561366,-0.6008,True,True,True
lfr_n5000_o00_m20_s12,graph_only_native_K,cpu,1,73,ego_sknetwork_fixed,highway_native,COMPLETED,COMPLETED,lfr_n5000_o00_m20_s12__ego_sknetwork_fixed__s73,lfr_n5000_o00_m20_s12__highway_native__s73,both_completed_and_scored,2.9628595830872655,0.2838608338497579,0.09580637417652381,0.3743702345281929,0.027798674620740926,,-0.9943743260940141,0.2243070723716921,-0.5904,True,True,True
lfr_n5000_o00_m50_s11,graph_only_native_K,cpu,1,73,ego_sknetwork_fixed,highway_native,COMPLETED,COMPLETED,lfr_n5000_o00_m50_s11__ego_sknetwork_fixed__s73,lfr_n5000_o00_m50_s11__highway_native__s73,both_completed_and_scored,3.4910025829449296,0.21249837521463633,0.06087030019765198,0.22315104758230656,0.11519255292736749,,-0.7711595297161885,0.10698926025230551,-0.04859999999999998,True,True,True
lfr_n5000_o00_m50_s12,graph_only_native_K,cpu,1,73,ego_sknetwork_fixed,highway_native,COMPLETED,COMPLETED,lfr_n5000_o00_m50_s12__ego_sknetwork_fixed__s73,lfr_n5000_o00_m50_s12__highway_native__s73,both_completed_and_scored,3.2145127500407398,0.19262691726908088,0.059924141618862635,0.23220586982852265,0.1134500764631069,,-0.7807062594100239,0.09884048319250488,-0.052000000000000046,True,True,True
lfr_n5000_o20_m20_s11,graph_only_native_K,cpu,1,73,ego_sknetwork_fixed,highway_native,COMPLETED,COMPLETED,lfr_n5000_o20_m20_s11__ego_sknetwork_fixed__s73,lfr_n5000_o20_m20_s11__highway_native__s73,both_completed_and_scored,2.9576072497293353,0.19077729200944304,0.06450393033994016,0.1646116113497341,-0.07980773426761906,-0.361,-0.4102148560053892,-0.03275962158806715,-0.01419999999999999,True,True,True
lfr_n5000_o20_m20_s12,graph_only_native_K,cpu,1,73,ego_sknetwork_fixed,highway_native,COMPLETED,COMPLETED,lfr_n5000_o20_m20_s12__ego_sknetwork_fixed__s73,lfr_n5000_o20_m20_s12__highway_native__s73,both_completed_and_scored,2.981603083666414,0.24474924989044666,0.08208646255808258,0.17612288151478905,-0.04223508302898335,-0.418,-0.5513420352396396,-0.025512722552740216,-0.017199999999999993,True,True,True
lfr_n5000_o20_m50_s11,graph_only_native_K,cpu,1,73,ego_sknetwork_fixed,highway_native,COMPLETED,COMPLETED,lfr_n5000_o20_m50_s11__ego_sknetwork_fixed__s73,lfr_n5000_o20_m50_s11__highway_native__s73,both_completed_and_scored,2.992798457853496,0.19667170802131295,0.06571498575362486,0.14974150851400397,0.08266294520413721,-0.195,-0.48770242719953066,-0.0013552712677976468,0.0,True,True,True
lfr_n5000_o20_m50_s12,graph_only_native_K,cpu,1,73,ego_sknetwork_fixed,highway_native,COMPLETED,COMPLETED,lfr_n5000_o20_m50_s12__ego_sknetwork_fixed__s73,lfr_n5000_o20_m50_s12__highway_native__s73,both_completed_and_scored,2.9808567501604557,0.1919927503913641,0.06440857997655519,0.14805128977491774,0.06346751854409502,-0.235,-0.4964101238756217,0.0008753673419476804,0.0,True,True,True
lfr_n5000_o40_m20_s11,graph_only_native_K,cpu,1,73,ego_sknetwork_fixed,highway_native,COMPLETED,COMPLETED,lfr_n5000_o40_m20_s11__ego_sknetwork_fixed__s73,lfr_n5000_o40_m20_s11__highway_native__s73,both_completed_and_scored,2.944576666690409,0.21236512484028935,0.07212076603153267,0.12677744782806216,-0.07453817976587779,-0.244,-0.40665711672315524,-0.052230794855098864,0.0,True,True,True
lfr_n5000_o40_m20_s12,graph_only_native_K,cpu,1,73,ego_sknetwork_fixed,highway_native,COMPLETED,COMPLETED,lfr_n5000_o40_m20_s12__ego_sknetwork_fixed__s73,lfr_n5000_o40_m20_s12__highway_native__s73,both_completed_and_scored,2.96236062515527,0.1966300830245018,0.06637614656189794,0.12169978639255352,-0.028201187312770243,-0.22,-0.28585736061875916,-0.0474778036843108,0.0,True,True,True
lfr_n5000_o40_m50_s11,graph_only_native_K,cpu,1,73,ego_sknetwork_fixed,highway_native,COMPLETED,COMPLETED,lfr_n5000_o40_m50_s11__ego_sknetwork_fixed__s73,lfr_n5000_o40_m50_s11__highway_native__s73,both_completed_and_scored,3.4658902920782566,0.1928101247176528,0.0556307639507071,0.10204646990752775,0.05062521932535767,-0.1075,-0.3325122718404137,-0.008467452589702362,0.0,True,True,True
lfr_n5000_o40_m50_s12,graph_only_native_K,cpu,1,73,ego_sknetwork_fixed,highway_native,COMPLETED,COMPLETED,lfr_n5000_o40_m50_s12__ego_sknetwork_fixed__s73,lfr_n5000_o40_m50_s12__highway_native__s73,both_completed_and_scored,3.209445666987449,0.1987974587827921,0.061941369136619046,0.11313731120293608,0.06314765714695125,-0.121,-0.4106161442530284,-0.013258840207642163,0.0,True,True,True
lfr_n1000_o00_m20_s11,graph_only_native_K,cpu,1,73,ego_sknetwork_fixed,highway_python,COMPLETED,COMPLETED,lfr_n1000_o00_m20_s11__ego_sknetwork_fixed__s73,lfr_n1000_o00_m20_s11__highway_python__s73,both_completed_and_scored,2.736596167087555,0.27699983306229115,0.10122057335083184,0.7350374136092045,0.3961815083280022,,-0.5638337215295378,0.6483933793717902,-0.07199999999999995,True,True,True
lfr_n1000_o00_m20_s12,graph_only_native_K,cpu,1,73,ego_sknetwork_fixed,highway_python,COMPLETED,COMPLETED,lfr_n1000_o00_m20_s12__ego_sknetwork_fixed__s73,lfr_n1000_o00_m20_s12__highway_python__s73,both_completed_and_scored,2.6470188749954104,0.254589875228703,0.09617984882300638,0.9394000480607431,0.5942313568570389,,0.04739683454401167,0.8281395916110745,0.0,True,True,True
lfr_n1000_o00_m50_s11,graph_only_native_K,cpu,1,73,ego_sknetwork_fixed,highway_python,COMPLETED,COMPLETED,lfr_n1000_o00_m50_s11__ego_sknetwork_fixed__s73,lfr_n1000_o00_m50_s11__highway_python__s73,both_completed_and_scored,2.668714374769479,0.2639225828461349,0.09889502801098086,0.47687651861746666,0.24044358814724218,,-0.04942269032939195,0.2104226119429764,0.0,True,True,True
lfr_n1000_o00_m50_s12,graph_only_native_K,cpu,1,73,ego_sknetwork_fixed,highway_python,COMPLETED,COMPLETED,lfr_n1000_o00_m50_s12__ego_sknetwork_fixed__s73,lfr_n1000_o00_m50_s12__highway_python__s73,both_completed_and_scored,2.885944874957204,0.2609614171087742,0.09042494864446918,0.4899627405659749,0.24223556370320243,,-0.2786734724231015,0.18447552124340222,0.0,True,True,True
lfr_n1000_o20_m20_s11,graph_only_native_K,cpu,1,73,ego_sknetwork_fixed,highway_python,COMPLETED,COMPLETED,lfr_n1000_o20_m20_s11__ego_sknetwork_fixed__s73,lfr_n1000_o20_m20_s11__highway_python__s73,both_completed_and_scored,2.877074584364891,0.2594987917691469,0.09019536482625834,0.4999281518864003,0.18489222463917715,-0.10499999999999998,-0.11312993940745758,0.20826342780235887,0.0,True,True,True
lfr_n1000_o20_m20_s12,graph_only_native_K,cpu,1,73,ego_sknetwork_fixed,highway_python,COMPLETED,COMPLETED,lfr_n1000_o20_m20_s12__ego_sknetwork_fixed__s73,lfr_n1000_o20_m20_s12__highway_python__s73,both_completed_and_scored,2.6545057906769216,0.26431670831516385,0.09957285052588295,0.5309831066376889,0.19855139235623748,-0.07,0.3966103080620646,0.2194019211760526,0.0,True,True,True
lfr_n1000_o20_m50_s11,graph_only_native_K,cpu,1,73,ego_sknetwork_fixed,highway_python,COMPLETED,COMPLETED,lfr_n1000_o20_m50_s11__ego_sknetwork_fixed__s73,lfr_n1000_o20_m50_s11__highway_python__s73,both_completed_and_scored,2.6675009578466415,0.2676141248084605,0.10032390954584466,0.42844092482142604,0.2609167663744505,-0.03,0.20637907548889559,0.10445387329044442,0.0,True,True,True
lfr_n1000_o20_m50_s12,graph_only_native_K,cpu,1,73,ego_sknetwork_fixed,highway_python,COMPLETED,COMPLETED,lfr_n1000_o20_m50_s12__ego_sknetwork_fixed__s73,lfr_n1000_o20_m50_s12__highway_python__s73,both_completed_and_scored,2.970596041996032,0.34128245897591114,0.11488686248521131,0.4119293489243952,0.25487046653228745,0.044999999999999984,0.21720335899923612,0.07144216515740724,0.0,True,True,True
lfr_n1000_o40_m20_s11,graph_only_native_K,cpu,1,73,ego_sknetwork_fixed,highway_python,COMPLETED,COMPLETED,lfr_n1000_o40_m20_s11__ego_sknetwork_fixed__s73,lfr_n1000_o40_m20_s11__highway_python__s73,both_completed_and_scored,2.902785209007561,0.31141437496989965,0.10728123252232283,0.5063460632477029,0.1967026387651689,-0.08250000000000002,0.10776017046353964,0.17168805764940112,0.0,True,True,True
lfr_n1000_o40_m20_s12,graph_only_native_K,cpu,1,73,ego_sknetwork_fixed,highway_python,COMPLETED,COMPLETED,lfr_n1000_o40_m20_s12__ego_sknetwork_fixed__s73,lfr_n1000_o40_m20_s12__highway_python__s73,both_completed_and_scored,2.6659887498244643,0.2706964579410851,0.10153698433982832,0.481931326297123,0.19300481173507256,-0.057499999999999996,0.17925472525438624,0.12688049601882503,0.0,True,True,True
lfr_n1000_o40_m50_s11,graph_only_native_K,cpu,1,73,ego_sknetwork_fixed,highway_python,COMPLETED,COMPLETED,lfr_n1000_o40_m50_s11__ego_sknetwork_fixed__s73,lfr_n1000_o40_m50_s11__highway_python__s73,both_completed_and_scored,2.908418625127524,0.27108091674745083,0.09320560472465166,0.339613100781149,0.23233480360211972,0.057499999999999996,0.11079329055990284,0.006509525688251293,0.0,True,True,True
lfr_n1000_o40_m50_s12,graph_only_native_K,cpu,1,73,ego_sknetwork_fixed,highway_python,COMPLETED,COMPLETED,lfr_n1000_o40_m50_s12__ego_sknetwork_fixed__s73,lfr_n1000_o40_m50_s12__highway_python__s73,both_completed_and_scored,2.679019832983613,0.3628091663122177,0.13542608451246838,0.3140790722782207,0.2054065111582493,-0.024999999999999994,0.09590418331529918,-0.0005334391450280106,0.0,True,True,True
lfr_n5000_o00_m20_s11,graph_only_native_K,cpu,1,73,ego_sknetwork_fixed,highway_python,COMPLETED,COMPLETED,lfr_n5000_o00_m20_s11__ego_sknetwork_fixed__s73,lfr_n5000_o00_m20_s11__highway_python__s73,both_completed_and_scored,3.193327167071402,0.6227234997786582,0.19500773556809006,0.39413600684816347,0.23874599202059826,,-0.9645130907549373,0.24249749518229893,-0.6008,True,True,True
lfr_n5000_o00_m20_s12,graph_only_native_K,cpu,1,73,ego_sknetwork_fixed,highway_python,COMPLETED,COMPLETED,lfr_n5000_o00_m20_s12__ego_sknetwork_fixed__s73,lfr_n5000_o00_m20_s12__highway_python__s73,both_completed_and_scored,2.9628595830872655,0.6271165423095226,0.2116592179694437,0.41568137224144375,0.2462500607878339,,-0.9943743260940141,0.2546351274991433,-0.5904,True,True,True
lfr_n5000_o00_m50_s11,graph_only_native_K,cpu,1,73,ego_sknetwork_fixed,highway_python,COMPLETED,COMPLETED,lfr_n5000_o00_m50_s11__ego_sknetwork_fixed__s73,lfr_n5000_o00_m50_s11__highway_python__s73,both_completed_and_scored,3.4910025829449296,0.80131566664204,0.22953740296750755,0.12943398613286758,0.09737898301613448,,-0.7711595297161885,-0.03289117847408944,-0.04620000000000002,True,True,True
lfr_n5000_o00_m50_s12,graph_only_native_K,cpu,1,73,ego_sknetwork_fixed,highway_python,COMPLETED,COMPLETED,lfr_n5000_o00_m50_s12__ego_sknetwork_fixed__s73,lfr_n5000_o00_m50_s12__highway_python__s73,both_completed_and_scored,3.2145127500407398,0.8421906670555472,0.261996368514909,0.1471159414483228,0.10358150718610196,,-0.7807062594100239,-0.018113324831092258,-0.052000000000000046,True,True,True
lfr_n5000_o20_m20_s11,graph_only_native_K,cpu,1,73,ego_sknetwork_fixed,highway_python,COMPLETED,COMPLETED,lfr_n5000_o20_m20_s11__ego_sknetwork_fixed__s73,lfr_n5000_o20_m20_s11__highway_python__s73,both_completed_and_scored,2.9576072497293353,0.8093864172697067,0.2736625754970602,0.10122741056308089,-0.054201077919644236,-0.341,-0.4432656147704337,-0.0764755058708589,-0.01419999999999999,True,True,True
lfr_n5000_o20_m20_s12,graph_only_native_K,cpu,1,73,ego_sknetwork_fixed,highway_python,COMPLETED,COMPLETED,lfr_n5000_o20_m20_s12__ego_sknetwork_fixed__s73,lfr_n5000_o20_m20_s12__highway_python__s73,both_completed_and_scored,2.981603083666414,0.8076168340630829,0.27086664837694413,0.09513309990365701,-0.06383061064493767,-0.388,-0.5909746597779245,-0.08597897811431297,-0.017199999999999993,True,True,True
lfr_n5000_o20_m50_s11,graph_only_native_K,cpu,1,73,ego_sknetwork_fixed,highway_python,COMPLETED,COMPLETED,lfr_n5000_o20_m50_s11__ego_sknetwork_fixed__s73,lfr_n5000_o20_m50_s11__highway_python__s73,both_completed_and_scored,2.992798457853496,0.8501358754001558,0.28406051639370755,0.07878580489420998,0.07085204933309096,-0.167,-0.5024489709783325,-0.020818495101709474,0.0,True,True,True
lfr_n5000_o20_m50_s12,graph_only_native_K,cpu,1,73,ego_sknetwork_fixed,highway_python,COMPLETED,COMPLETED,lfr_n5000_o20_m50_s12__ego_sknetwork_fixed__s73,lfr_n5000_o20_m50_s12__highway_python__s73,both_completed_and_scored,2.9808567501604557,0.8773333341814578,0.29432254137480174,0.08492344365085584,0.06262611474599827,-0.211,-0.5118974402975176,-0.023866768511532337,0.0,True,True,True
lfr_n5000_o40_m20_s11,graph_only_native_K,cpu,1,73,ego_sknetwork_fixed,highway_python,COMPLETED,COMPLETED,lfr_n5000_o40_m20_s11__ego_sknetwork_fixed__s73,lfr_n5000_o40_m20_s11__highway_python__s73,both_completed_and_scored,2.944576666690409,0.8389465832151473,0.2849124604923569,0.06405588122208627,-0.054492166291467414,-0.2295,-0.4453831363503474,-0.06141991240415698,0.0,True,True,True
lfr_n5000_o40_m20_s12,graph_only_native_K,cpu,1,73,ego_sknetwork_fixed,highway_python,COMPLETED,COMPLETED,lfr_n5000_o40_m20_s12__ego_sknetwork_fixed__s73,lfr_n5000_o40_m20_s12__highway_python__s73,both_completed_and_scored,2.96236062515527,0.8562445002608001,0.2890412777532515,0.06290649622710387,-0.04124575004389841,-0.199,-0.28585736061875916,-0.057652811448617954,0.0,True,True,True
lfr_n5000_o40_m50_s11,graph_only_native_K,cpu,1,73,ego_sknetwork_fixed,highway_python,COMPLETED,COMPLETED,lfr_n5000_o40_m50_s11__ego_sknetwork_fixed__s73,lfr_n5000_o40_m50_s11__highway_python__s73,both_completed_and_scored,3.4658902920782566,0.8778975829482079,0.253296414186784,0.05705699382754336,0.052279587837523914,-0.0925,-0.34943219629942646,-0.012157739721924694,0.0,True,True,True
lfr_n5000_o40_m50_s12,graph_only_native_K,cpu,1,73,ego_sknetwork_fixed,highway_python,COMPLETED,COMPLETED,lfr_n5000_o40_m50_s12__ego_sknetwork_fixed__s73,lfr_n5000_o40_m50_s12__highway_python__s73,both_completed_and_scored,3.209445666987449,0.8653283747844398,0.2696192628170215,0.058492047651682616,0.052547847106904966,-0.10400000000000001,-0.42906815891937206,-0.013258840207642227,0.0,True,True,True
lfr_n1000_o00_m20_s11,graph_only_native_K,cpu,1,73,ego_sknetwork_fixed,slpa_cdlib,COMPLETED,COMPLETED,lfr_n1000_o00_m20_s11__ego_sknetwork_fixed__s73,lfr_n1000_o00_m20_s11__slpa_cdlib__s73,both_completed_and_scored,2.736596167087555,0.5178896668367088,0.18924592275077148,0.9787204821409018,0.6452671645048889,,0.031515115679764505,0.8810658074980546,0.0,True,True,True
lfr_n1000_o00_m20_s12,graph_only_native_K,cpu,1,73,ego_sknetwork_fixed,slpa_cdlib,COMPLETED,COMPLETED,lfr_n1000_o00_m20_s12__ego_sknetwork_fixed__s73,lfr_n1000_o00_m20_s12__slpa_cdlib__s73,both_completed_and_scored,2.6470188749954104,0.5102179171517491,0.19275189987175054,0.9531893475643284,0.635232355858038,,0.04739683454401167,0.8783585882896251,0.0,True,True,True
lfr_n1000_o00_m50_s11,graph_only_native_K,cpu,1,73,ego_sknetwork_fixed,slpa_cdlib,COMPLETED,COMPLETED,lfr_n1000_o00_m50_s11__ego_sknetwork_fixed__s73,lfr_n1000_o00_m50_s11__slpa_cdlib__s73,both_completed_and_scored,2.668714374769479,0.5547210830263793,0.20786079179953293,0.2942675007357182,0.47403331399560544,,0.3443524805164978,0.36391982209644863,0.0,True,True,True
lfr_n1000_o00_m50_s12,graph_only_native_K,cpu,1,73,ego_sknetwork_fixed,slpa_cdlib,COMPLETED,COMPLETED,lfr_n1000_o00_m50_s12__ego_sknetwork_fixed__s73,lfr_n1000_o00_m50_s12__slpa_cdlib__s73,both_completed_and_scored,2.885944874957204,0.5185853750444949,0.17969344443981627,0.34070141684136834,0.5142636343365979,,0.09191246716006896,0.3980060738956408,0.0,True,True,True
lfr_n1000_o20_m20_s11,graph_only_native_K,cpu,1,73,ego_sknetwork_fixed,slpa_cdlib,COMPLETED,COMPLETED,lfr_n1000_o20_m20_s11__ego_sknetwork_fixed__s73,lfr_n1000_o20_m20_s11__slpa_cdlib__s73,both_completed_and_scored,2.877074584364891,0.5227502910420299,0.1816950780083534,0.9235363959715678,0.6763842192103315,0.46,0.5832744677655732,0.8395892924113131,0.0,True,True,True
lfr_n1000_o20_m20_s12,graph_only_native_K,cpu,1,73,ego_sknetwork_fixed,slpa_cdlib,COMPLETED,COMPLETED,lfr_n1000_o20_m20_s12__ego_sknetwork_fixed__s73,lfr_n1000_o20_m20_s12__slpa_cdlib__s73,both_completed_and_scored,2.6545057906769216,0.5101071656681597,0.19216652962662328,0.9208351638222702,0.669260172730894,0.36999999999999994,0.8769862733405825,0.8286688265131419,0.0,True,True,True
lfr_n1000_o20_m50_s11,graph_only_native_K,cpu,1,73,ego_sknetwork_fixed,slpa_cdlib,COMPLETED,COMPLETED,lfr_n1000_o20_m50_s11__ego_sknetwork_fixed__s73,lfr_n1000_o20_m50_s11__slpa_cdlib__s73,both_completed_and_scored,2.6675009578466415,0.5755386669188738,0.2157594977523387,0.2750196321190971,0.35985632059329775,-0.03999999999999998,0.6070133045242874,0.27000957293047656,0.0,True,True,True
lfr_n1000_o20_m50_s12,graph_only_native_K,cpu,1,73,ego_sknetwork_fixed,slpa_cdlib,COMPLETED,COMPLETED,lfr_n1000_o20_m50_s12__ego_sknetwork_fixed__s73,lfr_n1000_o20_m50_s12__slpa_cdlib__s73,both_completed_and_scored,2.970596041996032,0.5419839159585536,0.1824495516375826,0.250566625863454,0.06089270665861235,-0.12000000000000001,0.09403854394369429,0.07311811340741045,0.0,True,True,True
lfr_n1000_o40_m20_s11,graph_only_native_K,cpu,1,73,ego_sknetwork_fixed,slpa_cdlib,COMPLETED,COMPLETED,lfr_n1000_o40_m20_s11__ego_sknetwork_fixed__s73,lfr_n1000_o40_m20_s11__slpa_cdlib__s73,both_completed_and_scored,2.902785209007561,0.5728650828823447,0.19735014533789866,0.7174856168629724,0.5652772152200329,0.11999999999999994,0.6223481738206886,0.6895719310597681,0.0,True,True,True
lfr_n1000_o40_m20_s12,graph_only_native_K,cpu,1,73,ego_sknetwork_fixed,slpa_cdlib,COMPLETED,COMPLETED,lfr_n1000_o40_m20_s12__ego_sknetwork_fixed__s73,lfr_n1000_o40_m20_s12__slpa_cdlib__s73,both_completed_and_scored,2.6659887498244643,0.5237596668303013,0.19645981884386685,0.6450768473023619,0.5309325198287353,0.08499999999999996,0.6234041449297345,0.603511725143654,0.0,True,True,True
lfr_n1000_o40_m50_s11,graph_only_native_K,cpu,1,73,ego_sknetwork_fixed,slpa_cdlib,COMPLETED,COMPLETED,lfr_n1000_o40_m50_s11__ego_sknetwork_fixed__s73,lfr_n1000_o40_m50_s11__slpa_cdlib__s73,both_completed_and_scored,2.908418625127524,0.5235130419023335,0.1799992055405639,0.00966054220546223,-0.013257181825931288,-0.0675,-0.2566572294052591,-0.008649024353515855,0.0,True,True,True
lfr_n1000_o40_m50_s12,graph_only_native_K,cpu,1,73,ego_sknetwork_fixed,slpa_cdlib,COMPLETED,COMPLETED,lfr_n1000_o40_m50_s12__ego_sknetwork_fixed__s73,lfr_n1000_o40_m50_s12__slpa_cdlib__s73,both_completed_and_scored,2.679019832983613,0.5479386253282428,0.20452951433286176,0.29707041434046555,0.12911266558952977,-0.0575,0.3015923004786213,0.10033957132106347,0.0,True,True,True
lfr_n5000_o00_m20_s11,graph_only_native_K,cpu,1,73,ego_sknetwork_fixed,slpa_cdlib,COMPLETED,COMPLETED,lfr_n5000_o00_m20_s11__ego_sknetwork_fixed__s73,lfr_n5000_o00_m20_s11__slpa_cdlib__s73,both_completed_and_scored,3.193327167071402,2.072107917163521,0.6488868220364185,0.9609255204266679,0.6670354225321129,,0.0354869092450627,0.8640535796778782,0.0,True,True,True
lfr_n5000_o00_m20_s12,graph_only_native_K,cpu,1,73,ego_sknetwork_fixed,slpa_cdlib,COMPLETED,COMPLETED,lfr_n5000_o00_m20_s12__ego_sknetwork_fixed__s73,lfr_n5000_o00_m20_s12__slpa_cdlib__s73,both_completed_and_scored,2.9628595830872655,2.117384749930352,0.7146422874769048,0.9513797042604841,0.6632955197109212,,0.005625673905985895,0.8611580199454272,0.0,True,True,True
lfr_n5000_o00_m50_s11,graph_only_native_K,cpu,1,73,ego_sknetwork_fixed,slpa_cdlib,COMPLETED,COMPLETED,lfr_n5000_o00_m50_s11__ego_sknetwork_fixed__s73,lfr_n5000_o00_m50_s11__slpa_cdlib__s73,both_completed_and_scored,3.4910025829449296,2.2881769998930395,0.6554498157840909,0.42292564560196205,0.6699537073710109,,0.15942359206653878,0.604127936318224,0.0,True,True,True
lfr_n5000_o00_m50_s12,graph_only_native_K,cpu,1,73,ego_sknetwork_fixed,slpa_cdlib,COMPLETED,COMPLETED,lfr_n5000_o00_m50_s12__ego_sknetwork_fixed__s73,lfr_n5000_o00_m50_s12__slpa_cdlib__s73,both_completed_and_scored,3.2145127500407398,2.2487759171053767,0.6995697612575581,0.41982744225787,0.698277816858594,,0.1560779401396275,0.6151590216881088,0.0,True,True,True
lfr_n5000_o20_m20_s11,graph_only_native_K,cpu,1,73,ego_sknetwork_fixed,slpa_cdlib,COMPLETED,COMPLETED,lfr_n5000_o20_m20_s11__ego_sknetwork_fixed__s73,lfr_n5000_o20_m20_s11__slpa_cdlib__s73,both_completed_and_scored,2.9576072497293353,2.162780167069286,0.7312600979278815,0.9250539172064205,0.7255209026313783,0.28300000000000003,0.47952887591529414,0.8419729003307306,0.0,True,True,True
lfr_n5000_o20_m20_s12,graph_only_native_K,cpu,1,73,ego_sknetwork_fixed,slpa_cdlib,COMPLETED,COMPLETED,lfr_n5000_o20_m20_s12__ego_sknetwork_fixed__s73,lfr_n5000_o20_m20_s12__slpa_cdlib__s73,both_completed_and_scored,2.981603083666414,2.2033757916651666,0.7389903115325874,0.8968493040439551,0.7070792498599872,0.22100000000000003,0.3708397653643566,0.8187431147320252,0.0,True,True,True
lfr_n5000_o20_m50_s11,graph_only_native_K,cpu,1,73,ego_sknetwork_fixed,slpa_cdlib,COMPLETED,COMPLETED,lfr_n5000_o20_m50_s11__ego_sknetwork_fixed__s73,lfr_n5000_o20_m50_s11__slpa_cdlib__s73,both_completed_and_scored,2.992798457853496,2.4021251248195767,0.8026351118018271,0.3583961238401157,0.6131403550606954,0.15199999999999997,0.3607267908670717,0.48726740972494403,0.0,True,True,True
lfr_n5000_o20_m50_s12,graph_only_native_K,cpu,1,73,ego_sknetwork_fixed,slpa_cdlib,COMPLETED,COMPLETED,lfr_n5000_o20_m50_s12__ego_sknetwork_fixed__s73,lfr_n5000_o20_m50_s12__slpa_cdlib__s73,both_completed_and_scored,2.9808567501604557,2.317960458341986,0.7776155154779621,0.3532590274370974,0.6436217608609629,0.15400000000000003,0.35813163424382677,0.5208124681976357,0.0,True,True,True
lfr_n5000_o40_m20_s11,graph_only_native_K,cpu,1,73,ego_sknetwork_fixed,slpa_cdlib,COMPLETED,COMPLETED,lfr_n5000_o40_m20_s11__ego_sknetwork_fixed__s73,lfr_n5000_o40_m20_s11__slpa_cdlib__s73,both_completed_and_scored,2.944576666690409,2.212483874987811,0.7513758768843868,0.7972996092204114,0.6992963116011859,0.32199999999999995,0.5188859918487172,0.7741816136090109,0.0,True,True,True
lfr_n5000_o40_m20_s12,graph_only_native_K,cpu,1,73,ego_sknetwork_fixed,slpa_cdlib,COMPLETED,COMPLETED,lfr_n5000_o40_m20_s12__ego_sknetwork_fixed__s73,lfr_n5000_o40_m20_s12__slpa_cdlib__s73,both_completed_and_scored,2.96236062515527,2.183912333101034,0.7372202812027877,0.7230178581412381,0.6884523404555858,0.26749999999999996,0.5994044540978616,0.7448764022647537,0.0,True,True,True
lfr_n5000_o40_m50_s11,graph_only_native_K,cpu,1,73,ego_sknetwork_fixed,slpa_cdlib,COMPLETED,COMPLETED,lfr_n5000_o40_m50_s11__ego_sknetwork_fixed__s73,lfr_n5000_o40_m50_s11__slpa_cdlib__s73,both_completed_and_scored,3.4658902920782566,2.4647884583100677,0.7111559370311468,0.28890579108620623,0.5061474072805142,0.09050000000000001,0.39267919327055656,0.3410581462238813,0.0,True,True,True
lfr_n5000_o40_m50_s12,graph_only_native_K,cpu,1,73,ego_sknetwork_fixed,slpa_cdlib,COMPLETED,COMPLETED,lfr_n5000_o40_m50_s12__ego_sknetwork_fixed__s73,lfr_n5000_o40_m50_s12__slpa_cdlib__s73,both_completed_and_scored,3.209445666987449,2.4597764587961137,0.7664178534310526,0.28823775753375835,0.5225115530242196,0.092,0.32884467916930926,0.36260318283727,0.0,True,True,True
lfr_n1000_o00_m20_s11,graph_only_native_K,cpu,1,73,highway_native,highway_python,COMPLETED,COMPLETED,lfr_n1000_o00_m20_s11__highway_native__s73,lfr_n1000_o00_m20_s11__highway_python__s73,both_completed_and_scored,0.12513695796951652,0.27699983306229115,2.213573332426449,0.24405661914121468,0.43155866149478594,,0.0,0.23357708579744496,0.0,False,False,True
lfr_n1000_o00_m20_s12,graph_only_native_K,cpu,1,73,highway_native,highway_python,COMPLETED,COMPLETED,lfr_n1000_o00_m20_s12__highway_native__s73,lfr_n1000_o00_m20_s12__highway_python__s73,both_completed_and_scored,0.13457491621375084,0.254589875228703,1.8918077929495236,0.32473517271244845,0.5016017373872368,,0.0,0.3367331834774172,0.0,False,False,True
lfr_n1000_o00_m50_s11,graph_only_native_K,cpu,1,73,highway_native,highway_python,COMPLETED,COMPLETED,lfr_n1000_o00_m50_s11__highway_native__s73,lfr_n1000_o00_m50_s11__highway_python__s73,both_completed_and_scored,0.13342958316206932,0.2639225828461349,1.9779915112645083,0.06236504870523901,0.18047101681879232,,-0.04338498443448646,0.005457598064639468,0.0,False,False,True
lfr_n1000_o00_m50_s12,graph_only_native_K,cpu,1,73,highway_native,highway_python,COMPLETED,COMPLETED,lfr_n1000_o00_m50_s12__highway_native__s73,lfr_n1000_o00_m50_s12__highway_python__s73,both_completed_and_scored,0.13068545842543244,0.2609614171087742,1.9968665240415837,-0.017355539645223683,0.0642659487911234,,-0.2604082099473126,-0.11212921604323128,0.0,False,False,True
lfr_n1000_o20_m20_s11,graph_only_native_K,cpu,1,73,highway_native,highway_python,COMPLETED,COMPLETED,lfr_n1000_o20_m20_s11__highway_native__s73,lfr_n1000_o20_m20_s11__highway_python__s73,both_completed_and_scored,0.13102241698652506,0.2594987917691469,1.9805678885914229,-0.0367123437275485,0.024974845387397637,0.19,0.011954879715107725,-0.199263394378294,0.0,False,False,True
lfr_n1000_o20_m20_s12,graph_only_native_K,cpu,1,73,highway_native,highway_python,COMPLETED,COMPLETED,lfr_n1000_o20_m20_s12__highway_native__s73,lfr_n1000_o20_m20_s12__highway_python__s73,both_completed_and_scored,0.13025891687721014,0.26431670831516385,2.0291640269381683,-0.10710394878881957,0.010508555692100519,0.26,-0.2025944900661128,-0.2115895610017109,0.0,False,False,True
lfr_n1000_o20_m50_s11,graph_only_native_K,cpu,1,73,highway_native,highway_python,COMPLETED,COMPLETED,lfr_n1000_o20_m50_s11__highway_native__s73,lfr_n1000_o20_m50_s11__highway_python__s73,both_completed_and_scored,0.1317982911132276,0.2676141248084605,2.030482508901074,-0.016689038290402525,0.026734987632070772,0.105,-0.2891310709105723,-0.013574092469946758,0.0,False,False,True
lfr_n1000_o20_m50_s12,graph_only_native_K,cpu,1,73,highway_native,highway_python,COMPLETED,COMPLETED,lfr_n1000_o20_m50_s12__highway_native__s73,lfr_n1000_o20_m50_s12__highway_python__s73,both_completed_and_scored,0.13632933283224702,0.34128245897591114,2.5033677777610674,-0.00020164686348222993,0.06279085688160108,0.11499999999999999,-0.13875881281973268,-0.06223673410075484,0.0,False,False,True
lfr_n1000_o40_m20_s11,graph_only_native_K,cpu,1,73,highway_native,highway_python,COMPLETED,COMPLETED,lfr_n1000_o40_m20_s11__highway_native__s73,lfr_n1000_o40_m20_s11__highway_python__s73,both_completed_and_scored,0.12970216711983085,0.31141437496989965,2.400995926939187,-0.03289703652946163,0.04810245586004441,0.255,-0.057587904822499314,-0.08035684241225749,0.0,False,False,True
lfr_n1000_o40_m20_s12,graph_only_native_K,cpu,1,73,highway_native,highway_python,COMPLETED,COMPLETED,lfr_n1000_o40_m20_s12__highway_native__s73,lfr_n1000_o40_m20_s12__highway_python__s73,both_completed_and_scored,0.12694866675883532,0.2706964579410851,2.132330057907011,-0.04080161940959226,0.05463374214222755,0.255,-0.20824101286494012,-0.10067906876875424,0.0,False,False,True
lfr_n1000_o40_m50_s11,graph_only_native_K,cpu,1,73,highway_native,highway_python,COMPLETED,COMPLETED,lfr_n1000_o40_m50_s11__highway_native__s73,lfr_n1000_o40_m50_s11__highway_python__s73,both_completed_and_scored,0.13743704184889793,0.27108091674745083,1.972400694170096,-0.058963742937817254,0.008160242253733574,0.08499999999999999,-0.21394565472795374,-0.06805026509656438,0.0,False,False,True
lfr_n1000_o40_m50_s12,graph_only_native_K,cpu,1,73,highway_native,highway_python,COMPLETED,COMPLETED,lfr_n1000_o40_m50_s12__highway_native__s73,lfr_n1000_o40_m50_s12__highway_python__s73,both_completed_and_scored,0.2244934169575572,0.3628091663122177,1.6161238544505319,-0.03019392839021473,0.0320857593662654,0.0050000000000000044,-0.11262381248027459,-0.028070640845116786,0.0,False,False,True
lfr_n5000_o00_m20_s11,graph_only_native_K,cpu,1,73,highway_native,highway_python,COMPLETED,COMPLETED,lfr_n5000_o00_m20_s11__highway_native__s73,lfr_n5000_o00_m20_s11__highway_python__s73,both_completed_and_scored,0.18152650026604533,0.6227234997786582,3.430482595466746,0.04525764757726247,0.1573555504009408,,0.0,0.03978774401668528,0.0,False,False,True
lfr_n5000_o00_m20_s12,graph_only_native_K,cpu,1,73,highway_native,highway_python,COMPLETED,COMPLETED,lfr_n5000_o00_m20_s12__highway_native__s73,lfr_n5000_o00_m20_s12__highway_python__s73,both_completed_and_scored,0.2838608338497579,0.6271165423095226,2.209239414273839,0.041311137713250845,0.21845138616709298,,0.0,0.030328055127451237,0.0,False,False,True
lfr_n5000_o00_m50_s11,graph_only_native_K,cpu,1,73,highway_native,highway_python,COMPLETED,COMPLETED,lfr_n5000_o00_m50_s11__highway_native__s73,lfr_n5000_o00_m50_s11__highway_python__s73,both_completed_and_scored,0.21249837521463633,0.80131566664204,3.7709260874708446,-0.09371706144943898,-0.017813569911233007,,0.0,-0.13988043872639497,0.0023999999999999577,False,False,True
lfr_n5000_o00_m50_s12,graph_only_native_K,cpu,1,73,highway_native,highway_python,COMPLETED,COMPLETED,lfr_n5000_o00_m50_s12__highway_native__s73,lfr_n5000_o00_m50_s12__highway_python__s73,both_completed_and_scored,0.19262691726908088,0.8421906670555472,4.372133858525544,-0.08508992838019985,-0.00986856927700494,,0.0,-0.11695380802359713,0.0,False,False,True
lfr_n5000_o20_m20_s11,graph_only_native_K,cpu,1,73,highway_native,highway_python,COMPLETED,COMPLETED,lfr_n5000_o20_m20_s11__highway_native__s73,lfr_n5000_o20_m20_s11__highway_python__s73,both_completed_and_scored,0.19077729200944304,0.8093864172697067,4.242572104596411,-0.0633842007866532,0.02560665634797482,0.02,-0.03305075876504449,-0.043715884282791745,0.0,False,False,True
lfr_n5000_o20_m20_s12,graph_only_native_K,cpu,1,73,highway_native,highway_python,COMPLETED,COMPLETED,lfr_n5000_o20_m20_s12__highway_native__s73,lfr_n5000_o20_m20_s12__highway_python__s73,both_completed_and_scored,0.24474924989044666,0.8076168340630829,3.2997724586473054,-0.08098978161113204,-0.02159552761595432,0.030000000000000002,-0.039632624538284915,-0.06046625556157276,0.0,False,False,True
lfr_n5000_o20_m50_s11,graph_only_native_K,cpu,1,73,highway_native,highway_python,COMPLETED,COMPLETED,lfr_n5000_o20_m50_s11__highway_native__s73,lfr_n5000_o20_m50_s11__highway_python__s73,both_completed_and_scored,0.19667170802131295,0.8501358754001558,4.322613984254553,-0.07095570361979398,-0.01181089587104625,0.028,-0.014746543778801843,-0.019463223833911827,0.0,False,False,True
lfr_n5000_o20_m50_s12,graph_only_native_K,cpu,1,73,highway_native,highway_python,COMPLETED,COMPLETED,lfr_n5000_o20_m50_s12__highway_native__s73,lfr_n5000_o20_m50_s12__highway_python__s73,both_completed_and_scored,0.1919927503913641,0.8773333341814578,4.569616990188815,-0.06312784612406189,-0.0008414037980967459,0.024,-0.01548731642189586,-0.024742135853480018,0.0,False,False,True
lfr_n5000_o40_m20_s11,graph_only_native_K,cpu,1,73,highway_native,highway_python,COMPLETED,COMPLETED,lfr_n5000_o40_m20_s11__highway_native__s73,lfr_n5000_o40_m20_s11__highway_python__s73,both_completed_and_scored,0.21236512484028935,0.8389465832151473,3.950491324063133,-0.06272156660597587,0.020046013474410374,0.014499999999999999,-0.038726019627192125,-0.009189117549058115,0.0,False,False,True
lfr_n5000_o40_m20_s12,graph_only_native_K,cpu,1,73,highway_native,highway_python,COMPLETED,COMPLETED,lfr_n5000_o40_m20_s12__highway_native__s73,lfr_n5000_o40_m20_s12__highway_python__s73,both_completed_and_scored,0.1966300830245018,0.8562445002608001,4.3545956299784745,-0.05879329016544965,-0.013044562731128168,0.020999999999999998,0.0,-0.010175007764307149,0.0,False,False,True
lfr_n5000_o40_m50_s11,graph_only_native_K,cpu,1,73,highway_native,highway_python,COMPLETED,COMPLETED,lfr_n5000_o40_m50_s11__highway_native__s73,lfr_n5000_o40_m50_s11__highway_python__s73,both_completed_and_scored,0.1928101247176528,0.8778975829482079,4.553171594249955,-0.04498947607998439,0.0016543685121662433,0.015,-0.016919924459012733,-0.0036902871322223325,0.0,False,False,True
lfr_n5000_o40_m50_s12,graph_only_native_K,cpu,1,73,highway_native,highway_python,COMPLETED,COMPLETED,lfr_n5000_o40_m50_s12__highway_native__s73,lfr_n5000_o40_m50_s12__highway_python__s73,both_completed_and_scored,0.1987974587827921,0.8653283747844398,4.352814065545503,-0.05464526355125346,-0.010599810040046287,0.016999999999999998,-0.018452014666343688,-6.497680481227107e-17,0.0,False,False,True
lfr_n1000_o00_m20_s11,graph_only_native_K,cpu,1,73,highway_native,slpa_cdlib,COMPLETED,COMPLETED,lfr_n1000_o00_m20_s11__highway_native__s73,lfr_n1000_o00_m20_s11__slpa_cdlib__s73,both_completed_and_scored,0.12513695796951652,0.5178896668367088,4.138582839474707,0.487739687672912,0.6806443176716727,,0.5953488372093023,0.4662495139237094,0.07199999999999995,False,False,True
lfr_n1000_o00_m20_s12,graph_only_native_K,cpu,1,73,highway_native,slpa_cdlib,COMPLETED,COMPLETED,lfr_n1000_o00_m20_s12__highway_native__s73,lfr_n1000_o00_m20_s12__slpa_cdlib__s73,both_completed_and_scored,0.13457491621375084,0.5102179171517491,3.7913300004686548,0.33852447221603377,0.542602736388236,,0.0,0.3869521801559678,0.0,False,False,True
lfr_n1000_o00_m50_s11,graph_only_native_K,cpu,1,73,highway_native,slpa_cdlib,COMPLETED,COMPLETED,lfr_n1000_o00_m50_s11__highway_native__s73,lfr_n1000_o00_m50_s11__slpa_cdlib__s73,both_completed_and_scored,0.13342958316206932,0.5547210830263793,4.157406999859928,-0.12024396917650942,0.41406074266715565,,0.3503901864114033,0.1589548082181117,0.0,False,False,True
lfr_n1000_o00_m50_s12,graph_only_native_K,cpu,1,73,highway_native,slpa_cdlib,COMPLETED,COMPLETED,lfr_n1000_o00_m50_s12__highway_native__s73,lfr_n1000_o00_m50_s12__slpa_cdlib__s73,both_completed_and_scored,0.13068545842543244,0.5185853750444949,3.9681949414470887,-0.16661686336983023,0.3362940194245189,,0.11017772963585781,0.1014013366090073,0.0,False,False,True
lfr_n1000_o20_m20_s11,graph_only_native_K,cpu,1,73,highway_native,slpa_cdlib,COMPLETED,COMPLETED,lfr_n1000_o20_m20_s11__highway_native__s73,lfr_n1000_o20_m20_s11__slpa_cdlib__s73,both_completed_and_scored,0.13102241698652506,0.5227502910420299,3.98977749811921,0.386895900357619,0.5164668399585521,0.755,0.7083592868881385,0.4320624702306602,0.0,False,False,True
lfr_n1000_o20_m20_s12,graph_only_native_K,cpu,1,73,highway_native,slpa_cdlib,COMPLETED,COMPLETED,lfr_n1000_o20_m20_s12__highway_native__s73,lfr_n1000_o20_m20_s12__slpa_cdlib__s73,both_completed_and_scored,0.13025891687721014,0.5101071656681597,3.9161016988112785,0.2827481083957617,0.4812173360667571,0.7,0.27778147521240515,0.3976773443353784,0.0,False,False,True
lfr_n1000_o20_m50_s11,graph_only_native_K,cpu,1,73,highway_native,slpa_cdlib,COMPLETED,COMPLETED,lfr_n1000_o20_m50_s11__highway_native__s73,lfr_n1000_o20_m50_s11__slpa_cdlib__s73,both_completed_and_scored,0.1317982911132276,0.5755386669188738,4.366814334674718,-0.17011033099273154,0.12567454185091803,0.09500000000000001,0.11150315812481948,0.15198160717008538,0.0,False,False,True
lfr_n1000_o20_m50_s12,graph_only_native_K,cpu,1,73,highway_native,slpa_cdlib,COMPLETED,COMPLETED,lfr_n1000_o20_m50_s12__highway_native__s73,lfr_n1000_o20_m50_s12__slpa_cdlib__s73,both_completed_and_scored,0.13632933283224702,0.5419839159585536,3.975548803025859,-0.1615643699244234,-0.13118690299207403,-0.049999999999999996,-0.2619236278752745,-0.06056078585075163,0.0,False,False,True
lfr_n1000_o40_m20_s11,graph_only_native_K,cpu,1,73,highway_native,slpa_cdlib,COMPLETED,COMPLETED,lfr_n1000_o40_m20_s11__highway_native__s73,lfr_n1000_o40_m20_s11__slpa_cdlib__s73,both_completed_and_scored,0.12970216711983085,0.5728650828823447,4.41677340944565,0.17824251708580785,0.41667703231490844,0.45749999999999996,0.45700009853464973,0.4375270309981095,0.0,False,False,True
lfr_n1000_o40_m20_s12,graph_only_native_K,cpu,1,73,highway_native,slpa_cdlib,COMPLETED,COMPLETED,lfr_n1000_o40_m20_s12__highway_native__s73,lfr_n1000_o40_m20_s12__slpa_cdlib__s73,both_completed_and_scored,0.12694866675883532,0.5237596668303013,4.125759491632069,0.12234390159564668,0.3925614502358904,0.39749999999999996,0.23590840681040814,0.37595216035607476,0.0,False,False,True
lfr_n1000_o40_m50_s11,graph_only_native_K,cpu,1,73,highway_native,slpa_cdlib,COMPLETED,COMPLETED,lfr_n1000_o40_m50_s11__highway_native__s73,lfr_n1000_o40_m50_s11__slpa_cdlib__s73,both_completed_and_scored,0.13743704184889793,0.5235130419023335,3.8091116838639336,-0.388916301513504,-0.23743174317431742,-0.04,-0.5813961746931157,-0.08320881513833153,0.0,False,False,True
lfr_n1000_o40_m50_s12,graph_only_native_K,cpu,1,73,highway_native,slpa_cdlib,COMPLETED,COMPLETED,lfr_n1000_o40_m50_s12__highway_native__s73,lfr_n1000_o40_m50_s12__slpa_cdlib__s73,both_completed_and_scored,0.2244934169575572,0.5479386253282428,2.440778142870159,-0.047202586327969864,-0.04420808620245412,-0.027500000000000004,0.09306430468304755,0.0728023696209747,0.0,False,False,True
lfr_n5000_o00_m20_s11,graph_only_native_K,cpu,1,73,highway_native,slpa_cdlib,COMPLETED,COMPLETED,lfr_n5000_o00_m20_s11__highway_native__s73,lfr_n5000_o00_m20_s11__slpa_cdlib__s73,both_completed_and_scored,0.18152650026604533,2.072107917163521,11.414905890471301,0.612047161155767,0.5856449809124553,,1.0,0.6613438285122646,0.6008,False,False,True
lfr_n5000_o00_m20_s12,graph_only_native_K,cpu,1,73,highway_native,slpa_cdlib,COMPLETED,COMPLETED,lfr_n5000_o00_m20_s12__highway_native__s73,lfr_n5000_o00_m20_s12__slpa_cdlib__s73,both_completed_and_scored,0.2838608338497579,2.117384749930352,7.459235292217323,0.5770094697322912,0.6354968450901801,,1.0,0.6368509475737352,0.5904,False,False,True
lfr_n5000_o00_m50_s11,graph_only_native_K,cpu,1,73,highway_native,slpa_cdlib,COMPLETED,COMPLETED,lfr_n5000_o00_m50_s11__highway_native__s73,lfr_n5000_o00_m50_s11__slpa_cdlib__s73,both_completed_and_scored,0.21249837521463633,2.2881769998930395,10.767974096657639,0.19977459801965552,0.5547611544436434,,0.9305831217827273,0.49713867606591855,0.04859999999999998,False,False,True
lfr_n5000_o00_m50_s12,graph_only_native_K,cpu,1,73,highway_native,slpa_cdlib,COMPLETED,COMPLETED,lfr_n5000_o00_m50_s12__highway_native__s73,lfr_n5000_o00_m50_s12__slpa_cdlib__s73,both_completed_and_scored,0.19262691726908088,2.2487759171053767,11.674255856797302,0.18762157242934735,0.5848277403954871,,0.9367841995496514,0.5163185384956039,0.052000000000000046,False,False,True
lfr_n5000_o20_m20_s11,graph_only_native_K,cpu,1,73,highway_native,slpa_cdlib,COMPLETED,COMPLETED,lfr_n5000_o20_m20_s11__highway_native__s73,lfr_n5000_o20_m20_s11__slpa_cdlib__s73,both_completed_and_scored,0.19077729200944304,2.162780167069286,11.336675053350865,0.7604423058566864,0.8053286368989974,0.644,0.8897437319206833,0.8747325219187978,0.01419999999999999,False,False,True
lfr_n5000_o20_m20_s12,graph_only_native_K,cpu,1,73,highway_native,slpa_cdlib,COMPLETED,COMPLETED,lfr_n5000_o20_m20_s12__highway_native__s73,lfr_n5000_o20_m20_s12__slpa_cdlib__s73,both_completed_and_scored,0.24474924989044666,2.2033757916651666,9.00258445184788,0.7207264225291661,0.7493143328889705,0.639,0.9221818006039962,0.8442558372847655,0.017199999999999993,False,False,True
lfr_n5000_o20_m50_s11,graph_only_native_K,cpu,1,73,highway_native,slpa_cdlib,COMPLETED,COMPLETED,lfr_n5000_o20_m50_s11__highway_native__s73,lfr_n5000_o20_m50_s11__slpa_cdlib__s73,both_completed_and_scored,0.19667170802131295,2.4021251248195767,12.213882459185552,0.20865461532611174,0.5304774098565581,0.347,0.8484292180666024,0.4886226809927417,0.0,False,False,True
lfr_n5000_o20_m50_s12,graph_only_native_K,cpu,1,73,highway_native,slpa_cdlib,COMPLETED,COMPLETED,lfr_n5000_o20_m50_s12__highway_native__s73,lfr_n5000_o20_m50_s12__slpa_cdlib__s73,both_completed_and_scored,0.1919927503913641,2.317960458341986,12.073166583722468,0.2052077376621797,0.580154242316868,0.389,0.8545417581194485,0.519937100855688,0.0,False,False,True
lfr_n5000_o40_m20_s11,graph_only_native_K,cpu,1,73,highway_native,slpa_cdlib,COMPLETED,COMPLETED,lfr_n5000_o40_m20_s11__highway_native__s73,lfr_n5000_o40_m20_s11__slpa_cdlib__s73,both_completed_and_scored,0.21236512484028935,2.212483874987811,10.418301388477625,0.6705221613923492,0.7738344913670637,0.566,0.9255431085718724,0.8264124084641098,0.0,False,False,True
lfr_n5000_o40_m20_s12,graph_only_native_K,cpu,1,73,highway_native,slpa_cdlib,COMPLETED,COMPLETED,lfr_n5000_o40_m20_s12__highway_native__s73,lfr_n5000_o40_m20_s12__slpa_cdlib__s73,both_completed_and_scored,0.1966300830245018,2.183912333101034,11.106705034696548,0.6013180717486846,0.716653527768356,0.4875,0.8852618147166208,0.7923542059490646,0.0,False,False,True
lfr_n5000_o40_m50_s11,graph_only_native_K,cpu,1,73,highway_native,slpa_cdlib,COMPLETED,COMPLETED,lfr_n5000_o40_m50_s11__highway_native__s73,lfr_n5000_o40_m50_s11__slpa_cdlib__s73,both_completed_and_scored,0.1928101247176528,2.4647884583100677,12.783501187603367,0.18685932117867848,0.45552218795515653,0.198,0.7251914651109703,0.34952559881358364,0.0,False,False,True
lfr_n5000_o40_m50_s12,graph_only_native_K,cpu,1,73,highway_native,slpa_cdlib,COMPLETED,COMPLETED,lfr_n5000_o40_m50_s12__highway_native__s73,lfr_n5000_o40_m50_s12__slpa_cdlib__s73,both_completed_and_scored,0.1987974587827921,2.4597764587961137,12.37327918504073,0.17510044633082228,0.45936389587726834,0.213,0.7394608234223377,0.3758620230449122,0.0,False,False,True
lfr_n1000_o00_m20_s11,graph_only_native_K,cpu,1,73,highway_python,slpa_cdlib,COMPLETED,COMPLETED,lfr_n1000_o00_m20_s11__highway_python__s73,lfr_n1000_o00_m20_s11__slpa_cdlib__s73,both_completed_and_scored,0.27699983306229115,0.5178896668367088,1.869638913176698,0.2436830685316973,0.24908565617688672,,0.5953488372093023,0.23267242812626443,0.07199999999999995,False,False,True
lfr_n1000_o00_m20_s12,graph_only_native_K,cpu,1,73,highway_python,slpa_cdlib,COMPLETED,COMPLETED,lfr_n1000_o00_m20_s12__highway_python__s73,lfr_n1000_o00_m20_s12__slpa_cdlib__s73,both_completed_and_scored,0.254589875228703,0.5102179171517491,2.0040778003972486,0.013789299503585317,0.04100099900099907,,0.0,0.050218996678550565,0.0,False,False,True
lfr_n1000_o00_m50_s11,graph_only_native_K,cpu,1,73,highway_python,slpa_cdlib,COMPLETED,COMPLETED,lfr_n1000_o00_m50_s11__highway_python__s73,lfr_n1000_o00_m50_s11__slpa_cdlib__s73,both_completed_and_scored,0.2639225828461349,0.5547210830263793,2.101832579252144,-0.18260901788174844,0.2335897258483633,,0.39377517084588975,0.15349721015347223,0.0,False,False,True
lfr_n1000_o00_m50_s12,graph_only_native_K,cpu,1,73,highway_python,slpa_cdlib,COMPLETED,COMPLETED,lfr_n1000_o00_m50_s12__highway_python__s73,lfr_n1000_o00_m50_s12__slpa_cdlib__s73,both_completed_and_scored,0.2609614171087742,0.5185853750444949,1.9872109095281991,-0.14926132372460654,0.2720280706333955,,0.37058593958317043,0.21353055265223858,0.0,False,False,True
lfr_n1000_o20_m20_s11,graph_only_native_K,cpu,1,73,highway_python,slpa_cdlib,COMPLETED,COMPLETED,lfr_n1000_o20_m20_s11__highway_python__s73,lfr_n1000_o20_m20_s11__slpa_cdlib__s73,both_completed_and_scored,0.2594987917691469,0.5227502910420299,2.014461367924497,0.4236082440851675,0.49149199457115444,0.565,0.6964044071730309,0.6313258646089541,0.0,False,False,True
lfr_n1000_o20_m20_s12,graph_only_native_K,cpu,1,73,highway_python,slpa_cdlib,COMPLETED,COMPLETED,lfr_n1000_o20_m20_s12__highway_python__s73,lfr_n1000_o20_m20_s12__slpa_cdlib__s73,both_completed_and_scored,0.26431670831516385,0.5101071656681597,1.9299088919491318,0.38985205718458127,0.4707087803746566,0.43999999999999995,0.48037596527851795,0.6092669053370893,0.0,False,False,True
lfr_n1000_o20_m50_s11,graph_only_native_K,cpu,1,73,highway_python,slpa_cdlib,COMPLETED,COMPLETED,lfr_n1000_o20_m50_s11__highway_python__s73,lfr_n1000_o20_m50_s11__slpa_cdlib__s73,both_completed_and_scored,0.2676141248084605,0.5755386669188738,2.1506288852683104,-0.15342129270232902,0.09893955421884726,-0.009999999999999981,0.40063422903539175,0.16555569964003214,0.0,False,False,True
lfr_n1000_o20_m50_s12,graph_only_native_K,cpu,1,73,highway_python,slpa_cdlib,COMPLETED,COMPLETED,lfr_n1000_o20_m50_s12__highway_python__s73,lfr_n1000_o20_m50_s12__slpa_cdlib__s73,both_completed_and_scored,0.34128245897591114,0.5419839159585536,1.58808020073721,-0.16136272306094118,-0.1939777598736751,-0.16499999999999998,-0.12316481505554183,0.0016759482500032091,0.0,False,False,True
lfr_n1000_o40_m20_s11,graph_only_native_K,cpu,1,73,highway_python,slpa_cdlib,COMPLETED,COMPLETED,lfr_n1000_o40_m20_s11__highway_python__s73,lfr_n1000_o40_m20_s11__slpa_cdlib__s73,both_completed_and_scored,0.31141437496989965,0.5728650828823447,1.839558892994956,0.21113955361526948,0.368574576454864,0.20249999999999996,0.514588003357149,0.517883873410367,0.0,False,False,True
lfr_n1000_o40_m20_s12,graph_only_native_K,cpu,1,73,highway_python,slpa_cdlib,COMPLETED,COMPLETED,lfr_n1000_o40_m20_s12__highway_python__s73,lfr_n1000_o40_m20_s12__slpa_cdlib__s73,both_completed_and_scored,0.2706964579410851,0.5237596668303013,1.9348596978845336,0.16314552100523894,0.33792770809366285,0.14249999999999996,0.44414941967534827,0.476631229124829,0.0,False,False,True
lfr_n1000_o40_m50_s11,graph_only_native_K,cpu,1,73,highway_python,slpa_cdlib,COMPLETED,COMPLETED,lfr_n1000_o40_m50_s11__highway_python__s73,lfr_n1000_o40_m50_s11__slpa_cdlib__s73,both_completed_and_scored,0.27108091674745083,0.5235130419023335,1.9312058118427344,-0.3299525585756867,-0.245591985428051,-0.125,-0.3674505199651619,-0.015158550041767149,0.0,False,False,True
lfr_n1000_o40_m50_s12,graph_only_native_K,cpu,1,73,highway_python,slpa_cdlib,COMPLETED,COMPLETED,lfr_n1000_o40_m50_s12__highway_python__s73,lfr_n1000_o40_m50_s12__slpa_cdlib__s73,both_completed_and_scored,0.3628091663122177,0.5479386253282428,1.5102667633725404,-0.017008657937755134,-0.07629384556871951,-0.03250000000000001,0.20568811716332214,0.10087301046609147,0.0,False,False,True
lfr_n5000_o00_m20_s11,graph_only_native_K,cpu,1,73,highway_python,slpa_cdlib,COMPLETED,COMPLETED,lfr_n5000_o00_m20_s11__highway_python__s73,lfr_n5000_o00_m20_s11__slpa_cdlib__s73,both_completed_and_scored,0.6227234997786582,2.072107917163521,3.32749272815308,0.5667895135785044,0.4282894305115146,,1.0,0.6215560844955793,0.6008,False,False,True
lfr_n5000_o00_m20_s12,graph_only_native_K,cpu,1,73,highway_python,slpa_cdlib,COMPLETED,COMPLETED,lfr_n5000_o00_m20_s12__highway_python__s73,lfr_n5000_o00_m20_s12__slpa_cdlib__s73,both_completed_and_scored,0.6271165423095226,2.117384749930352,3.3763815926981007,0.5356983320190404,0.4170454589230872,,1.0,0.6065228924462839,0.5904,False,False,True
lfr_n5000_o00_m50_s11,graph_only_native_K,cpu,1,73,highway_python,slpa_cdlib,COMPLETED,COMPLETED,lfr_n5000_o00_m50_s11__highway_python__s73,lfr_n5000_o00_m50_s11__slpa_cdlib__s73,both_completed_and_scored,0.80131566664204,2.2881769998930395,2.8555251009652394,0.2934916594690945,0.5725747243548764,,0.9305831217827273,0.6370191147923134,0.04620000000000002,False,False,True
lfr_n5000_o00_m50_s12,graph_only_native_K,cpu,1,73,highway_python,slpa_cdlib,COMPLETED,COMPLETED,lfr_n5000_o00_m50_s12__highway_python__s73,lfr_n5000_o00_m50_s12__slpa_cdlib__s73,both_completed_and_scored,0.8421906670555472,2.2487759171053767,2.6701506025559616,0.2727115008095472,0.5946963096724921,,0.9367841995496514,0.6332723465192011,0.052000000000000046,False,False,True
lfr_n5000_o20_m20_s11,graph_only_native_K,cpu,1,73,highway_python,slpa_cdlib,COMPLETED,COMPLETED,lfr_n5000_o20_m20_s11__highway_python__s73,lfr_n5000_o20_m20_s11__slpa_cdlib__s73,both_completed_and_scored,0.8093864172697067,2.162780167069286,2.672123130463402,0.8238265066433396,0.7797219805510225,0.624,0.9227944906857278,0.9184484062015895,0.01419999999999999,False,False,True
lfr_n5000_o20_m20_s12,graph_only_native_K,cpu,1,73,highway_python,slpa_cdlib,COMPLETED,COMPLETED,lfr_n5000_o20_m20_s12__highway_python__s73,lfr_n5000_o20_m20_s12__slpa_cdlib__s73,both_completed_and_scored,0.8076168340630829,2.2033757916651666,2.728244012176028,0.8017162041402981,0.7709098605049248,0.609,0.9618144251422811,0.9047220928463382,0.017199999999999993,False,False,True
lfr_n5000_o20_m50_s11,graph_only_native_K,cpu,1,73,highway_python,slpa_cdlib,COMPLETED,COMPLETED,lfr_n5000_o20_m50_s11__highway_python__s73,lfr_n5000_o20_m50_s11__slpa_cdlib__s73,both_completed_and_scored,0.8501358754001558,2.4021251248195767,2.8255778803463687,0.2796103189459057,0.5422883057276044,0.31899999999999995,0.8631757618454042,0.5080859048266535,0.0,False,False,True
lfr_n5000_o20_m50_s12,graph_only_native_K,cpu,1,73,highway_python,slpa_cdlib,COMPLETED,COMPLETED,lfr_n5000_o20_m50_s12__highway_python__s73,lfr_n5000_o20_m50_s12__slpa_cdlib__s73,both_completed_and_scored,0.8773333341814578,2.317960458341986,2.6420521916047077,0.26833558378624156,0.5809956461149647,0.365,0.8700290745413444,0.5446792367091681,0.0,False,False,True
lfr_n5000_o40_m20_s11,graph_only_native_K,cpu,1,73,highway_python,slpa_cdlib,COMPLETED,COMPLETED,lfr_n5000_o40_m20_s11__highway_python__s73,lfr_n5000_o40_m20_s11__slpa_cdlib__s73,both_completed_and_scored,0.8389465832151473,2.212483874987811,2.637216622909138,0.7332437279983252,0.7537884778926534,0.5515,0.9642691281990645,0.8356015260131678,0.0,False,False,True
lfr_n5000_o40_m20_s12,graph_only_native_K,cpu,1,73,highway_python,slpa_cdlib,COMPLETED,COMPLETED,lfr_n5000_o40_m20_s12__highway_python__s73,lfr_n5000_o40_m20_s12__slpa_cdlib__s73,both_completed_and_scored,0.8562445002608001,2.183912333101034,2.5505709320595287,0.6601113619141343,0.7296980904994842,0.46649999999999997,0.8852618147166208,0.8025292137133717,0.0,False,False,True
lfr_n5000_o40_m50_s11,graph_only_native_K,cpu,1,73,highway_python,slpa_cdlib,COMPLETED,COMPLETED,lfr_n5000_o40_m50_s11__highway_python__s73,lfr_n5000_o40_m50_s11__slpa_cdlib__s73,both_completed_and_scored,0.8778975829482079,2.4647884583100677,2.8076036501122017,0.23184879725866286,0.45386781944299026,0.18300000000000002,0.742111389569983,0.353215885945806,0.0,False,False,True
lfr_n5000_o40_m50_s12,graph_only_native_K,cpu,1,73,highway_python,slpa_cdlib,COMPLETED,COMPLETED,lfr_n5000_o40_m50_s12__highway_python__s73,lfr_n5000_o40_m50_s12__slpa_cdlib__s73,both_completed_and_scored,0.8653283747844398,2.4597764587961137,2.842593090061173,0.2297457098820757,0.4699637059173146,0.196,0.7579128380886814,0.37586202304491223,0.0,False,False,True
lfr_n1000_o00_m20_s11,oracle_K,cpu,1,73,bigclam_oracleK,nocd_graph_oracleK,COMPLETED,COMPLETED,lfr_n1000_o00_m20_s11__bigclam_oracleK__s73,lfr_n1000_o00_m20_s11__nocd_graph_oracleK__s73,both_completed_and_scored,0.49517416721209884,5.5417420831508934,11.191500789210576,-0.0025398473859638004,0.0053524840854420885,,-0.06450592885375495,0.005438427773388987,0.0,False,False,True
lfr_n1000_o00_m20_s12,oracle_K,cpu,1,73,bigclam_oracleK,nocd_graph_oracleK,COMPLETED,COMPLETED,lfr_n1000_o00_m20_s12__bigclam_oracleK__s73,lfr_n1000_o00_m20_s12__nocd_graph_oracleK__s73,both_completed_and_scored,0.5511323329992592,5.896783584263176,10.699396916477228,0.07302360894988791,0.08393990712184463,,-0.05287356321839087,0.08689225004882739,0.0,False,False,True
lfr_n1000_o00_m50_s11,oracle_K,cpu,1,73,bigclam_oracleK,nocd_graph_oracleK,COMPLETED,COMPLETED,lfr_n1000_o00_m50_s11__bigclam_oracleK__s73,lfr_n1000_o00_m50_s11__nocd_graph_oracleK__s73,both_completed_and_scored,0.9393574581481516,5.780428082682192,6.153597900928708,0.016901233258087234,0.01228773434839081,,0.10215140055981298,-0.054454618694400936,0.04800000000000004,False,False,True
lfr_n1000_o00_m50_s12,oracle_K,cpu,1,73,bigclam_oracleK,nocd_graph_oracleK,COMPLETED,COMPLETED,lfr_n1000_o00_m50_s12__bigclam_oracleK__s73,lfr_n1000_o00_m50_s12__nocd_graph_oracleK__s73,both_completed_and_scored,0.7916120002046227,5.745816083624959,7.2583741556971475,0.024784722980536245,0.030146309081497402,,-0.08163792689271132,-0.05619475789929096,0.04400000000000004,False,False,True
lfr_n1000_o20_m20_s11,oracle_K,cpu,1,73,bigclam_oracleK,nocd_graph_oracleK,COMPLETED,COMPLETED,lfr_n1000_o20_m20_s11__bigclam_oracleK__s73,lfr_n1000_o20_m20_s11__nocd_graph_oracleK__s73,both_completed_and_scored,0.5247142501175404,6.415487584192306,12.226631128762337,0.02749016344806876,0.04660804155087228,0.265,0.17391304347826086,0.09378998438897068,0.02400000000000002,False,False,True
lfr_n1000_o20_m20_s12,oracle_K,cpu,1,73,bigclam_oracleK,nocd_graph_oracleK,COMPLETED,COMPLETED,lfr_n1000_o20_m20_s12__bigclam_oracleK__s73,lfr_n1000_o20_m20_s12__nocd_graph_oracleK__s73,both_completed_and_scored,0.5942880003713071,6.0365392081439495,10.157599016591888,0.10728508491594924,0.1287004328573561,0.4,0.02210781209450574,0.17271600830851008,0.02200000000000002,False,False,True
lfr_n1000_o20_m50_s11,oracle_K,cpu,1,73,bigclam_oracleK,nocd_graph_oracleK,COMPLETED,COMPLETED,lfr_n1000_o20_m50_s11__bigclam_oracleK__s73,lfr_n1000_o20_m50_s11__nocd_graph_oracleK__s73,both_completed_and_scored,1.2768939998932183,5.486493041738868,4.296749019258985,-0.0847937254834632,-0.0646047192328345,0.20999999999999996,-0.20651379160151095,-0.11090416045163076,0.05300000000000005,False,False,True
lfr_n1000_o20_m50_s12,oracle_K,cpu,1,73,bigclam_oracleK,nocd_graph_oracleK,COMPLETED,COMPLETED,lfr_n1000_o20_m50_s12__bigclam_oracleK__s73,lfr_n1000_o20_m50_s12__nocd_graph_oracleK__s73,both_completed_and_scored,1.54163150023669,6.082367375027388,3.945409375777252,-0.033155346310629885,-0.02801185343417134,0.22999999999999998,-0.10728540466713832,-0.049700960314072895,0.07399999999999995,False,False,True
lfr_n1000_o40_m20_s11,oracle_K,cpu,1,73,bigclam_oracleK,nocd_graph_oracleK,COMPLETED,COMPLETED,lfr_n1000_o40_m20_s11__bigclam_oracleK__s73,lfr_n1000_o40_m20_s11__nocd_graph_oracleK__s73,both_completed_and_scored,0.6382174999453127,6.261772207915783,9.811345205125743,0.08741885706136121,0.11351902512659229,0.36250000000000004,-0.034586187298972115,0.18271608391144545,0.03200000000000003,False,False,True
lfr_n1000_o40_m20_s12,oracle_K,cpu,1,73,bigclam_oracleK,nocd_graph_oracleK,COMPLETED,COMPLETED,lfr_n1000_o40_m20_s12__bigclam_oracleK__s73,lfr_n1000_o40_m20_s12__nocd_graph_oracleK__s73,both_completed_and_scored,0.6332534169778228,6.392707125283778,10.095021919964875,0.08686640318171024,0.11257077413139094,0.32999999999999996,-0.051921752307480196,0.17447178008317188,0.040000000000000036,False,False,True
lfr_n1000_o40_m50_s11,oracle_K,cpu,1,73,bigclam_oracleK,nocd_graph_oracleK,COMPLETED,COMPLETED,lfr_n1000_o40_m50_s11__bigclam_oracleK__s73,lfr_n1000_o40_m50_s11__nocd_graph_oracleK__s73,both_completed_and_scored,1.1788310827687383,6.703119041398168,5.6862421931176526,0.025415359149613792,0.05587604326282691,0.24750000000000005,-0.21499749286673075,0.07877641081464254,0.11599999999999999,False,False,True
lfr_n1000_o40_m50_s12,oracle_K,cpu,1,73,bigclam_oracleK,nocd_graph_oracleK,COMPLETED,COMPLETED,lfr_n1000_o40_m50_s12__bigclam_oracleK__s73,lfr_n1000_o40_m50_s12__nocd_graph_oracleK__s73,both_completed_and_scored,1.579527124762535,5.66223470820114,3.584765731106008,-0.016426036899916507,0.0259331099747252,0.21999999999999997,-0.17663791914327043,0.01029044439254051,0.10799999999999998,False,False,True
lfr_n5000_o00_m20_s11,oracle_K,cpu,1,73,bigclam_oracleK,nocd_graph_oracleK,COMPLETED,COMPLETED,lfr_n5000_o00_m20_s11__bigclam_oracleK__s73,lfr_n5000_o00_m20_s11__nocd_graph_oracleK__s73,both_completed_and_scored,4.9039360829629,23.868251250125468,4.867161978935205,-0.4425349182430924,-0.37291169071339136,,-0.6533765741582982,-0.48668851388504086,0.0,False,False,True
lfr_n5000_o00_m20_s12,oracle_K,cpu,1,73,bigclam_oracleK,nocd_graph_oracleK,COMPLETED,COMPLETED,lfr_n5000_o00_m20_s12__bigclam_oracleK__s73,lfr_n5000_o00_m20_s12__nocd_graph_oracleK__s73,both_completed_and_scored,5.385759208817035,24.449580625165254,4.539672064272537,-0.4385688628134561,-0.38394509119524534,,-0.6292163553308234,-0.5212671017118394,0.0,False,False,True
lfr_n5000_o00_m50_s11,oracle_K,cpu,1,73,bigclam_oracleK,nocd_graph_oracleK,COMPLETED,COMPLETED,lfr_n5000_o00_m50_s11__bigclam_oracleK__s73,lfr_n5000_o00_m50_s11__nocd_graph_oracleK__s73,both_completed_and_scored,12.428741542156786,23.7772610001266,1.9130867690406959,-0.4335865500026763,-0.362056252326251,,-0.657000882794257,-0.4417349959614668,-0.0010000000000000009,False,False,True
lfr_n5000_o00_m50_s12,oracle_K,cpu,1,73,bigclam_oracleK,nocd_graph_oracleK,COMPLETED,COMPLETED,lfr_n5000_o00_m50_s12__bigclam_oracleK__s73,lfr_n5000_o00_m50_s12__nocd_graph_oracleK__s73,both_completed_and_scored,14.119102749973536,24.878636915702373,1.7620550934618706,-0.3852318102435992,-0.3250342404872866,,-0.46138427309483,-0.4181701426630711,-0.00019999999999997797,False,False,True
lfr_n5000_o20_m20_s11,oracle_K,cpu,1,73,bigclam_oracleK,nocd_graph_oracleK,COMPLETED,COMPLETED,lfr_n5000_o20_m20_s11__bigclam_oracleK__s73,lfr_n5000_o20_m20_s11__nocd_graph_oracleK__s73,both_completed_and_scored,6.624076124746352,26.406754250172526,3.98648109606133,-0.5627260135721932,-0.4767000573478372,-0.6180000000000001,-0.7263802319459486,-0.6749959262953498,-0.0016000000000000458,False,False,True
lfr_n5000_o20_m20_s12,oracle_K,cpu,1,73,bigclam_oracleK,nocd_graph_oracleK,COMPLETED,COMPLETED,lfr_n5000_o20_m20_s12__bigclam_oracleK__s73,lfr_n5000_o20_m20_s12__nocd_graph_oracleK__s73,both_completed_and_scored,7.333532333374023,25.3404072499834,3.455416312090458,-0.5462547939788851,-0.47572074695141203,-0.589,-0.7589646779761738,-0.6962850200378541,-0.005199999999999982,False,False,True
lfr_n5000_o20_m50_s11,oracle_K,cpu,1,73,bigclam_oracleK,nocd_graph_oracleK,COMPLETED,COMPLETED,lfr_n5000_o20_m50_s11__bigclam_oracleK__s73,lfr_n5000_o20_m50_s11__nocd_graph_oracleK__s73,both_completed_and_scored,12.50854116678238,25.36502395896241,2.02781632332327,-0.5158159785167367,-0.44681606191841255,-0.667,-0.6602123733830015,-0.6225277960319643,-0.034600000000000075,False,False,True
lfr_n5000_o20_m50_s12,oracle_K,cpu,1,73,bigclam_oracleK,nocd_graph_oracleK,COMPLETED,COMPLETED,lfr_n5000_o20_m50_s12__bigclam_oracleK__s73,lfr_n5000_o20_m50_s12__nocd_graph_oracleK__s73,both_completed_and_scored,12.44482725020498,25.844735875260085,2.0767452497048033,-0.5329214657325021,-0.4683976025414509,-0.705,-0.5865814756305752,-0.6236009007802439,-0.030399999999999983,False,False,True
lfr_n5000_o40_m20_s11,oracle_K,cpu,1,73,bigclam_oracleK,nocd_graph_oracleK,COMPLETED,COMPLETED,lfr_n5000_o40_m20_s11__bigclam_oracleK__s73,lfr_n5000_o40_m20_s11__nocd_graph_oracleK__s73,both_completed_and_scored,5.244378208182752,29.16408587479964,5.561018812353236,-0.5811000765840298,-0.517823204932091,-0.6065,-0.6981281714673648,-0.780620710401581,-0.01419999999999999,False,False,True
lfr_n5000_o40_m20_s12,oracle_K,cpu,1,73,bigclam_oracleK,nocd_graph_oracleK,COMPLETED,COMPLETED,lfr_n5000_o40_m20_s12__bigclam_oracleK__s73,lfr_n5000_o40_m20_s12__nocd_graph_oracleK__s73,both_completed_and_scored,4.266347167082131,27.682247541844845,6.488512645063874,-0.6250704725532858,-0.5443316743289042,-0.6815,-0.7609598259353038,-0.7946870346425967,-0.009399999999999964,False,False,True
lfr_n5000_o40_m50_s11,oracle_K,cpu,1,73,bigclam_oracleK,nocd_graph_oracleK,COMPLETED,COMPLETED,lfr_n5000_o40_m50_s11__bigclam_oracleK__s73,lfr_n5000_o40_m50_s11__nocd_graph_oracleK__s73,both_completed_and_scored,18.171880290843546,28.413920000195503,1.5636202498270209,-0.5421217058480075,-0.48045190955422273,-0.6125,-0.5653800333436452,-0.6062046807554101,-0.15900000000000003,False,False,True
lfr_n5000_o40_m50_s12,oracle_K,cpu,1,73,bigclam_oracleK,nocd_graph_oracleK,COMPLETED,COMPLETED,lfr_n5000_o40_m50_s12__bigclam_oracleK__s73,lfr_n5000_o40_m50_s12__nocd_graph_oracleK__s73,both_completed_and_scored,18.81548204133287,27.826627250295132,1.4789218362392762,-0.5860997117933884,-0.5230442940531493,-0.699,-0.6251015650270443,-0.6435234338627881,-0.1462,False,False,True
