F1,Z,Z_exact,case_id,completion_claim,components,cut,hull_F1,observed_not_completion_seconds,phi,precision,query_index,raw_path,raw_sha256,recall,seed,status,task,touched_over_output,touched_volume,variant,volume,wrapper_seconds
1.0,0.22698670081913533,1750363/7711302,lfr_n1000_o00_m20_s11,True,1,81,1.0,0.11531645804643631,0.2071611253196931,1.0,0,results/m4/dev_ablations_v12_002/raw/lfr_n1000_o00_m20_s11_q00_R-cap-0.25.json.gz,b62b4d7b3812fa877f3ea4b0d42a37ea6408809bb92cfd51c22ba8a630776aca,1.0,550,COMPLETED,lfr_n1000_o00_m20_s11_q00_R-cap-0.25,21.161125319693095,8274,R-cap-0.25,391,0.11531645804643631
1.0,0.22698670081913533,1750363/7711302,lfr_n1000_o00_m20_s11,True,1,81,1.0,0.130900832824409,0.2071611253196931,1.0,0,results/m4/dev_ablations_v12_002/raw/lfr_n1000_o00_m20_s11_q00_R-cap-0.5.json.gz,5ef9b8808c645e600036c0d44a79835867bbd869fcdbb1ce21e0f3aabea32d19,1.0,550,COMPLETED,lfr_n1000_o00_m20_s11_q00_R-cap-0.5,21.161125319693095,8274,R-cap-0.5,391,0.130900832824409
1.0,0.22698670081913533,1750363/7711302,lfr_n1000_o00_m20_s11,True,1,81,1.0,0.13449166622012854,0.2071611253196931,1.0,0,results/m4/dev_ablations_v12_002/raw/lfr_n1000_o00_m20_s11_q00_R-cap-1.json.gz,b9ed2d9c10f3d23d9532d92a6515968b9078e1fa5259907568b1fa2ec20c60f8,1.0,550,COMPLETED,lfr_n1000_o00_m20_s11_q00_R-cap-1,21.161125319693095,8274,R-cap-1,391,0.13449166622012854
1.0,0.22698670081913533,1750363/7711302,lfr_n1000_o00_m20_s11,True,1,81,1.0,0.4000606248155236,0.2071611253196931,1.0,0,results/m4/dev_ablations_v12_002/raw/lfr_n1000_o00_m20_s11_q00_supp-jstar.json.gz,6e34d72d3af3a18214b5df65f1c46aa4cfb7300e79d0cf2a16136818558ecab6,1.0,550,COMPLETED,lfr_n1000_o00_m20_s11_q00_supp-jstar,21.161125319693095,8274,supp-jstar,391,0.4000606248155236
1.0,0.22698670081913533,1750363/7711302,lfr_n1000_o00_m20_s11,True,1,81,0.046875,0.7790807504206896,0.2071611253196931,1.0,0,results/m4/dev_ablations_v12_002/raw/lfr_n1000_o00_m20_s11_q00_supp-jstar+2.json.gz,a5448d5ee29f3df2a6694b862bfd7adae66bfd0e3f3510d470799c59c7bb7c69,1.0,550,COMPLETED,lfr_n1000_o00_m20_s11_q00_supp-jstar+2,50.43989769820972,19722,supp-jstar+2,391,0.7790807504206896
1.0,0.22698670081913533,1750363/7711302,lfr_n1000_o00_m20_s11,True,1,81,0.046875,0.20118695916607976,0.2071611253196931,1.0,0,results/m4/dev_ablations_v12_002/raw/lfr_n1000_o00_m20_s11_q00_full.json.gz,c965eefdba5db73fb4c25e4c4cce78275ff055fb70fd18121890243453360b9e,1.0,550,COMPLETED,lfr_n1000_o00_m20_s11_q00_full,50.43989769820972,19722,full,391,0.20118695916607976
1.0,0.22698670081913533,1750363/7711302,lfr_n1000_o00_m20_s11,True,1,81,0.20168067226890757,0.6982348333112895,0.2071611253196931,1.0,0,results/m4/dev_ablations_v12_002/raw/lfr_n1000_o00_m20_s11_q00_patience-2.json.gz,8616af523afeb6ac282671d2db73e553bd261a0487211990c535c012d91b6154,1.0,550,COMPLETED,lfr_n1000_o00_m20_s11_q00_patience-2,21.161125319693095,8274,patience-2,391,0.6982348333112895
1.0,0.22698670081913533,1750363/7711302,lfr_n1000_o00_m20_s11,True,1,81,0.23529411764705882,0.722354041878134,0.2071611253196931,1.0,0,results/m4/dev_ablations_v12_002/raw/lfr_n1000_o00_m20_s11_q00_ZR-mact.json.gz,1e06d8da70983a4621084a4fd7306b7512a474ea1b65c2e26814d92116c67813,1.0,550,COMPLETED,lfr_n1000_o00_m20_s11_q00_ZR-mact,17.514066496163682,6848,ZR-mact,391,0.722354041878134
1.0,0.22698670081913533,1750363/7711302,lfr_n1000_o00_m20_s11,True,1,81,1.0,0.6386668747290969,0.2071611253196931,1.0,0,results/m4/dev_ablations_v12_002/raw/lfr_n1000_o00_m20_s11_q00_sqrt2-grid.json.gz,57f19e9d3d45bf69b4a1e2cdf4360cb9f68e5f158e626099b4ccd580437c7352,1.0,550,COMPLETED,lfr_n1000_o00_m20_s11_q00_sqrt2-grid,11.457800511508951,4480,sqrt2-grid,391,0.6386668747290969
1.0,0.22698670081913533,1750363/7711302,lfr_n1000_o00_m20_s11,True,1,81,0.06060606060606061,0.5400106660090387,0.2071611253196931,1.0,0,results/m4/dev_ablations_v12_002/raw/lfr_n1000_o00_m20_s11_q00_fixed-grid.json.gz,7150a6b11715b65061c50d035dad2064d0ada71e23b86268e8dc31a7fd6d6ed6,1.0,550,COMPLETED,lfr_n1000_o00_m20_s11_q00_fixed-grid,45.15856777493606,17657,fixed-grid,391,0.5400106660090387
1.0,0.22698670081913533,1750363/7711302,lfr_n1000_o00_m20_s11,True,1,81,0.20168067226890757,0.7204002919606864,0.2071611253196931,1.0,0,results/m4/dev_ablations_v12_002/raw/lfr_n1000_o00_m20_s11_q00_ZR-budgetM.json.gz,cd980b3d0dc30b4d6d5c43bfd5fe9bfde69fba9d58c61cf625d293dc077286d3,1.0,550,COMPLETED,lfr_n1000_o00_m20_s11_q00_ZR-budgetM,21.161125319693095,8274,ZR-budgetM,391,0.7204002919606864
1.0,0.22698670081913533,1750363/7711302,lfr_n1000_o00_m20_s11,True,1,81,0.20168067226890757,0.7034005001187325,0.2071611253196931,1.0,0,results/m4/dev_ablations_v12_002/raw/lfr_n1000_o00_m20_s11_q00_ordering-bfs.json.gz,1eba70b82ea65139e33cd42813d00187118e8735e86390fbc79c27390dc5d8f8,1.0,550,COMPLETED,lfr_n1000_o00_m20_s11_q00_ordering-bfs,21.161125319693095,8274,ordering-bfs,391,0.7034005001187325
1.0,0.22698670081913533,1750363/7711302,lfr_n1000_o00_m20_s11,True,1,81,0.20168067226890757,0.7083489997312427,0.2071611253196931,1.0,0,results/m4/dev_ablations_v12_002/raw/lfr_n1000_o00_m20_s11_q00_ordering-random.json.gz,6b5aafe3904b587cff5e8b05a264fa779b91a11f028a3511a013a03ae118251c,1.0,550,COMPLETED,lfr_n1000_o00_m20_s11_q00_ordering-random,21.161125319693095,8274,ordering-random,391,0.7083489997312427
1.0,0.22698670081913533,1750363/7711302,lfr_n1000_o00_m20_s11,True,1,81,0.20168067226890757,0.8519200002774596,0.2071611253196931,1.0,0,results/m4/dev_ablations_v12_002/raw/lfr_n1000_o00_m20_s11_q00_multi-start.json.gz,5fa432c567dae6005566fa9a9524553121d154c3f920b1815b20dfef2f0afa8f,1.0,550,COMPLETED,lfr_n1000_o00_m20_s11_q00_multi-start,21.161125319693095,8274,multi-start,391,0.8519200002774596
1.0,0.22698670081913533,1750363/7711302,lfr_n1000_o00_m20_s11,True,1,81,0.20168067226890757,1.0963617083616555,0.2071611253196931,1.0,0,results/m4/dev_ablations_v12_002/raw/lfr_n1000_o00_m20_s11_q00_diffusion-TL-star.json.gz,03c3750ca7dc1a4b6d599bdc41aca3006136b98e0c4d4caa521272ac4ab31aa8,1.0,550,COMPLETED,lfr_n1000_o00_m20_s11_q00_diffusion-TL-star,21.161125319693095,8274,diffusion-TL-star,391,1.0963617083616555
1.0,0.22698670081913533,1750363/7711302,lfr_n1000_o00_m20_s11,True,1,81,0.20168067226890757,0.6745254169218242,0.2071611253196931,1.0,0,results/m4/dev_ablations_v12_002/raw/lfr_n1000_o00_m20_s11_q00_no-refinement.json.gz,47f5e4cd9e6c25363cbec0e6399373a092795b35ab682f3387fc890679c71837,1.0,550,COMPLETED,lfr_n1000_o00_m20_s11_q00_no-refinement,21.161125319693095,8274,no-refinement,391,0.6745254169218242
0.20168067226890757,0.37051770526063194,9974533/26920530,lfr_n1000_o00_m20_s11,True,1,667,0.20168067226890757,0.6815782501362264,0.16288156288156289,0.11214953271028037,0,results/m4/dev_ablations_v12_002/raw/lfr_n1000_o00_m20_s11_q00_hull-best.json.gz,a9940949d94d850373d543519a600463691ec8bee3496c160b32761510c3d5d1,1.0,550,COMPLETED,lfr_n1000_o00_m20_s11_q00_hull-best,2.0205128205128204,8274,hull-best,4095,0.6815782501362264
1.0,0.22698670081913533,1750363/7711302,lfr_n1000_o00_m20_s11,True,1,81,0.20168067226890757,0.6978148338384926,0.2071611253196931,1.0,0,results/m4/dev_ablations_v12_002/raw/lfr_n1000_o00_m20_s11_q00_conductance-sweep.json.gz,55dfb276a2797fe98bdd7cc615875b693f3001cd3595cdc2327fce998755850f,1.0,550,COMPLETED,lfr_n1000_o00_m20_s11_q00_conductance-sweep,21.161125319693095,8274,conductance-sweep,391,0.6978148338384926
1.0,0.22698670081913533,1750363/7711302,lfr_n1000_o00_m20_s11,True,1,81,1.0,0.13506295857951045,0.2071611253196931,1.0,1,results/m4/dev_ablations_v12_002/raw/lfr_n1000_o00_m20_s11_q01_R-cap-0.25.json.gz,22fa9e4f5c44a90d0f0f656a7f83c39d9ba1808bc52a3180ecf0cc395caf38eb,1.0,381,COMPLETED,lfr_n1000_o00_m20_s11_q01_R-cap-0.25,7.5038363171355495,2934,R-cap-0.25,391,0.13506295857951045
1.0,0.22698670081913533,1750363/7711302,lfr_n1000_o00_m20_s11,True,1,81,1.0,0.1360990828834474,0.2071611253196931,1.0,1,results/m4/dev_ablations_v12_002/raw/lfr_n1000_o00_m20_s11_q01_R-cap-0.5.json.gz,3bb3162c164ceb81953c44faedf4d8d31ccdc6f0ce35f300ff473f6f36614755,1.0,381,COMPLETED,lfr_n1000_o00_m20_s11_q01_R-cap-0.5,7.5038363171355495,2934,R-cap-0.5,391,0.1360990828834474
1.0,0.22698670081913533,1750363/7711302,lfr_n1000_o00_m20_s11,True,1,81,1.0,0.1622925424017012,0.2071611253196931,1.0,1,results/m4/dev_ablations_v12_002/raw/lfr_n1000_o00_m20_s11_q01_R-cap-1.json.gz,ced847b3ae6319e5f5e6297bbe0f180e4295a3d90a9cf97493954edc4cd95030,1.0,381,COMPLETED,lfr_n1000_o00_m20_s11_q01_R-cap-1,7.5038363171355495,2934,R-cap-1,391,0.1622925424017012
1.0,0.22698670081913533,1750363/7711302,lfr_n1000_o00_m20_s11,True,1,81,1.0,0.20103695802390575,0.2071611253196931,1.0,1,results/m4/dev_ablations_v12_002/raw/lfr_n1000_o00_m20_s11_q01_supp-jstar.json.gz,5343fc4c93e8de9932b163d3a86fcf40a728118d080cba200f9e17f9a925cfee,1.0,381,COMPLETED,lfr_n1000_o00_m20_s11_q01_supp-jstar,7.5038363171355495,2934,supp-jstar,391,0.20103695802390575
1.0,0.22698670081913533,1750363/7711302,lfr_n1000_o00_m20_s11,True,1,81,1.0,0.5408148327842355,0.2071611253196931,1.0,1,results/m4/dev_ablations_v12_002/raw/lfr_n1000_o00_m20_s11_q01_supp-jstar+2.json.gz,22a760ae4c17e121cbf4cf51840dada9ab68f298c0a216dee27a992aa8b1cd09,1.0,381,COMPLETED,lfr_n1000_o00_m20_s11_q01_supp-jstar+2,12.762148337595908,4990,supp-jstar+2,391,0.5408148327842355
1.0,0.22698670081913533,1750363/7711302,lfr_n1000_o00_m20_s11,True,1,81,0.046875,0.23672870825976133,0.2071611253196931,1.0,1,results/m4/dev_ablations_v12_002/raw/lfr_n1000_o00_m20_s11_q01_full.json.gz,4ed2f302d39b412fd3810515463589dcfd9a224cb950894a4d502fa866c0d433,1.0,381,COMPLETED,lfr_n1000_o00_m20_s11_q01_full,50.43989769820972,19722,full,391,0.23672870825976133
1.0,0.22698670081913533,1750363/7711302,lfr_n1000_o00_m20_s11,True,1,81,1.0,0.30883491691201925,0.2071611253196931,1.0,1,results/m4/dev_ablations_v12_002/raw/lfr_n1000_o00_m20_s11_q01_patience-2.json.gz,fccc6dcded733ae84995163e4c5bac2dc2c5969a3de7fa184f16a283448ec588,1.0,381,COMPLETED,lfr_n1000_o00_m20_s11_q01_patience-2,7.5038363171355495,2934,patience-2,391,0.30883491691201925
1.0,0.22698670081913533,1750363/7711302,lfr_n1000_o00_m20_s11,True,1,81,1.0,0.3102114158682525,0.2071611253196931,1.0,1,results/m4/dev_ablations_v12_002/raw/lfr_n1000_o00_m20_s11_q01_ZR-mact.json.gz,3eaaebbddfdf6e0d7c225f7b81499369e626f5c41986957a9da730b1e86c245c,1.0,381,COMPLETED,lfr_n1000_o00_m20_s11_q01_ZR-mact,7.5038363171355495,2934,ZR-mact,391,0.3102114158682525
1.0,0.22698670081913533,1750363/7711302,lfr_n1000_o00_m20_s11,True,1,81,1.0,0.3320947918109596,0.2071611253196931,1.0,1,results/m4/dev_ablations_v12_002/raw/lfr_n1000_o00_m20_s11_q01_sqrt2-grid.json.gz,6cba8ab814771162b9402b0b0632ad421ae71a1d20b56ae8e357416ef026f8c0,1.0,381,COMPLETED,lfr_n1000_o00_m20_s11_q01_sqrt2-grid,8.414322250639387,3290,sqrt2-grid,391,0.3320947918109596
1.0,0.22698670081913533,1750363/7711302,lfr_n1000_o00_m20_s11,True,1,81,1.0,0.44363512471318245,0.2071611253196931,1.0,1,results/m4/dev_ablations_v12_002/raw/lfr_n1000_o00_m20_s11_q01_fixed-grid.json.gz,0f6c74d39c021251808793b2cfb2d8612f2a9e63cefb4ab548bcea1b7bb71074,1.0,381,COMPLETED,lfr_n1000_o00_m20_s11_q01_fixed-grid,10.0153452685422,3916,fixed-grid,391,0.44363512471318245
1.0,0.22698670081913533,1750363/7711302,lfr_n1000_o00_m20_s11,True,1,81,1.0,0.2966387909837067,0.2071611253196931,1.0,1,results/m4/dev_ablations_v12_002/raw/lfr_n1000_o00_m20_s11_q01_ZR-budgetM.json.gz,1c1c9526e6375e1eba3a56bc3881e62674487166e489c42c46badca5f10d99a4,1.0,381,COMPLETED,lfr_n1000_o00_m20_s11_q01_ZR-budgetM,12.762148337595908,4990,ZR-budgetM,391,0.2966387909837067
1.0,0.22698670081913533,1750363/7711302,lfr_n1000_o00_m20_s11,True,1,81,1.0,0.30641820887103677,0.2071611253196931,1.0,1,results/m4/dev_ablations_v12_002/raw/lfr_n1000_o00_m20_s11_q01_ordering-bfs.json.gz,e9fd01cfc071fa59317e61b1ec1887679353b0ae002e7cfb7a7b1770de58d4da,1.0,381,COMPLETED,lfr_n1000_o00_m20_s11_q01_ordering-bfs,7.5038363171355495,2934,ordering-bfs,391,0.30641820887103677
1.0,0.22698670081913533,1750363/7711302,lfr_n1000_o00_m20_s11,True,1,81,1.0,0.2940515000373125,0.2071611253196931,1.0,1,results/m4/dev_ablations_v12_002/raw/lfr_n1000_o00_m20_s11_q01_ordering-random.json.gz,73b42d8477714e936ccc71f7de28dc08c79e2b94da41a53d731c20bbc50e1935,1.0,381,COMPLETED,lfr_n1000_o00_m20_s11_q01_ordering-random,7.5038363171355495,2934,ordering-random,391,0.2940515000373125
1.0,0.22698670081913533,1750363/7711302,lfr_n1000_o00_m20_s11,True,1,81,1.0,0.3639573329128325,0.2071611253196931,1.0,1,results/m4/dev_ablations_v12_002/raw/lfr_n1000_o00_m20_s11_q01_multi-start.json.gz,1dbc74f046b33fc19d8d91eb5b22624f6e7941a2e0a87bb1847f7a4096e31e9d,1.0,381,COMPLETED,lfr_n1000_o00_m20_s11_q01_multi-start,7.5038363171355495,2934,multi-start,391,0.3639573329128325
1.0,0.22698670081913533,1750363/7711302,lfr_n1000_o00_m20_s11,True,1,81,1.0,0.5047956248745322,0.2071611253196931,1.0,1,results/m4/dev_ablations_v12_002/raw/lfr_n1000_o00_m20_s11_q01_diffusion-TL-star.json.gz,c406db3f4e8c5ae25957c9951cb61f98cb4df90d08d7bc761a085cc8306ebab2,1.0,381,COMPLETED,lfr_n1000_o00_m20_s11_q01_diffusion-TL-star,7.5038363171355495,2934,diffusion-TL-star,391,0.5047956248745322
0.9795918367346939,0.24426392527777904,53794/220229,lfr_n1000_o00_m20_s11,True,1,90,1.0,0.28240545792505145,0.22388059701492538,0.96,1,results/m4/dev_ablations_v12_002/raw/lfr_n1000_o00_m20_s11_q01_no-refinement.json.gz,c59bc5e9c2c5c8eed05f577f736b324a840f627d2cfc19aaffec599b69bea9b4,1.0,381,COMPLETED,lfr_n1000_o00_m20_s11_q01_no-refinement,7.298507462686567,2934,no-refinement,402,0.28240545792505145
1.0,0.22698670081913533,1750363/7711302,lfr_n1000_o00_m20_s11,True,1,81,1.0,0.2998349582776427,0.2071611253196931,1.0,1,results/m4/dev_ablations_v12_002/raw/lfr_n1000_o00_m20_s11_q01_hull-best.json.gz,da5b651f2099693db73c8a24d4f10feb33b72c6d5f03d48a034625287f4e9552,1.0,381,COMPLETED,lfr_n1000_o00_m20_s11_q01_hull-best,7.5038363171355495,2934,hull-best,391,0.2998349582776427
1.0,0.22698670081913533,1750363/7711302,lfr_n1000_o00_m20_s11,True,1,81,1.0,0.2990902909077704,0.2071611253196931,1.0,1,results/m4/dev_ablations_v12_002/raw/lfr_n1000_o00_m20_s11_q01_conductance-sweep.json.gz,0ffd21ba3cd47e64586099fefb5f7a343bc6c28ea8a02bd99487ab051334b409,1.0,381,COMPLETED,lfr_n1000_o00_m20_s11_q01_conductance-sweep,7.5038363171355495,2934,conductance-sweep,391,0.2990902909077704
1.0,0.24107032012059945,54371/225540,lfr_n1000_o00_m20_s12,True,1,166,1.0,0.1725004157051444,0.1976190476190476,1.0,0,results/m4/dev_ablations_v12_002/raw/lfr_n1000_o00_m20_s12_q00_R-cap-0.25.json.gz,d35afaee99b3379d5037a0d3ad0030c4559d890e4876f34364ddf61210806a72,1.0,609,COMPLETED,lfr_n1000_o00_m20_s12_q00_R-cap-0.25,4.908333333333333,4123,R-cap-0.25,840,0.1725004157051444
1.0,0.24107032012059945,54371/225540,lfr_n1000_o00_m20_s12,True,1,166,1.0,0.19036900019273162,0.1976190476190476,1.0,0,results/m4/dev_ablations_v12_002/raw/lfr_n1000_o00_m20_s12_q00_R-cap-0.5.json.gz,d194adf92376447c03e790239890ae0522567062710efb9733095d0b1f76109b,1.0,609,COMPLETED,lfr_n1000_o00_m20_s12_q00_R-cap-0.5,4.908333333333333,4123,R-cap-0.5,840,0.19036900019273162
1.0,0.24107032012059945,54371/225540,lfr_n1000_o00_m20_s12,True,1,166,1.0,0.28608670784160495,0.1976190476190476,1.0,0,results/m4/dev_ablations_v12_002/raw/lfr_n1000_o00_m20_s12_q00_R-cap-1.json.gz,ccfee30d9ffc80365107ed69ef849bedd52b8236395ecf338bdf35313b77913a,1.0,609,COMPLETED,lfr_n1000_o00_m20_s12_q00_R-cap-1,4.908333333333333,4123,R-cap-1,840,0.28608670784160495
1.0,0.24107032012059945,54371/225540,lfr_n1000_o00_m20_s12,True,1,166,1.0,0.2241041250526905,0.1976190476190476,1.0,0,results/m4/dev_ablations_v12_002/raw/lfr_n1000_o00_m20_s12_q00_supp-jstar.json.gz,729eae7d91767d3b167c096862e80efce72865b6acf6e00814df56cdbf295c9c,1.0,609,COMPLETED,lfr_n1000_o00_m20_s12_q00_supp-jstar,4.908333333333333,4123,supp-jstar,840,0.2241041250526905
1.0,0.24107032012059945,54371/225540,lfr_n1000_o00_m20_s12,True,1,166,1.0,0.7984909159131348,0.1976190476190476,1.0,0,results/m4/dev_ablations_v12_002/raw/lfr_n1000_o00_m20_s12_q00_supp-jstar+2.json.gz,e3ec5458d15935c60e362fa6f01ef465af2dc86127471d83915ad2ae1509029c,1.0,609,COMPLETED,lfr_n1000_o00_m20_s12_q00_supp-jstar+2,9.126190476190477,7666,supp-jstar+2,840,0.7984909159131348
1.0,0.24107032012059945,54371/225540,lfr_n1000_o00_m20_s12,True,1,166,0.08061420345489444,0.2291626250371337,0.1976190476190476,1.0,0,results/m4/dev_ablations_v12_002/raw/lfr_n1000_o00_m20_s12_q00_full.json.gz,f5f608a34ecc232f1fbe339795c70cce98fecd374ca39d5be988174b17b272f0,1.0,609,COMPLETED,lfr_n1000_o00_m20_s12_q00_full,23.014285714285716,19332,full,840,0.2291626250371337
1.0,0.24107032012059945,54371/225540,lfr_n1000_o00_m20_s12,True,1,166,1.0,0.5177430408075452,0.1976190476190476,1.0,0,results/m4/dev_ablations_v12_002/raw/lfr_n1000_o00_m20_s12_q00_patience-2.json.gz,966d830377234b2e2b148c3435e5db2b7d7fe721a4d577ed17114aa760a85bbe,1.0,609,COMPLETED,lfr_n1000_o00_m20_s12_q00_patience-2,4.908333333333333,4123,patience-2,840,0.5177430408075452
1.0,0.24107032012059945,54371/225540,lfr_n1000_o00_m20_s12,True,1,166,1.0,0.5770635418593884,0.1976190476190476,1.0,0,results/m4/dev_ablations_v12_002/raw/lfr_n1000_o00_m20_s12_q00_ZR-mact.json.gz,61fc6cc6200051bed1b2bb121c693ae2b03262e3e7025541337f549c9eaf3976,1.0,609,COMPLETED,lfr_n1000_o00_m20_s12_q00_ZR-mact,4.908333333333333,4123,ZR-mact,840,0.5770635418593884
1.0,0.24107032012059945,54371/225540,lfr_n1000_o00_m20_s12,True,1,166,1.0,0.4056765423156321,0.1976190476190476,1.0,0,results/m4/dev_ablations_v12_002/raw/lfr_n1000_o00_m20_s12_q00_sqrt2-grid.json.gz,cb8f413fab0914c8ca66036b74cb7a3967d0fb0ffb4727c51595dc949b18e441,1.0,609,COMPLETED,lfr_n1000_o00_m20_s12_q00_sqrt2-grid,4.908333333333333,4123,sqrt2-grid,840,0.4056765423156321
1.0,0.24107032012059945,54371/225540,lfr_n1000_o00_m20_s12,True,1,166,1.0,0.6543930834159255,0.1976190476190476,1.0,0,results/m4/dev_ablations_v12_002/raw/lfr_n1000_o00_m20_s12_q00_fixed-grid.json.gz,76899f0fcdafd89c9f5d9eb0eeeaa701bb6dfeb21935abf141defa625676341f,1.0,609,COMPLETED,lfr_n1000_o00_m20_s12_q00_fixed-grid,6.064285714285714,5094,fixed-grid,840,0.6543930834159255
1.0,0.24107032012059945,54371/225540,lfr_n1000_o00_m20_s12,True,1,166,1.0,0.5010592080652714,0.1976190476190476,1.0,0,results/m4/dev_ablations_v12_002/raw/lfr_n1000_o00_m20_s12_q00_ZR-budgetM.json.gz,b7ea1db38706beaf455e28c1dca0a0b13b00e844994e66e3bbe3c555eb063659,1.0,609,COMPLETED,lfr_n1000_o00_m20_s12_q00_ZR-budgetM,9.126190476190477,7666,ZR-budgetM,840,0.5010592080652714
1.0,0.24107032012059945,54371/225540,lfr_n1000_o00_m20_s12,True,1,166,1.0,0.5033184997737408,0.1976190476190476,1.0,0,results/m4/dev_ablations_v12_002/raw/lfr_n1000_o00_m20_s12_q00_ordering-bfs.json.gz,a2b31fa6822c88604dcc7a750a8048bfac8b72211684abb0d84bed51ee9b7884,1.0,609,COMPLETED,lfr_n1000_o00_m20_s12_q00_ordering-bfs,4.908333333333333,4123,ordering-bfs,840,0.5033184997737408
1.0,0.24107032012059945,54371/225540,lfr_n1000_o00_m20_s12,True,1,166,1.0,0.5226029576733708,0.1976190476190476,1.0,0,results/m4/dev_ablations_v12_002/raw/lfr_n1000_o00_m20_s12_q00_ordering-random.json.gz,d63d0b1a1bb33183f40a6587d2d529c12aff443ad109f36b79ed73e3cfcb3add,1.0,609,COMPLETED,lfr_n1000_o00_m20_s12_q00_ordering-random,4.908333333333333,4123,ordering-random,840,0.5226029576733708
1.0,0.24107032012059945,54371/225540,lfr_n1000_o00_m20_s12,True,1,166,1.0,0.5363814579322934,0.1976190476190476,1.0,0,results/m4/dev_ablations_v12_002/raw/lfr_n1000_o00_m20_s12_q00_multi-start.json.gz,e24afd1a45ece0ddd9a488e9733a19cc4a6c4b170fa2162513ea2655062f0a4f,1.0,609,COMPLETED,lfr_n1000_o00_m20_s12_q00_multi-start,4.908333333333333,4123,multi-start,840,0.5363814579322934
1.0,0.24107032012059945,54371/225540,lfr_n1000_o00_m20_s12,True,1,166,1.0,0.7326276665553451,0.1976190476190476,1.0,0,results/m4/dev_ablations_v12_002/raw/lfr_n1000_o00_m20_s12_q00_diffusion-TL-star.json.gz,c55e45929fe88e5aa03d96832593514e57aaf6b6917c6cdb22fa9aa16b0bd0e9,1.0,609,COMPLETED,lfr_n1000_o00_m20_s12_q00_diffusion-TL-star,4.908333333333333,4123,diffusion-TL-star,840,0.7326276665553451
0.9767441860465116,0.2599705152079454,6701/25776,lfr_n1000_o00_m20_s12,True,1,186,1.0,0.5224742093123496,0.2152777777777778,0.9545454545454546,0,results/m4/dev_ablations_v12_002/raw/lfr_n1000_o00_m20_s12_q00_no-refinement.json.gz,58a62c74b389c1e41e40856950e4a47bdd6df475c62fe2152c279896d14bdf0d,1.0,609,COMPLETED,lfr_n1000_o00_m20_s12_q00_no-refinement,4.7719907407407405,4123,no-refinement,864,0.5224742093123496
1.0,0.24107032012059945,54371/225540,lfr_n1000_o00_m20_s12,True,1,166,1.0,0.519272499717772,0.1976190476190476,1.0,0,results/m4/dev_ablations_v12_002/raw/lfr_n1000_o00_m20_s12_q00_hull-best.json.gz,ac1e127c300c996779e272eb16d46c38a8bd661a8e7f038480ea183f962df44a,1.0,609,COMPLETED,lfr_n1000_o00_m20_s12_q00_hull-best,4.908333333333333,4123,hull-best,840,0.519272499717772
1.0,0.24107032012059945,54371/225540,lfr_n1000_o00_m20_s12,True,1,166,1.0,0.5121015002951026,0.1976190476190476,1.0,0,results/m4/dev_ablations_v12_002/raw/lfr_n1000_o00_m20_s12_q00_conductance-sweep.json.gz,dd33d3699b07fa02e766894cefe12d0ba40aa381df548c96388d588a9d3e0f4f,1.0,609,COMPLETED,lfr_n1000_o00_m20_s12_q00_conductance-sweep,4.908333333333333,4123,conductance-sweep,840,0.5121015002951026
1.0,0.24107032012059945,54371/225540,lfr_n1000_o00_m20_s12,True,1,166,1.0,0.18468212522566319,0.1976190476190476,1.0,1,results/m4/dev_ablations_v12_002/raw/lfr_n1000_o00_m20_s12_q01_R-cap-0.25.json.gz,f2342cf363920ac19f6d24a1e47f5af9360b55c734690e9c46822c8d98ae596b,1.0,416,COMPLETED,lfr_n1000_o00_m20_s12_q01_R-cap-0.25,3.4630952380952382,2909,R-cap-0.25,840,0.18468212522566319
1.0,0.24107032012059945,54371/225540,lfr_n1000_o00_m20_s12,True,1,166,1.0,0.19686124986037612,0.1976190476190476,1.0,1,results/m4/dev_ablations_v12_002/raw/lfr_n1000_o00_m20_s12_q01_R-cap-0.5.json.gz,cc7d798af52e28c75226c1fabf646c002a334245c3ffe628bab2ebbd23fcf67c,1.0,416,COMPLETED,lfr_n1000_o00_m20_s12_q01_R-cap-0.5,3.4630952380952382,2909,R-cap-0.5,840,0.19686124986037612
1.0,0.24107032012059945,54371/225540,lfr_n1000_o00_m20_s12,True,1,166,1.0,0.2687172503210604,0.1976190476190476,1.0,1,results/m4/dev_ablations_v12_002/raw/lfr_n1000_o00_m20_s12_q01_R-cap-1.json.gz,ee3ba9517695bb08cbd163d46d16e63200a8cef63291a675b8f92ef5ad046c03,1.0,416,COMPLETED,lfr_n1000_o00_m20_s12_q01_R-cap-1,3.4630952380952382,2909,R-cap-1,840,0.2687172503210604
1.0,0.24107032012059945,54371/225540,lfr_n1000_o00_m20_s12,True,1,166,1.0,0.18118658429011703,0.1976190476190476,1.0,1,results/m4/dev_ablations_v12_002/raw/lfr_n1000_o00_m20_s12_q01_supp-jstar.json.gz,6bcb9d1ae40c793ba131bf44f8b2ba60e5606d23d7fdae3c3c8cec9c5e51557b,1.0,416,COMPLETED,lfr_n1000_o00_m20_s12_q01_supp-jstar,3.4630952380952382,2909,supp-jstar,840,0.18118658429011703
1.0,0.24107032012059945,54371/225540,lfr_n1000_o00_m20_s12,True,1,166,1.0,0.7595932921394706,0.1976190476190476,1.0,1,results/m4/dev_ablations_v12_002/raw/lfr_n1000_o00_m20_s12_q01_supp-jstar+2.json.gz,73f001e5f10c55ac290a800e0545650ff64c2fd7b803d143281aed84cd0fe0d9,1.0,416,COMPLETED,lfr_n1000_o00_m20_s12_q01_supp-jstar+2,7.1119047619047615,5974,supp-jstar+2,840,0.7595932921394706
1.0,0.24107032012059945,54371/225540,lfr_n1000_o00_m20_s12,True,1,166,0.08061420345489444,0.22852954221889377,0.1976190476190476,1.0,1,results/m4/dev_ablations_v12_002/raw/lfr_n1000_o00_m20_s12_q01_full.json.gz,5ca8dd3197d8ef11bb3ead44a08ea2b4cb66350cce08e139a537f78d2578b693,1.0,416,COMPLETED,lfr_n1000_o00_m20_s12_q01_full,23.014285714285716,19332,full,840,0.22852954221889377
1.0,0.24107032012059945,54371/225540,lfr_n1000_o00_m20_s12,True,1,166,1.0,0.41462108399719,0.1976190476190476,1.0,1,results/m4/dev_ablations_v12_002/raw/lfr_n1000_o00_m20_s12_q01_patience-2.json.gz,238366ec4f7c563de152780fdfb4774063fd75fd251f65f4307fd94a5bc677bc,1.0,416,COMPLETED,lfr_n1000_o00_m20_s12_q01_patience-2,3.4630952380952382,2909,patience-2,840,0.41462108399719
1.0,0.24107032012059945,54371/225540,lfr_n1000_o00_m20_s12,True,1,166,1.0,0.4389647920615971,0.1976190476190476,1.0,1,results/m4/dev_ablations_v12_002/raw/lfr_n1000_o00_m20_s12_q01_ZR-mact.json.gz,3a6a9c750f7f7316f1e3ef62b2c116d1a26bb60a5e0a12972c931138ecb09e35,1.0,416,COMPLETED,lfr_n1000_o00_m20_s12_q01_ZR-mact,3.4630952380952382,2909,ZR-mact,840,0.4389647920615971
1.0,0.24107032012059945,54371/225540,lfr_n1000_o00_m20_s12,True,1,166,1.0,0.26169545808807015,0.1976190476190476,1.0,1,results/m4/dev_ablations_v12_002/raw/lfr_n1000_o00_m20_s12_q01_sqrt2-grid.json.gz,08a8a316ddd16cc9c4f9e85d2700fab6d16d39747610b08f4fe5a2b647694913,1.0,416,COMPLETED,lfr_n1000_o00_m20_s12_q01_sqrt2-grid,5.105952380952381,4289,sqrt2-grid,840,0.26169545808807015
1.0,0.24107032012059945,54371/225540,lfr_n1000_o00_m20_s12,True,1,166,1.0,0.33379808301106095,0.1976190476190476,1.0,1,results/m4/dev_ablations_v12_002/raw/lfr_n1000_o00_m20_s12_q01_fixed-grid.json.gz,d02ed0b4ccc97946cabc279444f28e0c5a3e9241c92100e12d096287d382815b,1.0,416,COMPLETED,lfr_n1000_o00_m20_s12_q01_fixed-grid,6.535714285714286,5490,fixed-grid,840,0.33379808301106095
1.0,0.24107032012059945,54371/225540,lfr_n1000_o00_m20_s12,True,1,166,1.0,0.4556438750587404,0.1976190476190476,1.0,1,results/m4/dev_ablations_v12_002/raw/lfr_n1000_o00_m20_s12_q01_ZR-budgetM.json.gz,8b61f95dd039e9b962287cd18e39b3f945d3ccd8abc50dc3ea3c6fa7d623a375,1.0,416,COMPLETED,lfr_n1000_o00_m20_s12_q01_ZR-budgetM,7.1119047619047615,5974,ZR-budgetM,840,0.4556438750587404
1.0,0.24107032012059945,54371/225540,lfr_n1000_o00_m20_s12,True,1,166,1.0,0.43096470879390836,0.1976190476190476,1.0,1,results/m4/dev_ablations_v12_002/raw/lfr_n1000_o00_m20_s12_q01_ordering-bfs.json.gz,2f95507a11b678982efc2cb5db0f93dfae5d226b255e453512673f40f7cf4a7c,1.0,416,COMPLETED,lfr_n1000_o00_m20_s12_q01_ordering-bfs,3.4630952380952382,2909,ordering-bfs,840,0.43096470879390836
1.0,0.24107032012059945,54371/225540,lfr_n1000_o00_m20_s12,True,1,166,1.0,0.43826108425855637,0.1976190476190476,1.0,1,results/m4/dev_ablations_v12_002/raw/lfr_n1000_o00_m20_s12_q01_ordering-random.json.gz,2db93adf7338f3c112444452b799d119a6a311d64cbe0d01c27bd198b52968e8,1.0,416,COMPLETED,lfr_n1000_o00_m20_s12_q01_ordering-random,3.4630952380952382,2909,ordering-random,840,0.43826108425855637
1.0,0.24107032012059945,54371/225540,lfr_n1000_o00_m20_s12,True,1,166,1.0,0.45544829219579697,0.1976190476190476,1.0,1,results/m4/dev_ablations_v12_002/raw/lfr_n1000_o00_m20_s12_q01_multi-start.json.gz,d089e1a88aef100b8865091290332d01ceb8a451c182e02cb6c1787546310968,1.0,416,COMPLETED,lfr_n1000_o00_m20_s12_q01_multi-start,3.4630952380952382,2909,multi-start,840,0.45544829219579697
1.0,0.24107032012059945,54371/225540,lfr_n1000_o00_m20_s12,True,1,166,1.0,0.6231466671451926,0.1976190476190476,1.0,1,results/m4/dev_ablations_v12_002/raw/lfr_n1000_o00_m20_s12_q01_diffusion-TL-star.json.gz,f00cefb1fbb716c2152ccdb1084f42368a87271737685149d6a097746e506efb,1.0,416,COMPLETED,lfr_n1000_o00_m20_s12_q01_diffusion-TL-star,3.4630952380952382,2909,diffusion-TL-star,840,0.6231466671451926
0.9767441860465116,0.27040459933197364,4574029/16915500,lfr_n1000_o00_m20_s12,True,1,197,1.0,0.4231460839509964,0.22514285714285714,0.9545454545454546,1,results/m4/dev_ablations_v12_002/raw/lfr_n1000_o00_m20_s12_q01_no-refinement.json.gz,c20c4cedb30d0522809afe5c1c19b2820b3f0db5df2ee44cee7a43b54192e14b,1.0,416,COMPLETED,lfr_n1000_o00_m20_s12_q01_no-refinement,3.3245714285714287,2909,no-refinement,875,0.4231460839509964
1.0,0.24107032012059945,54371/225540,lfr_n1000_o00_m20_s12,True,1,166,1.0,0.4477003328502178,0.1976190476190476,1.0,1,results/m4/dev_ablations_v12_002/raw/lfr_n1000_o00_m20_s12_q01_hull-best.json.gz,90f5e45879e40731685a0f288bbac8d4ba1cb84461cb93620d30b33aa3ba570c,1.0,416,COMPLETED,lfr_n1000_o00_m20_s12_q01_hull-best,3.4630952380952382,2909,hull-best,840,0.4477003328502178
1.0,0.24107032012059945,54371/225540,lfr_n1000_o00_m20_s12,True,1,166,1.0,0.4340128330513835,0.1976190476190476,1.0,1,results/m4/dev_ablations_v12_002/raw/lfr_n1000_o00_m20_s12_q01_conductance-sweep.json.gz,b89e81c2b7ab966316f51ed56d8b4fe57bfcf360c142ba4c865e2542629cec66,1.0,416,COMPLETED,lfr_n1000_o00_m20_s12_q01_conductance-sweep,3.4630952380952382,2909,conductance-sweep,840,0.4340128330513835
1.0,0.5228045340436144,1263067/2415945,lfr_n1000_o00_m50_s11,True,1,244,1.0,0.18791829096153378,0.49795918367346936,1.0,0,results/m4/dev_ablations_v12_002/raw/lfr_n1000_o00_m50_s11_q00_R-cap-0.25.json.gz,a60da0d4c97d380dd544688c2295edd6178730804a126253d7a844c9e850de1d,1.0,599,COMPLETED,lfr_n1000_o00_m50_s11_q00_R-cap-0.25,6.289795918367347,3082,R-cap-0.25,490,0.18791829096153378
1.0,0.5228045340436144,1263067/2415945,lfr_n1000_o00_m50_s11,True,1,244,1.0,0.21131525002419949,0.49795918367346936,1.0,0,results/m4/dev_ablations_v12_002/raw/lfr_n1000_o00_m50_s11_q00_R-cap-0.5.json.gz,02d3a5ac8198ec2c526cbbee0bfd58a391babf0b3349c2480ee8edcd7fef444c,1.0,599,COMPLETED,lfr_n1000_o00_m50_s11_q00_R-cap-0.5,6.289795918367347,3082,R-cap-0.5,490,0.21131525002419949
1.0,0.5228045340436144,1263067/2415945,lfr_n1000_o00_m50_s11,True,1,244,1.0,0.2634637919254601,0.49795918367346936,1.0,0,results/m4/dev_ablations_v12_002/raw/lfr_n1000_o00_m50_s11_q00_R-cap-1.json.gz,3c86b3225e6e1722e488a447ed52c4230cc16687c9ca98c475e0a195e44c3c68,1.0,599,COMPLETED,lfr_n1000_o00_m50_s11_q00_R-cap-1,6.289795918367347,3082,R-cap-1,490,0.2634637919254601
1.0,0.5228045340436144,1263067/2415945,lfr_n1000_o00_m50_s11,True,1,244,1.0,0.2071499158628285,0.49795918367346936,1.0,0,results/m4/dev_ablations_v12_002/raw/lfr_n1000_o00_m50_s11_q00_supp-jstar.json.gz,d1d69d07afb216aa363e596a13eb743e0b187e2868ee4daba95ffb4535bd8013,1.0,599,COMPLETED,lfr_n1000_o00_m50_s11_q00_supp-jstar,6.289795918367347,3082,supp-jstar,490,0.2071499158628285
1.0,0.5228045340436144,1263067/2415945,lfr_n1000_o00_m50_s11,True,1,244,0.11188811188811189,0.31461891578510404,0.49795918367346936,1.0,0,results/m4/dev_ablations_v12_002/raw/lfr_n1000_o00_m50_s11_q00_supp-jstar+2.json.gz,178186b116bb8eb959b1aaf31a5da70d8a34b26573fbc02ea443e21945b6e19e,1.0,599,COMPLETED,lfr_n1000_o00_m50_s11_q00_supp-jstar+2,19.15714285714286,9387,supp-jstar+2,490,0.31461891578510404
1.0,0.5228045340436144,1263067/2415945,lfr_n1000_o00_m50_s11,True,1,244,0.046875,0.27220791717991233,0.49795918367346936,1.0,0,results/m4/dev_ablations_v12_002/raw/lfr_n1000_o00_m50_s11_q00_full.json.gz,de5d78ce70362a41b1173d029cbb61a7886852c520425e81e76b51bba709d03c,1.0,599,COMPLETED,lfr_n1000_o00_m50_s11_q00_full,40.248979591836736,19722,full,490,0.27220791717991233
1.0,0.5228045340436144,1263067/2415945,lfr_n1000_o00_m50_s11,True,1,244,1.0,0.38892062520608306,0.49795918367346936,1.0,0,results/m4/dev_ablations_v12_002/raw/lfr_n1000_o00_m50_s11_q00_patience-2.json.gz,4e72f5c9d891eaea2a916087e56528fcdb7fa57aa750c41b40bae765df64dc3c,1.0,599,COMPLETED,lfr_n1000_o00_m50_s11_q00_patience-2,6.289795918367347,3082,patience-2,490,0.38892062520608306
1.0,0.5228045340436144,1263067/2415945,lfr_n1000_o00_m50_s11,True,1,244,1.0,0.3884863331913948,0.49795918367346936,1.0,0,results/m4/dev_ablations_v12_002/raw/lfr_n1000_o00_m50_s11_q00_ZR-mact.json.gz,693be3038cd4557456f384222d3046ee65bb83f4c65671d88997901d00ac6785,1.0,599,COMPLETED,lfr_n1000_o00_m50_s11_q00_ZR-mact,6.289795918367347,3082,ZR-mact,490,0.3884863331913948
1.0,0.5228045340436144,1263067/2415945,lfr_n1000_o00_m50_s11,True,1,244,1.0,0.20522437524050474,0.49795918367346936,1.0,0,results/m4/dev_ablations_v12_002/raw/lfr_n1000_o00_m50_s11_q00_sqrt2-grid.json.gz,db2e51b7e654647530dcce297db1bd92dfe488c834d57ad95fec228e9ac510ae,1.0,599,COMPLETED,lfr_n1000_o00_m50_s11_q00_sqrt2-grid,6.289795918367347,3082,sqrt2-grid,490,0.20522437524050474
1.0,0.5228045340436144,1263067/2415945,lfr_n1000_o00_m50_s11,True,1,244,1.0,0.24472766602411866,0.49795918367346936,1.0,0,results/m4/dev_ablations_v12_002/raw/lfr_n1000_o00_m50_s11_q00_fixed-grid.json.gz,1f7ffe5c56daf672b1b722679495de78df9c067a91da62a674541157c21a2335,1.0,599,COMPLETED,lfr_n1000_o00_m50_s11_q00_fixed-grid,9.575510204081633,4692,fixed-grid,490,0.24472766602411866
1.0,0.5228045340436144,1263067/2415945,lfr_n1000_o00_m50_s11,True,1,244,1.0,0.4004569170065224,0.49795918367346936,1.0,0,results/m4/dev_ablations_v12_002/raw/lfr_n1000_o00_m50_s11_q00_ZR-budgetM.json.gz,da3dfd459b66466cd4c7d5b7bd55fb1a6add640c262648544d7d160681d4da7d,1.0,599,COMPLETED,lfr_n1000_o00_m50_s11_q00_ZR-budgetM,19.15714285714286,9387,ZR-budgetM,490,0.4004569170065224
1.0,0.5228045340436144,1263067/2415945,lfr_n1000_o00_m50_s11,True,1,244,1.0,0.3833622499369085,0.49795918367346936,1.0,0,results/m4/dev_ablations_v12_002/raw/lfr_n1000_o00_m50_s11_q00_ordering-bfs.json.gz,3ad4c6b208f547537b0273ad9c686f29c94c2b88f7961ac9bf0373c1cfa9e0ab,1.0,599,COMPLETED,lfr_n1000_o00_m50_s11_q00_ordering-bfs,6.289795918367347,3082,ordering-bfs,490,0.3833622499369085
1.0,0.5228045340436144,1263067/2415945,lfr_n1000_o00_m50_s11,True,1,244,1.0,0.41066758427768946,0.49795918367346936,1.0,0,results/m4/dev_ablations_v12_002/raw/lfr_n1000_o00_m50_s11_q00_ordering-random.json.gz,c450f8b96df6f328d4f229f2981b2bd2b6981dbcd7d62638fb4fc13357d5a0ef,1.0,599,COMPLETED,lfr_n1000_o00_m50_s11_q00_ordering-random,6.289795918367347,3082,ordering-random,490,0.41066758427768946
1.0,0.5228045340436144,1263067/2415945,lfr_n1000_o00_m50_s11,True,1,244,1.0,0.41692608315497637,0.49795918367346936,1.0,0,results/m4/dev_ablations_v12_002/raw/lfr_n1000_o00_m50_s11_q00_multi-start.json.gz,4dbb4d9d866b6ca68f5506ac15c61ba98231c035ee54de75c968a1c518d388d6,1.0,599,COMPLETED,lfr_n1000_o00_m50_s11_q00_multi-start,6.289795918367347,3082,multi-start,490,0.41692608315497637
1.0,0.5228045340436144,1263067/2415945,lfr_n1000_o00_m50_s11,True,1,244,1.0,0.6363029996864498,0.49795918367346936,1.0,0,results/m4/dev_ablations_v12_002/raw/lfr_n1000_o00_m50_s11_q00_diffusion-TL-star.json.gz,6d501a361bd9502930bd791b39b4d064e71da217410f7718c985685d18a0a74e,1.0,599,COMPLETED,lfr_n1000_o00_m50_s11_q00_diffusion-TL-star,6.289795918367347,3082,diffusion-TL-star,490,0.6363029996864498
0.8275862068965517,0.6867099745282963,115118/167637,lfr_n1000_o00_m50_s11,True,1,506,1.0,0.39434975013136864,0.6470588235294118,0.7058823529411765,0,results/m4/dev_ablations_v12_002/raw/lfr_n1000_o00_m50_s11_q00_no-refinement.json.gz,f7718a433cd130ce3cb7c16305d098db1537ea9c0fcce97ca597237877581f22,1.0,599,COMPLETED,lfr_n1000_o00_m50_s11_q00_no-refinement,3.9411764705882355,3082,no-refinement,782,0.39434975013136864
1.0,0.5228045340436144,1263067/2415945,lfr_n1000_o00_m50_s11,True,1,244,1.0,0.3962161662057042,0.49795918367346936,1.0,0,results/m4/dev_ablations_v12_002/raw/lfr_n1000_o00_m50_s11_q00_hull-best.json.gz,95ed34cc25325c7f9a540ea2db533fb559dc1adf8c31b903342021f6bdc899c5,1.0,599,COMPLETED,lfr_n1000_o00_m50_s11_q00_hull-best,6.289795918367347,3082,hull-best,490,0.3962161662057042
1.0,0.5228045340436144,1263067/2415945,lfr_n1000_o00_m50_s11,True,1,244,1.0,0.39968016697093844,0.49795918367346936,1.0,0,results/m4/dev_ablations_v12_002/raw/lfr_n1000_o00_m50_s11_q00_conductance-sweep.json.gz,7a31fc1511fc55f2d4b9f8a594a6477501e0175b9afc666e8c1c9e1539cb5670,1.0,599,COMPLETED,lfr_n1000_o00_m50_s11_q00_conductance-sweep,6.289795918367347,3082,conductance-sweep,490,0.39968016697093844
1.0,0.5228045340436144,1263067/2415945,lfr_n1000_o00_m50_s11,True,1,244,1.0,0.1704927501268685,0.49795918367346936,1.0,1,results/m4/dev_ablations_v12_002/raw/lfr_n1000_o00_m50_s11_q01_R-cap-0.25.json.gz,3744ec1e0fb5a3548f21be9874eaa0355f0ab1d1660f00e75453efcce54cca6e,1.0,394,COMPLETED,lfr_n1000_o00_m50_s11_q01_R-cap-0.25,12.83265306122449,6288,R-cap-0.25,490,0.1704927501268685
1.0,0.5228045340436144,1263067/2415945,lfr_n1000_o00_m50_s11,True,1,244,1.0,0.19761970778927207,0.49795918367346936,1.0,1,results/m4/dev_ablations_v12_002/raw/lfr_n1000_o00_m50_s11_q01_R-cap-0.5.json.gz,2618357d34359bbb38cd8ebe9e596632e5a7b204b47fdd0b45345f0ef1766b03,1.0,394,COMPLETED,lfr_n1000_o00_m50_s11_q01_R-cap-0.5,12.83265306122449,6288,R-cap-0.5,490,0.19761970778927207
1.0,0.5228045340436144,1263067/2415945,lfr_n1000_o00_m50_s11,True,1,244,1.0,0.20862641604617238,0.49795918367346936,1.0,1,results/m4/dev_ablations_v12_002/raw/lfr_n1000_o00_m50_s11_q01_R-cap-1.json.gz,ef17adef746a244e4efcc40f3405f330b405e3da0fc85f1c169c47b48b2176cb,1.0,394,COMPLETED,lfr_n1000_o00_m50_s11_q01_R-cap-1,12.83265306122449,6288,R-cap-1,490,0.20862641604617238
1.0,0.5228045340436144,1263067/2415945,lfr_n1000_o00_m50_s11,True,1,244,1.0,0.25118650030344725,0.49795918367346936,1.0,1,results/m4/dev_ablations_v12_002/raw/lfr_n1000_o00_m50_s11_q01_supp-jstar.json.gz,5e86a7a41c3af9670142a399237498c6dc840b9c446f583a46ef61e30875dced,1.0,394,COMPLETED,lfr_n1000_o00_m50_s11_q01_supp-jstar,12.83265306122449,6288,supp-jstar,490,0.25118650030344725
1.0,0.5228045340436144,1263067/2415945,lfr_n1000_o00_m50_s11,True,1,244,0.046875,0.8909955830313265,0.49795918367346936,1.0,1,results/m4/dev_ablations_v12_002/raw/lfr_n1000_o00_m50_s11_q01_supp-jstar+2.json.gz,69630837864da6e1784949848bfe5acca164b2fb603fd4481f63fd6c3efa405d,1.0,394,COMPLETED,lfr_n1000_o00_m50_s11_q01_supp-jstar+2,40.248979591836736,19722,supp-jstar+2,490,0.8909955830313265
1.0,0.5228045340436144,1263067/2415945,lfr_n1000_o00_m50_s11,True,1,244,0.046875,0.2620960408821702,0.49795918367346936,1.0,1,results/m4/dev_ablations_v12_002/raw/lfr_n1000_o00_m50_s11_q01_full.json.gz,ea20cea4b2871bedc6b24b637c378cc97c69f47fc1acb2e22a61e37bb0f425d7,1.0,394,COMPLETED,lfr_n1000_o00_m50_s11_q01_full,40.248979591836736,19722,full,490,0.2620960408821702
1.0,0.5228045340436144,1263067/2415945,lfr_n1000_o00_m50_s11,True,1,244,1.0,0.6100488337688148,0.49795918367346936,1.0,1,results/m4/dev_ablations_v12_002/raw/lfr_n1000_o00_m50_s11_q01_patience-2.json.gz,4c301bcdd026ec7f47314596b361ac741a59594dd6aeb55612a612f40ab77629,1.0,394,COMPLETED,lfr_n1000_o00_m50_s11_q01_patience-2,12.83265306122449,6288,patience-2,490,0.6100488337688148
1.0,0.5228045340436144,1263067/2415945,lfr_n1000_o00_m50_s11,True,1,244,0.047524752475247525,0.33360495790839195,0.49795918367346936,1.0,1,results/m4/dev_ablations_v12_002/raw/lfr_n1000_o00_m50_s11_q01_ZR-mact.json.gz,63290b957a8043a11552782e45351dc61a26c2bec3a5db70b95a78cd78b4fae5,1.0,394,COMPLETED,lfr_n1000_o00_m50_s11_q01_ZR-mact,39.85306122448979,19528,ZR-mact,490,0.33360495790839195
1.0,0.5228045340436144,1263067/2415945,lfr_n1000_o00_m50_s11,True,1,244,1.0,0.3973377076908946,0.49795918367346936,1.0,1,results/m4/dev_ablations_v12_002/raw/lfr_n1000_o00_m50_s11_q01_sqrt2-grid.json.gz,99c5136ac93618eb4573b4101e67bbbdc04c025e79e66a7398212f5f3c3dd1ae,1.0,394,COMPLETED,lfr_n1000_o00_m50_s11_q01_sqrt2-grid,7.46530612244898,3658,sqrt2-grid,490,0.3973377076908946
1.0,0.5228045340436144,1263067/2415945,lfr_n1000_o00_m50_s11,True,1,244,0.05536332179930796,0.24011600017547607,0.49795918367346936,1.0,1,results/m4/dev_ablations_v12_002/raw/lfr_n1000_o00_m50_s11_q01_fixed-grid.json.gz,d195dc5ca1a511420d4fa8e27820e8a9a8286a037c3ba0740c2460ad36e3f748,1.0,394,COMPLETED,lfr_n1000_o00_m50_s11_q01_fixed-grid,34.78775510204082,17046,fixed-grid,490,0.24011600017547607
1.0,0.5228045340436144,1263067/2415945,lfr_n1000_o00_m50_s11,True,1,244,0.046875,0.8736563329584897,0.49795918367346936,1.0,1,results/m4/dev_ablations_v12_002/raw/lfr_n1000_o00_m50_s11_q01_ZR-budgetM.json.gz,4086119098ba038c41959115a05771743fb317cbfc025acd2b152fc82b430ff1,1.0,394,COMPLETED,lfr_n1000_o00_m50_s11_q01_ZR-budgetM,40.248979591836736,19722,ZR-budgetM,490,0.8736563329584897
1.0,0.5228045340436144,1263067/2415945,lfr_n1000_o00_m50_s11,True,1,244,1.0,0.5942537919618189,0.49795918367346936,1.0,1,results/m4/dev_ablations_v12_002/raw/lfr_n1000_o00_m50_s11_q01_ordering-bfs.json.gz,9f0716d6f8f9bed9a384e54af743f434eee5278d6c4cf37b9b4a20ab1a383ed9,1.0,394,COMPLETED,lfr_n1000_o00_m50_s11_q01_ordering-bfs,12.83265306122449,6288,ordering-bfs,490,0.5942537919618189
1.0,0.5228045340436144,1263067/2415945,lfr_n1000_o00_m50_s11,True,1,244,1.0,0.5968189579434693,0.49795918367346936,1.0,1,results/m4/dev_ablations_v12_002/raw/lfr_n1000_o00_m50_s11_q01_ordering-random.json.gz,113a44ac50b96f61d6fc421dc387324cf015959678b0537828260b5d4791f0d6,1.0,394,COMPLETED,lfr_n1000_o00_m50_s11_q01_ordering-random,12.83265306122449,6288,ordering-random,490,0.5968189579434693
1.0,0.5228045340436144,1263067/2415945,lfr_n1000_o00_m50_s11,True,1,244,1.0,0.6637148330919445,0.49795918367346936,1.0,1,results/m4/dev_ablations_v12_002/raw/lfr_n1000_o00_m50_s11_q01_multi-start.json.gz,87277f8eafa89999a1bcd46a75bd859ac2adab2b1c13cc8d76fedc0e0b160dcd,1.0,394,COMPLETED,lfr_n1000_o00_m50_s11_q01_multi-start,12.83265306122449,6288,multi-start,490,0.6637148330919445
1.0,0.5228045340436144,1263067/2415945,lfr_n1000_o00_m50_s11,True,1,244,1.0,0.9599560420028865,0.49795918367346936,1.0,1,results/m4/dev_ablations_v12_002/raw/lfr_n1000_o00_m50_s11_q01_diffusion-TL-star.json.gz,3e875a3a55eb168dbf69744bcdf24a17efea11c177e872438724c547688291b0,1.0,394,COMPLETED,lfr_n1000_o00_m50_s11_q01_diffusion-TL-star,12.83265306122449,6288,diffusion-TL-star,490,0.9599560420028865
0.8421052631578947,0.6759056669573031,10144291/15008442,lfr_n1000_o00_m50_s11,True,1,485,1.0,0.5913645001128316,0.6373193166885677,0.7272727272727273,1,results/m4/dev_ablations_v12_002/raw/lfr_n1000_o00_m50_s11_q01_no-refinement.json.gz,ea542431b93168038bf9f5b47d032b1b5fe9fe707f38c60f69dd9a41a1977cb2,1.0,394,COMPLETED,lfr_n1000_o00_m50_s11_q01_no-refinement,8.26281208935611,6288,no-refinement,761,0.5913645001128316
1.0,0.5228045340436144,1263067/2415945,lfr_n1000_o00_m50_s11,True,1,244,1.0,0.6103426245972514,0.49795918367346936,1.0,1,results/m4/dev_ablations_v12_002/raw/lfr_n1000_o00_m50_s11_q01_hull-best.json.gz,68a92228204acaf9cd7385c11af41ae8a783a57b1b70cee39028f6cc6465ddb0,1.0,394,COMPLETED,lfr_n1000_o00_m50_s11_q01_hull-best,12.83265306122449,6288,hull-best,490,0.6103426245972514
1.0,0.5228045340436144,1263067/2415945,lfr_n1000_o00_m50_s11,True,1,244,1.0,0.6056541660800576,0.49795918367346936,1.0,1,results/m4/dev_ablations_v12_002/raw/lfr_n1000_o00_m50_s11_q01_conductance-sweep.json.gz,7f8f7bb5ba56a4fdc9486a4590ed3264769d62912cf908cdde6a22dfb6b396cc,1.0,394,COMPLETED,lfr_n1000_o00_m50_s11_q01_conductance-sweep,12.83265306122449,6288,conductance-sweep,490,0.6056541660800576
0.7164179104477612,0.6839209828036643,200527/293202,lfr_n1000_o00_m50_s12,True,1,358,0.7164179104477612,0.16375254187732935,0.6556776556776557,0.96,0,results/m4/dev_ablations_v12_002/raw/lfr_n1000_o00_m50_s12_q00_R-cap-0.25.json.gz,8b7d2fd0c11dec1c9bbf599df89931363f9537dbc8918c211e8860486b516270,0.5714285714285714,523,COMPLETED,lfr_n1000_o00_m50_s12_q00_R-cap-0.25,11.736263736263735,6408,R-cap-0.25,546,0.16375254187732935
0.7714285714285715,0.6603671993497681,7646965/11579868,lfr_n1000_o00_m50_s12,True,1,377,0.782608695652174,0.19337658397853374,0.6293823038397329,0.9642857142857143,0,results/m4/dev_ablations_v12_002/raw/lfr_n1000_o00_m50_s12_q00_R-cap-0.5.json.gz,d444028fbd2ec7d9cc36380ba5df32f1fb8cf6bcf03df03a7fcc54672b16c7ed,0.6428571428571429,523,COMPLETED,lfr_n1000_o00_m50_s12_q00_R-cap-0.5,10.697829716193656,6408,R-cap-0.5,599,0.19337658397853374
0.8947368421052632,0.6237077767757958,8042365/12894444,lfr_n1000_o00_m50_s12,True,1,393,0.8947368421052632,0.22665225015953183,0.5892053973013494,1.0,0,results/m4/dev_ablations_v12_002/raw/lfr_n1000_o00_m50_s12_q00_R-cap-1.json.gz,41b3c54345c2831f290ac2b489c7a51aecf13413c1135193bd4c82e2a64628a8,0.8095238095238095,523,COMPLETED,lfr_n1000_o00_m50_s12_q00_R-cap-1,9.6071964017991,6408,R-cap-1,667,0.22665225015953183
0.9629629629629629,0.5768910152221192,8710069/15098292,lfr_n1000_o00_m50_s12,True,1,419,0.9629629629629629,0.3110893750563264,0.5364916773367477,1.0,0,results/m4/dev_ablations_v12_002/raw/lfr_n1000_o00_m50_s12_q00_supp-jstar.json.gz,a3cab306361645b60bfb46c33ffe411c4516b0c38d6c6314f8283b88a352b851,0.9285714285714286,523,COMPLETED,lfr_n1000_o00_m50_s12_q00_supp-jstar,8.204865556978232,6408,supp-jstar,781,0.3110893750563264
1.0,0.5438934609505883,325951/599292,lfr_n1000_o00_m50_s12,True,1,419,0.08061420345489444,0.8896596250124276,0.5005973715651135,1.0,0,results/m4/dev_ablations_v12_002/raw/lfr_n1000_o00_m50_s12_q00_supp-jstar+2.json.gz,ff8eaf1baa48e58b7cbc74651197b0d0c0822905656de107e291861da71993ad,1.0,523,COMPLETED,lfr_n1000_o00_m50_s12_q00_supp-jstar+2,23.096774193548388,19332,supp-jstar+2,837,0.8896596250124276
1.0,0.5438934609505883,325951/599292,lfr_n1000_o00_m50_s12,True,1,419,0.08061420345489444,0.2664318750612438,0.5005973715651135,1.0,0,results/m4/dev_ablations_v12_002/raw/lfr_n1000_o00_m50_s12_q00_full.json.gz,a287e1a5a6a76d093cb203bdbc1ee2a6d21feb3ddf10da6b6789c6e55cc1fa81,1.0,523,COMPLETED,lfr_n1000_o00_m50_s12_q00_full,23.096774193548388,19332,full,837,0.2664318750612438
0.24489795918367346,0.7798846646533546,1341829/1720548,lfr_n1000_o00_m50_s12,True,1,69,0.24489795918367346,0.13009391678497195,0.7752808988764045,0.8571428571428571,0,results/m4/dev_ablations_v12_002/raw/lfr_n1000_o00_m50_s12_q00_patience-2.json.gz,16ff0dcc3d07ed094ed4127e097c91e7c9d83863d2a3a24cc77913cd46840cd8,0.14285714285714285,523,COMPLETED,lfr_n1000_o00_m50_s12_q00_patience-2,4.46067415730337,397,patience-2,89,0.13009391678497195
1.0,0.5438934609505883,325951/599292,lfr_n1000_o00_m50_s12,True,1,419,1.0,0.4753214167430997,0.5005973715651135,1.0,0,results/m4/dev_ablations_v12_002/raw/lfr_n1000_o00_m50_s12_q00_ZR-mact.json.gz,6560e02c58e0ec547ea356d91e6ef7bbac37396a1f51e85fe126f020181698c2,1.0,523,COMPLETED,lfr_n1000_o00_m50_s12_q00_ZR-mact,7.033452807646356,5887,ZR-mact,837,0.4753214167430997
0.24489795918367346,0.7798846646533546,1341829/1720548,lfr_n1000_o00_m50_s12,True,1,69,0.24489795918367346,0.12852795887738466,0.7752808988764045,0.8571428571428571,0,results/m4/dev_ablations_v12_002/raw/lfr_n1000_o00_m50_s12_q00_sqrt2-grid.json.gz,a3196813bfe7dd6c236f5c633bfdf2b63f0516b721ca001abb9e30c0532cdd66,0.14285714285714285,523,COMPLETED,lfr_n1000_o00_m50_s12_q00_sqrt2-grid,4.157303370786517,370,sqrt2-grid,89,0.12852795887738466
0.24489795918367346,0.7798846646533546,1341829/1720548,lfr_n1000_o00_m50_s12,True,1,69,0.24489795918367346,0.12339750025421381,0.7752808988764045,0.8571428571428571,0,results/m4/dev_ablations_v12_002/raw/lfr_n1000_o00_m50_s12_q00_fixed-grid.json.gz,9f9837341a3fa863b2cb587735f474997fc23f70fa92cceae9d045cc612aa846,0.14285714285714285,523,COMPLETED,lfr_n1000_o00_m50_s12_q00_fixed-grid,7.348314606741573,654,fixed-grid,89,0.12339750025421381
1.0,0.5438934609505883,325951/599292,lfr_n1000_o00_m50_s12,True,1,419,0.08061420345489444,0.8557772496715188,0.5005973715651135,1.0,0,results/m4/dev_ablations_v12_002/raw/lfr_n1000_o00_m50_s12_q00_ZR-budgetM.json.gz,ac26e4e7954bc101fabd6de6ebb2fd35633955da2171b9c0887fc8c906478209,1.0,523,COMPLETED,lfr_n1000_o00_m50_s12_q00_ZR-budgetM,23.096774193548388,19332,ZR-budgetM,837,0.8557772496715188
1.0,0.5438934609505883,325951/599292,lfr_n1000_o00_m50_s12,True,1,419,1.0,0.5532072922214866,0.5005973715651135,1.0,0,results/m4/dev_ablations_v12_002/raw/lfr_n1000_o00_m50_s12_q00_ordering-bfs.json.gz,9154cf7be17b54ca2b87f7f9c863bfa62d9812615ce8675d5bb8bfc1af162745,1.0,523,COMPLETED,lfr_n1000_o00_m50_s12_q00_ordering-bfs,7.655913978494624,6408,ordering-bfs,837,0.5532072922214866
1.0,0.5438934609505883,325951/599292,lfr_n1000_o00_m50_s12,True,1,419,1.0,0.5611265418119729,0.5005973715651135,1.0,0,results/m4/dev_ablations_v12_002/raw/lfr_n1000_o00_m50_s12_q00_ordering-random.json.gz,270e5aa9af7ad0c830b5e6d7d35545f3db1c786494c2db7d5aacc4659ca220ae,1.0,523,COMPLETED,lfr_n1000_o00_m50_s12_q00_ordering-random,7.655913978494624,6408,ordering-random,837,0.5611265418119729
1.0,0.5438934609505883,325951/599292,lfr_n1000_o00_m50_s12,True,1,419,1.0,0.6238537500612438,0.5005973715651135,1.0,0,results/m4/dev_ablations_v12_002/raw/lfr_n1000_o00_m50_s12_q00_multi-start.json.gz,f8803972f4b049afbb8408a7431debd1127e203eb4209f33dc6a39ce2b40c377,1.0,523,COMPLETED,lfr_n1000_o00_m50_s12_q00_multi-start,7.655913978494624,6408,multi-start,837,0.6238537500612438
1.0,0.5438934609505883,325951/599292,lfr_n1000_o00_m50_s12,True,1,419,1.0,0.9327170830219984,0.5005973715651135,1.0,0,results/m4/dev_ablations_v12_002/raw/lfr_n1000_o00_m50_s12_q00_diffusion-TL-star.json.gz,df7663e405bc977cccbdbe74f26b4e0a49ddb00b4903a278543031485c781d09,1.0,523,COMPLETED,lfr_n1000_o00_m50_s12_q00_diffusion-TL-star,7.655913978494624,6408,diffusion-TL-star,837,0.9327170830219984
0.5454545454545454,0.7696870976242618,10876981/14131692,lfr_n1000_o00_m50_s12,True,1,535,1.0,0.531116624828428,0.7318741450068399,0.6,0,results/m4/dev_ablations_v12_002/raw/lfr_n1000_o00_m50_s12_q00_no-refinement.json.gz,c9388964f7fdd1cff018959c050d0dc963f25d2a3a088d1fd4dcccb30615d2f8,0.5,523,COMPLETED,lfr_n1000_o00_m50_s12_q00_no-refinement,8.766073871409029,6408,no-refinement,731,0.531116624828428
1.0,0.5438934609505883,325951/599292,lfr_n1000_o00_m50_s12,True,1,419,1.0,0.5668625421822071,0.5005973715651135,1.0,0,results/m4/dev_ablations_v12_002/raw/lfr_n1000_o00_m50_s12_q00_hull-best.json.gz,3af59d5849032d6ced6ceeeb67655f279428dc124184ae8fd629e0c40d3b535d,1.0,523,COMPLETED,lfr_n1000_o00_m50_s12_q00_hull-best,7.655913978494624,6408,hull-best,837,0.5668625421822071
1.0,0.5438934609505883,325951/599292,lfr_n1000_o00_m50_s12,True,1,419,1.0,0.5925662922672927,0.5005973715651135,1.0,0,results/m4/dev_ablations_v12_002/raw/lfr_n1000_o00_m50_s12_q00_conductance-sweep.json.gz,42842f53a59795b9e3de7f2cd2513211ffc3c4983e2696ebcb16069da66b5b04,1.0,523,COMPLETED,lfr_n1000_o00_m50_s12_q00_conductance-sweep,7.655913978494624,6408,conductance-sweep,837,0.5925662922672927
0.9230769230769231,0.5897020259268255,1048811/1778544,lfr_n1000_o00_m50_s12,True,1,406,0.9230769230769231,0.3025743751786649,0.5516304347826086,1.0,1,results/m4/dev_ablations_v12_002/raw/lfr_n1000_o00_m50_s12_q01_R-cap-0.25.json.gz,4f6f1f4b14705c4d1e5f5625d82e9b15c20f5d9e548bc2dc5297aa774ffcd57d,0.8571428571428571,333,COMPLETED,lfr_n1000_o00_m50_s12_q01_R-cap-0.25,7.0040760869565215,5155,R-cap-0.25,736,0.3025743751786649
0.95,0.5755291265422882,8533741/14827644,lfr_n1000_o00_m50_s12,True,1,411,0.95,0.3007295001298189,0.5358539765319427,1.0,1,results/m4/dev_ablations_v12_002/raw/lfr_n1000_o00_m50_s12_q01_R-cap-0.5.json.gz,70bccb69ccae4e652bc7425ba2aec6955973b5fb6b0d6d84716671943af6b135,0.9047619047619048,333,COMPLETED,lfr_n1000_o00_m50_s12_q01_R-cap-0.5,6.720990873533246,5155,R-cap-0.5,767,0.3007295001298189
0.9629629629629629,0.5625819670218376,241081/428526,lfr_n1000_o00_m50_s12,True,1,416,0.9629629629629629,0.3722353749908507,0.5213032581453634,1.0,1,results/m4/dev_ablations_v12_002/raw/lfr_n1000_o00_m50_s12_q01_R-cap-1.json.gz,066a95c1827ac9c50c765da2283d1ac8f6efbc6a9c78ac359911aaae7a2be3ea,0.9285714285714286,333,COMPLETED,lfr_n1000_o00_m50_s12_q01_R-cap-1,6.459899749373434,5155,R-cap-1,798,0.3722353749908507
0.9230769230769231,0.5897020259268255,1048811/1778544,lfr_n1000_o00_m50_s12,True,1,406,0.9230769230769231,0.36444129096344113,0.5516304347826086,1.0,1,results/m4/dev_ablations_v12_002/raw/lfr_n1000_o00_m50_s12_q01_supp-jstar.json.gz,56fed5e30d04ee697ebf16e3a03840df45622b797ea5317ed0a6181a659b2fe0,0.8571428571428571,333,COMPLETED,lfr_n1000_o00_m50_s12_q01_supp-jstar,7.0040760869565215,5155,supp-jstar,736,0.36444129096344113
1.0,0.5438934609505883,325951/599292,lfr_n1000_o00_m50_s12,True,1,419,0.08061420345489444,0.8434614171274006,0.5005973715651135,1.0,1,results/m4/dev_ablations_v12_002/raw/lfr_n1000_o00_m50_s12_q01_supp-jstar+2.json.gz,f5aea00049791cc6906b97b80f60422e4c595e9eb614854b18173f46d34756f5,1.0,333,COMPLETED,lfr_n1000_o00_m50_s12_q01_supp-jstar+2,23.096774193548388,19332,supp-jstar+2,837,0.8434614171274006
1.0,0.5438934609505883,325951/599292,lfr_n1000_o00_m50_s12,True,1,419,0.08061420345489444,0.27219604095444083,0.5005973715651135,1.0,1,results/m4/dev_ablations_v12_002/raw/lfr_n1000_o00_m50_s12_q01_full.json.gz,2b7206c86a7f7c5ad69a91656a92853804ef9c4e27f6d35e31a6547f20f6f26d,1.0,333,COMPLETED,lfr_n1000_o00_m50_s12_q01_full,23.096774193548388,19332,full,837,0.27219604095444083
0.24489795918367346,0.8576777811748211,555451/647622,lfr_n1000_o00_m50_s12,True,1,114,0.24489795918367346,0.12331570778042078,0.8507462686567164,0.8571428571428571,1,results/m4/dev_ablations_v12_002/raw/lfr_n1000_o00_m50_s12_q01_patience-2.json.gz,f61b1e3a5b94041e964e7491bcea1eaa0fbc000110fcf6f0e30eedc4a43ce2ae,0.14285714285714285,333,COMPLETED,lfr_n1000_o00_m50_s12_q01_patience-2,2.58955223880597,347,patience-2,134,0.12331570778042078
1.0,0.5438934609505883,325951/599292,lfr_n1000_o00_m50_s12,True,1,419,1.0,0.5183475422672927,0.5005973715651135,1.0,1,results/m4/dev_ablations_v12_002/raw/lfr_n1000_o00_m50_s12_q01_ZR-mact.json.gz,3d0d00287bd02ef04068ea7f5946c47a694064a78c488966168e3b8209533f22,1.0,333,COMPLETED,lfr_n1000_o00_m50_s12_q01_ZR-mact,6.158900836320191,5155,ZR-mact,837,0.5183475422672927
0.20833333333333334,0.8591325263811297,22145/25776,lfr_n1000_o00_m50_s12,True,1,82,0.20833333333333334,0.11331679206341505,0.8541666666666666,0.8333333333333334,1,results/m4/dev_ablations_v12_002/raw/lfr_n1000_o00_m50_s12_q01_sqrt2-grid.json.gz,42d4480980ed93b4c6a6c6f4ed7d65e6b383652584186657dad5206b5adb6bcb,0.11904761904761904,333,COMPLETED,lfr_n1000_o00_m50_s12_q01_sqrt2-grid,3.6145833333333335,347,sqrt2-grid,96,0.11331679206341505
1.0,0.5438934609505883,325951/599292,lfr_n1000_o00_m50_s12,True,1,419,0.0855397148676171,0.26576612517237663,0.5005973715651135,1.0,1,results/m4/dev_ablations_v12_002/raw/lfr_n1000_o00_m50_s12_q01_fixed-grid.json.gz,dd874511e7674aece913148deb84a1265321d62f7dca4497d306e067b5dab70a,1.0,333,COMPLETED,lfr_n1000_o00_m50_s12_q01_fixed-grid,22.15531660692951,18544,fixed-grid,837,0.26576612517237663
1.0,0.5438934609505883,325951/599292,lfr_n1000_o00_m50_s12,True,1,419,0.08061420345489444,0.8527193330228329,0.5005973715651135,1.0,1,results/m4/dev_ablations_v12_002/raw/lfr_n1000_o00_m50_s12_q01_ZR-budgetM.json.gz,b4b0ef83b01a22473217d8ba6e20330f1a32bce1a95b36ef0fcdfe1969730a1d,1.0,333,COMPLETED,lfr_n1000_o00_m50_s12_q01_ZR-budgetM,23.096774193548388,19332,ZR-budgetM,837,0.8527193330228329
1.0,0.5438934609505883,325951/599292,lfr_n1000_o00_m50_s12,True,1,419,1.0,0.5368820000439882,0.5005973715651135,1.0,1,results/m4/dev_ablations_v12_002/raw/lfr_n1000_o00_m50_s12_q01_ordering-bfs.json.gz,18573dc98ec83a2ee41104877f462871e82bce9400bf6087e6e39f25abf8777a,1.0,333,COMPLETED,lfr_n1000_o00_m50_s12_q01_ordering-bfs,6.158900836320191,5155,ordering-bfs,837,0.5368820000439882
1.0,0.5438934609505883,325951/599292,lfr_n1000_o00_m50_s12,True,1,419,1.0,0.5252983751706779,0.5005973715651135,1.0,1,results/m4/dev_ablations_v12_002/raw/lfr_n1000_o00_m50_s12_q01_ordering-random.json.gz,10dded4822b17afbdb44fe679d20a6145de2bceb2d174da0fc27399839f963f4,1.0,333,COMPLETED,lfr_n1000_o00_m50_s12_q01_ordering-random,6.158900836320191,5155,ordering-random,837,0.5252983751706779
1.0,0.5438934609505883,325951/599292,lfr_n1000_o00_m50_s12,True,1,419,1.0,0.5669863340444863,0.5005973715651135,1.0,1,results/m4/dev_ablations_v12_002/raw/lfr_n1000_o00_m50_s12_q01_multi-start.json.gz,cea6f6e5051c19e1fc239e16c5701ef21bf3f073aabb47da2a3d3e3aaea8247c,1.0,333,COMPLETED,lfr_n1000_o00_m50_s12_q01_multi-start,6.158900836320191,5155,multi-start,837,0.5669863340444863
1.0,0.5438934609505883,325951/599292,lfr_n1000_o00_m50_s12,True,1,419,1.0,0.8205012497492135,0.5005973715651135,1.0,1,results/m4/dev_ablations_v12_002/raw/lfr_n1000_o00_m50_s12_q01_diffusion-TL-star.json.gz,1833185240e8417a1b9436b7155f29e79533e7c9b1a770d6cd2fd7e8f109317b,1.0,333,COMPLETED,lfr_n1000_o00_m50_s12_q01_diffusion-TL-star,6.158900836320191,5155,diffusion-TL-star,837,0.8205012497492135
0.5210084033613446,0.7715236694468279,5227741/6775866,lfr_n1000_o00_m50_s12,True,1,980,1.0,0.49856229219585657,0.6990014265335235,0.4025974025974026,1,results/m4/dev_ablations_v12_002/raw/lfr_n1000_o00_m50_s12_q01_no-refinement.json.gz,f13019e7fd98326b81dc513d0c9d2e08a50af6b9dc84abe651002a87eecc7f19,0.7380952380952381,333,COMPLETED,lfr_n1000_o00_m50_s12_q01_no-refinement,3.6768901569186876,5155,no-refinement,1402,0.49856229219585657
1.0,0.5438934609505883,325951/599292,lfr_n1000_o00_m50_s12,True,1,419,1.0,0.526077541988343,0.5005973715651135,1.0,1,results/m4/dev_ablations_v12_002/raw/lfr_n1000_o00_m50_s12_q01_hull-best.json.gz,c3ff57fe12ee5db5eda8dcfceb7a6024c4c0e44c4931fec941ec97fbbad94d00,1.0,333,COMPLETED,lfr_n1000_o00_m50_s12_q01_hull-best,6.158900836320191,5155,hull-best,837,0.526077541988343
1.0,0.5438934609505883,325951/599292,lfr_n1000_o00_m50_s12,True,1,419,1.0,0.5110866250470281,0.5005973715651135,1.0,1,results/m4/dev_ablations_v12_002/raw/lfr_n1000_o00_m50_s12_q01_conductance-sweep.json.gz,976d1408fb92dee5d65a3e75d968d1fbfe3344a59804b5ea03a513b7989982dd,1.0,333,COMPLETED,lfr_n1000_o00_m50_s12_q01_conductance-sweep,6.158900836320191,5155,conductance-sweep,837,0.5110866250470281
0.7421383647798742,0.6950215357748266,17342479/24952434,sbm_k4_r0_rep0,True,1,2110,0.7421383647798742,0.21620704187080264,0.5446566855962829,1.0,0,results/m4/dev_ablations_v12_002/raw/sbm_k4_r0_rep0_q00_R-cap-0.25.json.gz,3814d41b70821c975a4e6f43ccf767f3ec0dac1e43e8cb7fba37a798836362d8,0.59,13,COMPLETED,sbm_k4_r0_rep0_q00_R-cap-0.25,1.939081053175013,7512,R-cap-0.25,3874,0.21620704187080264
0.8439306358381503,0.610634799684812,4700053/7696995,sbm_k4_r0_rep0,True,1,2032,0.8439306358381503,0.24528004182502627,0.4251046025104602,1.0,0,results/m4/dev_ablations_v12_002/raw/sbm_k4_r0_rep0_q00_R-cap-0.5.json.gz,bec9c1c77d8f8e4ce0beeba4f351381e7cb7fe09d2875c66238b9fec410011fb,0.73,13,COMPLETED,sbm_k4_r0_rep0_q00_R-cap-0.5,1.5715481171548118,7512,R-cap-0.5,4780,0.24528004182502627
1.0,0.4960019709855934,20810593/41956674,sbm_k4_r0_rep0,True,1,1584,1.0,0.3060960406437516,0.24316856002456247,1.0,0,results/m4/dev_ablations_v12_002/raw/sbm_k4_r0_rep0_q00_R-cap-1.json.gz,1f9aafa7513f4a75b43e37b0bddf58b30dd145c8d229c3b5697fb1a9670f0a4a,1.0,13,COMPLETED,sbm_k4_r0_rep0_q00_R-cap-1,1.1532084740558797,7512,R-cap-1,6514,0.3060960406437516
0.7421383647798742,0.6950215357748266,17342479/24952434,sbm_k4_r0_rep0,True,1,2110,0.7421383647798742,0.21921345870941877,0.5446566855962829,1.0,0,results/m4/dev_ablations_v12_002/raw/sbm_k4_r0_rep0_q00_supp-jstar.json.gz,97a7f169bf8371afba8b6699873f404e5a1922f26d891c16d301280265da3729,0.59,13,COMPLETED,sbm_k4_r0_rep0_q00_supp-jstar,1.939081053175013,7512,supp-jstar,3874,0.21921345870941877
1.0,0.4960019709855934,20810593/41956674,sbm_k4_r0_rep0,True,1,1584,0.4,1.9376818342134356,0.24316856002456247,1.0,0,results/m4/dev_ablations_v12_002/raw/sbm_k4_r0_rep0_q00_supp-jstar+2.json.gz,003c8858c8decfe0b998e74df55bd38a40c27729354df3ec5d76875a795cf23e,1.0,13,COMPLETED,sbm_k4_r0_rep0_q00_supp-jstar+2,3.9551734725207246,25764,supp-jstar+2,6514,1.9376818342134356
1.0,0.4960019709855934,20810593/41956674,sbm_k4_r0_rep0,True,1,1584,0.4,0.25302229216322303,0.24316856002456247,1.0,0,results/m4/dev_ablations_v12_002/raw/sbm_k4_r0_rep0_q00_full.json.gz,9f64494d382958cac804f8ae14c2b6128c3a6e0b7e3fa70711a4bf7ca6a65d35,1.0,13,COMPLETED,sbm_k4_r0_rep0_q00_full,3.9551734725207246,25764,full,6514,0.25302229216322303
1.0,0.4960019709855934,20810593/41956674,sbm_k4_r0_rep0,True,1,1584,1.0,0.30317800026386976,0.24316856002456247,1.0,0,results/m4/dev_ablations_v12_002/raw/sbm_k4_r0_rep0_q00_patience-2.json.gz,672f15245a2dd4d1494c040ce172c8ec5c3e4cb59119b31f04d03078bf17ca7a,1.0,13,COMPLETED,sbm_k4_r0_rep0_q00_patience-2,1.1532084740558797,7512,patience-2,6514,0.30317800026386976
1.0,0.4960019709855934,20810593/41956674,sbm_k4_r0_rep0,True,1,1584,1.0,0.29289304185658693,0.24316856002456247,1.0,0,results/m4/dev_ablations_v12_002/raw/sbm_k4_r0_rep0_q00_ZR-mact.json.gz,9769215a69a956ceb6a1f04f33947ebb3bce9b3a3ac23ce528c2b12682c4a1b6,1.0,13,COMPLETED,sbm_k4_r0_rep0_q00_ZR-mact,1.1532084740558797,7512,ZR-mact,6514,0.29289304185658693
1.0,0.4960019709855934,20810593/41956674,sbm_k4_r0_rep0,True,1,1584,1.0,0.2946114591322839,0.24316856002456247,1.0,0,results/m4/dev_ablations_v12_002/raw/sbm_k4_r0_rep0_q00_sqrt2-grid.json.gz,9bd4938b815cb81922885bdf3a473b6b6e96c6b9798d18a8aa6396827f98cdbf,1.0,13,COMPLETED,sbm_k4_r0_rep0_q00_sqrt2-grid,1.1532084740558797,7512,sqrt2-grid,6514,0.2946114591322839
1.0,0.4960019709855934,20810593/41956674,sbm_k4_r0_rep0,True,1,1584,1.0,0.3363405419513583,0.24316856002456247,1.0,0,results/m4/dev_ablations_v12_002/raw/sbm_k4_r0_rep0_q00_fixed-grid.json.gz,bd8627734307713dad583334623a3646e11d1703e4dab7d34247055df8759ab5,1.0,13,COMPLETED,sbm_k4_r0_rep0_q00_fixed-grid,1.3636782315013816,8883,fixed-grid,6514,0.3363405419513583
1.0,0.4960019709855934,20810593/41956674,sbm_k4_r0_rep0,True,1,1584,0.4,1.944587916135788,0.24316856002456247,1.0,0,results/m4/dev_ablations_v12_002/raw/sbm_k4_r0_rep0_q00_ZR-budgetM.json.gz,3bb38421055ab211b861425427ddc8973901351f0752d796121c04de57daa34f,1.0,13,COMPLETED,sbm_k4_r0_rep0_q00_ZR-budgetM,3.9551734725207246,25764,ZR-budgetM,6514,1.944587916135788
1.0,0.4960019709855934,20810593/41956674,sbm_k4_r0_rep0,True,1,1584,1.0,0.2857982078567147,0.24316856002456247,1.0,0,results/m4/dev_ablations_v12_002/raw/sbm_k4_r0_rep0_q00_ordering-bfs.json.gz,b4edc37e7440d7eb4ec585ed6ad1eb222ed8cfe6e98266b366a236a2f84961a2,1.0,13,COMPLETED,sbm_k4_r0_rep0_q00_ordering-bfs,1.1532084740558797,7512,ordering-bfs,6514,0.2857982078567147
1.0,0.4960019709855934,20810593/41956674,sbm_k4_r0_rep0,True,1,1584,1.0,0.2957147089764476,0.24316856002456247,1.0,0,results/m4/dev_ablations_v12_002/raw/sbm_k4_r0_rep0_q00_ordering-random.json.gz,ecc3b2597da71268e7ba1b05c65c6e4a6d7f7296c688e61c6e0401a6b7cd2ba0,1.0,13,COMPLETED,sbm_k4_r0_rep0_q00_ordering-random,1.1532084740558797,7512,ordering-random,6514,0.2957147089764476
1.0,0.4960019709855934,20810593/41956674,sbm_k4_r0_rep0,True,1,1584,1.0,0.3328215410001576,0.24316856002456247,1.0,0,results/m4/dev_ablations_v12_002/raw/sbm_k4_r0_rep0_q00_multi-start.json.gz,6571e2aefa9bbbbef071d28337e379bfd6f0b743b3a3f99092273a6944d1c45e,1.0,13,COMPLETED,sbm_k4_r0_rep0_q00_multi-start,1.1532084740558797,7512,multi-start,6514,0.3328215410001576
1.0,0.4960019709855934,20810593/41956674,sbm_k4_r0_rep0,True,1,1584,1.0,0.5159126669168472,0.24316856002456247,1.0,0,results/m4/dev_ablations_v12_002/raw/sbm_k4_r0_rep0_q00_diffusion-TL-star.json.gz,4f2b097e43b2c628970dfbe0c8dd9a163b3e1b141010da5b7e218249238b6cd8,1.0,13,COMPLETED,sbm_k4_r0_rep0_q00_diffusion-TL-star,1.1532084740558797,7512,diffusion-TL-star,6514,0.5159126669168472
0.7,0.7368680884199587,9160103/12431130,sbm_k4_r0_rep0,True,1,2266,1.0,0.2708117919974029,0.5870466321243524,0.9333333333333333,0,results/m4/dev_ablations_v12_002/raw/sbm_k4_r0_rep0_q00_no-refinement.json.gz,b0638a4c2e2608f5d34fa868058883589b85e873f6d31fa1eac882917de7ee53,0.56,13,COMPLETED,sbm_k4_r0_rep0_q00_no-refinement,1.9461139896373056,7512,no-refinement,3860,0.2708117919974029
1.0,0.4960019709855934,20810593/41956674,sbm_k4_r0_rep0,True,1,1584,1.0,0.2855928330682218,0.24316856002456247,1.0,0,results/m4/dev_ablations_v12_002/raw/sbm_k4_r0_rep0_q00_hull-best.json.gz,caac5043adb9ccaa8b6c10a516cbde65be85d9ae48df1af708bbcdeffdb52419,1.0,13,COMPLETED,sbm_k4_r0_rep0_q00_hull-best,1.1532084740558797,7512,hull-best,6514,0.2855928330682218
1.0,0.4960019709855934,20810593/41956674,sbm_k4_r0_rep0,True,1,1584,1.0,0.2866906663402915,0.24316856002456247,1.0,0,results/m4/dev_ablations_v12_002/raw/sbm_k4_r0_rep0_q00_conductance-sweep.json.gz,533d61ba942390690948e2df9aad15700ce094b27511bd39554e67cbcdfaaf79,1.0,13,COMPLETED,sbm_k4_r0_rep0_q00_conductance-sweep,1.1532084740558797,7512,conductance-sweep,6514,0.2866906663402915
1.0,0.4960019709855934,20810593/41956674,sbm_k4_r0_rep0,True,1,1584,1.0,0.3678858750499785,0.24316856002456247,1.0,1,results/m4/dev_ablations_v12_002/raw/sbm_k4_r0_rep0_q01_R-cap-0.25.json.gz,47aa8a79246badc33a40538940655b508f7df5b6a49fd5866eb74db7d23b893b,1.0,97,COMPLETED,sbm_k4_r0_rep0_q01_R-cap-0.25,2.9829597789376727,19431,R-cap-0.25,6514,0.3678858750499785
1.0,0.4960019709855934,20810593/41956674,sbm_k4_r0_rep0,True,1,1584,1.0,0.45177079178392887,0.24316856002456247,1.0,1,results/m4/dev_ablations_v12_002/raw/sbm_k4_r0_rep0_q01_R-cap-0.5.json.gz,3e9baa853311ea6304a8c5c46f609db7a8c5f239b2369d52a80f3be811045185,1.0,97,COMPLETED,sbm_k4_r0_rep0_q01_R-cap-0.5,2.9829597789376727,19431,R-cap-0.5,6514,0.45177079178392887
1.0,0.4960019709855934,20810593/41956674,sbm_k4_r0_rep0,True,1,1584,0.7194244604316546,0.31437587505206466,0.24316856002456247,1.0,1,results/m4/dev_ablations_v12_002/raw/sbm_k4_r0_rep0_q01_R-cap-1.json.gz,dddd371539997e0d9e98ee040f33929b1e78809eded4f9407601ff43667455a4,1.0,97,COMPLETED,sbm_k4_r0_rep0_q01_R-cap-1,2.9829597789376727,19431,R-cap-1,6514,0.31437587505206466
0.9949748743718593,0.4993411758496573,10369211/20765784,sbm_k4_r0_rep0,True,1,1606,0.9949748743718593,0.3252621660940349,0.2490694789081886,1.0,1,results/m4/dev_ablations_v12_002/raw/sbm_k4_r0_rep0_q01_supp-jstar.json.gz,b307edde3f5ecce9f8805f3e0af980eef95d49522bee5ebe74fcd7e507b916c3,0.99,97,COMPLETED,sbm_k4_r0_rep0_q01_supp-jstar,3.0134925558312653,19431,supp-jstar,6448,0.3252621660940349
1.0,0.4960019709855934,20810593/41956674,sbm_k4_r0_rep0,True,1,1584,0.4,1.9450412089936435,0.24316856002456247,1.0,1,results/m4/dev_ablations_v12_002/raw/sbm_k4_r0_rep0_q01_supp-jstar+2.json.gz,fc6a4441d72f1c693ec1d2f0623be13fb388f9e4bf921d373a4edce18695d939,1.0,97,COMPLETED,sbm_k4_r0_rep0_q01_supp-jstar+2,3.9551734725207246,25764,supp-jstar+2,6514,1.9450412089936435
1.0,0.4960019709855934,20810593/41956674,sbm_k4_r0_rep0,True,1,1584,0.4,0.2706353752873838,0.24316856002456247,1.0,1,results/m4/dev_ablations_v12_002/raw/sbm_k4_r0_rep0_q01_full.json.gz,b0d83658213d46c2c6fd3d12b72ecfa52138bf4c793429c4fd9b8a8c3982e9c6,1.0,97,COMPLETED,sbm_k4_r0_rep0_q01_full,3.9551734725207246,25764,full,6514,0.2706353752873838
1.0,0.4960019709855934,20810593/41956674,sbm_k4_r0_rep0,True,1,1584,0.6802721088435374,0.28915700037032366,0.24316856002456247,1.0,1,results/m4/dev_ablations_v12_002/raw/sbm_k4_r0_rep0_q01_patience-2.json.gz,4d620d5d05aceaaf6aba17ead502a84ea41ffb13698b987ef244480d96f29044,1.0,97,COMPLETED,sbm_k4_r0_rep0_q01_patience-2,2.9829597789376727,19431,patience-2,6514,0.28915700037032366
1.0,0.4960019709855934,20810593/41956674,sbm_k4_r0_rep0,True,1,1584,1.0,0.30871870927512646,0.24316856002456247,1.0,1,results/m4/dev_ablations_v12_002/raw/sbm_k4_r0_rep0_q01_ZR-mact.json.gz,6d80c91758992459d1b6a0ea3022dc396a1a026378213e7b1c03868af9757f73,1.0,97,COMPLETED,sbm_k4_r0_rep0_q01_ZR-mact,1.1662572919864906,7597,ZR-mact,6514,0.30871870927512646
1.0,0.4960019709855934,20810593/41956674,sbm_k4_r0_rep0,True,1,1584,1.0,0.457654666621238,0.24316856002456247,1.0,1,results/m4/dev_ablations_v12_002/raw/sbm_k4_r0_rep0_q01_sqrt2-grid.json.gz,df8966c9b63fdd2b118a1d3c8dd07610cffacc6cf3b558b31493324c1043eafe,1.0,97,COMPLETED,sbm_k4_r0_rep0_q01_sqrt2-grid,1.2198342032545286,7946,sqrt2-grid,6514,0.457654666621238
1.0,0.4960019709855934,20810593/41956674,sbm_k4_r0_rep0,True,1,1584,1.0,0.3113758750259876,0.24316856002456247,1.0,1,results/m4/dev_ablations_v12_002/raw/sbm_k4_r0_rep0_q01_fixed-grid.json.gz,4eda0763b1728e406c3080bfc190051573449ab01f06127539e4584ca06d358d,1.0,97,COMPLETED,sbm_k4_r0_rep0_q01_fixed-grid,1.3303653669020572,8666,fixed-grid,6514,0.3113758750259876
1.0,0.4960019709855934,20810593/41956674,sbm_k4_r0_rep0,True,1,1584,0.4,1.9485514592379332,0.24316856002456247,1.0,1,results/m4/dev_ablations_v12_002/raw/sbm_k4_r0_rep0_q01_ZR-budgetM.json.gz,b9ca65d30c7780ede581dabf0ad7845d1fea50b3f950cbf1f31ff389d32f966b,1.0,97,COMPLETED,sbm_k4_r0_rep0_q01_ZR-budgetM,3.9551734725207246,25764,ZR-budgetM,6514,1.9485514592379332
1.0,0.4960019709855934,20810593/41956674,sbm_k4_r0_rep0,True,1,1584,0.6802721088435374,0.2598017076961696,0.24316856002456247,1.0,1,results/m4/dev_ablations_v12_002/raw/sbm_k4_r0_rep0_q01_ordering-bfs.json.gz,50a58d7361e0682a6f00f2a02c4e008d24c2da2c721b6d64dff6b44ac65625db,1.0,97,COMPLETED,sbm_k4_r0_rep0_q01_ordering-bfs,2.9829597789376727,19431,ordering-bfs,6514,0.2598017076961696
0.9949748743718593,0.4993411758496573,10369211/20765784,sbm_k4_r0_rep0,True,1,1606,0.6802721088435374,0.26973270904272795,0.2490694789081886,1.0,1,results/m4/dev_ablations_v12_002/raw/sbm_k4_r0_rep0_q01_ordering-random.json.gz,a9053476e6b1281e945a004d1c808a4eefa3f85dd8f502137f86da180e1f5255,0.99,97,COMPLETED,sbm_k4_r0_rep0_q01_ordering-random,3.0134925558312653,19431,ordering-random,6448,0.26973270904272795
1.0,0.4960019709855934,20810593/41956674,sbm_k4_r0_rep0,True,1,1584,0.6802721088435374,0.4511917079798877,0.24316856002456247,1.0,1,results/m4/dev_ablations_v12_002/raw/sbm_k4_r0_rep0_q01_multi-start.json.gz,fa5680fae30114b8467955ea8845cc517ae2b0fd85f4442dcf9b851570973fb4,1.0,97,COMPLETED,sbm_k4_r0_rep0_q01_multi-start,2.9829597789376727,19431,multi-start,6514,0.4511917079798877
1.0,0.4960019709855934,20810593/41956674,sbm_k4_r0_rep0,True,1,1584,0.6802721088435374,0.7019659578800201,0.24316856002456247,1.0,1,results/m4/dev_ablations_v12_002/raw/sbm_k4_r0_rep0_q01_diffusion-TL-star.json.gz,45421c86efeeb812d7542e39303be2bcf32bdd35713253db2d33534c31892042,1.0,97,COMPLETED,sbm_k4_r0_rep0_q01_diffusion-TL-star,2.9829597789376727,19431,diffusion-TL-star,6514,0.7019659578800201
0.9166666666666666,0.6135127783477622,119039077/194028684,sbm_k4_r0_rep0,True,1,2419,0.6802721088435374,0.19146129209548235,0.321205683176205,0.853448275862069,1,results/m4/dev_ablations_v12_002/raw/sbm_k4_r0_rep0_q01_no-refinement.json.gz,012cd9c00bdab1552ab05bcc34facbb02a9f5dcd058af4f4612218852b91f55d,0.99,97,COMPLETED,sbm_k4_r0_rep0_q01_no-refinement,2.580135440180587,19431,no-refinement,7531,0.19146129209548235
0.6802721088435374,0.6734039714007727,218934349/325115916,sbm_k4_r0_rep0,True,1,2317,0.6802721088435374,0.2706760000437498,0.1836120136302401,0.5154639175257731,1,results/m4/dev_ablations_v12_002/raw/sbm_k4_r0_rep0_q01_hull-best.json.gz,7a705823189cee12e9cc93110d39f1505c1dbb4402f0a85ed1c78da0ebdcf2db,1.0,97,COMPLETED,sbm_k4_r0_rep0_q01_hull-best,1.539820904984547,19431,hull-best,12619,0.2706760000437498
1.0,0.4960019709855934,20810593/41956674,sbm_k4_r0_rep0,True,1,1584,0.6802721088435374,0.2689590831287205,0.24316856002456247,1.0,1,results/m4/dev_ablations_v12_002/raw/sbm_k4_r0_rep0_q01_conductance-sweep.json.gz,8e4c43a4221adf71b37eecca3889ca94b82da0539708e1c89afd0d7855f8a358,1.0,97,COMPLETED,sbm_k4_r0_rep0_q01_conductance-sweep,2.9829597789376727,19431,conductance-sweep,6514,0.2689590831287205
1.0,0.4868836118836119,432785/888888,sbm_k4_r0_rep1,True,1,1542,1.0,0.38173658261075616,0.23534798534798534,1.0,0,results/m4/dev_ablations_v12_002/raw/sbm_k4_r0_rep1_q00_R-cap-0.25.json.gz,3b12179f94c86660583a164bac48b2599fa5ce9b32b9d5f905c9ca97407d422c,1.0,55,COMPLETED,sbm_k4_r0_rep1_q00_R-cap-0.25,2.382173382173382,15608,R-cap-0.25,6552,0.38173658261075616
1.0,0.4868836118836119,432785/888888,sbm_k4_r0_rep1,True,1,1542,1.0,0.327457666862756,0.23534798534798534,1.0,0,results/m4/dev_ablations_v12_002/raw/sbm_k4_r0_rep1_q00_R-cap-0.5.json.gz,f841f2dfaf87ba6f724aea7769b6ecef4c87d372f9ce4a0de4c007f827551e5b,1.0,55,COMPLETED,sbm_k4_r0_rep1_q00_R-cap-0.5,2.382173382173382,15608,R-cap-0.5,6552,0.327457666862756
1.0,0.4868836118836119,432785/888888,sbm_k4_r0_rep1,True,1,1542,1.0,0.24290237482637167,0.23534798534798534,1.0,0,results/m4/dev_ablations_v12_002/raw/sbm_k4_r0_rep1_q00_R-cap-1.json.gz,5c5051b154e48f8f08b349371fff81a4a483d53887766f1bf81668b7038af947,1.0,55,COMPLETED,sbm_k4_r0_rep1_q00_R-cap-1,2.382173382173382,15608,R-cap-1,6552,0.24290237482637167
1.0,0.4868836118836119,432785/888888,sbm_k4_r0_rep1,True,1,1542,1.0,0.31555124977603555,0.23534798534798534,1.0,0,results/m4/dev_ablations_v12_002/raw/sbm_k4_r0_rep1_q00_supp-jstar.json.gz,fea06266142a68be276c64e029a54fc7444762867b341c0cfcbf4d96e11f43bf,1.0,55,COMPLETED,sbm_k4_r0_rep1_q00_supp-jstar,2.382173382173382,15608,supp-jstar,6552,0.31555124977603555
1.0,0.4868836118836119,432785/888888,sbm_k4_r0_rep1,True,1,1542,0.4,1.977036708034575,0.23534798534798534,1.0,0,results/m4/dev_ablations_v12_002/raw/sbm_k4_r0_rep1_q00_supp-jstar+2.json.gz,173554aba39315f0eb24c718a5f47e53117b38ff7bb78c2e02239b27a294233d,1.0,55,COMPLETED,sbm_k4_r0_rep1_q00_supp-jstar+2,3.9755799755799757,26048,supp-jstar+2,6552,1.977036708034575
1.0,0.4868836118836119,432785/888888,sbm_k4_r0_rep1,True,1,1542,0.4,0.2529294593259692,0.23534798534798534,1.0,0,results/m4/dev_ablations_v12_002/raw/sbm_k4_r0_rep1_q00_full.json.gz,d21ad542699dc9964cd69da4d64ddf598a07ebeca55118a7c42dd185de050362,1.0,55,COMPLETED,sbm_k4_r0_rep1_q00_full,3.9755799755799757,26048,full,6552,0.2529294593259692
1.0,0.4868836118836119,432785/888888,sbm_k4_r0_rep1,True,1,1542,1.0,0.3053242499008775,0.23534798534798534,1.0,0,results/m4/dev_ablations_v12_002/raw/sbm_k4_r0_rep1_q00_patience-2.json.gz,e964284b16ae36782ac3bfefcfb64b0417b09f18e7466f51a93752752dac8809,1.0,55,COMPLETED,sbm_k4_r0_rep1_q00_patience-2,2.382173382173382,15608,patience-2,6552,0.3053242499008775
1.0,0.4868836118836119,432785/888888,sbm_k4_r0_rep1,True,1,1542,0.5524861878453039,0.2706237081438303,0.23534798534798534,1.0,0,results/m4/dev_ablations_v12_002/raw/sbm_k4_r0_rep1_q00_ZR-mact.json.gz,94ee540a67cd64c891e495087d187b325be6cff5cb926f202fa12caa5467aced,1.0,55,COMPLETED,sbm_k4_r0_rep1_q00_ZR-mact,3.124084249084249,20469,ZR-mact,6552,0.2706237081438303
1.0,0.4868836118836119,432785/888888,sbm_k4_r0_rep1,True,1,1542,1.0,0.312460208311677,0.23534798534798534,1.0,0,results/m4/dev_ablations_v12_002/raw/sbm_k4_r0_rep1_q00_sqrt2-grid.json.gz,a0eeee4b1a52b2c1aee2fcacc744cec82b3e40a559640cee6cd6df40805fdf70,1.0,55,COMPLETED,sbm_k4_r0_rep1_q00_sqrt2-grid,1.1207264957264957,7343,sqrt2-grid,6552,0.312460208311677
1.0,0.4868836118836119,432785/888888,sbm_k4_r0_rep1,True,1,1542,1.0,0.3671611249446869,0.23534798534798534,1.0,0,results/m4/dev_ablations_v12_002/raw/sbm_k4_r0_rep1_q00_fixed-grid.json.gz,5909bb72e680229f38a40e5689b90de0fcce7c9d0c81908fbc3605e583088b9d,1.0,55,COMPLETED,sbm_k4_r0_rep1_q00_fixed-grid,1.282814407814408,8405,fixed-grid,6552,0.3671611249446869
1.0,0.4868836118836119,432785/888888,sbm_k4_r0_rep1,True,1,1542,1.0,0.3089962499216199,0.23534798534798534,1.0,0,results/m4/dev_ablations_v12_002/raw/sbm_k4_r0_rep1_q00_ZR-budgetM.json.gz,086393597a31708c92607c01b57dda36f11a23fb290f1fdf1625b6fd0bb68c1d,1.0,55,COMPLETED,sbm_k4_r0_rep1_q00_ZR-budgetM,2.382173382173382,15608,ZR-budgetM,6552,0.3089962499216199
1.0,0.4868836118836119,432785/888888,sbm_k4_r0_rep1,True,1,1542,1.0,0.310458124615252,0.23534798534798534,1.0,0,results/m4/dev_ablations_v12_002/raw/sbm_k4_r0_rep1_q00_ordering-bfs.json.gz,03c1a6889f1461d3116f1d69d6df164d73b11abb04d47dc466d23484b779a75c,1.0,55,COMPLETED,sbm_k4_r0_rep1_q00_ordering-bfs,2.382173382173382,15608,ordering-bfs,6552,0.310458124615252
1.0,0.4868836118836119,432785/888888,sbm_k4_r0_rep1,True,1,1542,1.0,0.2976916660554707,0.23534798534798534,1.0,0,results/m4/dev_ablations_v12_002/raw/sbm_k4_r0_rep1_q00_ordering-random.json.gz,937be5f144048fe36601183de43b74c20b9c4266e13bb6ab285045bb9fdb28d3,1.0,55,COMPLETED,sbm_k4_r0_rep1_q00_ordering-random,2.382173382173382,15608,ordering-random,6552,0.2976916660554707
1.0,0.4868836118836119,432785/888888,sbm_k4_r0_rep1,True,1,1542,1.0,0.38466095784679055,0.23534798534798534,1.0,0,results/m4/dev_ablations_v12_002/raw/sbm_k4_r0_rep1_q00_multi-start.json.gz,e927ab9d40c26fef5e9e3c4773dedc78a1b477e67d479f35ad997e57b0523c85,1.0,55,COMPLETED,sbm_k4_r0_rep1_q00_multi-start,2.382173382173382,15608,multi-start,6552,0.38466095784679055
1.0,0.4868836118836119,432785/888888,sbm_k4_r0_rep1,True,1,1542,1.0,0.7022415422834456,0.23534798534798534,1.0,0,results/m4/dev_ablations_v12_002/raw/sbm_k4_r0_rep1_q00_diffusion-TL-star.json.gz,146cc46ad180867daec59c7e1772932d3e15078b3b1598198f06fa9d4c47940a,1.0,55,COMPLETED,sbm_k4_r0_rep1_q00_diffusion-TL-star,2.382173382173382,15608,diffusion-TL-star,6552,0.7022415422834456
0.9478672985781991,0.5731653481653481,849133/1481480,sbm_k4_r0_rep1,True,1,2138,1.0,0.24659320944920182,0.2936813186813187,0.9009009009009009,0,results/m4/dev_ablations_v12_002/raw/sbm_k4_r0_rep1_q00_no-refinement.json.gz,66219a11e3dad88296c7a0b24038ddba24dc5d8f17b33a7cd6ec0521ed9f8048,1.0,55,COMPLETED,sbm_k4_r0_rep1_q00_no-refinement,2.143956043956044,15608,no-refinement,7280,0.24659320944920182
1.0,0.4868836118836119,432785/888888,sbm_k4_r0_rep1,True,1,1542,1.0,0.3152989582158625,0.23534798534798534,1.0,0,results/m4/dev_ablations_v12_002/raw/sbm_k4_r0_rep1_q00_hull-best.json.gz,3f498a1900a9bd8ab7b6dca64615a2a9830e2f3b0de3fd458552438ea965bc8d,1.0,55,COMPLETED,sbm_k4_r0_rep1_q00_hull-best,2.382173382173382,15608,hull-best,6552,0.3152989582158625
1.0,0.4868836118836119,432785/888888,sbm_k4_r0_rep1,True,1,1542,1.0,0.295051250141114,0.23534798534798534,1.0,0,results/m4/dev_ablations_v12_002/raw/sbm_k4_r0_rep1_q00_conductance-sweep.json.gz,117c30d9ebeb0d65aad1d0a791a5b8fac60d552fb1a2b3e7e4efc990ba3f5f34,1.0,55,COMPLETED,sbm_k4_r0_rep1_q00_conductance-sweep,2.382173382173382,15608,conductance-sweep,6552,0.295051250141114
1.0,0.4868836118836119,432785/888888,sbm_k4_r0_rep1,True,1,1542,1.0,0.3026172909885645,0.23534798534798534,1.0,1,results/m4/dev_ablations_v12_002/raw/sbm_k4_r0_rep1_q01_R-cap-0.25.json.gz,641a15f502d85fb3ef0496236ed2fcd6295d888514846d828ec4383950b42cca,1.0,67,COMPLETED,sbm_k4_r0_rep1_q01_R-cap-0.25,3.419261294261294,22403,R-cap-0.25,6552,0.3026172909885645
1.0,0.4868836118836119,432785/888888,sbm_k4_r0_rep1,True,1,1542,1.0,0.17143420781940222,0.23534798534798534,1.0,1,results/m4/dev_ablations_v12_002/raw/sbm_k4_r0_rep1_q01_R-cap-0.5.json.gz,3361e481efdd25bd80d41a55e6be92dc4827373c26beb6151143853a62b15ca3,1.0,67,COMPLETED,sbm_k4_r0_rep1_q01_R-cap-0.5,3.419261294261294,22403,R-cap-0.5,6552,0.17143420781940222
1.0,0.4868836118836119,432785/888888,sbm_k4_r0_rep1,True,1,1542,1.0,0.2050029169768095,0.23534798534798534,1.0,1,results/m4/dev_ablations_v12_002/raw/sbm_k4_r0_rep1_q01_R-cap-1.json.gz,452061b1f7171cdd9057ebb6f3be6fd4c440cf4ecf2a16c1bc88eb663d33c635,1.0,67,COMPLETED,sbm_k4_r0_rep1_q01_R-cap-1,3.419261294261294,22403,R-cap-1,6552,0.2050029169768095
1.0,0.4868836118836119,432785/888888,sbm_k4_r0_rep1,True,1,1542,1.0,0.36789604229852557,0.23534798534798534,1.0,1,results/m4/dev_ablations_v12_002/raw/sbm_k4_r0_rep1_q01_supp-jstar.json.gz,727b2678e1e7e6417aae2ebc09f794c22a5ee5e00200706d15b9b68222fc93f2,1.0,67,COMPLETED,sbm_k4_r0_rep1_q01_supp-jstar,3.419261294261294,22403,supp-jstar,6552,0.36789604229852557
1.0,0.4868836118836119,432785/888888,sbm_k4_r0_rep1,True,1,1542,0.4,1.9475911660119891,0.23534798534798534,1.0,1,results/m4/dev_ablations_v12_002/raw/sbm_k4_r0_rep1_q01_supp-jstar+2.json.gz,718d2614cc987b1982c28c00b4798848390c13ef0739cb4799ee71f9ff35ae1f,1.0,67,COMPLETED,sbm_k4_r0_rep1_q01_supp-jstar+2,3.9755799755799757,26048,supp-jstar+2,6552,1.9475911660119891
1.0,0.4868836118836119,432785/888888,sbm_k4_r0_rep1,True,1,1542,0.4,0.25981633411720395,0.23534798534798534,1.0,1,results/m4/dev_ablations_v12_002/raw/sbm_k4_r0_rep1_q01_full.json.gz,361f9a74421166c049aaa9f3a2f8e195e0a50a5dd4dc6c18456dfd521a2e00c1,1.0,67,COMPLETED,sbm_k4_r0_rep1_q01_full,3.9755799755799757,26048,full,6552,0.25981633411720395
1.0,0.4868836118836119,432785/888888,sbm_k4_r0_rep1,True,1,1542,0.45248868778280543,0.23519220808520913,0.23534798534798534,1.0,1,results/m4/dev_ablations_v12_002/raw/sbm_k4_r0_rep1_q01_patience-2.json.gz,5f9baed5fb92fb51885aaec4052b824df7d8dd5369a28463bfad6258a3aaa7c9,1.0,67,COMPLETED,sbm_k4_r0_rep1_q01_patience-2,3.419261294261294,22403,patience-2,6552,0.23519220808520913
1.0,0.4868836118836119,432785/888888,sbm_k4_r0_rep1,True,1,1542,1.0,0.3452865411527455,0.23534798534798534,1.0,1,results/m4/dev_ablations_v12_002/raw/sbm_k4_r0_rep1_q01_ZR-mact.json.gz,183cb347556c03d0322466f8e52cd97e8aab85586224bb46a82cc5e1b20bbfb4,1.0,67,COMPLETED,sbm_k4_r0_rep1_q01_ZR-mact,1.1274420024420024,7387,ZR-mact,6552,0.3452865411527455
1.0,0.4868836118836119,432785/888888,sbm_k4_r0_rep1,True,1,1542,1.0,0.3146678749471903,0.23534798534798534,1.0,1,results/m4/dev_ablations_v12_002/raw/sbm_k4_r0_rep1_q01_sqrt2-grid.json.gz,67de3fc4065b453ac2af0fdce9d910086c17c72989bfdaf0d00fe159f5e4915f,1.0,67,COMPLETED,sbm_k4_r0_rep1_q01_sqrt2-grid,1.1674297924297925,7649,sqrt2-grid,6552,0.3146678749471903
1.0,0.4868836118836119,432785/888888,sbm_k4_r0_rep1,True,1,1542,1.0,0.3909267922863364,0.23534798534798534,1.0,1,results/m4/dev_ablations_v12_002/raw/sbm_k4_r0_rep1_q01_fixed-grid.json.gz,cd75d48528f120cb1d9d76fc967e83997ed279fa43339eb38f4939f28fe69574,1.0,67,COMPLETED,sbm_k4_r0_rep1_q01_fixed-grid,1.2666361416361416,8299,fixed-grid,6552,0.3909267922863364
1.0,0.4868836118836119,432785/888888,sbm_k4_r0_rep1,True,1,1542,0.4,1.9556817910633981,0.23534798534798534,1.0,1,results/m4/dev_ablations_v12_002/raw/sbm_k4_r0_rep1_q01_ZR-budgetM.json.gz,a6af3b290b8e428a6cec1a25c1c97b60cd59560d25c1eaab495442acd7216d6c,1.0,67,COMPLETED,sbm_k4_r0_rep1_q01_ZR-budgetM,3.9755799755799757,26048,ZR-budgetM,6552,1.9556817910633981
1.0,0.4868836118836119,432785/888888,sbm_k4_r0_rep1,True,1,1542,0.45248868778280543,0.23055433295667171,0.23534798534798534,1.0,1,results/m4/dev_ablations_v12_002/raw/sbm_k4_r0_rep1_q01_ordering-bfs.json.gz,2a7910fc14beb7e8a50c0336c4aa9932bec1a196b53b317f2a977efa4e905743,1.0,67,COMPLETED,sbm_k4_r0_rep1_q01_ordering-bfs,3.419261294261294,22403,ordering-bfs,6552,0.23055433295667171
1.0,0.4868836118836119,432785/888888,sbm_k4_r0_rep1,True,1,1542,0.45248868778280543,0.23295658407732844,0.23534798534798534,1.0,1,results/m4/dev_ablations_v12_002/raw/sbm_k4_r0_rep1_q01_ordering-random.json.gz,d0e38950a20a44bbca2aeeec2d91a676de66850ebcff37d8ec52f36277482928,1.0,67,COMPLETED,sbm_k4_r0_rep1_q01_ordering-random,3.419261294261294,22403,ordering-random,6552,0.23295658407732844
1.0,0.4868836118836119,432785/888888,sbm_k4_r0_rep1,True,1,1542,0.45248868778280543,0.5092138331383467,0.23534798534798534,1.0,1,results/m4/dev_ablations_v12_002/raw/sbm_k4_r0_rep1_q01_multi-start.json.gz,85f80e9c1e38616afc985e76e54bcaef0afaf5397fc30ff81803b7029af8c4f7,1.0,67,COMPLETED,sbm_k4_r0_rep1_q01_multi-start,3.419261294261294,22403,multi-start,6552,0.5092138331383467
1.0,0.4868836118836119,432785/888888,sbm_k4_r0_rep1,True,1,1542,0.45248868778280543,0.6952667078003287,0.23534798534798534,1.0,1,results/m4/dev_ablations_v12_002/raw/sbm_k4_r0_rep1_q01_diffusion-TL-star.json.gz,afe437fdd49a2c2630d95a66ee5762773708adfd94753692090e8f2a8a0c88e6,1.0,67,COMPLETED,sbm_k4_r0_rep1_q01_diffusion-TL-star,3.419261294261294,22403,diffusion-TL-star,6552,0.6952667078003287
0.9389671361502347,0.5799232234545115,111586841/192416576,sbm_k4_r0_rep1,True,1,2189,0.45248868778280543,0.14174654195085168,0.2963313929876811,0.8849557522123894,1,results/m4/dev_ablations_v12_002/raw/sbm_k4_r0_rep1_q01_no-refinement.json.gz,99315496a67b6ccf898beaf25adbfba4e9fe0ab0f0bc4f6a20e722e251741670,1.0,67,COMPLETED,sbm_k4_r0_rep1_q01_no-refinement,3.0327602545011505,22403,no-refinement,7387,0.14174654195085168
0.45248868778280543,0.9883077852776386,576730313/583553344,sbm_k4_r0_rep1,True,1,2873,0.45248868778280543,0.22921933326870203,0.7882030178326475,0.29239766081871343,1,results/m4/dev_ablations_v12_002/raw/sbm_k4_r0_rep1_q01_hull-best.json.gz,16f9f8873fe87ed02e6ca55bdc10b758d9d9579d4585cec97e65955a54b12283,1.0,67,COMPLETED,sbm_k4_r0_rep1_q01_hull-best,1.0,22403,hull-best,22403,0.22921933326870203
1.0,0.4868836118836119,432785/888888,sbm_k4_r0_rep1,True,1,1542,0.45248868778280543,0.2964236671105027,0.23534798534798534,1.0,1,results/m4/dev_ablations_v12_002/raw/sbm_k4_r0_rep1_q01_conductance-sweep.json.gz,3c7ff0fe3ceda7711d8ea9ffdef6e0c57326b463a541cae657decd080ca11ac4,1.0,67,COMPLETED,sbm_k4_r0_rep1_q01_conductance-sweep,3.419261294261294,22403,conductance-sweep,6552,0.2964236671105027
0.7804878048780488,0.6638399785907648,2103527/3168726,sbm_k4_r0_rep2,True,1,2055,0.7804878048780488,0.24877408426254988,0.5062823355506282,1.0,0,results/m4/dev_ablations_v12_002/raw/sbm_k4_r0_rep2_q00_R-cap-0.25.json.gz,3af7740e52c6328e1f00be78cb21c65e086ae8e019a2efe0b831bf83e6731a7e,0.64,14,COMPLETED,sbm_k4_r0_rep2_q00_R-cap-0.25,1.7967479674796747,7293,R-cap-0.25,4059,0.24877408426254988
0.8888888888888888,0.5765053982419948,9401273/16307346,sbm_k4_r0_rep2,True,1,1924,0.8888888888888888,0.2814014172181487,0.37993680884676145,1.0,0,results/m4/dev_ablations_v12_002/raw/sbm_k4_r0_rep2_q00_R-cap-0.5.json.gz,a8ce51954f50b2ce8500de23d399a17834865fda6d77514e84f61d285656a507,0.8,14,COMPLETED,sbm_k4_r0_rep2_q00_R-cap-0.5,1.4401658767772512,7293,R-cap-0.5,5064,0.2814014172181487
1.0,0.48679123061799606,19870764/40819889,sbm_k4_r0_rep2,True,1,1526,1.0,0.35011375043541193,0.24076995897759546,1.0,0,results/m4/dev_ablations_v12_002/raw/sbm_k4_r0_rep2_q00_R-cap-1.json.gz,e8f213686d0c8a38d454d932542451725cd2c3b2866419603a204bb252a3a82c,1.0,14,COMPLETED,sbm_k4_r0_rep2_q00_R-cap-1,1.1506784474597664,7293,R-cap-1,6338,0.35011375043541193
0.7421383647798742,0.697721484347698,6129373/8784842,sbm_k4_r0_rep2,True,1,2071,0.7421383647798742,0.2256543328985572,0.552119434817382,1.0,0,results/m4/dev_ablations_v12_002/raw/sbm_k4_r0_rep2_q00_supp-jstar.json.gz,bf28519b29506de56eec4be1aa628020cf537dce4fd6b2b4f0f94b1cfe7562bb,0.59,14,COMPLETED,sbm_k4_r0_rep2_q00_supp-jstar,1.9442815249266863,7293,supp-jstar,3751,0.2256543328985572
1.0,0.48679123061799606,19870764/40819889,sbm_k4_r0_rep2,True,1,1526,0.4,1.9305357919074595,0.24076995897759546,1.0,0,results/m4/dev_ablations_v12_002/raw/sbm_k4_r0_rep2_q00_supp-jstar+2.json.gz,23d113eb5f1b230a3b45e654a95a55f8d122266cb25c46c6f1c605593c535dde,1.0,14,COMPLETED,sbm_k4_r0_rep2_q00_supp-jstar+2,4.06468917639634,25762,supp-jstar+2,6338,1.9305357919074595
1.0,0.48679123061799606,19870764/40819889,sbm_k4_r0_rep2,True,1,1526,0.4,0.2504919162020087,0.24076995897759546,1.0,0,results/m4/dev_ablations_v12_002/raw/sbm_k4_r0_rep2_q00_full.json.gz,25e12fba2cd8cf285494594ee28c32fca7a0309b209d5f8fcd4df934d9b3caa4,1.0,14,COMPLETED,sbm_k4_r0_rep2_q00_full,4.06468917639634,25762,full,6338,0.2504919162020087
1.0,0.48679123061799606,19870764/40819889,sbm_k4_r0_rep2,True,1,1526,1.0,0.344136375002563,0.24076995897759546,1.0,0,results/m4/dev_ablations_v12_002/raw/sbm_k4_r0_rep2_q00_patience-2.json.gz,65173890bf910150a3f39137c63f43f08ee7f5ddb57110dfe52ff28cc709d591,1.0,14,COMPLETED,sbm_k4_r0_rep2_q00_patience-2,1.1506784474597664,7293,patience-2,6338,0.344136375002563
1.0,0.48679123061799606,19870764/40819889,sbm_k4_r0_rep2,True,1,1526,1.0,0.338724791072309,0.24076995897759546,1.0,0,results/m4/dev_ablations_v12_002/raw/sbm_k4_r0_rep2_q00_ZR-mact.json.gz,b1ae1e17529a3562c6b60672fc7cee7842907bf55e8dd0ff936e73afcaef2edb,1.0,14,COMPLETED,sbm_k4_r0_rep2_q00_ZR-mact,1.1506784474597664,7293,ZR-mact,6338,0.338724791072309
1.0,0.48679123061799606,19870764/40819889,sbm_k4_r0_rep2,True,1,1526,1.0,0.3462760830298066,0.24076995897759546,1.0,0,results/m4/dev_ablations_v12_002/raw/sbm_k4_r0_rep2_q00_sqrt2-grid.json.gz,e95d6108ca8948f6c078390184d924e0d3aa65cff2270d61877dd0c3793cf74c,1.0,14,COMPLETED,sbm_k4_r0_rep2_q00_sqrt2-grid,1.1506784474597664,7293,sqrt2-grid,6338,0.3462760830298066
1.0,0.48679123061799606,19870764/40819889,sbm_k4_r0_rep2,True,1,1526,1.0,0.37764633307233453,0.24076995897759546,1.0,0,results/m4/dev_ablations_v12_002/raw/sbm_k4_r0_rep2_q00_fixed-grid.json.gz,9d93cfbd0ed0241dc89696003bdd5f243d68db62dadd4b2ae0ce1e103d603a2e,1.0,14,COMPLETED,sbm_k4_r0_rep2_q00_fixed-grid,1.2544966866519407,7951,fixed-grid,6338,0.37764633307233453
1.0,0.48679123061799606,19870764/40819889,sbm_k4_r0_rep2,True,1,1526,0.4,1.935412499587983,0.24076995897759546,1.0,0,results/m4/dev_ablations_v12_002/raw/sbm_k4_r0_rep2_q00_ZR-budgetM.json.gz,91cfaeb4a1e95e264a49f23a76c89c629cbfba00febce5d06784005929320c11,1.0,14,COMPLETED,sbm_k4_r0_rep2_q00_ZR-budgetM,4.06468917639634,25762,ZR-budgetM,6338,1.935412499587983
1.0,0.48679123061799606,19870764/40819889,sbm_k4_r0_rep2,True,1,1526,1.0,0.36112183425575495,0.24076995897759546,1.0,0,results/m4/dev_ablations_v12_002/raw/sbm_k4_r0_rep2_q00_ordering-bfs.json.gz,8d59218af37558a9b26c65e31e0aca636fc2c196b8160d4d53ee734966d9e793,1.0,14,COMPLETED,sbm_k4_r0_rep2_q00_ordering-bfs,1.1506784474597664,7293,ordering-bfs,6338,0.36112183425575495
1.0,0.48679123061799606,19870764/40819889,sbm_k4_r0_rep2,True,1,1526,1.0,0.36506537487730384,0.24076995897759546,1.0,0,results/m4/dev_ablations_v12_002/raw/sbm_k4_r0_rep2_q00_ordering-random.json.gz,f7e5de612491e34698f5ebbe475929b8454860fe2db44d7a37ca662e050887d1,1.0,14,COMPLETED,sbm_k4_r0_rep2_q00_ordering-random,1.1506784474597664,7293,ordering-random,6338,0.36506537487730384
1.0,0.48679123061799606,19870764/40819889,sbm_k4_r0_rep2,True,1,1526,1.0,0.41617433400824666,0.24076995897759546,1.0,0,results/m4/dev_ablations_v12_002/raw/sbm_k4_r0_rep2_q00_multi-start.json.gz,3d060fdada3701bd3002ac4b5f4362b9347f1262e8b68df8db209b04d263d7d5,1.0,14,COMPLETED,sbm_k4_r0_rep2_q00_multi-start,1.1506784474597664,7293,multi-start,6338,0.41617433400824666
1.0,0.48679123061799606,19870764/40819889,sbm_k4_r0_rep2,True,1,1526,1.0,0.5585041251033545,0.24076995897759546,1.0,0,results/m4/dev_ablations_v12_002/raw/sbm_k4_r0_rep2_q00_diffusion-TL-star.json.gz,226a1f17dc0c438449128d78a50549870c3b1c8cfc4dde2ca4c13e7da0fb1168,1.0,14,COMPLETED,sbm_k4_r0_rep2_q00_diffusion-TL-star,1.1506784474597664,7293,diffusion-TL-star,6338,0.5585041251033545
0.7195121951219512,0.7329140119146142,76261695/104052718,sbm_k4_r0_rep2,True,1,2327,1.0,0.3221006658859551,0.5761327061153751,0.921875,0,results/m4/dev_ablations_v12_002/raw/sbm_k4_r0_rep2_q00_no-refinement.json.gz,a9a6f54341847e5c8733a917a6ed9c897b91b28e1db97b827b0229137cc22981,0.59,14,COMPLETED,sbm_k4_r0_rep2_q00_no-refinement,1.8056449616241643,7293,no-refinement,4039,0.3221006658859551
1.0,0.48679123061799606,19870764/40819889,sbm_k4_r0_rep2,True,1,1526,1.0,0.37030095933005214,0.24076995897759546,1.0,0,results/m4/dev_ablations_v12_002/raw/sbm_k4_r0_rep2_q00_hull-best.json.gz,5d7221d445e20a026e3b6532c1adcd8acdbd33434620e995d2d4fde1dc1f1ebe,1.0,14,COMPLETED,sbm_k4_r0_rep2_q00_hull-best,1.1506784474597664,7293,hull-best,6338,0.37030095933005214
1.0,0.48679123061799606,19870764/40819889,sbm_k4_r0_rep2,True,1,1526,1.0,0.3400321248918772,0.24076995897759546,1.0,0,results/m4/dev_ablations_v12_002/raw/sbm_k4_r0_rep2_q00_conductance-sweep.json.gz,54e571e02d9fe863cefccdabc0258c8e90ab82aa4fc619a99ab9c9ad7a335be9,1.0,14,COMPLETED,sbm_k4_r0_rep2_q00_conductance-sweep,1.1506784474597664,7293,conductance-sweep,6338,0.3400321248918772
1.0,0.48679123061799606,19870764/40819889,sbm_k4_r0_rep2,True,1,1526,1.0,0.41546666668727994,0.24076995897759546,1.0,1,results/m4/dev_ablations_v12_002/raw/sbm_k4_r0_rep2_q01_R-cap-0.25.json.gz,33a97efc8773afd8e99db4690fb7bd21839fcde67120f521785e5edb706d7a9d,1.0,88,COMPLETED,sbm_k4_r0_rep2_q01_R-cap-0.25,2.5763647838434838,16329,R-cap-0.25,6338,0.41546666668727994
1.0,0.48679123061799606,19870764/40819889,sbm_k4_r0_rep2,True,1,1526,1.0,0.30121437506750226,0.24076995897759546,1.0,1,results/m4/dev_ablations_v12_002/raw/sbm_k4_r0_rep2_q01_R-cap-0.5.json.gz,1bed261f33d731a25b804e014e2eb509bd8f037c57d6e62e3658a054d77dd77a,1.0,88,COMPLETED,sbm_k4_r0_rep2_q01_R-cap-0.5,2.5763647838434838,16329,R-cap-0.5,6338,0.30121437506750226
1.0,0.48679123061799606,19870764/40819889,sbm_k4_r0_rep2,True,1,1526,1.0,0.2869744999334216,0.24076995897759546,1.0,1,results/m4/dev_ablations_v12_002/raw/sbm_k4_r0_rep2_q01_R-cap-1.json.gz,c984ff4f1ca51bac45fdf47f52e1501973f6dbf01a526b2b34badcdd9050c7e4,1.0,88,COMPLETED,sbm_k4_r0_rep2_q01_R-cap-1,2.5763647838434838,16329,R-cap-1,6338,0.2869744999334216
1.0,0.48679123061799606,19870764/40819889,sbm_k4_r0_rep2,True,1,1526,1.0,0.23692412488162518,0.24076995897759546,1.0,1,results/m4/dev_ablations_v12_002/raw/sbm_k4_r0_rep2_q01_supp-jstar.json.gz,9d7030be4c4424efec90bd0826e33414b0d75e3123c39a3e683175493b24706a,1.0,88,COMPLETED,sbm_k4_r0_rep2_q01_supp-jstar,2.5763647838434838,16329,supp-jstar,6338,0.23692412488162518
1.0,0.48679123061799606,19870764/40819889,sbm_k4_r0_rep2,True,1,1526,0.4,1.9430052498355508,0.24076995897759546,1.0,1,results/m4/dev_ablations_v12_002/raw/sbm_k4_r0_rep2_q01_supp-jstar+2.json.gz,dd815e22d5698708a35c1bc65f36104b5b4aaa38462320172c6350f7ad39cbdb,1.0,88,COMPLETED,sbm_k4_r0_rep2_q01_supp-jstar+2,4.06468917639634,25762,supp-jstar+2,6338,1.9430052498355508
1.0,0.48679123061799606,19870764/40819889,sbm_k4_r0_rep2,True,1,1526,0.4,0.26125208381563425,0.24076995897759546,1.0,1,results/m4/dev_ablations_v12_002/raw/sbm_k4_r0_rep2_q01_full.json.gz,5e0c53df00c7088035a92f3eb8ac5f47f87cdef127efd43f0290f3ed3e4e13bb,1.0,88,COMPLETED,sbm_k4_r0_rep2_q01_full,4.06468917639634,25762,full,6338,0.26125208381563425
1.0,0.48679123061799606,19870764/40819889,sbm_k4_r0_rep2,True,1,1526,1.0,0.2762852921150625,0.24076995897759546,1.0,1,results/m4/dev_ablations_v12_002/raw/sbm_k4_r0_rep2_q01_patience-2.json.gz,b54c09b13608010c3a8f835a1811c84ed4e553593ce102e0b26513f8519d4984,1.0,88,COMPLETED,sbm_k4_r0_rep2_q01_patience-2,2.5763647838434838,16329,patience-2,6338,0.2762852921150625
1.0,0.48679123061799606,19870764/40819889,sbm_k4_r0_rep2,True,1,1526,0.4291845493562232,0.2378762080334127,0.24076995897759546,1.0,1,results/m4/dev_ablations_v12_002/raw/sbm_k4_r0_rep2_q01_ZR-mact.json.gz,b709faede3fddb75bb9057615df336433774a535700298125f604080d6f908f1,1.0,88,COMPLETED,sbm_k4_r0_rep2_q01_ZR-mact,3.7264121173871882,23618,ZR-mact,6338,0.2378762080334127
1.0,0.48679123061799606,19870764/40819889,sbm_k4_r0_rep2,True,1,1526,1.0,0.31697483314201236,0.24076995897759546,1.0,1,results/m4/dev_ablations_v12_002/raw/sbm_k4_r0_rep2_q01_sqrt2-grid.json.gz,e218d0363f1d12c31a134d6b844c17ef0b5805af18f78081d771d463de1a5f73,1.0,88,COMPLETED,sbm_k4_r0_rep2_q01_sqrt2-grid,1.1726096560429158,7432,sqrt2-grid,6338,0.31697483314201236
1.0,0.48679123061799606,19870764/40819889,sbm_k4_r0_rep2,True,1,1526,1.0,0.29780520871281624,0.24076995897759546,1.0,1,results/m4/dev_ablations_v12_002/raw/sbm_k4_r0_rep2_q01_fixed-grid.json.gz,a0780763b11937c572c65dd25d9b7a0c5ddf2d2daa984f12ea0ab8f7fadcf640,1.0,88,COMPLETED,sbm_k4_r0_rep2_q01_fixed-grid,1.330072578100347,8430,fixed-grid,6338,0.29780520871281624
1.0,0.48679123061799606,19870764/40819889,sbm_k4_r0_rep2,True,1,1526,1.0,0.26623224979266524,0.24076995897759546,1.0,1,results/m4/dev_ablations_v12_002/raw/sbm_k4_r0_rep2_q01_ZR-budgetM.json.gz,0accd2d48175747926e334d41eb37c01018eeb79e152cc4cec8928b346503df4,1.0,88,COMPLETED,sbm_k4_r0_rep2_q01_ZR-budgetM,2.5763647838434838,16329,ZR-budgetM,6338,0.26623224979266524
1.0,0.48679123061799606,19870764/40819889,sbm_k4_r0_rep2,True,1,1526,1.0,0.26253183325752616,0.24076995897759546,1.0,1,results/m4/dev_ablations_v12_002/raw/sbm_k4_r0_rep2_q01_ordering-bfs.json.gz,8476ee9933fe7ea488b9da3e58a7fddcb3fac15cc86923bce97a7c2e5fba46ed,1.0,88,COMPLETED,sbm_k4_r0_rep2_q01_ordering-bfs,2.5763647838434838,16329,ordering-bfs,6338,0.26253183325752616
1.0,0.48679123061799606,19870764/40819889,sbm_k4_r0_rep2,True,1,1526,1.0,0.26306054135784507,0.24076995897759546,1.0,1,results/m4/dev_ablations_v12_002/raw/sbm_k4_r0_rep2_q01_ordering-random.json.gz,634faa32d11c3e0fc5b650dbcdfdc4d838cc86d55556cd3c202bff5669d084a5,1.0,88,COMPLETED,sbm_k4_r0_rep2_q01_ordering-random,2.5763647838434838,16329,ordering-random,6338,0.26306054135784507
1.0,0.48679123061799606,19870764/40819889,sbm_k4_r0_rep2,True,1,1526,1.0,0.3480141251347959,0.24076995897759546,1.0,1,results/m4/dev_ablations_v12_002/raw/sbm_k4_r0_rep2_q01_multi-start.json.gz,d7dfed5764afc818c7b3cabaa96ed71246895574e1d4a5ce08ac13f70521f622,1.0,88,COMPLETED,sbm_k4_r0_rep2_q01_multi-start,2.5763647838434838,16329,multi-start,6338,0.3480141251347959
1.0,0.48679123061799606,19870764/40819889,sbm_k4_r0_rep2,True,1,1526,1.0,0.6767134163528681,0.24076995897759546,1.0,1,results/m4/dev_ablations_v12_002/raw/sbm_k4_r0_rep2_q01_diffusion-TL-star.json.gz,43eef46ea7b233d4ca270ff01be25fdf1cf7409f1b033cb0fe72791400a62baa,1.0,88,COMPLETED,sbm_k4_r0_rep2_q01_diffusion-TL-star,2.5763647838434838,16329,diffusion-TL-star,6338,0.6767134163528681
0.9259259259259259,0.6058948964955142,115023195/189840178,sbm_k4_r0_rep2,True,1,2357,1.0,0.22285833302885294,0.3198534400868503,0.8620689655172413,1,results/m4/dev_ablations_v12_002/raw/sbm_k4_r0_rep2_q01_no-refinement.json.gz,a36db0530e256f76e7bbf5f8e0fa9996c2278f5cd7d13ac7e0bc642ff8885713,1.0,88,COMPLETED,sbm_k4_r0_rep2_q01_no-refinement,2.2159044646492063,16329,no-refinement,7369,0.22285833302885294
1.0,0.48679123061799606,19870764/40819889,sbm_k4_r0_rep2,True,1,1526,1.0,0.2689998331479728,0.24076995897759546,1.0,1,results/m4/dev_ablations_v12_002/raw/sbm_k4_r0_rep2_q01_hull-best.json.gz,a99f2a4ad77bd61d81a9de4deb0640e27005a483c493b10063b1150db2c09208,1.0,88,COMPLETED,sbm_k4_r0_rep2_q01_hull-best,2.5763647838434838,16329,hull-best,6338,0.2689998331479728
1.0,0.48679123061799606,19870764/40819889,sbm_k4_r0_rep2,True,1,1526,1.0,0.28035241598263383,0.24076995897759546,1.0,1,results/m4/dev_ablations_v12_002/raw/sbm_k4_r0_rep2_q01_conductance-sweep.json.gz,88ac489fddb66842ab5eb0bc64230be2a4d5773f3f0cc94e384820ac2c714952,1.0,88,COMPLETED,sbm_k4_r0_rep2_q01_conductance-sweep,2.5763647838434838,16329,conductance-sweep,6338,0.28035241598263383
1.0,0.4191931368412593,41729/99546,sbm_k4_r1_rep0,True,1,596,1.0,0.24983212491497397,0.1688385269121813,1.0,0,results/m4/dev_ablations_v12_002/raw/sbm_k4_r1_rep0_q00_R-cap-0.25.json.gz,0c36435c98ecac196a24023815785dae4421a3131b359e390cb65ae5a37238a3,1.0,27,COMPLETED,sbm_k4_r1_rep0_q00_R-cap-0.25,2.546175637393768,8988,R-cap-0.25,3530,0.24983212491497397
1.0,0.4191931368412593,41729/99546,sbm_k4_r1_rep0,True,1,596,1.0,0.3708182917907834,0.1688385269121813,1.0,0,results/m4/dev_ablations_v12_002/raw/sbm_k4_r1_rep0_q00_R-cap-0.5.json.gz,4553cc878e347e182236b967e89b87d6e98ac8abed7de626a7eecae15ac4bb11,1.0,27,COMPLETED,sbm_k4_r1_rep0_q00_R-cap-0.5,2.546175637393768,8988,R-cap-0.5,3530,0.3708182917907834
1.0,0.4191931368412593,41729/99546,sbm_k4_r1_rep0,True,1,596,1.0,0.2593842502683401,0.1688385269121813,1.0,0,results/m4/dev_ablations_v12_002/raw/sbm_k4_r1_rep0_q00_R-cap-1.json.gz,e7fa92c419812d516ad8100f8012a6aa3a0a281165aa6947fe8381bf34b0b55b,1.0,27,COMPLETED,sbm_k4_r1_rep0_q00_R-cap-1,2.546175637393768,8988,R-cap-1,3530,0.2593842502683401
1.0,0.4191931368412593,41729/99546,sbm_k4_r1_rep0,True,1,596,1.0,0.1845355830155313,0.1688385269121813,1.0,0,results/m4/dev_ablations_v12_002/raw/sbm_k4_r1_rep0_q00_supp-jstar.json.gz,f0fe1632b9491b07174538c857065b28b880a9f52b2230d7ffbe1aa7725b3f8c,1.0,27,COMPLETED,sbm_k4_r1_rep0_q00_supp-jstar,2.546175637393768,8988,supp-jstar,3530,0.1845355830155313
1.0,0.4191931368412593,41729/99546,sbm_k4_r1_rep0,True,1,596,0.4,1.086414959281683,0.1688385269121813,1.0,0,results/m4/dev_ablations_v12_002/raw/sbm_k4_r1_rep0_q00_supp-jstar+2.json.gz,22e8ba446e255bd46d7088c45630eeb6e1e72597be0cd50d0f06540b58301a97,1.0,27,COMPLETED,sbm_k4_r1_rep0_q00_supp-jstar+2,3.9943342776203967,14100,supp-jstar+2,3530,1.086414959281683
1.0,0.4191931368412593,41729/99546,sbm_k4_r1_rep0,True,1,596,0.4,0.18352070823311806,0.1688385269121813,1.0,0,results/m4/dev_ablations_v12_002/raw/sbm_k4_r1_rep0_q00_full.json.gz,fc1ff58a80c0bbb151633ce2a31d5215a0df04d34a2d5b269e52b90a4ad549dc,1.0,27,COMPLETED,sbm_k4_r1_rep0_q00_full,3.9943342776203967,14100,full,3530,0.18352070823311806
1.0,0.4191931368412593,41729/99546,sbm_k4_r1_rep0,True,1,596,1.0,0.20687529118731618,0.1688385269121813,1.0,0,results/m4/dev_ablations_v12_002/raw/sbm_k4_r1_rep0_q00_patience-2.json.gz,c5a1d180342ebef5b98d60641ea18fbb3b10be7a7b1ee04ca4daaab6d66933d8,1.0,27,COMPLETED,sbm_k4_r1_rep0_q00_patience-2,2.546175637393768,8988,patience-2,3530,0.20687529118731618
1.0,0.4191931368412593,41729/99546,sbm_k4_r1_rep0,True,1,596,1.0,0.2121372907422483,0.1688385269121813,1.0,0,results/m4/dev_ablations_v12_002/raw/sbm_k4_r1_rep0_q00_ZR-mact.json.gz,c13ddd4a79df5fab6f37c6647ee157a5181d958dd879f7b8c42725c8153c2385,1.0,27,COMPLETED,sbm_k4_r1_rep0_q00_ZR-mact,1.0855524079320114,3832,ZR-mact,3530,0.2121372907422483
1.0,0.4191931368412593,41729/99546,sbm_k4_r1_rep0,True,1,596,1.0,0.2919620838947594,0.1688385269121813,1.0,0,results/m4/dev_ablations_v12_002/raw/sbm_k4_r1_rep0_q00_sqrt2-grid.json.gz,0fa6b1521f1787fe72a2ff88a1f26fd8dcd1be4969c40c8e01947ada5dfa4365,1.0,27,COMPLETED,sbm_k4_r1_rep0_q00_sqrt2-grid,1.275070821529745,4501,sqrt2-grid,3530,0.2919620838947594
1.0,0.4191931368412593,41729/99546,sbm_k4_r1_rep0,True,1,596,1.0,0.2920025419443846,0.1688385269121813,1.0,0,results/m4/dev_ablations_v12_002/raw/sbm_k4_r1_rep0_q00_fixed-grid.json.gz,7e867b132e218df2ad2d5497e4a3e019e7217a4a57b55d7ae0a696fba66c52d7,1.0,27,COMPLETED,sbm_k4_r1_rep0_q00_fixed-grid,1.4881019830028328,5253,fixed-grid,3530,0.2920025419443846
1.0,0.4191931368412593,41729/99546,sbm_k4_r1_rep0,True,1,596,1.0,0.20349770924076438,0.1688385269121813,1.0,0,results/m4/dev_ablations_v12_002/raw/sbm_k4_r1_rep0_q00_ZR-budgetM.json.gz,2ac268acfe92ae06d7d7b0b7f181b178ceb4d920f63362edb36d737528069eea,1.0,27,COMPLETED,sbm_k4_r1_rep0_q00_ZR-budgetM,2.546175637393768,8988,ZR-budgetM,3530,0.20349770924076438
1.0,0.4191931368412593,41729/99546,sbm_k4_r1_rep0,True,1,596,1.0,0.1961675421334803,0.1688385269121813,1.0,0,results/m4/dev_ablations_v12_002/raw/sbm_k4_r1_rep0_q00_ordering-bfs.json.gz,8f881b559bd820c84a8dc894cfd18317bcb60fe562059185f62cf04f9a8c6a1b,1.0,27,COMPLETED,sbm_k4_r1_rep0_q00_ordering-bfs,2.546175637393768,8988,ordering-bfs,3530,0.1961675421334803
1.0,0.4191931368412593,41729/99546,sbm_k4_r1_rep0,True,1,596,1.0,0.20279479213058949,0.1688385269121813,1.0,0,results/m4/dev_ablations_v12_002/raw/sbm_k4_r1_rep0_q00_ordering-random.json.gz,7e7ecb93d05199b01dfcd71ab0685a3bc3d80fd549a051b7452a18d9d2d85f56,1.0,27,COMPLETED,sbm_k4_r1_rep0_q00_ordering-random,2.546175637393768,8988,ordering-random,3530,0.20279479213058949
1.0,0.4191931368412593,41729/99546,sbm_k4_r1_rep0,True,1,596,1.0,0.26579400012269616,0.1688385269121813,1.0,0,results/m4/dev_ablations_v12_002/raw/sbm_k4_r1_rep0_q00_multi-start.json.gz,a216eee394bcf82e3815f95c240a119ee0012578bc38ab05dd80d6d53937843e,1.0,27,COMPLETED,sbm_k4_r1_rep0_q00_multi-start,2.546175637393768,8988,multi-start,3530,0.26579400012269616
1.0,0.4191931368412593,41729/99546,sbm_k4_r1_rep0,True,1,596,1.0,0.45766583317890763,0.1688385269121813,1.0,0,results/m4/dev_ablations_v12_002/raw/sbm_k4_r1_rep0_q00_diffusion-TL-star.json.gz,bf44bf538d313039e19875c979b67f7b2e12027ba3197ce5a3c42902852f40e0,1.0,27,COMPLETED,sbm_k4_r1_rep0_q00_diffusion-TL-star,2.546175637393768,8988,diffusion-TL-star,3530,0.45766583317890763
0.966183574879227,0.4824431066925514,25869709/53622300,sbm_k4_r1_rep0,True,1,809,1.0,0.16095208283513784,0.21272679463581384,0.9345794392523364,0,results/m4/dev_ablations_v12_002/raw/sbm_k4_r1_rep0_q00_no-refinement.json.gz,a45a20b1e78c30b223d3223c48ec8a51ec001dbfbccf113e7afe225482fc8e78,1.0,27,COMPLETED,sbm_k4_r1_rep0_q00_no-refinement,2.3633973179069154,8988,no-refinement,3803,0.16095208283513784
1.0,0.4191931368412593,41729/99546,sbm_k4_r1_rep0,True,1,596,1.0,0.1949401251040399,0.1688385269121813,1.0,0,results/m4/dev_ablations_v12_002/raw/sbm_k4_r1_rep0_q00_hull-best.json.gz,28d1bf3e9946340cbb91168ea7e9042accf1d49b841ef849e465fbcf72330df3,1.0,27,COMPLETED,sbm_k4_r1_rep0_q00_hull-best,2.546175637393768,8988,hull-best,3530,0.1949401251040399
1.0,0.4191931368412593,41729/99546,sbm_k4_r1_rep0,True,1,596,1.0,0.188485958147794,0.1688385269121813,1.0,0,results/m4/dev_ablations_v12_002/raw/sbm_k4_r1_rep0_q00_conductance-sweep.json.gz,b46b4c8436bf3b1c285153e181b813ef143daf2f76c0545e7113a4143e551d32,1.0,27,COMPLETED,sbm_k4_r1_rep0_q00_conductance-sweep,2.546175637393768,8988,conductance-sweep,3530,0.188485958147794
1.0,0.4191931368412593,41729/99546,sbm_k4_r1_rep0,True,1,596,1.0,0.20880020828917623,0.1688385269121813,1.0,1,results/m4/dev_ablations_v12_002/raw/sbm_k4_r1_rep0_q01_R-cap-0.25.json.gz,4aecc81c999493b98387307e91a63e672b04661927035e694c414480ff6869d0,1.0,49,COMPLETED,sbm_k4_r1_rep0_q01_R-cap-0.25,3.631728045325779,12820,R-cap-0.25,3530,0.20880020828917623
1.0,0.4191931368412593,41729/99546,sbm_k4_r1_rep0,True,1,596,1.0,0.278306916821748,0.1688385269121813,1.0,1,results/m4/dev_ablations_v12_002/raw/sbm_k4_r1_rep0_q01_R-cap-0.5.json.gz,46577d10c8d189585108fcf8a9252523b19b3a75df9160dbb096a9c175f8c34e,1.0,49,COMPLETED,sbm_k4_r1_rep0_q01_R-cap-0.5,3.631728045325779,12820,R-cap-0.5,3530,0.278306916821748
1.0,0.4191931368412593,41729/99546,sbm_k4_r1_rep0,True,1,596,1.0,0.2648499170318246,0.1688385269121813,1.0,1,results/m4/dev_ablations_v12_002/raw/sbm_k4_r1_rep0_q01_R-cap-1.json.gz,97872fe573b7f4340a4b1398bc2548b96a5a38a2140c3df0fcb49160621b0df2,1.0,49,COMPLETED,sbm_k4_r1_rep0_q01_R-cap-1,3.631728045325779,12820,R-cap-1,3530,0.2648499170318246
1.0,0.4191931368412593,41729/99546,sbm_k4_r1_rep0,True,1,596,1.0,0.29006966669112444,0.1688385269121813,1.0,1,results/m4/dev_ablations_v12_002/raw/sbm_k4_r1_rep0_q01_supp-jstar.json.gz,4fb8a798f28c5dafe17d34c08230b8bf5ad46a5c43abdc7af7443391cac40b31,1.0,49,COMPLETED,sbm_k4_r1_rep0_q01_supp-jstar,3.631728045325779,12820,supp-jstar,3530,0.29006966669112444
1.0,0.4191931368412593,41729/99546,sbm_k4_r1_rep0,True,1,596,0.4,1.073522750288248,0.1688385269121813,1.0,1,results/m4/dev_ablations_v12_002/raw/sbm_k4_r1_rep0_q01_supp-jstar+2.json.gz,05abfd97f969c6d7280ff83e4eecd7f25afcaff917b183f430e191d1b5e6bde9,1.0,49,COMPLETED,sbm_k4_r1_rep0_q01_supp-jstar+2,3.9943342776203967,14100,supp-jstar+2,3530,1.073522750288248
1.0,0.4191931368412593,41729/99546,sbm_k4_r1_rep0,True,1,596,0.4,0.20042366674169898,0.1688385269121813,1.0,1,results/m4/dev_ablations_v12_002/raw/sbm_k4_r1_rep0_q01_full.json.gz,91487b35520d002a64a522679b8b011fe5a827a7024238ec7bdb6e131f822249,1.0,49,COMPLETED,sbm_k4_r1_rep0_q01_full,3.9943342776203967,14100,full,3530,0.20042366674169898
1.0,0.4191931368412593,41729/99546,sbm_k4_r1_rep0,True,1,596,0.5102040816326531,0.22163570811972022,0.1688385269121813,1.0,1,results/m4/dev_ablations_v12_002/raw/sbm_k4_r1_rep0_q01_patience-2.json.gz,eb54d1fe917304f162b8d7a52dfb63d786f93d5fd22cdca053dd6ab47a158b09,1.0,49,COMPLETED,sbm_k4_r1_rep0_q01_patience-2,3.631728045325779,12820,patience-2,3530,0.22163570811972022
1.0,0.4191931368412593,41729/99546,sbm_k4_r1_rep0,True,1,596,1.0,0.28811199963092804,0.1688385269121813,1.0,1,results/m4/dev_ablations_v12_002/raw/sbm_k4_r1_rep0_q01_ZR-mact.json.gz,7baddb805f64aeef8f3f86d77af3232a9e50bfe9d4072bfbdc0c9957029fd621,1.0,49,COMPLETED,sbm_k4_r1_rep0_q01_ZR-mact,1.1453257790368272,4043,ZR-mact,3530,0.28811199963092804
1.0,0.4191931368412593,41729/99546,sbm_k4_r1_rep0,True,1,596,1.0,0.22144674975425005,0.1688385269121813,1.0,1,results/m4/dev_ablations_v12_002/raw/sbm_k4_r1_rep0_q01_sqrt2-grid.json.gz,d40f7a7cb1db170c449fdfd3520c751262d9a85b73d3b43848028fbd23869ece,1.0,49,COMPLETED,sbm_k4_r1_rep0_q01_sqrt2-grid,1.4776203966005665,5216,sqrt2-grid,3530,0.22144674975425005
1.0,0.4191931368412593,41729/99546,sbm_k4_r1_rep0,True,1,596,1.0,0.22107449965551496,0.1688385269121813,1.0,1,results/m4/dev_ablations_v12_002/raw/sbm_k4_r1_rep0_q01_fixed-grid.json.gz,583d951bb0cf450faf027462fe795fd9973d7680456a3e983b7279b2d81a415f,1.0,49,COMPLETED,sbm_k4_r1_rep0_q01_fixed-grid,1.4226628895184137,5022,fixed-grid,3530,0.22107449965551496
1.0,0.4191931368412593,41729/99546,sbm_k4_r1_rep0,True,1,596,0.5102040816326531,0.22334966622292995,0.1688385269121813,1.0,1,results/m4/dev_ablations_v12_002/raw/sbm_k4_r1_rep0_q01_ZR-budgetM.json.gz,43f40e98c6bcc50f257f617e3c76b143c10ec2dcedb6573d8bbfe8cb26533969,1.0,49,COMPLETED,sbm_k4_r1_rep0_q01_ZR-budgetM,3.631728045325779,12820,ZR-budgetM,3530,0.22334966622292995
1.0,0.4191931368412593,41729/99546,sbm_k4_r1_rep0,True,1,596,0.5102040816326531,0.22036833316087723,0.1688385269121813,1.0,1,results/m4/dev_ablations_v12_002/raw/sbm_k4_r1_rep0_q01_ordering-bfs.json.gz,12e7ec2f320cc5a36172f9d9d962c44e5afe265c47f7431b7999d7b96d8e8e03,1.0,49,COMPLETED,sbm_k4_r1_rep0_q01_ordering-bfs,3.631728045325779,12820,ordering-bfs,3530,0.22036833316087723
1.0,0.4191931368412593,41729/99546,sbm_k4_r1_rep0,True,1,596,0.5102040816326531,0.23737520910799503,0.1688385269121813,1.0,1,results/m4/dev_ablations_v12_002/raw/sbm_k4_r1_rep0_q01_ordering-random.json.gz,b4349fef4a6389324aae9b526289146e6197742a60bc99edd99bd9e379cda652,1.0,49,COMPLETED,sbm_k4_r1_rep0_q01_ordering-random,3.631728045325779,12820,ordering-random,3530,0.23737520910799503
1.0,0.4191931368412593,41729/99546,sbm_k4_r1_rep0,True,1,596,0.5102040816326531,0.35804987512528896,0.1688385269121813,1.0,1,results/m4/dev_ablations_v12_002/raw/sbm_k4_r1_rep0_q01_multi-start.json.gz,40c01e78776d85496c7896e5a111bbaa3d3f9a241f73794c4d722adff594d3af,1.0,49,COMPLETED,sbm_k4_r1_rep0_q01_multi-start,3.631728045325779,12820,multi-start,3530,0.35804987512528896
1.0,0.4191931368412593,41729/99546,sbm_k4_r1_rep0,True,1,596,0.5102040816326531,0.5288464170880616,0.1688385269121813,1.0,1,results/m4/dev_ablations_v12_002/raw/sbm_k4_r1_rep0_q01_diffusion-TL-star.json.gz,6d92abf4c292e1d3ebab74f9456d1c0ee148873875a7ff90f1e261ce8f6ae229,1.0,49,COMPLETED,sbm_k4_r1_rep0_q01_diffusion-TL-star,3.631728045325779,12820,diffusion-TL-star,3530,0.5288464170880616
0.9523809523809523,0.5113760495638705,125461/245340,sbm_k4_r1_rep0,True,1,915,0.5102040816326531,0.1651030001230538,0.23371647509578544,0.9090909090909091,1,results/m4/dev_ablations_v12_002/raw/sbm_k4_r1_rep0_q01_no-refinement.json.gz,4b6736685ff7140bf41e0861294d9b956a32a31a81ac4edece5bfc06dbb5a163,1.0,49,COMPLETED,sbm_k4_r1_rep0_q01_no-refinement,3.2745849297573435,12820,no-refinement,3915,0.1651030001230538
0.5102040816326531,0.8127385629232502,29697589/36540150,sbm_k4_r1_rep0,True,1,804,0.5102040816326531,0.2280292077921331,0.21531869309051954,0.3424657534246575,1,results/m4/dev_ablations_v12_002/raw/sbm_k4_r1_rep0_q01_hull-best.json.gz,173ff01d06aaa275cb35744abbdda00bd8922eec7e9e69fd596365a20085ddb7,1.0,49,COMPLETED,sbm_k4_r1_rep0_q01_hull-best,1.2367354813814393,12820,hull-best,10366,0.2280292077921331
1.0,0.4191931368412593,41729/99546,sbm_k4_r1_rep0,True,1,596,0.5102040816326531,0.22502116626128554,0.1688385269121813,1.0,1,results/m4/dev_ablations_v12_002/raw/sbm_k4_r1_rep0_q01_conductance-sweep.json.gz,976ef7766959ae74a9f82bb22ee6c52544f4ec47281f5e003ee515668f30bd84,1.0,49,COMPLETED,sbm_k4_r1_rep0_q01_conductance-sweep,3.631728045325779,12820,conductance-sweep,3530,0.22502116626128554
0.918918918918919,0.4887340169478121,21480773/43951868,sbm_k4_r1_rep1,True,1,841,0.918918918918919,0.209949417039752,0.27331816704582385,1.0,0,results/m4/dev_ablations_v12_002/raw/sbm_k4_r1_rep1_q00_R-cap-0.25.json.gz,672cacb46c7b3035f567d2386bf6984cb68bdc60b59f3e06c8301cd6a6075b03,0.85,85,COMPLETED,sbm_k4_r1_rep1_q00_R-cap-0.25,2.6811829704257395,8250,R-cap-0.25,3077,0.209949417039752
1.0,0.4210581697979021,5421977/12877026,sbm_k4_r1_rep1,True,1,608,1.0,0.29376083333045244,0.16860787576261785,1.0,0,results/m4/dev_ablations_v12_002/raw/sbm_k4_r1_rep1_q00_R-cap-0.5.json.gz,e4519413254d5f8aaf38ef2d14142c71f05b4c22707b293b35563b3ae29b88fc,1.0,85,COMPLETED,sbm_k4_r1_rep1_q00_R-cap-0.5,2.2878535773710484,8250,R-cap-0.5,3606,0.29376083333045244
1.0,0.4210581697979021,5421977/12877026,sbm_k4_r1_rep1,True,1,608,1.0,0.2470287079922855,0.16860787576261785,1.0,0,results/m4/dev_ablations_v12_002/raw/sbm_k4_r1_rep1_q00_R-cap-1.json.gz,7cc38632f7a3eb7d9aeef04a958a488a8ad0f4d6b95efccb0357bb9a823abe71,1.0,85,COMPLETED,sbm_k4_r1_rep1_q00_R-cap-1,2.2878535773710484,8250,R-cap-1,3606,0.2470287079922855
0.7951807228915663,0.5729916060710543,19749469/34467292,sbm_k4_r1_rep1,True,1,975,0.7951807228915663,0.1600259579718113,0.4040613344384584,1.0,0,results/m4/dev_ablations_v12_002/raw/sbm_k4_r1_rep1_q00_supp-jstar.json.gz,7cc53b36e8f1c214beea86ed6ef6cd2d98b6b4520dfbcbd396eeb9f6775d8cd6,0.66,85,COMPLETED,sbm_k4_r1_rep1_q00_supp-jstar,3.418980522171571,8250,supp-jstar,2413,0.1600259579718113
1.0,0.4210581697979021,5421977/12877026,sbm_k4_r1_rep1,True,1,608,0.4,1.1120358342304826,0.16860787576261785,1.0,0,results/m4/dev_ablations_v12_002/raw/sbm_k4_r1_rep1_q00_supp-jstar+2.json.gz,88a7aaa506f214227734fb50fe08c97d3479dffcb5240d768aee833696afe5fc,1.0,85,COMPLETED,sbm_k4_r1_rep1_q00_supp-jstar+2,3.961175818080976,14284,supp-jstar+2,3606,1.1120358342304826
1.0,0.4210581697979021,5421977/12877026,sbm_k4_r1_rep1,True,1,608,0.4,0.19235479179769754,0.16860787576261785,1.0,0,results/m4/dev_ablations_v12_002/raw/sbm_k4_r1_rep1_q00_full.json.gz,50bc9881e02ca537f1090b51edd05aa07e2048bc5563513c70e515b727af6561,1.0,85,COMPLETED,sbm_k4_r1_rep1_q00_full,3.961175818080976,14284,full,3606,0.19235479179769754
1.0,0.4210581697979021,5421977/12877026,sbm_k4_r1_rep1,True,1,608,1.0,0.21108416700735688,0.16860787576261785,1.0,0,results/m4/dev_ablations_v12_002/raw/sbm_k4_r1_rep1_q00_patience-2.json.gz,56a986c0b065098463c7aa11402097e941d0750b3c369b749385e26800efea6b,1.0,85,COMPLETED,sbm_k4_r1_rep1_q00_patience-2,2.2878535773710484,8250,patience-2,3606,0.21108416700735688
1.0,0.4210581697979021,5421977/12877026,sbm_k4_r1_rep1,True,1,608,0.44150110375275936,0.16476408392190933,0.16860787576261785,1.0,0,results/m4/dev_ablations_v12_002/raw/sbm_k4_r1_rep1_q00_ZR-mact.json.gz,9352ff14bffb01db040263082c98d97374f9dc620c12b72c8bedf8bff125f29b,1.0,85,COMPLETED,sbm_k4_r1_rep1_q00_ZR-mact,3.4988907376594565,12617,ZR-mact,3606,0.16476408392190933
1.0,0.4210581697979021,5421977/12877026,sbm_k4_r1_rep1,True,1,608,1.0,0.25059358309954405,0.16860787576261785,1.0,0,results/m4/dev_ablations_v12_002/raw/sbm_k4_r1_rep1_q00_sqrt2-grid.json.gz,03e945dfc4fc76900a3b226e39c49e7b0ba5619c0a7260d4b86fd17ba4a7354f,1.0,85,COMPLETED,sbm_k4_r1_rep1_q00_sqrt2-grid,1.163616195230172,4196,sqrt2-grid,3606,0.25059358309954405
1.0,0.4210581697979021,5421977/12877026,sbm_k4_r1_rep1,True,1,608,1.0,0.24507924960926175,0.16860787576261785,1.0,0,results/m4/dev_ablations_v12_002/raw/sbm_k4_r1_rep1_q00_fixed-grid.json.gz,2c5360d3aa829b9a2ce18345cf1a3daa819ef95698463f1b331671fcbd8b3040,1.0,85,COMPLETED,sbm_k4_r1_rep1_q00_fixed-grid,1.3496949528563504,4867,fixed-grid,3606,0.24507924960926175
1.0,0.4210581697979021,5421977/12877026,sbm_k4_r1_rep1,True,1,608,0.4,1.0972009999677539,0.16860787576261785,1.0,0,results/m4/dev_ablations_v12_002/raw/sbm_k4_r1_rep1_q00_ZR-budgetM.json.gz,6bd0619907b550090ccce1d7026c47799a1bb8436224c791f68b825b943991f6,1.0,85,COMPLETED,sbm_k4_r1_rep1_q00_ZR-budgetM,3.961175818080976,14284,ZR-budgetM,3606,1.0972009999677539
1.0,0.4210581697979021,5421977/12877026,sbm_k4_r1_rep1,True,1,608,1.0,0.2074541673064232,0.16860787576261785,1.0,0,results/m4/dev_ablations_v12_002/raw/sbm_k4_r1_rep1_q00_ordering-bfs.json.gz,afb779d1e6b841d741852aca6c1c03309a57a7c67ffc0dffa46961f6037d2828,1.0,85,COMPLETED,sbm_k4_r1_rep1_q00_ordering-bfs,2.2878535773710484,8250,ordering-bfs,3606,0.2074541673064232
0.9949748743718593,0.4242874021840115,2709053/6384948,sbm_k4_r1_rep1,True,1,622,1.0,0.22185599990189075,0.1739373601789709,1.0,0,results/m4/dev_ablations_v12_002/raw/sbm_k4_r1_rep1_q00_ordering-random.json.gz,5b080aa2134a21f7abffb33be57838702c8cd61d84c807cb23328828b4882798,0.99,85,COMPLETED,sbm_k4_r1_rep1_q00_ordering-random,2.307046979865772,8250,ordering-random,3576,0.22185599990189075
1.0,0.4210581697979021,5421977/12877026,sbm_k4_r1_rep1,True,1,608,1.0,0.2771744579076767,0.16860787576261785,1.0,0,results/m4/dev_ablations_v12_002/raw/sbm_k4_r1_rep1_q00_multi-start.json.gz,26ca1a1d6cf1424ecf886b1cc036a4c04098b35f8ac9ea8a31285bad7419913a,1.0,85,COMPLETED,sbm_k4_r1_rep1_q00_multi-start,2.2878535773710484,8250,multi-start,3606,0.2771744579076767
1.0,0.4210581697979021,5421977/12877026,sbm_k4_r1_rep1,True,1,608,1.0,0.47667287522926927,0.16860787576261785,1.0,0,results/m4/dev_ablations_v12_002/raw/sbm_k4_r1_rep1_q00_diffusion-TL-star.json.gz,6544b5639ca605a588054a1d787c0d0b450fec7c8fa9877768f849a390437e97,1.0,85,COMPLETED,sbm_k4_r1_rep1_q00_diffusion-TL-star,2.2878535773710484,8250,diffusion-TL-star,3606,0.47667287522926927
0.75,0.6532770387777945,3237999/4956548,sbm_k4_r1_rep1,True,1,1274,1.0,0.17858483269810677,0.4589337175792507,0.868421052631579,0,results/m4/dev_ablations_v12_002/raw/sbm_k4_r1_rep1_q00_no-refinement.json.gz,3b6aa98faae1c141e800c3d87ca4a762153a3a55955bcd7d9089b4d0a10a74c2,0.66,85,COMPLETED,sbm_k4_r1_rep1_q00_no-refinement,2.9719020172910664,8250,no-refinement,2776,0.17858483269810677
1.0,0.4210581697979021,5421977/12877026,sbm_k4_r1_rep1,True,1,608,1.0,0.2158241248689592,0.16860787576261785,1.0,0,results/m4/dev_ablations_v12_002/raw/sbm_k4_r1_rep1_q00_hull-best.json.gz,d64fac9b1d001c989580e00b35f34e33efb2a9a1e51bd908826cbcf123f2a56f,1.0,85,COMPLETED,sbm_k4_r1_rep1_q00_hull-best,2.2878535773710484,8250,hull-best,3606,0.2158241248689592
1.0,0.4210581697979021,5421977/12877026,sbm_k4_r1_rep1,True,1,608,1.0,0.20990674989297986,0.16860787576261785,1.0,0,results/m4/dev_ablations_v12_002/raw/sbm_k4_r1_rep1_q00_conductance-sweep.json.gz,fc176f540cfd3a49f1e868f4cc580190b217c85340c6926c0459d675fc9416b4,1.0,85,COMPLETED,sbm_k4_r1_rep1_q00_conductance-sweep,2.2878535773710484,8250,conductance-sweep,3606,0.20990674989297986
1.0,0.4210581697979021,5421977/12877026,sbm_k4_r1_rep1,True,1,608,1.0,0.2925240839831531,0.16860787576261785,1.0,1,results/m4/dev_ablations_v12_002/raw/sbm_k4_r1_rep1_q01_R-cap-0.25.json.gz,b546cf5833dda265df92780017d0eee362e44a41d64a527075ce5c4ad3fe0a73,1.0,2,COMPLETED,sbm_k4_r1_rep1_q01_R-cap-0.25,1.6209095951192456,5845,R-cap-0.25,3606,0.2925240839831531
1.0,0.4210581697979021,5421977/12877026,sbm_k4_r1_rep1,True,1,608,1.0,0.26400966569781303,0.16860787576261785,1.0,1,results/m4/dev_ablations_v12_002/raw/sbm_k4_r1_rep1_q01_R-cap-0.5.json.gz,977e74c68ee6437a5952bd895dd0f19583b692e6b994182c98c7120a2d755d63,1.0,2,COMPLETED,sbm_k4_r1_rep1_q01_R-cap-0.5,1.6209095951192456,5845,R-cap-0.5,3606,0.26400966569781303
1.0,0.4210581697979021,5421977/12877026,sbm_k4_r1_rep1,True,1,608,1.0,0.25918595818802714,0.16860787576261785,1.0,1,results/m4/dev_ablations_v12_002/raw/sbm_k4_r1_rep1_q01_R-cap-1.json.gz,bd612acd85d365ef538bc484a69a04915f61782500ef67b91fd912cc51798b89,1.0,2,COMPLETED,sbm_k4_r1_rep1_q01_R-cap-1,1.6209095951192456,5845,R-cap-1,3606,0.25918595818802714
0.98989898989899,0.4271889484607608,21594861/50551076,sbm_k4_r1_rep1,True,1,635,0.98989898989899,0.1398257501423359,0.17942921729302064,1.0,1,results/m4/dev_ablations_v12_002/raw/sbm_k4_r1_rep1_q01_supp-jstar.json.gz,15a4251fbbfd2f99e390e592aea00129404974e5ba0d98ff01cf94e8b59e8b7a,0.98,2,COMPLETED,sbm_k4_r1_rep1_q01_supp-jstar,1.651596496185363,5845,supp-jstar,3539,0.1398257501423359
1.0,0.4210581697979021,5421977/12877026,sbm_k4_r1_rep1,True,1,608,0.4,1.0925477077253163,0.16860787576261785,1.0,1,results/m4/dev_ablations_v12_002/raw/sbm_k4_r1_rep1_q01_supp-jstar+2.json.gz,0ba34ef0340500fe447316967e6e1aaa028ef4f6798d7a268ee777a66c2aec3b,1.0,2,COMPLETED,sbm_k4_r1_rep1_q01_supp-jstar+2,3.961175818080976,14284,supp-jstar+2,3606,1.0925477077253163
1.0,0.4210581697979021,5421977/12877026,sbm_k4_r1_rep1,True,1,608,0.4,0.18526324955746531,0.16860787576261785,1.0,1,results/m4/dev_ablations_v12_002/raw/sbm_k4_r1_rep1_q01_full.json.gz,dc5e29a972d5f6704c08965946fe782d691d9595692fa61ed1b94678844bce59,1.0,2,COMPLETED,sbm_k4_r1_rep1_q01_full,3.961175818080976,14284,full,3606,0.18526324955746531
1.0,0.4210581697979021,5421977/12877026,sbm_k4_r1_rep1,True,1,608,1.0,0.25801737513393164,0.16860787576261785,1.0,1,results/m4/dev_ablations_v12_002/raw/sbm_k4_r1_rep1_q01_patience-2.json.gz,7c7d1aa965f107065472207361894eae1aca068c859f6d94f66e0884eab68d9f,1.0,2,COMPLETED,sbm_k4_r1_rep1_q01_patience-2,1.6209095951192456,5845,patience-2,3606,0.25801737513393164
1.0,0.4210581697979021,5421977/12877026,sbm_k4_r1_rep1,True,1,608,1.0,0.38696729205548763,0.16860787576261785,1.0,1,results/m4/dev_ablations_v12_002/raw/sbm_k4_r1_rep1_q01_ZR-mact.json.gz,1b7ab1f5a4d4f88423987385080f8aa4993500951efee88197647325cea72822,1.0,2,COMPLETED,sbm_k4_r1_rep1_q01_ZR-mact,1.7731558513588463,6394,ZR-mact,3606,0.38696729205548763
1.0,0.4210581697979021,5421977/12877026,sbm_k4_r1_rep1,True,1,608,1.0,0.21642862493172288,0.16860787576261785,1.0,1,results/m4/dev_ablations_v12_002/raw/sbm_k4_r1_rep1_q01_sqrt2-grid.json.gz,6e135f312f20197693e97e162138f1fe55abfe6b9e025fbab82b6b2c918972da,1.0,2,COMPLETED,sbm_k4_r1_rep1_q01_sqrt2-grid,1.0632279534109816,3834,sqrt2-grid,3606,0.21642862493172288
1.0,0.4210581697979021,5421977/12877026,sbm_k4_r1_rep1,True,1,608,1.0,0.2836077497340739,0.16860787576261785,1.0,1,results/m4/dev_ablations_v12_002/raw/sbm_k4_r1_rep1_q01_fixed-grid.json.gz,825509192344726d8077f88bbd14ede9444ef094f9b71c69da5863724d29be58,1.0,2,COMPLETED,sbm_k4_r1_rep1_q01_fixed-grid,1.4026622296173046,5058,fixed-grid,3606,0.2836077497340739
1.0,0.4210581697979021,5421977/12877026,sbm_k4_r1_rep1,True,1,608,0.4,1.0942911673337221,0.16860787576261785,1.0,1,results/m4/dev_ablations_v12_002/raw/sbm_k4_r1_rep1_q01_ZR-budgetM.json.gz,6b4ab3d36f0961cebc613727c514bfe99570b9531013b432e695d01ae1a10f85,1.0,2,COMPLETED,sbm_k4_r1_rep1_q01_ZR-budgetM,3.961175818080976,14284,ZR-budgetM,3606,1.0942911673337221
1.0,0.4210581697979021,5421977/12877026,sbm_k4_r1_rep1,True,1,608,1.0,0.26432662503793836,0.16860787576261785,1.0,1,results/m4/dev_ablations_v12_002/raw/sbm_k4_r1_rep1_q01_ordering-bfs.json.gz,75a03853fac580a2916ae3a2ebcf50311ea87df3918917c295ef17c9f48482b2,1.0,2,COMPLETED,sbm_k4_r1_rep1_q01_ordering-bfs,1.6209095951192456,5845,ordering-bfs,3606,0.26432662503793836
1.0,0.4210581697979021,5421977/12877026,sbm_k4_r1_rep1,True,1,608,1.0,0.2556975418701768,0.16860787576261785,1.0,1,results/m4/dev_ablations_v12_002/raw/sbm_k4_r1_rep1_q01_ordering-random.json.gz,e4f74985bfccab08eeb3d5c3ffa937ed3e9f6454101044332830d1f32b344090,1.0,2,COMPLETED,sbm_k4_r1_rep1_q01_ordering-random,1.6209095951192456,5845,ordering-random,3606,0.2556975418701768
1.0,0.4210581697979021,5421977/12877026,sbm_k4_r1_rep1,True,1,608,1.0,0.30379583267495036,0.16860787576261785,1.0,1,results/m4/dev_ablations_v12_002/raw/sbm_k4_r1_rep1_q01_multi-start.json.gz,1f2a10d01d437e971eb1136e28f8bab967245795395606b9ddf9038e8d325c6b,1.0,2,COMPLETED,sbm_k4_r1_rep1_q01_multi-start,1.6209095951192456,5845,multi-start,3606,0.30379583267495036
1.0,0.4210581697979021,5421977/12877026,sbm_k4_r1_rep1,True,1,608,1.0,0.46669158432632685,0.16860787576261785,1.0,1,results/m4/dev_ablations_v12_002/raw/sbm_k4_r1_rep1_q01_diffusion-TL-star.json.gz,068f999ef9ff9f477798d9e4f3a5817543c825c8c280aec3a97d32b89863a32d,1.0,2,COMPLETED,sbm_k4_r1_rep1_q01_diffusion-TL-star,1.6209095951192456,5845,diffusion-TL-star,3606,0.46669158432632685
0.98,0.4414399766882532,5671823/12848458,sbm_k4_r1_rep1,True,1,682,1.0,0.23070083279162645,0.1895497498610339,0.98,1,results/m4/dev_ablations_v12_002/raw/sbm_k4_r1_rep1_q01_no-refinement.json.gz,2970b025b0e296113689134fe552c033c5b1743a0d6704b5b4ebe1a7087f0766,0.98,2,COMPLETED,sbm_k4_r1_rep1_q01_no-refinement,1.6245136186770428,5845,no-refinement,3598,0.23070083279162645
1.0,0.4210581697979021,5421977/12877026,sbm_k4_r1_rep1,True,1,608,1.0,0.25685591576620936,0.16860787576261785,1.0,1,results/m4/dev_ablations_v12_002/raw/sbm_k4_r1_rep1_q01_hull-best.json.gz,cbe52190d6a46058be7ee0b1d95599fee366b8ce570a3e74f0b3fb4aca9eff38,1.0,2,COMPLETED,sbm_k4_r1_rep1_q01_hull-best,1.6209095951192456,5845,hull-best,3606,0.25685591576620936
1.0,0.4210581697979021,5421977/12877026,sbm_k4_r1_rep1,True,1,608,1.0,0.2571155419573188,0.16860787576261785,1.0,1,results/m4/dev_ablations_v12_002/raw/sbm_k4_r1_rep1_q01_conductance-sweep.json.gz,bec1cc65209b5b9dfd4dcdcb28ae4935bf4a71aa387cfddfc5d310e136f3b991,1.0,2,COMPLETED,sbm_k4_r1_rep1_q01_conductance-sweep,1.6209095951192456,5845,conductance-sweep,3606,0.2571155419573188
1.0,0.4176294591876948,5387699/12900668,sbm_k4_r1_rep2,True,1,602,1.0,0.29626716719940305,0.1675946547884187,1.0,0,results/m4/dev_ablations_v12_002/raw/sbm_k4_r1_rep2_q00_R-cap-0.25.json.gz,c93d239ae048087d7478357db2bb60ee418c7e0c43906c5fd24187552ceb4d4a,1.0,70,COMPLETED,sbm_k4_r1_rep2_q00_R-cap-0.25,3.462416481069042,12437,R-cap-0.25,3592,0.29626716719940305
1.0,0.4176294591876948,5387699/12900668,sbm_k4_r1_rep2,True,1,602,1.0,0.25896512484177947,0.1675946547884187,1.0,0,results/m4/dev_ablations_v12_002/raw/sbm_k4_r1_rep2_q00_R-cap-0.5.json.gz,9f4dd56857c4822c3fb8f993c03dac3dd1652f02afd6ed4ed11545a222e3c0ce,1.0,70,COMPLETED,sbm_k4_r1_rep2_q00_R-cap-0.5,3.462416481069042,12437,R-cap-0.5,3592,0.25896512484177947
1.0,0.4176294591876948,5387699/12900668,sbm_k4_r1_rep2,True,1,602,1.0,0.1790033751167357,0.1675946547884187,1.0,0,results/m4/dev_ablations_v12_002/raw/sbm_k4_r1_rep2_q00_R-cap-1.json.gz,5bf6104991ae8e42820dcdb4c670064fd304d22e53b3bdc6cb2daf3e02bf93a3,1.0,70,COMPLETED,sbm_k4_r1_rep2_q00_R-cap-1,3.462416481069042,12437,R-cap-1,3592,0.1790033751167357
1.0,0.4176294591876948,5387699/12900668,sbm_k4_r1_rep2,True,1,602,1.0,0.20923845935612917,0.1675946547884187,1.0,0,results/m4/dev_ablations_v12_002/raw/sbm_k4_r1_rep2_q00_supp-jstar.json.gz,3aca1fd5ff58198fd5104cc34bd78e2db329269f6055a27eff9b507021a8d737,1.0,70,COMPLETED,sbm_k4_r1_rep2_q00_supp-jstar,3.462416481069042,12437,supp-jstar,3592,0.20923845935612917
1.0,0.4176294591876948,5387699/12900668,sbm_k4_r1_rep2,True,1,602,0.4,1.108483707997948,0.1675946547884187,1.0,0,results/m4/dev_ablations_v12_002/raw/sbm_k4_r1_rep2_q00_supp-jstar+2.json.gz,c56c84f8f46ba97988897e831a8a51de0539b669fe84cc88ec2c085744d574b5,1.0,70,COMPLETED,sbm_k4_r1_rep2_q00_supp-jstar+2,3.999443207126949,14366,supp-jstar+2,3592,1.108483707997948
1.0,0.4176294591876948,5387699/12900668,sbm_k4_r1_rep2,True,1,602,0.4,0.18951820768415928,0.1675946547884187,1.0,0,results/m4/dev_ablations_v12_002/raw/sbm_k4_r1_rep2_q00_full.json.gz,75e73053493a4932b903e531b8ca46e61d4ebfbd4019e7caf395ea981bd5f712,1.0,70,COMPLETED,sbm_k4_r1_rep2_q00_full,3.999443207126949,14366,full,3592,0.18951820768415928
1.0,0.4176294591876948,5387699/12900668,sbm_k4_r1_rep2,True,1,602,0.45146726862302483,0.17634574975818396,0.1675946547884187,1.0,0,results/m4/dev_ablations_v12_002/raw/sbm_k4_r1_rep2_q00_patience-2.json.gz,bf75f8b7801d7d86a05947afb0ad9bef1f6358c89de563dbc9d4bb647a1a7e96,1.0,70,COMPLETED,sbm_k4_r1_rep2_q00_patience-2,3.462416481069042,12437,patience-2,3592,0.17634574975818396
1.0,0.4176294591876948,5387699/12900668,sbm_k4_r1_rep2,True,1,602,1.0,0.2163632079027593,0.1675946547884187,1.0,0,results/m4/dev_ablations_v12_002/raw/sbm_k4_r1_rep2_q00_ZR-mact.json.gz,b916159f765863e265160e5c586c5c0680e64788342a6d5e6767e165b1d8a7d9,1.0,70,COMPLETED,sbm_k4_r1_rep2_q00_ZR-mact,1.0851893095768375,3898,ZR-mact,3592,0.2163632079027593
1.0,0.4176294591876948,5387699/12900668,sbm_k4_r1_rep2,True,1,602,1.0,0.25036925030872226,0.1675946547884187,1.0,0,results/m4/dev_ablations_v12_002/raw/sbm_k4_r1_rep2_q00_sqrt2-grid.json.gz,cb33b2aba445cb8de4f31f1178238d5d0dffb22217f05630641d4d80f8f02b6b,1.0,70,COMPLETED,sbm_k4_r1_rep2_q00_sqrt2-grid,1.4974944320712695,5379,sqrt2-grid,3592,0.25036925030872226
1.0,0.4176294591876948,5387699/12900668,sbm_k4_r1_rep2,True,1,602,1.0,0.23729558289051056,0.1675946547884187,1.0,0,results/m4/dev_ablations_v12_002/raw/sbm_k4_r1_rep2_q00_fixed-grid.json.gz,771929fac8e91f4816ad5fe14d5879c2fe2099158d299452a6a9d44b71c94909,1.0,70,COMPLETED,sbm_k4_r1_rep2_q00_fixed-grid,1.4212138084632517,5105,fixed-grid,3592,0.23729558289051056
1.0,0.4176294591876948,5387699/12900668,sbm_k4_r1_rep2,True,1,602,0.4,1.109717917162925,0.1675946547884187,1.0,0,results/m4/dev_ablations_v12_002/raw/sbm_k4_r1_rep2_q00_ZR-budgetM.json.gz,f282d4967181a05d6c2aad8c1fdb61624af6525adcbff8772b4195723987dc1b,1.0,70,COMPLETED,sbm_k4_r1_rep2_q00_ZR-budgetM,3.999443207126949,14366,ZR-budgetM,3592,1.109717917162925
1.0,0.4176294591876948,5387699/12900668,sbm_k4_r1_rep2,True,1,602,0.45146726862302483,0.172560625243932,0.1675946547884187,1.0,0,results/m4/dev_ablations_v12_002/raw/sbm_k4_r1_rep2_q00_ordering-bfs.json.gz,bf61442b0760b2063542e96373030d214e74b76e893174f3457a021e3a65e165,1.0,70,COMPLETED,sbm_k4_r1_rep2_q00_ordering-bfs,3.462416481069042,12437,ordering-bfs,3592,0.172560625243932
1.0,0.4176294591876948,5387699/12900668,sbm_k4_r1_rep2,True,1,602,0.45146726862302483,0.16948387492448092,0.1675946547884187,1.0,0,results/m4/dev_ablations_v12_002/raw/sbm_k4_r1_rep2_q00_ordering-random.json.gz,79d4a6bf610dbc0b789cc4b0bf074608dad2378ef43ebe466297fe645b9cb00b,1.0,70,COMPLETED,sbm_k4_r1_rep2_q00_ordering-random,3.462416481069042,12437,ordering-random,3592,0.16948387492448092
1.0,0.4176294591876948,5387699/12900668,sbm_k4_r1_rep2,True,1,602,0.45146726862302483,0.32185924984514713,0.1675946547884187,1.0,0,results/m4/dev_ablations_v12_002/raw/sbm_k4_r1_rep2_q00_multi-start.json.gz,be27f7c3450782736d2808cb69918a8497e3c25849f449f9866040de638ad117,1.0,70,COMPLETED,sbm_k4_r1_rep2_q00_multi-start,3.462416481069042,12437,multi-start,3592,0.32185924984514713
1.0,0.4176294591876948,5387699/12900668,sbm_k4_r1_rep2,True,1,602,0.45146726862302483,0.4704086668789387,0.1675946547884187,1.0,0,results/m4/dev_ablations_v12_002/raw/sbm_k4_r1_rep2_q00_diffusion-TL-star.json.gz,3aaa32d2516ec242c4edeb5e2bb317964e71589355bd473d91c1d9db51cce1a0,1.0,70,COMPLETED,sbm_k4_r1_rep2_q00_diffusion-TL-star,3.462416481069042,12437,diffusion-TL-star,3592,0.4704086668789387
0.970873786407767,0.47688828243183135,26287199/55122342,sbm_k4_r1_rep2,True,1,805,0.45146726862302483,0.11797133274376392,0.20979932238728172,0.9433962264150944,0,results/m4/dev_ablations_v12_002/raw/sbm_k4_r1_rep2_q00_no-refinement.json.gz,867da789598f246350f31b7048ce042476d0d0d413065f72c8e5403377a87d67,1.0,70,COMPLETED,sbm_k4_r1_rep2_q00_no-refinement,3.2413343758144384,12437,no-refinement,3837,0.11797133274376392
0.45146726862302483,0.9854480335589967,176069943/178669942,sbm_k4_r1_rep2,True,1,1489,0.45146726862302483,0.16902008326724172,0.7719025401762571,0.2915451895043732,0,results/m4/dev_ablations_v12_002/raw/sbm_k4_r1_rep2_q00_hull-best.json.gz,6afbfbc35ba8903aa0344597ae71999cb13d6c3a2869edcf18a44af3dc43bd37,1.0,70,COMPLETED,sbm_k4_r1_rep2_q00_hull-best,1.0,12437,hull-best,12437,0.16902008326724172
1.0,0.4176294591876948,5387699/12900668,sbm_k4_r1_rep2,True,1,602,0.45146726862302483,0.1654475424438715,0.1675946547884187,1.0,0,results/m4/dev_ablations_v12_002/raw/sbm_k4_r1_rep2_q00_conductance-sweep.json.gz,32ce37b015858eacd965b5121ac5611337abfa8335290a6c3f68a585558ef680,1.0,70,COMPLETED,sbm_k4_r1_rep2_q00_conductance-sweep,3.462416481069042,12437,conductance-sweep,3592,0.1654475424438715
0.5401459854014599,0.7566314187423024,3684851/4870074,sbm_k4_r1_rep2,True,1,898,0.5507246376811594,0.10736862476915121,0.6622418879056047,1.0,1,results/m4/dev_ablations_v12_002/raw/sbm_k4_r1_rep2_q01_R-cap-0.25.json.gz,71beec4f1945af3cb44b8b50023a01f35de3423ebe61835f913762f4430855e9,0.37,43,COMPLETED,sbm_k4_r1_rep2_q01_R-cap-0.25,2.853982300884956,3870,R-cap-0.25,1356,0.10736862476915121
0.6394557823129252,0.6886216887990081,4229146/6141465,sbm_k4_r1_rep2,True,1,974,0.6394557823129252,0.11300399992614985,0.5695906432748538,1.0,1,results/m4/dev_ablations_v12_002/raw/sbm_k4_r1_rep2_q01_R-cap-0.5.json.gz,68f652d6af4e2600723dd8bf7dff2393161fc0719a216c7d5206dfc0907c31ce,0.47,43,COMPLETED,sbm_k4_r1_rep2_q01_R-cap-0.5,2.263157894736842,3870,R-cap-0.5,1710,0.11300399992614985
0.7804878048780488,0.5865410785847206,1217593/2075887,sbm_k4_r1_rep2,True,1,984,0.7804878048780488,0.13536395831033587,0.42560553633217996,1.0,1,results/m4/dev_ablations_v12_002/raw/sbm_k4_r1_rep2_q01_R-cap-1.json.gz,5cafd1dc1c34b07981bab94a6090766c7597df6aef7d0a5aff5ccc3583c7ec71,0.64,43,COMPLETED,sbm_k4_r1_rep2_q01_R-cap-1,1.6738754325259515,3870,R-cap-1,2312,0.13536395831033587
0.49624060150375937,0.7886801177383107,317245/402248,sbm_k4_r1_rep2,True,1,866,0.5074626865671642,0.10995525028556585,0.702922077922078,1.0,1,results/m4/dev_ablations_v12_002/raw/sbm_k4_r1_rep2_q01_supp-jstar.json.gz,98e90e1f058770a48251f13d78a3f26bb8958b2d951e6d4f9c76e1a61611f7ff,0.33,43,COMPLETED,sbm_k4_r1_rep2_q01_supp-jstar,3.1412337662337664,3870,supp-jstar,1232,0.10995525028556585
1.0,0.4176294591876948,5387699/12900668,sbm_k4_r1_rep2,True,1,602,0.4,1.0965620828792453,0.1675946547884187,1.0,1,results/m4/dev_ablations_v12_002/raw/sbm_k4_r1_rep2_q01_supp-jstar+2.json.gz,dba0eac53d88983e29b56c76e4152603f61e9e420d391db286b2cddfb95f34d0,1.0,43,COMPLETED,sbm_k4_r1_rep2_q01_supp-jstar+2,3.999443207126949,14366,supp-jstar+2,3592,1.0965620828792453
1.0,0.4176294591876948,5387699/12900668,sbm_k4_r1_rep2,True,1,602,0.4,0.180673916824162,0.1675946547884187,1.0,1,results/m4/dev_ablations_v12_002/raw/sbm_k4_r1_rep2_q01_full.json.gz,cbc812e9fb5b4d49fe65e8c41804599e21a314d046e539f7c6ba606139d424b2,1.0,43,COMPLETED,sbm_k4_r1_rep2_q01_full,3.999443207126949,14366,full,3592,0.180673916824162
1.0,0.4176294591876948,5387699/12900668,sbm_k4_r1_rep2,True,1,602,1.0,0.2067301250062883,0.1675946547884187,1.0,1,results/m4/dev_ablations_v12_002/raw/sbm_k4_r1_rep2_q01_patience-2.json.gz,a87914127c4fa8efe3240740f916d99331072a7625d0ffe2f67f41c3931b3942,1.0,43,COMPLETED,sbm_k4_r1_rep2_q01_patience-2,1.0773942093541202,3870,patience-2,3592,0.2067301250062883
1.0,0.4176294591876948,5387699/12900668,sbm_k4_r1_rep2,True,1,602,1.0,0.2107046670280397,0.1675946547884187,1.0,1,results/m4/dev_ablations_v12_002/raw/sbm_k4_r1_rep2_q01_ZR-mact.json.gz,67c5b9a2a57651ddbdf47452a84efd9d4f50b4790f56199526a5a6a43d7e2b2a,1.0,43,COMPLETED,sbm_k4_r1_rep2_q01_ZR-mact,1.102728285077951,3961,ZR-mact,3592,0.2107046670280397
1.0,0.4176294591876948,5387699/12900668,sbm_k4_r1_rep2,True,1,602,1.0,0.2073838748037815,0.1675946547884187,1.0,1,results/m4/dev_ablations_v12_002/raw/sbm_k4_r1_rep2_q01_sqrt2-grid.json.gz,44002fb3bdaaa7318f19f66dc40131fc3aa3ab082d036c109a12d4df390e6a30,1.0,43,COMPLETED,sbm_k4_r1_rep2_q01_sqrt2-grid,1.0773942093541202,3870,sqrt2-grid,3592,0.2073838748037815
1.0,0.4176294591876948,5387699/12900668,sbm_k4_r1_rep2,True,1,602,1.0,0.2774584577418864,0.1675946547884187,1.0,1,results/m4/dev_ablations_v12_002/raw/sbm_k4_r1_rep2_q01_fixed-grid.json.gz,633f489ce2cf9cb56ec57cde58569862cd8c2ffbc431a4041f11534759bfefc8,1.0,43,COMPLETED,sbm_k4_r1_rep2_q01_fixed-grid,1.4738307349665924,5294,fixed-grid,3592,0.2774584577418864
1.0,0.4176294591876948,5387699/12900668,sbm_k4_r1_rep2,True,1,602,0.4,1.1219774996861815,0.1675946547884187,1.0,1,results/m4/dev_ablations_v12_002/raw/sbm_k4_r1_rep2_q01_ZR-budgetM.json.gz,3a6864b08f37c0cab4defc4506ce04aef2871269e07ec974fe338ce73b8387f3,1.0,43,COMPLETED,sbm_k4_r1_rep2_q01_ZR-budgetM,3.999443207126949,14366,ZR-budgetM,3592,1.1219774996861815
1.0,0.4176294591876948,5387699/12900668,sbm_k4_r1_rep2,True,1,602,1.0,0.20433158287778497,0.1675946547884187,1.0,1,results/m4/dev_ablations_v12_002/raw/sbm_k4_r1_rep2_q01_ordering-bfs.json.gz,75e3466b1f8ce8faa36b1085d103c2c915c4116f296e4edf599bd6403366aa05,1.0,43,COMPLETED,sbm_k4_r1_rep2_q01_ordering-bfs,1.0773942093541202,3870,ordering-bfs,3592,0.20433158287778497
1.0,0.4176294591876948,5387699/12900668,sbm_k4_r1_rep2,True,1,602,1.0,0.20185204222798347,0.1675946547884187,1.0,1,results/m4/dev_ablations_v12_002/raw/sbm_k4_r1_rep2_q01_ordering-random.json.gz,86b4829a6d507025519a3f26157f9c41fe230d9b82786631a1977075dbceb2d8,1.0,43,COMPLETED,sbm_k4_r1_rep2_q01_ordering-random,1.0773942093541202,3870,ordering-random,3592,0.20185204222798347
1.0,0.4176294591876948,5387699/12900668,sbm_k4_r1_rep2,True,1,602,1.0,0.23633883288130164,0.1675946547884187,1.0,1,results/m4/dev_ablations_v12_002/raw/sbm_k4_r1_rep2_q01_multi-start.json.gz,f6f1d0ca36c7028bd5156c72e924c12408e1e128b854fe2e58860b480785c945,1.0,43,COMPLETED,sbm_k4_r1_rep2_q01_multi-start,1.0773942093541202,3870,multi-start,3592,0.23633883288130164
1.0,0.4176294591876948,5387699/12900668,sbm_k4_r1_rep2,True,1,602,1.0,0.3677486670203507,0.1675946547884187,1.0,1,results/m4/dev_ablations_v12_002/raw/sbm_k4_r1_rep2_q01_diffusion-TL-star.json.gz,517ce7c7f97d76af4dd1a80eaaf33bbff617f1a09cbf69d9f104b0b0319ab3af,1.0,43,COMPLETED,sbm_k4_r1_rep2_q01_diffusion-TL-star,1.0773942093541202,3870,diffusion-TL-star,3592,0.3677486670203507
0.4925373134328358,0.8026931682923671,14495083/18058062,sbm_k4_r1_rep2,True,1,899,1.0,0.19048887491226196,0.7151949085123309,0.9705882352941176,1,results/m4/dev_ablations_v12_002/raw/sbm_k4_r1_rep2_q01_no-refinement.json.gz,6ef92f5f42b26d806f66fe0ad2ef71ab35d5634ca4aa02fc579ed5a4f40ad2c1,0.33,43,COMPLETED,sbm_k4_r1_rep2_q01_no-refinement,3.0787589498806684,3870,no-refinement,1257,0.19048887491226196
1.0,0.4176294591876948,5387699/12900668,sbm_k4_r1_rep2,True,1,602,1.0,0.21170437475666404,0.1675946547884187,1.0,1,results/m4/dev_ablations_v12_002/raw/sbm_k4_r1_rep2_q01_hull-best.json.gz,4ca4d890ab00b3394195e68a5f0e6e4ad9288506f4690946b96590c0c2ec8c5c,1.0,43,COMPLETED,sbm_k4_r1_rep2_q01_hull-best,1.0773942093541202,3870,hull-best,3592,0.21170437475666404
1.0,0.4176294591876948,5387699/12900668,sbm_k4_r1_rep2,True,1,602,1.0,0.2043999582529068,0.1675946547884187,1.0,1,results/m4/dev_ablations_v12_002/raw/sbm_k4_r1_rep2_q01_conductance-sweep.json.gz,633527f7cd8ad57eb2704a2bb857b8e122e17daab27f845d88e3ac06d5994018,1.0,43,COMPLETED,sbm_k4_r1_rep2_q01_conductance-sweep,1.0773942093541202,3870,conductance-sweep,3592,0.2043999582529068
0.8489208633093526,0.5767263995180701,38662093/67037148,sbm_k4_r2_rep0,True,1,1379,0.8489208633093526,0.11655058432370424,0.393887460725507,1.0,0,results/m4/dev_ablations_v12_002/raw/sbm_k4_r2_rep0_q00_R-cap-0.25.json.gz,d9dfb911a270fcb293407a5c96447f2d953b095d2b0ba85abbe125cdd3d7d93c,0.7375,51,COMPLETED,sbm_k4_r2_rep0_q00_R-cap-0.25,1.5164238788917452,5309,R-cap-0.25,3501,0.11655058432370424
0.9333333333333333,0.4997917020467603,3325579/6653930,sbm_k4_r2_rep0,True,1,1176,0.9333333333333333,0.1422441671602428,0.2820143884892086,1.0,0,results/m4/dev_ablations_v12_002/raw/sbm_k4_r2_rep0_q00_R-cap-0.5.json.gz,3a284ff6933014c7dce0676938b80589e2b8377b84e8319f06434f803eecb531,0.875,51,COMPLETED,sbm_k4_r2_rep0_q00_R-cap-0.5,1.2731414868105515,5309,R-cap-0.5,4170,0.1422441671602428
1.0,0.44040482005165554,10073065/22872286,sbm_k4_r2_rep0,True,1,912,1.0,0.2475194172002375,0.1908748430305567,1.0,0,results/m4/dev_ablations_v12_002/raw/sbm_k4_r2_rep0_q00_R-cap-1.json.gz,0236876877fb8b1e78e082f3c120a1522d76941e92128249770810ea715195b3,1.0,51,COMPLETED,sbm_k4_r2_rep0_q00_R-cap-1,1.1111343658434492,5309,R-cap-1,4778,0.2475194172002375
0.7596899224806202,0.6591031894360253,9219281/13987614,sbm_k4_r2_rep0,True,1,1480,0.7596899224806202,0.19164612516760826,0.5065023956194388,1.0,0,results/m4/dev_ablations_v12_002/raw/sbm_k4_r2_rep0_q00_supp-jstar.json.gz,a97eec0d4401ee4f032b6f510d693d02f8c8e5f1c33768526e405a41af43b5e1,0.6125,51,COMPLETED,sbm_k4_r2_rep0_q00_supp-jstar,1.8169062286105406,5309,supp-jstar,2922,0.19164612516760826
1.0,0.44040482005165554,10073065/22872286,sbm_k4_r2_rep0,True,1,912,0.4,1.7514407080598176,0.1908748430305567,1.0,0,results/m4/dev_ablations_v12_002/raw/sbm_k4_r2_rep0_q00_supp-jstar+2.json.gz,d0f7fc7d5342c731f113a66f11168983d36944e7160cc5ad19251911f90334f0,1.0,51,COMPLETED,sbm_k4_r2_rep0_q00_supp-jstar+2,4.007534533277522,19148,supp-jstar+2,4778,1.7514407080598176
1.0,0.44040482005165554,10073065/22872286,sbm_k4_r2_rep0,True,1,912,0.4,0.2094784160144627,0.1908748430305567,1.0,0,results/m4/dev_ablations_v12_002/raw/sbm_k4_r2_rep0_q00_full.json.gz,410fcb9cba5fbe677d84d7002d86b2bfa2280960a5fd7c65c00656ef5ba80df7,1.0,51,COMPLETED,sbm_k4_r2_rep0_q00_full,4.007534533277522,19148,full,4778,0.2094784160144627
1.0,0.44040482005165554,10073065/22872286,sbm_k4_r2_rep0,True,1,912,1.0,0.26329475035890937,0.1908748430305567,1.0,0,results/m4/dev_ablations_v12_002/raw/sbm_k4_r2_rep0_q00_patience-2.json.gz,ebddac6f2e47e3b478a6f07b53a4778914ac60eb760986759488507b2c7ffca9,1.0,51,COMPLETED,sbm_k4_r2_rep0_q00_patience-2,1.1111343658434492,5309,patience-2,4778,0.26329475035890937
1.0,0.44040482005165554,10073065/22872286,sbm_k4_r2_rep0,True,1,912,1.0,0.23839004104956985,0.1908748430305567,1.0,0,results/m4/dev_ablations_v12_002/raw/sbm_k4_r2_rep0_q00_ZR-mact.json.gz,7e800ee197aee7cf36cb8c1478bac03eeff6df1f04acfd1936ad699532d365f9,1.0,51,COMPLETED,sbm_k4_r2_rep0_q00_ZR-mact,1.1111343658434492,5309,ZR-mact,4778,0.23839004104956985
1.0,0.44040482005165554,10073065/22872286,sbm_k4_r2_rep0,True,1,912,1.0,0.257381958886981,0.1908748430305567,1.0,0,results/m4/dev_ablations_v12_002/raw/sbm_k4_r2_rep0_q00_sqrt2-grid.json.gz,2498f3e51292e4edf0226900fc3429923e7b882ec3fa0f46aad903f644935cda,1.0,51,COMPLETED,sbm_k4_r2_rep0_q00_sqrt2-grid,1.1111343658434492,5309,sqrt2-grid,4778,0.257381958886981
1.0,0.44040482005165554,10073065/22872286,sbm_k4_r2_rep0,True,1,912,1.0,0.24784404085949063,0.1908748430305567,1.0,0,results/m4/dev_ablations_v12_002/raw/sbm_k4_r2_rep0_q00_fixed-grid.json.gz,3b3e6c12634cba4543655270caaf00ab62eb4ab8ec20a1cf25c2c320d8605382,1.0,51,COMPLETED,sbm_k4_r2_rep0_q00_fixed-grid,1.1111343658434492,5309,fixed-grid,4778,0.24784404085949063
1.0,0.44040482005165554,10073065/22872286,sbm_k4_r2_rep0,True,1,912,0.4,1.7618352081626654,0.1908748430305567,1.0,0,results/m4/dev_ablations_v12_002/raw/sbm_k4_r2_rep0_q00_ZR-budgetM.json.gz,777b4e87acf59ffce6adbdcb68af23c41084de3faae9514e20ba4da50ec4c55a,1.0,51,COMPLETED,sbm_k4_r2_rep0_q00_ZR-budgetM,4.007534533277522,19148,ZR-budgetM,4778,1.7618352081626654
1.0,0.44040482005165554,10073065/22872286,sbm_k4_r2_rep0,True,1,912,1.0,0.2401590831577778,0.1908748430305567,1.0,0,results/m4/dev_ablations_v12_002/raw/sbm_k4_r2_rep0_q00_ordering-bfs.json.gz,17cf3241932ec47a8bb2c588e55db934096a00491cc01cd9c97598aa20431485,1.0,51,COMPLETED,sbm_k4_r2_rep0_q00_ordering-bfs,1.1111343658434492,5309,ordering-bfs,4778,0.2401590831577778
1.0,0.44040482005165554,10073065/22872286,sbm_k4_r2_rep0,True,1,912,1.0,0.2583199171349406,0.1908748430305567,1.0,0,results/m4/dev_ablations_v12_002/raw/sbm_k4_r2_rep0_q00_ordering-random.json.gz,2b4111c83c9ff68cdeca4b70195a33b7c09c540e23da0331e663c20663ecdf2d,1.0,51,COMPLETED,sbm_k4_r2_rep0_q00_ordering-random,1.1111343658434492,5309,ordering-random,4778,0.2583199171349406
1.0,0.44040482005165554,10073065/22872286,sbm_k4_r2_rep0,True,1,912,1.0,0.2794570829719305,0.1908748430305567,1.0,0,results/m4/dev_ablations_v12_002/raw/sbm_k4_r2_rep0_q00_multi-start.json.gz,785868d9f5fa4cd6c7cb37fb535592a993b1adf33de778e2497013d153c959b0,1.0,51,COMPLETED,sbm_k4_r2_rep0_q00_multi-start,1.1111343658434492,5309,multi-start,4778,0.2794570829719305
1.0,0.44040482005165554,10073065/22872286,sbm_k4_r2_rep0,True,1,912,1.0,0.4090546672232449,0.1908748430305567,1.0,0,results/m4/dev_ablations_v12_002/raw/sbm_k4_r2_rep0_q00_diffusion-TL-star.json.gz,a24e222b0059e3c7cc1d8c6862d75f5a4c85d069f1a902b56e2763a914f1d59f,1.0,51,COMPLETED,sbm_k4_r2_rep0_q00_diffusion-TL-star,1.1111343658434492,5309,diffusion-TL-star,4778,0.4090546672232449
0.75,0.6650386865770803,36356029/54667540,sbm_k4_r2_rep0,True,1,1473,1.0,0.2202390842139721,0.5159369527145359,1.0,0,results/m4/dev_ablations_v12_002/raw/sbm_k4_r2_rep0_q00_no-refinement.json.gz,90f2399cffe5871fb8e00738223573199e78d9f7e20b971f09be0230ac1412fc,0.6,51,COMPLETED,sbm_k4_r2_rep0_q00_no-refinement,1.8595446584938704,5309,no-refinement,2855,0.2202390842139721
1.0,0.44040482005165554,10073065/22872286,sbm_k4_r2_rep0,True,1,912,1.0,0.24678083416074514,0.1908748430305567,1.0,0,results/m4/dev_ablations_v12_002/raw/sbm_k4_r2_rep0_q00_hull-best.json.gz,c9e0f4263a32dcdbf8aee8d78b95fe5cd6a80e3516384ad738bcfbfc0470f37b,1.0,51,COMPLETED,sbm_k4_r2_rep0_q00_hull-best,1.1111343658434492,5309,hull-best,4778,0.24678083416074514
1.0,0.44040482005165554,10073065/22872286,sbm_k4_r2_rep0,True,1,912,1.0,0.24188225017860532,0.1908748430305567,1.0,0,results/m4/dev_ablations_v12_002/raw/sbm_k4_r2_rep0_q00_conductance-sweep.json.gz,8422b299cc9f3db3ef95cdeba6f08e31752c39ea9193232a6a1771be967f9efd,1.0,51,COMPLETED,sbm_k4_r2_rep0_q00_conductance-sweep,1.1111343658434492,5309,conductance-sweep,4778,0.24188225017860532
0.9041095890410958,0.5265194812985491,9935609/18870354,sbm_k4_r2_rep0,True,1,1264,0.9041095890410958,0.1128450408577919,0.3206494165398275,1.0,1,results/m4/dev_ablations_v12_002/raw/sbm_k4_r2_rep0_q01_R-cap-0.25.json.gz,3df2f00ce2e012688b05709c9bf8bb5f25331a83481559fcd7a43cb56468fd74,0.825,75,COMPLETED,sbm_k4_r2_rep0_q01_R-cap-0.25,1.4439370877727042,5692,R-cap-0.25,3942,0.1128450408577919
1.0,0.44040482005165554,10073065/22872286,sbm_k4_r2_rep0,True,1,912,1.0,0.11320820869877934,0.1908748430305567,1.0,1,results/m4/dev_ablations_v12_002/raw/sbm_k4_r2_rep0_q01_R-cap-0.5.json.gz,ea3635b982f1a2eba98be5d1e07c421b66ee120f5549456f7c24356d80a7ed82,1.0,75,COMPLETED,sbm_k4_r2_rep0_q01_R-cap-0.5,1.1912934282126413,5692,R-cap-0.5,4778,0.11320820869877934
1.0,0.44040482005165554,10073065/22872286,sbm_k4_r2_rep0,True,1,912,1.0,0.28183587500825524,0.1908748430305567,1.0,1,results/m4/dev_ablations_v12_002/raw/sbm_k4_r2_rep0_q01_R-cap-1.json.gz,11621ba8614bfd67bb83436574a021ae99353df823a628b1ae8bd30e3a26286c,1.0,75,COMPLETED,sbm_k4_r2_rep0_q01_R-cap-1,1.1912934282126413,5692,R-cap-1,4778,0.28183587500825524
0.8059701492537313,0.6238930395638514,1218523/1953096,sbm_k4_r2_rep0,True,1,1480,0.8059701492537313,0.16018820786848664,0.4534313725490196,1.0,1,results/m4/dev_ablations_v12_002/raw/sbm_k4_r2_rep0_q01_supp-jstar.json.gz,cb58eb7ad7aea333d5825aecc282d1efeed993c45635ed32084535e1b5ce1165,0.675,75,COMPLETED,sbm_k4_r2_rep0_q01_supp-jstar,1.7438725490196079,5692,supp-jstar,3264,0.16018820786848664
1.0,0.44040482005165554,10073065/22872286,sbm_k4_r2_rep0,True,1,912,0.4,1.7701754160225391,0.1908748430305567,1.0,1,results/m4/dev_ablations_v12_002/raw/sbm_k4_r2_rep0_q01_supp-jstar+2.json.gz,f4e2a0701f96711dc5616cbef727d374acb7b2be87deb25ad42928346c210ae4,1.0,75,COMPLETED,sbm_k4_r2_rep0_q01_supp-jstar+2,4.007534533277522,19148,supp-jstar+2,4778,1.7701754160225391
1.0,0.44040482005165554,10073065/22872286,sbm_k4_r2_rep0,True,1,912,0.4,0.2159235831350088,0.1908748430305567,1.0,1,results/m4/dev_ablations_v12_002/raw/sbm_k4_r2_rep0_q01_full.json.gz,949e6b335d544182acfba9b5a8a6b51795792f629083c86d9048c9c5b9f2f91c,1.0,75,COMPLETED,sbm_k4_r2_rep0_q01_full,4.007534533277522,19148,full,4778,0.2159235831350088
1.0,0.44040482005165554,10073065/22872286,sbm_k4_r2_rep0,True,1,912,1.0,0.29717516619712114,0.1908748430305567,1.0,1,results/m4/dev_ablations_v12_002/raw/sbm_k4_r2_rep0_q01_patience-2.json.gz,c339921a37a1a847c28b96fd4e5cc8e4b01888ea5daae5c421f1553d24fee1f8,1.0,75,COMPLETED,sbm_k4_r2_rep0_q01_patience-2,1.1912934282126413,5692,patience-2,4778,0.29717516619712114
1.0,0.44040482005165554,10073065/22872286,sbm_k4_r2_rep0,True,1,912,1.0,0.28749299980700016,0.1908748430305567,1.0,1,results/m4/dev_ablations_v12_002/raw/sbm_k4_r2_rep0_q01_ZR-mact.json.gz,2236ece002f5e47c0b074a5e18064755e08fd838195a3feeaa9da920e90b4b73,1.0,75,COMPLETED,sbm_k4_r2_rep0_q01_ZR-mact,1.1912934282126413,5692,ZR-mact,4778,0.28749299980700016
1.0,0.44040482005165554,10073065/22872286,sbm_k4_r2_rep0,True,1,912,1.0,0.2924905000254512,0.1908748430305567,1.0,1,results/m4/dev_ablations_v12_002/raw/sbm_k4_r2_rep0_q01_sqrt2-grid.json.gz,7e676ef678ac197ca85dbf035f8cec936248d95c1cd7450103d135bcf89717d0,1.0,75,COMPLETED,sbm_k4_r2_rep0_q01_sqrt2-grid,1.1912934282126413,5692,sqrt2-grid,4778,0.2924905000254512
1.0,0.44040482005165554,10073065/22872286,sbm_k4_r2_rep0,True,1,912,1.0,0.2195470416918397,0.1908748430305567,1.0,1,results/m4/dev_ablations_v12_002/raw/sbm_k4_r2_rep0_q01_fixed-grid.json.gz,35e76734035b684216ee966901fc689eb7c829da3542100cd164ae8b29c64308,1.0,75,COMPLETED,sbm_k4_r2_rep0_q01_fixed-grid,1.1546672247802428,5517,fixed-grid,4778,0.2195470416918397
1.0,0.44040482005165554,10073065/22872286,sbm_k4_r2_rep0,True,1,912,0.4,1.72398312529549,0.1908748430305567,1.0,1,results/m4/dev_ablations_v12_002/raw/sbm_k4_r2_rep0_q01_ZR-budgetM.json.gz,896c186e11e7f5da790ee8f89cbd76e01c9daf93f24aa1815bbc9af5bafcd75c,1.0,75,COMPLETED,sbm_k4_r2_rep0_q01_ZR-budgetM,4.007534533277522,19148,ZR-budgetM,4778,1.72398312529549
1.0,0.44040482005165554,10073065/22872286,sbm_k4_r2_rep0,True,1,912,1.0,0.2831852501258254,0.1908748430305567,1.0,1,results/m4/dev_ablations_v12_002/raw/sbm_k4_r2_rep0_q01_ordering-bfs.json.gz,83489ca5bc16b3e57eef18e978688f7b478343bd6dfec5dd2a83f5847026ee8e,1.0,75,COMPLETED,sbm_k4_r2_rep0_q01_ordering-bfs,1.1912934282126413,5692,ordering-bfs,4778,0.2831852501258254
1.0,0.44040482005165554,10073065/22872286,sbm_k4_r2_rep0,True,1,912,1.0,0.30008399998769164,0.1908748430305567,1.0,1,results/m4/dev_ablations_v12_002/raw/sbm_k4_r2_rep0_q01_ordering-random.json.gz,a00effce67961e686b3f7ab96d2467d3ecfd959910baab225a4e0f1d63b1728f,1.0,75,COMPLETED,sbm_k4_r2_rep0_q01_ordering-random,1.1912934282126413,5692,ordering-random,4778,0.30008399998769164
1.0,0.44040482005165554,10073065/22872286,sbm_k4_r2_rep0,True,1,912,1.0,0.325996124651283,0.1908748430305567,1.0,1,results/m4/dev_ablations_v12_002/raw/sbm_k4_r2_rep0_q01_multi-start.json.gz,4ae306fa4aab13b15989f7f6c6b076c268a0154655e5ad4b1b168690b5862cec,1.0,75,COMPLETED,sbm_k4_r2_rep0_q01_multi-start,1.1912934282126413,5692,multi-start,4778,0.325996124651283
1.0,0.44040482005165554,10073065/22872286,sbm_k4_r2_rep0,True,1,912,1.0,0.45538933388888836,0.1908748430305567,1.0,1,results/m4/dev_ablations_v12_002/raw/sbm_k4_r2_rep0_q01_diffusion-TL-star.json.gz,bfc83185a760364aa41f5b0f6c68f2845aa58d9c4312d85389ae450b1c71d16d,1.0,75,COMPLETED,sbm_k4_r2_rep0_q01_diffusion-TL-star,1.1912934282126413,5692,diffusion-TL-star,4778,0.45538933388888836
0.7969924812030075,0.6278179352292254,38336429/61062972,sbm_k4_r2_rep0,True,1,1471,1.0,0.26020112494006753,0.46127312637190343,1.0,1,results/m4/dev_ablations_v12_002/raw/sbm_k4_r2_rep0_q01_no-refinement.json.gz,fa339b4ed5043571e2e68daa68d25920563d54ce9a8cd8d7bfda0a6fe7166bc1,0.6625,75,COMPLETED,sbm_k4_r2_rep0_q01_no-refinement,1.7848855440576983,5692,no-refinement,3189,0.26020112494006753
1.0,0.44040482005165554,10073065/22872286,sbm_k4_r2_rep0,True,1,912,1.0,0.28726008301600814,0.1908748430305567,1.0,1,results/m4/dev_ablations_v12_002/raw/sbm_k4_r2_rep0_q01_hull-best.json.gz,15a16a3574bc8b9d1f05403f40d9b30cdcf487977908a1a564cbf2b54862ea7a,1.0,75,COMPLETED,sbm_k4_r2_rep0_q01_hull-best,1.1912934282126413,5692,hull-best,4778,0.28726008301600814
1.0,0.44040482005165554,10073065/22872286,sbm_k4_r2_rep0,True,1,912,1.0,0.28070404194295406,0.1908748430305567,1.0,1,results/m4/dev_ablations_v12_002/raw/sbm_k4_r2_rep0_q01_conductance-sweep.json.gz,34e5a3bd875a8e0adc73e6cf71d39a37747c4bffb7eee50a5127e0246c67155b,1.0,75,COMPLETED,sbm_k4_r2_rep0_q01_conductance-sweep,1.1912934282126413,5692,conductance-sweep,4778,0.28070404194295406
1.0,0.45524621704949575,5773387/12681900,sbm_k4_r2_rep1,True,1,971,1.0,0.3159102499485016,0.20672769853097722,1.0,0,results/m4/dev_ablations_v12_002/raw/sbm_k4_r2_rep1_q00_R-cap-0.25.json.gz,cc3afd094ca65845810e3715c5e67fbd1ee7892d52fbc2c9ffcb8fdda8796564,1.0,25,COMPLETED,sbm_k4_r2_rep1_q00_R-cap-0.25,3.8635299127102405,18147,R-cap-0.25,4697,0.3159102499485016
1.0,0.45524621704949575,5773387/12681900,sbm_k4_r2_rep1,True,1,971,1.0,0.26299816695973277,0.20672769853097722,1.0,0,results/m4/dev_ablations_v12_002/raw/sbm_k4_r2_rep1_q00_R-cap-0.5.json.gz,08e377e672491959e3369d410af2caebbc0602f28880f97d8a8241217e22dab0,1.0,25,COMPLETED,sbm_k4_r2_rep1_q00_R-cap-0.5,3.8635299127102405,18147,R-cap-0.5,4697,0.26299816695973277
1.0,0.45524621704949575,5773387/12681900,sbm_k4_r2_rep1,True,1,971,1.0,0.2809838750399649,0.20672769853097722,1.0,0,results/m4/dev_ablations_v12_002/raw/sbm_k4_r2_rep1_q00_R-cap-1.json.gz,596ddd6f06386963bfdc1474df561a9c2c0492a47cc4fac9065cac172d7ed433,1.0,25,COMPLETED,sbm_k4_r2_rep1_q00_R-cap-1,3.8635299127102405,18147,R-cap-1,4697,0.2809838750399649
1.0,0.45524621704949575,5773387/12681900,sbm_k4_r2_rep1,True,1,971,1.0,0.22028000000864267,0.20672769853097722,1.0,0,results/m4/dev_ablations_v12_002/raw/sbm_k4_r2_rep1_q00_supp-jstar.json.gz,190373a0d76dcc1459d5f9b427f3270667cea78f8b78874574fa5e33a72fe53c,1.0,25,COMPLETED,sbm_k4_r2_rep1_q00_supp-jstar,3.8635299127102405,18147,supp-jstar,4697,0.22028000000864267
1.0,0.45524621704949575,5773387/12681900,sbm_k4_r2_rep1,True,1,971,0.4,1.7285978747531772,0.20672769853097722,1.0,0,results/m4/dev_ablations_v12_002/raw/sbm_k4_r2_rep1_q00_supp-jstar+2.json.gz,6a1f86445c8a6339d047d91c3aa503de267ca2f099c4d20b3600bfe709063622,1.0,25,COMPLETED,sbm_k4_r2_rep1_q00_supp-jstar+2,4.023845007451565,18900,supp-jstar+2,4697,1.7285978747531772
1.0,0.45524621704949575,5773387/12681900,sbm_k4_r2_rep1,True,1,971,0.4,0.22513320809230208,0.20672769853097722,1.0,0,results/m4/dev_ablations_v12_002/raw/sbm_k4_r2_rep1_q00_full.json.gz,3816db36479e3f4c603f45d5fc026e13da7fff81e846ea30f49e7b696ff10ef9,1.0,25,COMPLETED,sbm_k4_r2_rep1_q00_full,4.023845007451565,18900,full,4697,0.22513320809230208
1.0,0.45524621704949575,5773387/12681900,sbm_k4_r2_rep1,True,1,971,0.4134366925064599,0.22256337478756905,0.20672769853097722,1.0,0,results/m4/dev_ablations_v12_002/raw/sbm_k4_r2_rep1_q00_patience-2.json.gz,0092be062a0d7c229393b8270587da905eb48f7d7f6fa346aa2f8554ac5d6807,1.0,25,COMPLETED,sbm_k4_r2_rep1_q00_patience-2,3.8635299127102405,18147,patience-2,4697,0.22256337478756905
1.0,0.45524621704949575,5773387/12681900,sbm_k4_r2_rep1,True,1,971,1.0,0.20431604189798236,0.20672769853097722,1.0,0,results/m4/dev_ablations_v12_002/raw/sbm_k4_r2_rep1_q00_ZR-mact.json.gz,0d26108192d0d6afc195e11310b356410eb7bcd9bc630f6752e6b9e93fdda7b2,1.0,25,COMPLETED,sbm_k4_r2_rep1_q00_ZR-mact,1.06685118160528,5011,ZR-mact,4697,0.20431604189798236
1.0,0.45524621704949575,5773387/12681900,sbm_k4_r2_rep1,True,1,971,1.0,0.3463945840485394,0.20672769853097722,1.0,0,results/m4/dev_ablations_v12_002/raw/sbm_k4_r2_rep1_q00_sqrt2-grid.json.gz,b77335b23d8b1eb7f8531bdfbd2c04d52aba25a3b9b2023071c562de793cf182,1.0,25,COMPLETED,sbm_k4_r2_rep1_q00_sqrt2-grid,1.2635724930806898,5935,sqrt2-grid,4697,0.3463945840485394
1.0,0.45524621704949575,5773387/12681900,sbm_k4_r2_rep1,True,1,971,1.0,0.20567108411341906,0.20672769853097722,1.0,0,results/m4/dev_ablations_v12_002/raw/sbm_k4_r2_rep1_q00_fixed-grid.json.gz,80aa0ea796eb3dcc74ec7856feebda803e39f98bcf63aff8ce6145aee879d3f1,1.0,25,COMPLETED,sbm_k4_r2_rep1_q00_fixed-grid,1.06685118160528,5011,fixed-grid,4697,0.20567108411341906
1.0,0.45524621704949575,5773387/12681900,sbm_k4_r2_rep1,True,1,971,0.4,1.6900666248984635,0.20672769853097722,1.0,0,results/m4/dev_ablations_v12_002/raw/sbm_k4_r2_rep1_q00_ZR-budgetM.json.gz,a9219b861ccfbe101edfcc2ab9264058f25ea400d6a10ec5bbacfbb1dc02d2e5,1.0,25,COMPLETED,sbm_k4_r2_rep1_q00_ZR-budgetM,4.023845007451565,18900,ZR-budgetM,4697,1.6900666248984635
1.0,0.45524621704949575,5773387/12681900,sbm_k4_r2_rep1,True,1,971,0.4134366925064599,0.21388562489300966,0.20672769853097722,1.0,0,results/m4/dev_ablations_v12_002/raw/sbm_k4_r2_rep1_q00_ordering-bfs.json.gz,46ac27a43b9462ae563eb29470a2e877647764cb1622922e3aaf0744d26cce9c,1.0,25,COMPLETED,sbm_k4_r2_rep1_q00_ordering-bfs,3.8635299127102405,18147,ordering-bfs,4697,0.21388562489300966
1.0,0.45524621704949575,5773387/12681900,sbm_k4_r2_rep1,True,1,971,0.4134366925064599,0.22156675020232797,0.20672769853097722,1.0,0,results/m4/dev_ablations_v12_002/raw/sbm_k4_r2_rep1_q00_ordering-random.json.gz,6fbc8feb35041cb8e7242fa693f88c2fc7f0ac8588286b6f8aa997428c25d8e7,1.0,25,COMPLETED,sbm_k4_r2_rep1_q00_ordering-random,3.8635299127102405,18147,ordering-random,4697,0.22156675020232797
1.0,0.45524621704949575,5773387/12681900,sbm_k4_r2_rep1,True,1,971,0.4134366925064599,0.45922533329576254,0.20672769853097722,1.0,0,results/m4/dev_ablations_v12_002/raw/sbm_k4_r2_rep1_q00_multi-start.json.gz,8412b822fcff993051f5c1f123157b7e8093370a6c474238dd76299487930f1a,1.0,25,COMPLETED,sbm_k4_r2_rep1_q00_multi-start,3.8635299127102405,18147,multi-start,4697,0.45922533329576254
1.0,0.45524621704949575,5773387/12681900,sbm_k4_r2_rep1,True,1,971,0.4134366925064599,0.5496778753586113,0.20672769853097722,1.0,0,results/m4/dev_ablations_v12_002/raw/sbm_k4_r2_rep1_q00_diffusion-TL-star.json.gz,a717c1f21321e75bfd8523a9b8ae48a21ccbe74e993c0055875072e6b5c8d051,1.0,25,COMPLETED,sbm_k4_r2_rep1_q00_diffusion-TL-star,3.8635299127102405,18147,diffusion-TL-star,4697,0.5496778753586113
0.9696969696969697,0.509993580260992,48300421/94707900,sbm_k4_r2_rep1,True,1,1227,0.4134366925064599,0.1332632079720497,0.24486130512871682,0.9411764705882353,0,results/m4/dev_ablations_v12_002/raw/sbm_k4_r2_rep1_q00_no-refinement.json.gz,96c753d3a2b2887527008fd2ab1a5f38f66f0d73945a86533a7d39d9f280ca7d,1.0,25,COMPLETED,sbm_k4_r2_rep1_q00_no-refinement,3.621432847734983,18147,no-refinement,5011,0.1332632079720497
0.4134366925064599,0.9986774935907023,38058301/38108700,sbm_k4_r2_rep1,True,1,699,0.4134366925064599,0.21205754205584526,0.9282868525896414,0.26058631921824105,0,results/m4/dev_ablations_v12_002/raw/sbm_k4_r2_rep1_q00_hull-best.json.gz,6f8a5b26af0ab4913ee3a912ee7a0c32ad32dbee14ae154d2167e3e5cf99fd95,1.0,25,COMPLETED,sbm_k4_r2_rep1_q00_hull-best,1.0,18147,hull-best,18147,0.21205754205584526
1.0,0.45524621704949575,5773387/12681900,sbm_k4_r2_rep1,True,1,971,0.4134366925064599,0.20661150012165308,0.20672769853097722,1.0,0,results/m4/dev_ablations_v12_002/raw/sbm_k4_r2_rep1_q00_conductance-sweep.json.gz,7f2e9a965e0dde637a3209428ad5c9910108d31f777118ec3313bf519c00a6e9,1.0,25,COMPLETED,sbm_k4_r2_rep1_q00_conductance-sweep,3.8635299127102405,18147,conductance-sweep,4697,0.20661150012165308
0.8888888888888888,0.5593570985191096,630787/1127700,sbm_k4_r2_rep1,True,1,1355,0.8888888888888888,0.10382287483662367,0.3604682096302208,1.0,1,results/m4/dev_ablations_v12_002/raw/sbm_k4_r2_rep1_q01_R-cap-0.25.json.gz,8e222aba17b95abfb6ef8c11774713817958fe76f5f41aa07984f344bb4e0dd1,0.8,74,COMPLETED,sbm_k4_r2_rep1_q01_R-cap-0.25,1.4631550944400107,5500,R-cap-0.25,3759,0.10382287483662367
0.9808917197452229,0.4716770415310561,4478149/9494100,sbm_k4_r2_rep1,True,1,1051,0.9808917197452229,0.11009662505239248,0.23247069232470693,1.0,1,results/m4/dev_ablations_v12_002/raw/sbm_k4_r2_rep1_q01_R-cap-0.5.json.gz,dfb37818a577c31f78a1703bd0f93f8da73c766d22069b669645225c1343b2e3,0.9625,74,COMPLETED,sbm_k4_r2_rep1_q01_R-cap-0.5,1.2165450121654502,5500,R-cap-0.5,4521,0.11009662505239248
1.0,0.45524621704949575,5773387/12681900,sbm_k4_r2_rep1,True,1,971,1.0,0.2945237918756902,0.20672769853097722,1.0,1,results/m4/dev_ablations_v12_002/raw/sbm_k4_r2_rep1_q01_R-cap-1.json.gz,ef5062e852c217b9d2fba179fae2c9feda43ccf62efb3078b8df2cf7997d392c,1.0,74,COMPLETED,sbm_k4_r2_rep1_q01_R-cap-1,1.17096018735363,5500,R-cap-1,4697,0.2945237918756902
0.7878787878787878,0.6577676047672772,37954309/57701700,sbm_k4_r2_rep1,True,1,1515,0.7878787878787878,0.20964695792645216,0.49623321323288566,1.0,1,results/m4/dev_ablations_v12_002/raw/sbm_k4_r2_rep1_q01_supp-jstar.json.gz,bb50dc3fd067916f3547a30d3fb788a514866e10240cb3cbe76741b88ea17932,0.65,74,COMPLETED,sbm_k4_r2_rep1_q01_supp-jstar,1.8015067147068458,5500,supp-jstar,3053,0.20964695792645216
1.0,0.45524621704949575,5773387/12681900,sbm_k4_r2_rep1,True,1,971,0.4,1.7084936248138547,0.20672769853097722,1.0,1,results/m4/dev_ablations_v12_002/raw/sbm_k4_r2_rep1_q01_supp-jstar+2.json.gz,f395b8feef801afd85ab27d810c8dd75ac64e2e61baa7e1d22d0d04557009d7f,1.0,74,COMPLETED,sbm_k4_r2_rep1_q01_supp-jstar+2,4.023845007451565,18900,supp-jstar+2,4697,1.7084936248138547
1.0,0.45524621704949575,5773387/12681900,sbm_k4_r2_rep1,True,1,971,0.4,0.21058850036934018,0.20672769853097722,1.0,1,results/m4/dev_ablations_v12_002/raw/sbm_k4_r2_rep1_q01_full.json.gz,3ec60f5c09330710026c3d20f6645a172da81215fa69071302218423392ffb70,1.0,74,COMPLETED,sbm_k4_r2_rep1_q01_full,4.023845007451565,18900,full,4697,0.21058850036934018
1.0,0.45524621704949575,5773387/12681900,sbm_k4_r2_rep1,True,1,971,1.0,0.3063659160397947,0.20672769853097722,1.0,1,results/m4/dev_ablations_v12_002/raw/sbm_k4_r2_rep1_q01_patience-2.json.gz,1a66bd9a307928cda8d4a2707b3c75530e45647acc4ba28110a73e5887c0c8c1,1.0,74,COMPLETED,sbm_k4_r2_rep1_q01_patience-2,1.17096018735363,5500,patience-2,4697,0.3063659160397947
1.0,0.45524621704949575,5773387/12681900,sbm_k4_r2_rep1,True,1,971,1.0,0.29701933404430747,0.20672769853097722,1.0,1,results/m4/dev_ablations_v12_002/raw/sbm_k4_r2_rep1_q01_ZR-mact.json.gz,55817940916ab3f079af0b35667d54248895317947790a658433acbd1a26ee37,1.0,74,COMPLETED,sbm_k4_r2_rep1_q01_ZR-mact,1.196934213327656,5622,ZR-mact,4697,0.29701933404430747
1.0,0.45524621704949575,5773387/12681900,sbm_k4_r2_rep1,True,1,971,1.0,0.307690791785717,0.20672769853097722,1.0,1,results/m4/dev_ablations_v12_002/raw/sbm_k4_r2_rep1_q01_sqrt2-grid.json.gz,76e60dd294333f711462062383b28a0627260eb38b039b800bed2b29ac4f1789,1.0,74,COMPLETED,sbm_k4_r2_rep1_q01_sqrt2-grid,1.17096018735363,5500,sqrt2-grid,4697,0.307690791785717
1.0,0.45524621704949575,5773387/12681900,sbm_k4_r2_rep1,True,1,971,1.0,0.28492920799180865,0.20672769853097722,1.0,1,results/m4/dev_ablations_v12_002/raw/sbm_k4_r2_rep1_q01_fixed-grid.json.gz,2294281a2da0cfc19dfea4c4fcaa27baa50901b80424e0d618e1c4c62f62d39c,1.0,74,COMPLETED,sbm_k4_r2_rep1_q01_fixed-grid,1.1594634873323397,5446,fixed-grid,4697,0.28492920799180865
1.0,0.45524621704949575,5773387/12681900,sbm_k4_r2_rep1,True,1,971,0.4,1.7207088749855757,0.20672769853097722,1.0,1,results/m4/dev_ablations_v12_002/raw/sbm_k4_r2_rep1_q01_ZR-budgetM.json.gz,4fbee9291ecb0105aa5a405e9f82b20280bf76f73956f67df902eae7e9393577,1.0,74,COMPLETED,sbm_k4_r2_rep1_q01_ZR-budgetM,4.023845007451565,18900,ZR-budgetM,4697,1.7207088749855757
1.0,0.45524621704949575,5773387/12681900,sbm_k4_r2_rep1,True,1,971,1.0,0.30381474969908595,0.20672769853097722,1.0,1,results/m4/dev_ablations_v12_002/raw/sbm_k4_r2_rep1_q01_ordering-bfs.json.gz,cbab5d1a8e28c30ba113304dbc240c46fea8eead98bb120a673dd90c93fa73c9,1.0,74,COMPLETED,sbm_k4_r2_rep1_q01_ordering-bfs,1.17096018735363,5500,ordering-bfs,4697,0.30381474969908595
1.0,0.45524621704949575,5773387/12681900,sbm_k4_r2_rep1,True,1,971,1.0,0.3003834169358015,0.20672769853097722,1.0,1,results/m4/dev_ablations_v12_002/raw/sbm_k4_r2_rep1_q01_ordering-random.json.gz,ab3000ec9b040e1f3ee9e781995cafba3f84be6cce8490150e734ecba5f48a04,1.0,74,COMPLETED,sbm_k4_r2_rep1_q01_ordering-random,1.17096018735363,5500,ordering-random,4697,0.3003834169358015
1.0,0.45524621704949575,5773387/12681900,sbm_k4_r2_rep1,True,1,971,1.0,0.33757949993014336,0.20672769853097722,1.0,1,results/m4/dev_ablations_v12_002/raw/sbm_k4_r2_rep1_q01_multi-start.json.gz,64f749149b77bcd0c3faea2f26e697384fe1db892fab376b97d3253803cb406f,1.0,74,COMPLETED,sbm_k4_r2_rep1_q01_multi-start,1.17096018735363,5500,multi-start,4697,0.33757949993014336
1.0,0.45524621704949575,5773387/12681900,sbm_k4_r2_rep1,True,1,971,1.0,0.47014737501740456,0.20672769853097722,1.0,1,results/m4/dev_ablations_v12_002/raw/sbm_k4_r2_rep1_q01_diffusion-TL-star.json.gz,0f7bf3ad3be33ebb05dc9983097a832dadea33f3818fef740dcb0a0abf9d8872,1.0,74,COMPLETED,sbm_k4_r2_rep1_q01_diffusion-TL-star,1.17096018735363,5500,diffusion-TL-star,4697,0.47014737501740456
0.7878787878787878,0.6577676047672772,37954309/57701700,sbm_k4_r2_rep1,True,1,1515,1.0,0.2766785407438874,0.49623321323288566,1.0,1,results/m4/dev_ablations_v12_002/raw/sbm_k4_r2_rep1_q01_no-refinement.json.gz,5b37f338ab4c0b2830440873c3571c5600685b003615d1b6c988541bee368f74,0.65,74,COMPLETED,sbm_k4_r2_rep1_q01_no-refinement,1.8015067147068458,5500,no-refinement,3053,0.2766785407438874
1.0,0.45524621704949575,5773387/12681900,sbm_k4_r2_rep1,True,1,971,1.0,0.46033145813271403,0.20672769853097722,1.0,1,results/m4/dev_ablations_v12_002/raw/sbm_k4_r2_rep1_q01_hull-best.json.gz,6c37c34b7c18a084e7ee2187b6aaa1a2cf7fde75d3695b4ece6f641b6e14b1ca,1.0,74,COMPLETED,sbm_k4_r2_rep1_q01_hull-best,1.17096018735363,5500,hull-best,4697,0.46033145813271403
1.0,0.45524621704949575,5773387/12681900,sbm_k4_r2_rep1,True,1,971,1.0,0.32359420880675316,0.20672769853097722,1.0,1,results/m4/dev_ablations_v12_002/raw/sbm_k4_r2_rep1_q01_conductance-sweep.json.gz,b24474f126db99664f68f7aab79a8aa0b8845417c484f1513c0ca7638aa4335c,1.0,74,COMPLETED,sbm_k4_r2_rep1_q01_conductance-sweep,1.17096018735363,5500,conductance-sweep,4697,0.32359420880675316
0.8652482269503546,0.5621457046603693,4780007/8503146,sbm_k4_r2_rep2,True,1,1338,0.8652482269503546,0.11231504194438457,0.37458006718924974,1.0,0,results/m4/dev_ablations_v12_002/raw/sbm_k4_r2_rep2_q00_R-cap-0.25.json.gz,7112027ff0d767d59cfd420aa9606dfebc828697ff0feec047a4d25136879006,0.7625,38,COMPLETED,sbm_k4_r2_rep2_q00_R-cap-0.25,1.501679731243001,5364,R-cap-0.25,3572,0.11231504194438457
0.954248366013072,0.48330213327807975,39494389/81717804,sbm_k4_r2_rep2,True,1,1107,0.954248366013072,0.11144658410921693,0.25798182241901657,1.0,0,results/m4/dev_ablations_v12_002/raw/sbm_k4_r2_rep2_q00_R-cap-0.5.json.gz,fb3cd44571da73f4cbd7b82b2cfb21c17878c899a709811ae49987d6b5db52b7,0.9125,38,COMPLETED,sbm_k4_r2_rep2_q00_R-cap-0.5,1.250058261477511,5364,R-cap-0.5,4291,0.11144658410921693
1.0,0.4409753982288893,65084/147591,sbm_k4_r2_rep2,True,1,912,1.0,0.24458450032398105,0.1935483870967742,1.0,0,results/m4/dev_ablations_v12_002/raw/sbm_k4_r2_rep2_q00_R-cap-1.json.gz,27f0c644e2f9bf211c3dbe73a1b459615676a75ced1090368ca91b2e045f8374,1.0,38,COMPLETED,sbm_k4_r2_rep2_q00_R-cap-1,1.1383701188455009,5364,R-cap-1,4712,0.24458450032398105
0.7692307692307693,0.649348450529925,4575491/7046280,sbm_k4_r2_rep2,True,1,1462,0.7692307692307693,0.20135179115459323,0.4939189189189189,1.0,0,results/m4/dev_ablations_v12_002/raw/sbm_k4_r2_rep2_q00_supp-jstar.json.gz,894325ec5eeb3ee3d54a3f11fb7a8d6dea6882b9ae5064727d7b875280bdb3af,0.625,38,COMPLETED,sbm_k4_r2_rep2_q00_supp-jstar,1.8121621621621622,5364,supp-jstar,2960,0.20135179115459323
1.0,0.4409753982288893,65084/147591,sbm_k4_r2_rep2,True,1,912,0.4,1.7306685419753194,0.1935483870967742,1.0,0,results/m4/dev_ablations_v12_002/raw/sbm_k4_r2_rep2_q00_supp-jstar+2.json.gz,11f86b545f8e8706dfd170fb5607ad40278d71b37c29594b60d95ff87acd8f05,1.0,38,COMPLETED,sbm_k4_r2_rep2_q00_supp-jstar+2,4.041595925297114,19044,supp-jstar+2,4712,1.7306685419753194
1.0,0.4409753982288893,65084/147591,sbm_k4_r2_rep2,True,1,912,0.4,0.2048729588277638,0.1935483870967742,1.0,0,results/m4/dev_ablations_v12_002/raw/sbm_k4_r2_rep2_q00_full.json.gz,3d6d8739f76b8d142ed36109937056763c296078612eca8343ffd8b2b18e615d,1.0,38,COMPLETED,sbm_k4_r2_rep2_q00_full,4.041595925297114,19044,full,4712,0.2048729588277638
1.0,0.4409753982288893,65084/147591,sbm_k4_r2_rep2,True,1,912,1.0,0.24388112500309944,0.1935483870967742,1.0,0,results/m4/dev_ablations_v12_002/raw/sbm_k4_r2_rep2_q00_patience-2.json.gz,e6dbb1606d99aafc19ba6db9f25ecbe6fd397f8f0f6f762655c0ed355be23f07,1.0,38,COMPLETED,sbm_k4_r2_rep2_q00_patience-2,1.1383701188455009,5364,patience-2,4712,0.24388112500309944
1.0,0.4409753982288893,65084/147591,sbm_k4_r2_rep2,True,1,912,1.0,0.23638237500563264,0.1935483870967742,1.0,0,results/m4/dev_ablations_v12_002/raw/sbm_k4_r2_rep2_q00_ZR-mact.json.gz,99505db21c082c040550890f6cef97ca0e6212b356f9929cb196c68611cbfe5f,1.0,38,COMPLETED,sbm_k4_r2_rep2_q00_ZR-mact,1.1383701188455009,5364,ZR-mact,4712,0.23638237500563264
1.0,0.4409753982288893,65084/147591,sbm_k4_r2_rep2,True,1,912,1.0,0.25416587479412556,0.1935483870967742,1.0,0,results/m4/dev_ablations_v12_002/raw/sbm_k4_r2_rep2_q00_sqrt2-grid.json.gz,a430f856d47ae89de7b51f25c99177f6065dfcf43499ca1802c8fd079d7f13aa,1.0,38,COMPLETED,sbm_k4_r2_rep2_q00_sqrt2-grid,1.1383701188455009,5364,sqrt2-grid,4712,0.25416587479412556
1.0,0.4409753982288893,65084/147591,sbm_k4_r2_rep2,True,1,912,1.0,0.23794658295810223,0.1935483870967742,1.0,0,results/m4/dev_ablations_v12_002/raw/sbm_k4_r2_rep2_q00_fixed-grid.json.gz,7ec5ef598c46635144d9621d3e68f4a544e685af18572d4480f41106657374d3,1.0,38,COMPLETED,sbm_k4_r2_rep2_q00_fixed-grid,1.1383701188455009,5364,fixed-grid,4712,0.23794658295810223
1.0,0.4409753982288893,65084/147591,sbm_k4_r2_rep2,True,1,912,0.4,1.8157843751832843,0.1935483870967742,1.0,0,results/m4/dev_ablations_v12_002/raw/sbm_k4_r2_rep2_q00_ZR-budgetM.json.gz,d334d8dd3928d760134caeda09cf3916af803de02bb66102b3679315bfe42902,1.0,38,COMPLETED,sbm_k4_r2_rep2_q00_ZR-budgetM,4.041595925297114,19044,ZR-budgetM,4712,1.8157843751832843
1.0,0.4409753982288893,65084/147591,sbm_k4_r2_rep2,True,1,912,1.0,0.22937416704371572,0.1935483870967742,1.0,0,results/m4/dev_ablations_v12_002/raw/sbm_k4_r2_rep2_q00_ordering-bfs.json.gz,11945a9b9ef59dfef115b6743b2594aac00259fe818df22895767eaccd7bf3f2,1.0,38,COMPLETED,sbm_k4_r2_rep2_q00_ordering-bfs,1.1383701188455009,5364,ordering-bfs,4712,0.22937416704371572
1.0,0.4409753982288893,65084/147591,sbm_k4_r2_rep2,True,1,912,1.0,0.24187308317050338,0.1935483870967742,1.0,0,results/m4/dev_ablations_v12_002/raw/sbm_k4_r2_rep2_q00_ordering-random.json.gz,8731c3eeaa12e082a9f3063afb8c047326b45a6721d255933fcc49c110e94891,1.0,38,COMPLETED,sbm_k4_r2_rep2_q00_ordering-random,1.1383701188455009,5364,ordering-random,4712,0.24187308317050338
1.0,0.4409753982288893,65084/147591,sbm_k4_r2_rep2,True,1,912,1.0,0.2658940418623388,0.1935483870967742,1.0,0,results/m4/dev_ablations_v12_002/raw/sbm_k4_r2_rep2_q00_multi-start.json.gz,fbd31db3fe0967b584e51b5f92b7d5230ff436d834635e4aafc779922d61cc47,1.0,38,COMPLETED,sbm_k4_r2_rep2_q00_multi-start,1.1383701188455009,5364,multi-start,4712,0.2658940418623388
1.0,0.4409753982288893,65084/147591,sbm_k4_r2_rep2,True,1,912,1.0,0.41985516622662544,0.1935483870967742,1.0,0,results/m4/dev_ablations_v12_002/raw/sbm_k4_r2_rep2_q00_diffusion-TL-star.json.gz,9c4b243d3521496e1b647293436d2fb6049fb2185a4673a6eed13ed6cf6de8cd,1.0,38,COMPLETED,sbm_k4_r2_rep2_q00_diffusion-TL-star,1.1383701188455009,5364,diffusion-TL-star,4712,0.41985516622662544
0.7596899224806202,0.6534839370345418,1798295/2751858,sbm_k4_r2_rep2,True,1,1450,1.0,0.21705587534233928,0.5017301038062284,1.0,0,results/m4/dev_ablations_v12_002/raw/sbm_k4_r2_rep2_q00_no-refinement.json.gz,7b515df33f5192b1b5b1bb3775c3cbc9203c4bae55ddecbd075ec4a4ed5ff741,0.6125,38,COMPLETED,sbm_k4_r2_rep2_q00_no-refinement,1.8560553633217993,5364,no-refinement,2890,0.21705587534233928
1.0,0.4409753982288893,65084/147591,sbm_k4_r2_rep2,True,1,912,1.0,0.24435974983498454,0.1935483870967742,1.0,0,results/m4/dev_ablations_v12_002/raw/sbm_k4_r2_rep2_q00_hull-best.json.gz,5ca1f291cc25e26ffc3a4804225d6e1ba32e75359dd1c326dafc534d4e230275,1.0,38,COMPLETED,sbm_k4_r2_rep2_q00_hull-best,1.1383701188455009,5364,hull-best,4712,0.24435974983498454
1.0,0.4409753982288893,65084/147591,sbm_k4_r2_rep2,True,1,912,1.0,0.23679804103448987,0.1935483870967742,1.0,0,results/m4/dev_ablations_v12_002/raw/sbm_k4_r2_rep2_q00_conductance-sweep.json.gz,dd475000cdccb663e659b4c24e322f02ce5597d0e8830780154c0e89b954cc21,1.0,38,COMPLETED,sbm_k4_r2_rep2_q00_conductance-sweep,1.1383701188455009,5364,conductance-sweep,4712,0.23679804103448987
0.8059701492537313,0.6023492085974721,3980485/6608268,sbm_k4_r2_rep2,True,1,1369,0.8059701492537313,0.12976183323189616,0.4383605507524816,1.0,1,results/m4/dev_ablations_v12_002/raw/sbm_k4_r2_rep2_q01_R-cap-0.25.json.gz,55addb069e80a6670fb753ea14bd455916fa96daebc9b2cf20a7b9a2b8294f07,0.675,9,COMPLETED,sbm_k4_r2_rep2_q01_R-cap-0.25,1.8113992955491514,5657,R-cap-0.25,3123,0.12976183323189616
0.8732394366197183,0.5455167669426558,2340082/4289661,sbm_k4_r2_rep2,True,1,1284,0.8732394366197183,0.16503787506371737,0.3562708102108768,1.0,1,results/m4/dev_ablations_v12_002/raw/sbm_k4_r2_rep2_q01_R-cap-0.5.json.gz,789c3b22037d22068d7e95651f9d2a9df465ed582afc5f0abba0e15a3fea6237,0.775,9,COMPLETED,sbm_k4_r2_rep2_q01_R-cap-0.5,1.5696448390677025,5657,R-cap-0.5,3604,0.16503787506371737
0.9808917197452229,0.4588087977591655,133005/289892,sbm_k4_r2_rep2,True,1,1001,0.9808917197452229,0.1949905827641487,0.22141119221411193,1.0,1,results/m4/dev_ablations_v12_002/raw/sbm_k4_r2_rep2_q01_R-cap-1.json.gz,ae50eb50a125e8d6534a1b89fae3c306a509fb0bcc129207982a3562adb328a8,0.9625,9,COMPLETED,sbm_k4_r2_rep2_q01_R-cap-1,1.2512718425127185,5657,R-cap-1,4521,0.1949905827641487
0.7301587301587301,0.6745109809351235,34310029/50866524,sbm_k4_r2_rep2,True,1,1427,0.7301587301587301,0.156831500120461,0.5342568326469487,1.0,1,results/m4/dev_ablations_v12_002/raw/sbm_k4_r2_rep2_q01_supp-jstar.json.gz,7701c77a53060dab794355907c8475ef322f3f27d575ab56b4caab1dc1d0c07f,0.575,9,COMPLETED,sbm_k4_r2_rep2_q01_supp-jstar,2.1179333582927744,5657,supp-jstar,2671,0.156831500120461
1.0,0.4409753982288893,65084/147591,sbm_k4_r2_rep2,True,1,912,0.4,1.7358737499453127,0.1935483870967742,1.0,1,results/m4/dev_ablations_v12_002/raw/sbm_k4_r2_rep2_q01_supp-jstar+2.json.gz,a6b412340ac00476a65ef7eccaa1e1dda284816bbf8b7f137651756ba518cab2,1.0,9,COMPLETED,sbm_k4_r2_rep2_q01_supp-jstar+2,4.041595925297114,19044,supp-jstar+2,4712,1.7358737499453127
1.0,0.4409753982288893,65084/147591,sbm_k4_r2_rep2,True,1,912,0.4,0.20178824989125133,0.1935483870967742,1.0,1,results/m4/dev_ablations_v12_002/raw/sbm_k4_r2_rep2_q01_full.json.gz,f6bffe53128a65659d2522f2c282bdab1ae718adf191b7f4303271e1175eba1b,1.0,9,COMPLETED,sbm_k4_r2_rep2_q01_full,4.041595925297114,19044,full,4712,0.20178824989125133
1.0,0.4409753982288893,65084/147591,sbm_k4_r2_rep2,True,1,912,1.0,0.2521198750473559,0.1935483870967742,1.0,1,results/m4/dev_ablations_v12_002/raw/sbm_k4_r2_rep2_q01_patience-2.json.gz,d4c9f70015d2a80817e30bd1ae614fd6b70e3dd3a97f7027b0e2eb972daaac27,1.0,9,COMPLETED,sbm_k4_r2_rep2_q01_patience-2,1.2005517826825127,5657,patience-2,4712,0.2521198750473559
1.0,0.4409753982288893,65084/147591,sbm_k4_r2_rep2,True,1,912,1.0,0.2476202081888914,0.1935483870967742,1.0,1,results/m4/dev_ablations_v12_002/raw/sbm_k4_r2_rep2_q01_ZR-mact.json.gz,0fa03348ddf96b94ea5337b67d9ea0463fb798523eca7f99b33d43ba3c45fc9b,1.0,9,COMPLETED,sbm_k4_r2_rep2_q01_ZR-mact,1.2005517826825127,5657,ZR-mact,4712,0.2476202081888914
1.0,0.4409753982288893,65084/147591,sbm_k4_r2_rep2,True,1,912,1.0,0.2596757081337273,0.1935483870967742,1.0,1,results/m4/dev_ablations_v12_002/raw/sbm_k4_r2_rep2_q01_sqrt2-grid.json.gz,6617f7a634569b15adad871d22be65c63c1c9cfcf61c94f8c3a6f6622b7c9a7f,1.0,9,COMPLETED,sbm_k4_r2_rep2_q01_sqrt2-grid,1.2005517826825127,5657,sqrt2-grid,4712,0.2596757081337273
1.0,0.4409753982288893,65084/147591,sbm_k4_r2_rep2,True,1,912,1.0,0.24832387501373887,0.1935483870967742,1.0,1,results/m4/dev_ablations_v12_002/raw/sbm_k4_r2_rep2_q01_fixed-grid.json.gz,863934b4bf07816b5f1fcad447c1971584746c4c44298340f6d474811c87a79b,1.0,9,COMPLETED,sbm_k4_r2_rep2_q01_fixed-grid,1.2005517826825127,5657,fixed-grid,4712,0.24832387501373887
1.0,0.4409753982288893,65084/147591,sbm_k4_r2_rep2,True,1,912,0.4,1.7488865829072893,0.1935483870967742,1.0,1,results/m4/dev_ablations_v12_002/raw/sbm_k4_r2_rep2_q01_ZR-budgetM.json.gz,3c23e1111b42431787aec89883d16f1659874089800b676fac1fedaa7bd31aa0,1.0,9,COMPLETED,sbm_k4_r2_rep2_q01_ZR-budgetM,4.041595925297114,19044,ZR-budgetM,4712,1.7488865829072893
1.0,0.4409753982288893,65084/147591,sbm_k4_r2_rep2,True,1,912,1.0,0.24166220892220736,0.1935483870967742,1.0,1,results/m4/dev_ablations_v12_002/raw/sbm_k4_r2_rep2_q01_ordering-bfs.json.gz,c3b0e5ac83e58290d1d5729023939d8033ac0f34467f1ae48c3180b2d5731a2d,1.0,9,COMPLETED,sbm_k4_r2_rep2_q01_ordering-bfs,1.2005517826825127,5657,ordering-bfs,4712,0.24166220892220736
1.0,0.4409753982288893,65084/147591,sbm_k4_r2_rep2,True,1,912,1.0,0.2525976672768593,0.1935483870967742,1.0,1,results/m4/dev_ablations_v12_002/raw/sbm_k4_r2_rep2_q01_ordering-random.json.gz,08f99f92b743d91a47133d81f8e1e450656b39957f0f3b4104f41970c06b6ca4,1.0,9,COMPLETED,sbm_k4_r2_rep2_q01_ordering-random,1.2005517826825127,5657,ordering-random,4712,0.2525976672768593
1.0,0.4409753982288893,65084/147591,sbm_k4_r2_rep2,True,1,912,1.0,0.2878323746845126,0.1935483870967742,1.0,1,results/m4/dev_ablations_v12_002/raw/sbm_k4_r2_rep2_q01_multi-start.json.gz,c3c4f2ff8b90ab83448c521add2aa47e4e93d6334c5576a0c537ec6166982ee9,1.0,9,COMPLETED,sbm_k4_r2_rep2_q01_multi-start,1.2005517826825127,5657,multi-start,4712,0.2878323746845126
1.0,0.4409753982288893,65084/147591,sbm_k4_r2_rep2,True,1,912,1.0,0.41703204112127423,0.1935483870967742,1.0,1,results/m4/dev_ablations_v12_002/raw/sbm_k4_r2_rep2_q01_diffusion-TL-star.json.gz,711922b0771c10baaa1aa41f4e0d4a52592a6e6bcffe17ff65e2b89bb8f99963,1.0,9,COMPLETED,sbm_k4_r2_rep2_q01_diffusion-TL-star,1.2005517826825127,5657,diffusion-TL-star,4712,0.41703204112127423
0.7301587301587301,0.6745109809351235,34310029/50866524,sbm_k4_r2_rep2,True,1,1427,1.0,0.21262570889666677,0.5342568326469487,1.0,1,results/m4/dev_ablations_v12_002/raw/sbm_k4_r2_rep2_q01_no-refinement.json.gz,ad9fdf2f74c69e5ffb2247287eb86cfbfffadee6d68358ea0ee60a97b72a9d43,0.575,9,COMPLETED,sbm_k4_r2_rep2_q01_no-refinement,2.1179333582927744,5657,no-refinement,2671,0.21262570889666677
1.0,0.4409753982288893,65084/147591,sbm_k4_r2_rep2,True,1,912,1.0,0.24222429189831018,0.1935483870967742,1.0,1,results/m4/dev_ablations_v12_002/raw/sbm_k4_r2_rep2_q01_hull-best.json.gz,76acc3e8210ba9e9489a2ef299a8a8dffcfa0182dfa4f122450772683b3feabd,1.0,9,COMPLETED,sbm_k4_r2_rep2_q01_hull-best,1.2005517826825127,5657,hull-best,4712,0.24222429189831018
1.0,0.4409753982288893,65084/147591,sbm_k4_r2_rep2,True,1,912,1.0,0.23983829095959663,0.1935483870967742,1.0,1,results/m4/dev_ablations_v12_002/raw/sbm_k4_r2_rep2_q01_conductance-sweep.json.gz,debec675ad9803ad905bd489ede343566b3f7d299eaf6c0cc7dd54853e180c79,1.0,9,COMPLETED,sbm_k4_r2_rep2_q01_conductance-sweep,1.2005517826825127,5657,conductance-sweep,4712,0.23983829095959663
0.8123515439429929,0.5878225387178632,25973261/44185548,sbm_k4_r3_rep0,True,1,2290,0.817966903073286,0.2589054172858596,0.4180357794815626,1.0,0,results/m4/dev_ablations_v12_002/raw/sbm_k4_r3_rep0_q00_R-cap-0.25.json.gz,93e321c67587f845938a48c588c60816485a94fbb3f9b201654f83d145f56287,0.684,214,COMPLETED,sbm_k4_r3_rep0_q00_R-cap-0.25,2.6896677619569185,14734,R-cap-0.25,5478,0.2589054172858596
0.9154013015184381,0.525747333017822,22848773/43459608,sbm_k4_r3_rep0,True,1,2135,0.9154013015184381,0.316447916906327,0.3170007423904974,1.0,0,results/m4/dev_ablations_v12_002/raw/sbm_k4_r3_rep0_q00_R-cap-0.5.json.gz,12c4c5de1467404729448ca47e32bbfd3cbdf455e0afba634be13694d62c3031,0.844,214,COMPLETED,sbm_k4_r3_rep0_q00_R-cap-0.5,2.187676317743133,14734,R-cap-0.5,6735,0.316447916906327
1.0,0.4691396784251302,120167265/256143896,sbm_k4_r3_rep0,True,1,1771,1.0,0.7176135000772774,0.22307595415039677,1.0,0,results/m4/dev_ablations_v12_002/raw/sbm_k4_r3_rep0_q00_R-cap-1.json.gz,bdb6f6ddfc9e0f4caffe2872d57e2a4ad92d7435336bf99401f2cc6a44222f68,1.0,214,COMPLETED,sbm_k4_r3_rep0_q00_R-cap-1,1.8559012470084393,14734,R-cap-1,7939,0.7176135000772774
0.7012987012987013,0.6456892376092168,89558993/138702936,sbm_k4_r3_rep0,True,1,2203,0.711340206185567,0.261571791023016,0.5124447545940917,1.0,0,results/m4/dev_ablations_v12_002/raw/sbm_k4_r3_rep0_q00_supp-jstar.json.gz,2ddb16dcbb0295553d25c2fa86e5339ecb600f899b070d83cc6a0d8974b316d3,0.54,214,COMPLETED,sbm_k4_r3_rep0_q00_supp-jstar,3.4273086764363807,14734,supp-jstar,4299,0.261571791023016
1.0,0.4691396784251302,120167265/256143896,sbm_k4_r3_rep0,True,1,1771,0.4,1.2993647502735257,0.22307595415039677,1.0,0,results/m4/dev_ablations_v12_002/raw/sbm_k4_r3_rep0_q00_supp-jstar+2.json.gz,aea7e2750382a72fb64afbf39d29f45df13d1f0fcc538b58692533c12244725a,1.0,214,COMPLETED,sbm_k4_r3_rep0_q00_supp-jstar+2,4.063987907796951,32264,supp-jstar+2,7939,1.2993647502735257
1.0,0.4691396784251302,120167265/256143896,sbm_k4_r3_rep0,True,1,1771,0.4,0.3755586249753833,0.22307595415039677,1.0,0,results/m4/dev_ablations_v12_002/raw/sbm_k4_r3_rep0_q00_full.json.gz,d29887317e25b4723dfa4e153a1d4c57e0be9d98e976646b4610a05febfa35e0,1.0,214,COMPLETED,sbm_k4_r3_rep0_q00_full,4.063987907796951,32264,full,7939,0.3755586249753833
1.0,0.4691396784251302,120167265/256143896,sbm_k4_r3_rep0,True,1,1771,1.0,1.2025201250799,0.22307595415039677,1.0,0,results/m4/dev_ablations_v12_002/raw/sbm_k4_r3_rep0_q00_patience-2.json.gz,78136889d80c2876019d3c0cc5acb42f874a4043fdcb8eade2cff7e934bbf6ff,1.0,214,COMPLETED,sbm_k4_r3_rep0_q00_patience-2,1.8559012470084393,14734,patience-2,7939,1.2025201250799
1.0,0.4691396784251302,120167265/256143896,sbm_k4_r3_rep0,True,1,1771,1.0,1.1464225831441581,0.22307595415039677,1.0,0,results/m4/dev_ablations_v12_002/raw/sbm_k4_r3_rep0_q00_ZR-mact.json.gz,b8d449945851d95b28f229beb80d2beeb6a8cbaf78bd4e7d64e71e250331b1b3,1.0,214,COMPLETED,sbm_k4_r3_rep0_q00_ZR-mact,1.6866104043330394,13390,ZR-mact,7939,1.1464225831441581
1.0,0.4691396784251302,120167265/256143896,sbm_k4_r3_rep0,True,1,1771,1.0,1.163923209067434,0.22307595415039677,1.0,0,results/m4/dev_ablations_v12_002/raw/sbm_k4_r3_rep0_q00_sqrt2-grid.json.gz,5b45d6c590a9f56b3b7899f81976f1bca1fad1d380213254b06f2506711e6aa0,1.0,214,COMPLETED,sbm_k4_r3_rep0_q00_sqrt2-grid,1.8559012470084393,14734,sqrt2-grid,7939,1.163923209067434
1.0,0.4691396784251302,120167265/256143896,sbm_k4_r3_rep0,True,1,1771,1.0,1.3287274581380188,0.22307595415039677,1.0,0,results/m4/dev_ablations_v12_002/raw/sbm_k4_r3_rep0_q00_fixed-grid.json.gz,c2dcf68351a390a44f4846b0e6ba0061fdaccba31fe752b94bc0aa4d949046b3,1.0,214,COMPLETED,sbm_k4_r3_rep0_q00_fixed-grid,1.4563547046227485,11562,fixed-grid,7939,1.3287274581380188
1.0,0.4691396784251302,120167265/256143896,sbm_k4_r3_rep0,True,1,1771,0.4,1.2353799170814455,0.22307595415039677,1.0,0,results/m4/dev_ablations_v12_002/raw/sbm_k4_r3_rep0_q00_ZR-budgetM.json.gz,e19b456e680edc81b8a7bd35c3d10a6ec85751517238e25fd9aa304a294cc9c3,1.0,214,COMPLETED,sbm_k4_r3_rep0_q00_ZR-budgetM,4.063987907796951,32264,ZR-budgetM,7939,1.2353799170814455
0.9979959919839679,0.46933031506742356,39960987/85144696,sbm_k4_r3_rep0,True,1,1773,1.0,1.1408435422927141,0.22394846532777568,1.0,0,results/m4/dev_ablations_v12_002/raw/sbm_k4_r3_rep0_q00_ordering-bfs.json.gz,114c9a9fd99956d8acfd10522788f3cf50ca76036afc7b3910178f024b3481ed,0.996,214,COMPLETED,sbm_k4_r3_rep0_q00_ordering-bfs,1.8610584817481368,14734,ordering-bfs,7917,1.1408435422927141
0.9959839357429718,0.4695207941614582,119568049/254659752,sbm_k4_r3_rep0,True,1,1775,1.0,1.143851667176932,0.22488280755099455,1.0,0,results/m4/dev_ablations_v12_002/raw/sbm_k4_r3_rep0_q00_ordering-random.json.gz,8ca7119e0f3ef8314b8be850510c9e9680c70ff7716644adac5820b53d78417c,0.992,214,COMPLETED,sbm_k4_r3_rep0_q00_ordering-random,1.8667173444824527,14734,ordering-random,7893,1.143851667176932
1.0,0.4691396784251302,120167265/256143896,sbm_k4_r3_rep0,True,1,1771,1.0,1.269429957959801,0.22307595415039677,1.0,0,results/m4/dev_ablations_v12_002/raw/sbm_k4_r3_rep0_q00_multi-start.json.gz,b6c39cde48b678b67938b96c1f3e5f31a26903b421811b04fa6097a8027b686a,1.0,214,COMPLETED,sbm_k4_r3_rep0_q00_multi-start,1.8559012470084393,14734,multi-start,7939,1.269429957959801
1.0,0.4691396784251302,120167265/256143896,sbm_k4_r3_rep0,True,1,1771,1.0,1.667310249991715,0.22307595415039677,1.0,0,results/m4/dev_ablations_v12_002/raw/sbm_k4_r3_rep0_q00_diffusion-TL-star.json.gz,22820dcb33c95c16528a606721bc3a371c02a9f564f0379dd376009e4f50bfe4,1.0,214,COMPLETED,sbm_k4_r3_rep0_q00_diffusion-TL-star,1.8559012470084393,14734,diffusion-TL-star,7939,1.667310249991715
0.6884422110552764,0.6803478219191773,103848961/152640984,sbm_k4_r3_rep0,True,1,2525,1.0,1.0879144580103457,0.533713802578736,0.9256756756756757,0,results/m4/dev_ablations_v12_002/raw/sbm_k4_r3_rep0_q00_no-refinement.json.gz,3c20bd50136ab272b9469434bdad82a1369081b8186e9040d0e1f5a2aaa39318,0.548,214,COMPLETED,sbm_k4_r3_rep0_q00_no-refinement,3.1143521454238003,14734,no-refinement,4731,1.0879144580103457
1.0,0.4691396784251302,120167265/256143896,sbm_k4_r3_rep0,True,1,1771,1.0,1.1572785419411957,0.22307595415039677,1.0,0,results/m4/dev_ablations_v12_002/raw/sbm_k4_r3_rep0_q00_hull-best.json.gz,561f05bac61e689bdb83edf4e78275cc8395e4c7d7b28dc2d55b4c5547094ee5,1.0,214,COMPLETED,sbm_k4_r3_rep0_q00_hull-best,1.8559012470084393,14734,hull-best,7939,1.1572785419411957
1.0,0.4691396784251302,120167265/256143896,sbm_k4_r3_rep0,True,1,1771,1.0,1.1710370839573443,0.22307595415039677,1.0,0,results/m4/dev_ablations_v12_002/raw/sbm_k4_r3_rep0_q00_conductance-sweep.json.gz,d37d91620d120bd07e4b7bb197914aaf9d31c21bff9c21756e34a2d3b3f8c995,1.0,214,COMPLETED,sbm_k4_r3_rep0_q00_conductance-sweep,1.8559012470084393,14734,conductance-sweep,7939,1.1710370839573443
0.727735368956743,0.625088539629041,92146937/147414216,sbm_k4_r3_rep0,True,1,2209,0.7341772151898734,0.1800927920266986,0.4834755964105931,1.0,1,results/m4/dev_ablations_v12_002/raw/sbm_k4_r3_rep0_q01_R-cap-0.25.json.gz,4b5b9208615d9442eebd0121d23db8fd8bf5b4bfc19a4c0874812231237e4362,0.572,148,COMPLETED,sbm_k4_r3_rep0_q01_R-cap-0.25,2.7960166338367256,12775,R-cap-0.25,4569,0.1800927920266986
0.817966903073286,0.5798613170450412,1622975/2798902,sbm_k4_r3_rep0,True,1,2264,0.8235294117647058,0.20570337492972612,0.40778097982708933,1.0,1,results/m4/dev_ablations_v12_002/raw/sbm_k4_r3_rep0_q01_R-cap-0.5.json.gz,b9638d105eb81da058309e32ff7d58b44c57d5ac9efdc6581be9dd149548da78,0.692,148,COMPLETED,sbm_k4_r3_rep0_q01_R-cap-0.5,2.300972622478386,12775,R-cap-0.5,5552,0.20570337492972612
0.9669421487603306,0.48914671380700836,118253249/241754152,sbm_k4_r3_rep0,True,1,1925,0.9669421487603306,0.2635693750344217,0.2569064460162819,1.0,1,results/m4/dev_ablations_v12_002/raw/sbm_k4_r3_rep0_q01_R-cap-1.json.gz,83a43655283a5f2a006f2c892d5e24fa2f85bdeefa41a2e94cde548f90cd2595,0.936,148,COMPLETED,sbm_k4_r3_rep0_q01_R-cap-1,1.7049245962898705,12775,R-cap-1,7493,0.2635693750344217
0.6263736263736264,0.6844999684434095,20086041/29344108,sbm_k4_r3_rep0,True,1,2080,0.6358695652173914,0.14057879196479917,0.5717427157778999,1.0,1,results/m4/dev_ablations_v12_002/raw/sbm_k4_r3_rep0_q01_supp-jstar.json.gz,e33154d15e9758471050efa8bc7dba68d89f7da200bc4c54a9af605575db26b4,0.456,148,COMPLETED,sbm_k4_r3_rep0_q01_supp-jstar,3.511544804837823,12775,supp-jstar,3638,0.14057879196479917
1.0,0.4691396784251302,120167265/256143896,sbm_k4_r3_rep0,True,1,1771,0.4,1.2545674997381866,0.22307595415039677,1.0,1,results/m4/dev_ablations_v12_002/raw/sbm_k4_r3_rep0_q01_supp-jstar+2.json.gz,8c1b43583398cba0ae43c8fb1dfeff50896418e2ee4e10ffe0340641e76e1ef0,1.0,148,COMPLETED,sbm_k4_r3_rep0_q01_supp-jstar+2,4.063987907796951,32264,supp-jstar+2,7939,1.2545674997381866
1.0,0.4691396784251302,120167265/256143896,sbm_k4_r3_rep0,True,1,1771,0.4,0.3067791252397001,0.22307595415039677,1.0,1,results/m4/dev_ablations_v12_002/raw/sbm_k4_r3_rep0_q01_full.json.gz,a424ea4a43ca5c56a27c137534d333ed1b03e86922daf7601be887530368c777,1.0,148,COMPLETED,sbm_k4_r3_rep0_q01_full,4.063987907796951,32264,full,7939,0.3067791252397001
1.0,0.4691396784251302,120167265/256143896,sbm_k4_r3_rep0,True,1,1771,1.0,1.055360083002597,0.22307595415039677,1.0,1,results/m4/dev_ablations_v12_002/raw/sbm_k4_r3_rep0_q01_patience-2.json.gz,51a8527922d27adf4c2008c830726295b845d7ea339bd08a9a9c6f4f8e656de4,1.0,148,COMPLETED,sbm_k4_r3_rep0_q01_patience-2,1.6091447285552336,12775,patience-2,7939,1.055360083002597
1.0,0.4691396784251302,120167265/256143896,sbm_k4_r3_rep0,True,1,1771,1.0,1.5239730421453714,0.22307595415039677,1.0,1,results/m4/dev_ablations_v12_002/raw/sbm_k4_r3_rep0_q01_ZR-mact.json.gz,9318aacd4517edc100d05c5f0bcb807674eb4c78b74ce07297c2ac1175421862,1.0,148,COMPLETED,sbm_k4_r3_rep0_q01_ZR-mact,1.835873535709787,14575,ZR-mact,7939,1.5239730421453714
1.0,0.4691396784251302,120167265/256143896,sbm_k4_r3_rep0,True,1,1771,1.0,1.099409000016749,0.22307595415039677,1.0,1,results/m4/dev_ablations_v12_002/raw/sbm_k4_r3_rep0_q01_sqrt2-grid.json.gz,3bd8e35838db4b41bea9c356f445ba0bfa7be4997bc7f885ba6f2e4e91b1907c,1.0,148,COMPLETED,sbm_k4_r3_rep0_q01_sqrt2-grid,1.6091447285552336,12775,sqrt2-grid,7939,1.099409000016749
1.0,0.4691396784251302,120167265/256143896,sbm_k4_r3_rep0,True,1,1771,1.0,1.0579485418274999,0.22307595415039677,1.0,1,results/m4/dev_ablations_v12_002/raw/sbm_k4_r3_rep0_q01_fixed-grid.json.gz,217fde8b30f444f303081b09e4f38c4636171ea9004980841de21a9333e6dbe3,1.0,148,COMPLETED,sbm_k4_r3_rep0_q01_fixed-grid,1.6091447285552336,12775,fixed-grid,7939,1.0579485418274999
1.0,0.4691396784251302,120167265/256143896,sbm_k4_r3_rep0,True,1,1771,0.4,1.2309787082485855,0.22307595415039677,1.0,1,results/m4/dev_ablations_v12_002/raw/sbm_k4_r3_rep0_q01_ZR-budgetM.json.gz,2ba3bedf8dbb6e7218e7418b19bb5418e89e1fba6f3bd232022b5dca585e0911,1.0,148,COMPLETED,sbm_k4_r3_rep0_q01_ZR-budgetM,4.063987907796951,32264,ZR-budgetM,7939,1.2309787082485855
1.0,0.4691396784251302,120167265/256143896,sbm_k4_r3_rep0,True,1,1771,1.0,1.0814232919365168,0.22307595415039677,1.0,1,results/m4/dev_ablations_v12_002/raw/sbm_k4_r3_rep0_q01_ordering-bfs.json.gz,c8eb310894085883ab13c4f2b0d788246e86a3c0ffdf553d1992aa5105fcab22,1.0,148,COMPLETED,sbm_k4_r3_rep0_q01_ordering-bfs,1.6091447285552336,12775,ordering-bfs,7939,1.0814232919365168
1.0,0.4691396784251302,120167265/256143896,sbm_k4_r3_rep0,True,1,1771,1.0,1.0657195830717683,0.22307595415039677,1.0,1,results/m4/dev_ablations_v12_002/raw/sbm_k4_r3_rep0_q01_ordering-random.json.gz,568d67216bf7be2b3970d7726b299162c71f0183ee6c01c5d594d8a3fc9258b3,1.0,148,COMPLETED,sbm_k4_r3_rep0_q01_ordering-random,1.6091447285552336,12775,ordering-random,7939,1.0657195830717683
1.0,0.4691396784251302,120167265/256143896,sbm_k4_r3_rep0,True,1,1771,1.0,1.1241741660051048,0.22307595415039677,1.0,1,results/m4/dev_ablations_v12_002/raw/sbm_k4_r3_rep0_q01_multi-start.json.gz,52ede5bac8af44f1b8ad4ca940f94bd3d025813dd3c20f30a7c8c3dc0e4fa6e3,1.0,148,COMPLETED,sbm_k4_r3_rep0_q01_multi-start,1.6091447285552336,12775,multi-start,7939,1.1241741660051048
1.0,0.4691396784251302,120167265/256143896,sbm_k4_r3_rep0,True,1,1771,1.0,1.4870649999938905,0.22307595415039677,1.0,1,results/m4/dev_ablations_v12_002/raw/sbm_k4_r3_rep0_q01_diffusion-TL-star.json.gz,1e4077010a56383cdba35e14b8e29b421a8b51e6a0b4877685ed51ae05ba9cc5,1.0,148,COMPLETED,sbm_k4_r3_rep0_q01_diffusion-TL-star,1.6091447285552336,12775,diffusion-TL-star,7939,1.4870649999938905
0.6253369272237197,0.6975231834758399,86396265/123861496,sbm_k4_r3_rep0,True,1,2221,1.0,0.9917618748731911,0.5785360771034124,0.9586776859504132,1,results/m4/dev_ablations_v12_002/raw/sbm_k4_r3_rep0_q01_no-refinement.json.gz,da7de34071a438cba445b3b91340a92d485d1dfb158f19d0af41cc70056bb764,0.464,148,COMPLETED,sbm_k4_r3_rep0_q01_no-refinement,3.3276895024746027,12775,no-refinement,3839,0.9917618748731911
1.0,0.4691396784251302,120167265/256143896,sbm_k4_r3_rep0,True,1,1771,1.0,1.0319249997846782,0.22307595415039677,1.0,1,results/m4/dev_ablations_v12_002/raw/sbm_k4_r3_rep0_q01_hull-best.json.gz,67259b20a1e216a5703bcff71b8b9ac4eb0600375977f8ec38ec2e54f2629dfd,1.0,148,COMPLETED,sbm_k4_r3_rep0_q01_hull-best,1.6091447285552336,12775,hull-best,7939,1.0319249997846782
1.0,0.4691396784251302,120167265/256143896,sbm_k4_r3_rep0,True,1,1771,1.0,1.0441762092523277,0.22307595415039677,1.0,1,results/m4/dev_ablations_v12_002/raw/sbm_k4_r3_rep0_q01_conductance-sweep.json.gz,ab9fb290ed698d4e86352dfe9e940f6835d87aacd4b9290aa493883c72493b77,1.0,148,COMPLETED,sbm_k4_r3_rep0_q01_conductance-sweep,1.6091447285552336,12775,conductance-sweep,7939,1.0441762092523277
1.0,0.46940336756016154,4092037/8717528,sbm_k4_r3_rep1,True,1,1769,1.0,0.8779504997655749,0.22509225092250923,1.0,0,results/m4/dev_ablations_v12_002/raw/sbm_k4_r3_rep1_q00_R-cap-0.25.json.gz,535fbe05fb06e3ef2e1310bcf51d7b5700d7abae8c66f5e1c74afdb7e7db1943,1.0,178,COMPLETED,sbm_k4_r3_rep1_q00_R-cap-0.25,2.88484540017814,22672,R-cap-0.25,7859,0.8779504997655749
1.0,0.46940336756016154,4092037/8717528,sbm_k4_r3_rep1,True,1,1769,1.0,1.0605281246826053,0.22509225092250923,1.0,0,results/m4/dev_ablations_v12_002/raw/sbm_k4_r3_rep1_q00_R-cap-0.5.json.gz,74d62fb4544ba18a2214cc9b21ed7757509c3c0bfde6041d8fa6af277ca8f17a,1.0,178,COMPLETED,sbm_k4_r3_rep1_q00_R-cap-0.5,2.88484540017814,22672,R-cap-0.5,7859,1.0605281246826053
1.0,0.46940336756016154,4092037/8717528,sbm_k4_r3_rep1,True,1,1769,1.0,1.0357585842721164,0.22509225092250923,1.0,0,results/m4/dev_ablations_v12_002/raw/sbm_k4_r3_rep1_q00_R-cap-1.json.gz,1103e8dfff9e7737dcadff5feed6ec9e98e0b57bd42ea0b8fdb9f48d91cd79a9,1.0,178,COMPLETED,sbm_k4_r3_rep1_q00_R-cap-1,2.88484540017814,22672,R-cap-1,7859,1.0357585842721164
0.9878542510121457,0.48028340614689924,16948383/35288296,sbm_k4_r3_rep1,True,1,1855,0.9878542510121457,0.7134727076627314,0.2415679124886053,1.0,0,results/m4/dev_ablations_v12_002/raw/sbm_k4_r3_rep1_q00_supp-jstar.json.gz,7380fa732c44df82bb582486c38496ac6fcee4f07879a63343dd8ad6d0446738,0.976,178,COMPLETED,sbm_k4_r3_rep1_q00_supp-jstar,2.9524677692407866,22672,supp-jstar,7679,0.7134727076627314
1.0,0.46940336756016154,4092037/8717528,sbm_k4_r3_rep1,True,1,1769,0.4,1.2482175417244434,0.22509225092250923,1.0,0,results/m4/dev_ablations_v12_002/raw/sbm_k4_r3_rep1_q00_supp-jstar+2.json.gz,aef65dcf152b72f68793b85701b03d32fad7b12440cb611779e55b0ae0ea8a64,1.0,178,COMPLETED,sbm_k4_r3_rep1_q00_supp-jstar+2,4.093141621071383,32168,supp-jstar+2,7859,1.2482175417244434
1.0,0.46940336756016154,4092037/8717528,sbm_k4_r3_rep1,True,1,1769,0.4,0.3297134577296674,0.22509225092250923,1.0,0,results/m4/dev_ablations_v12_002/raw/sbm_k4_r3_rep1_q00_full.json.gz,7dea1637e8b5cf2abb8a85d1feaf0035166f3ffc04ae89be5cc975efd8f2691a,1.0,178,COMPLETED,sbm_k4_r3_rep1_q00_full,4.093141621071383,32168,full,7859,0.3297134577296674
1.0,0.46940336756016154,4092037/8717528,sbm_k4_r3_rep1,True,1,1769,1.0,0.5850030826404691,0.22509225092250923,1.0,0,results/m4/dev_ablations_v12_002/raw/sbm_k4_r3_rep1_q00_patience-2.json.gz,9b7748c48b4612e1d2cc3d62ba13ceaffee6aad36f54c3176d97beea22705b03,1.0,178,COMPLETED,sbm_k4_r3_rep1_q00_patience-2,2.88484540017814,22672,patience-2,7859,0.5850030826404691
1.0,0.46940336756016154,4092037/8717528,sbm_k4_r3_rep1,True,1,1769,1.0,0.5792402923107147,0.22509225092250923,1.0,0,results/m4/dev_ablations_v12_002/raw/sbm_k4_r3_rep1_q00_ZR-mact.json.gz,a782ce8fafa985074ec9391dc6807925ec6b4c870aa8151a809bed30168af319,1.0,178,COMPLETED,sbm_k4_r3_rep1_q00_ZR-mact,2.582262374347881,20294,ZR-mact,7859,0.5792402923107147
1.0,0.46940336756016154,4092037/8717528,sbm_k4_r3_rep1,True,1,1769,1.0,1.0999386669136584,0.22509225092250923,1.0,0,results/m4/dev_ablations_v12_002/raw/sbm_k4_r3_rep1_q00_sqrt2-grid.json.gz,c180c0d64e6ccc3d51b5734e1b1b0aa7722dfbf45f5009a6efd1de6bbb13100b,1.0,178,COMPLETED,sbm_k4_r3_rep1_q00_sqrt2-grid,1.6129278534164653,12676,sqrt2-grid,7859,1.0999386669136584
1.0,0.46940336756016154,4092037/8717528,sbm_k4_r3_rep1,True,1,1769,1.0,1.3431627079844475,0.22509225092250923,1.0,0,results/m4/dev_ablations_v12_002/raw/sbm_k4_r3_rep1_q00_fixed-grid.json.gz,5c8d3ceda6b70198879c92a0060a53056962c1be1c2c3a7df657d47407844887,1.0,178,COMPLETED,sbm_k4_r3_rep1_q00_fixed-grid,1.460872884590915,11481,fixed-grid,7859,1.3431627079844475
1.0,0.46940336756016154,4092037/8717528,sbm_k4_r3_rep1,True,1,1769,0.4,1.2486187908798456,0.22509225092250923,1.0,0,results/m4/dev_ablations_v12_002/raw/sbm_k4_r3_rep1_q00_ZR-budgetM.json.gz,c96a82cc4785de35bf16e65ec0378148a7f8fe2cd6f017c4ce5c6875354faad2,1.0,178,COMPLETED,sbm_k4_r3_rep1_q00_ZR-budgetM,4.093141621071383,32168,ZR-budgetM,7859,1.2486187908798456
0.9919354838709677,0.4758784686679685,118377217/248755144,sbm_k4_r3_rep1,True,1,1821,1.0,0.5991772087290883,0.23548428811586705,1.0,0,results/m4/dev_ablations_v12_002/raw/sbm_k4_r3_rep1_q00_ordering-bfs.json.gz,de8792284ecc2d3ec722d4366d5570f6df7cd8cc778edc8b33c8067f0b9137cf,0.984,178,COMPLETED,sbm_k4_r3_rep1_q00_ordering-bfs,2.9318505107978794,22672,ordering-bfs,7733,0.5991772087290883
0.9775051124744376,0.4894114781693629,952475/1946164,sbm_k4_r3_rep1,True,1,1922,1.0,0.5802167910151184,0.256198347107438,1.0,0,results/m4/dev_ablations_v12_002/raw/sbm_k4_r3_rep1_q00_ordering-random.json.gz,08c59b5c92c9c775b5eeb8ca640b123e57e5fec3c5b1b38295e33fc6911b145d,0.956,178,COMPLETED,sbm_k4_r3_rep1_q00_ordering-random,3.0221274326846173,22672,ordering-random,7502,0.5802167910151184
1.0,0.46940336756016154,4092037/8717528,sbm_k4_r3_rep1,True,1,1769,1.0,0.7639650413766503,0.22509225092250923,1.0,0,results/m4/dev_ablations_v12_002/raw/sbm_k4_r3_rep1_q00_multi-start.json.gz,c834295da2d47a3e4e59dc44c6b378526c1e07a9c9696630498d4f25505da55b,1.0,178,COMPLETED,sbm_k4_r3_rep1_q00_multi-start,2.88484540017814,22672,multi-start,7859,0.7639650413766503
1.0,0.46940336756016154,4092037/8717528,sbm_k4_r3_rep1,True,1,1769,1.0,1.2096965829841793,0.22509225092250923,1.0,0,results/m4/dev_ablations_v12_002/raw/sbm_k4_r3_rep1_q00_diffusion-TL-star.json.gz,4fec5ec53c70fe30ac7d1eab3625aaa1224efe63f8330c865172a381ad511019,1.0,178,COMPLETED,sbm_k4_r3_rep1_q00_diffusion-TL-star,2.88484540017814,22672,diffusion-TL-star,7859,1.2096965829841793
0.9506172839506173,0.5203585952121353,124051953/238397048,sbm_k4_r3_rep1,True,1,2149,1.0,0.5242930841632187,0.2899743624342194,0.9788135593220338,0,results/m4/dev_ablations_v12_002/raw/sbm_k4_r3_rep1_q00_no-refinement.json.gz,9e4ea027fb620b61d1d389f5f7d5760fd257898118393714bb69683ae8c96e11,0.924,178,COMPLETED,sbm_k4_r3_rep1_q00_no-refinement,3.0592362704088516,22672,no-refinement,7411,0.5242930841632187
1.0,0.46940336756016154,4092037/8717528,sbm_k4_r3_rep1,True,1,1769,1.0,0.593792290892452,0.22509225092250923,1.0,0,results/m4/dev_ablations_v12_002/raw/sbm_k4_r3_rep1_q00_hull-best.json.gz,548058034ae8de6017699f1fc68e74ef49a15939d4193a91a9536978c56c2c79,1.0,178,COMPLETED,sbm_k4_r3_rep1_q00_hull-best,2.88484540017814,22672,hull-best,7859,0.593792290892452
1.0,0.46940336756016154,4092037/8717528,sbm_k4_r3_rep1,True,1,1769,1.0,0.6120633748359978,0.22509225092250923,1.0,0,results/m4/dev_ablations_v12_002/raw/sbm_k4_r3_rep1_q00_conductance-sweep.json.gz,c1a1f8c49c0649c7dd17af55385b409d7030d69c658bfc1bde909f61ddac284c,1.0,178,COMPLETED,sbm_k4_r3_rep1_q00_conductance-sweep,2.88484540017814,22672,conductance-sweep,7859,0.6120633748359978
0.4984984984984985,0.738996886715116,3209227/4342680,sbm_k4_r3_rep1,True,1,1691,0.4984984984984985,0.1525344578549266,0.6592592592592592,1.0,1,results/m4/dev_ablations_v12_002/raw/sbm_k4_r3_rep1_q01_R-cap-0.25.json.gz,1ec5cf06b4bcec0951851777f2c8b1afce105668b70fe8eae50c424a0cb16c1c,0.332,109,COMPLETED,sbm_k4_r3_rep1_q01_R-cap-0.25,3.637037037037037,9329,R-cap-0.25,2565,0.1525344578549266
0.5754985754985755,0.7083023952796463,14285989/20169336,sbm_k4_r3_rep1,True,1,1915,0.5835694050991501,0.17008712515234947,0.6108452950558214,1.0,1,results/m4/dev_ablations_v12_002/raw/sbm_k4_r3_rep1_q01_R-cap-0.5.json.gz,c39c8da015ed4c3a1aadf2d3e977b20c5ed81c4552a21d90847c1785d63211aa,0.404,109,COMPLETED,sbm_k4_r3_rep1_q01_R-cap-0.5,2.9757575757575756,9329,R-cap-0.5,3135,0.17008712515234947
0.7046632124352331,0.6526175372720447,5589493/8564730,sbm_k4_r3_rep1,True,1,2216,0.711340206185567,0.21503974962979555,0.5201877934272301,1.0,1,results/m4/dev_ablations_v12_002/raw/sbm_k4_r3_rep1_q01_R-cap-1.json.gz,4b557d84f8ee0b73d4fca9596fb835e135624e3ba2ebebe3dd52032a87d12da4,0.544,109,COMPLETED,sbm_k4_r3_rep1_q01_R-cap-1,2.189906103286385,9329,R-cap-1,4260,0.21503974962979555
0.4126984126984127,0.7788085983765833,50631537/65011528,sbm_k4_r3_rep1,True,1,1447,0.4126984126984127,0.15745333395898342,0.7159821870361207,1.0,1,results/m4/dev_ablations_v12_002/raw/sbm_k4_r3_rep1_q01_supp-jstar.json.gz,f8ba96cff233adadd33d031d5debdf250dc41f4cd6986316dbfcb27d2a9ec8e8,0.26,109,COMPLETED,sbm_k4_r3_rep1_q01_supp-jstar,4.616031667491341,9329,supp-jstar,2021,0.15745333395898342
1.0,0.46940336756016154,4092037/8717528,sbm_k4_r3_rep1,True,1,1769,0.4,1.302987250033766,0.22509225092250923,1.0,1,results/m4/dev_ablations_v12_002/raw/sbm_k4_r3_rep1_q01_supp-jstar+2.json.gz,3c8b1f490fccd3fe9c816a6dd0b2d7ec60f7beeb025293a3749cd02378ea9373,1.0,109,COMPLETED,sbm_k4_r3_rep1_q01_supp-jstar+2,4.093141621071383,32168,supp-jstar+2,7859,1.302987250033766
1.0,0.46940336756016154,4092037/8717528,sbm_k4_r3_rep1,True,1,1769,0.4,0.374889874830842,0.22509225092250923,1.0,1,results/m4/dev_ablations_v12_002/raw/sbm_k4_r3_rep1_q01_full.json.gz,f4080f48bc4097d9b297c9e461c16c89cc470065aa634fcd98c2b841a7dfe83e,1.0,109,COMPLETED,sbm_k4_r3_rep1_q01_full,4.093141621071383,32168,full,7859,0.374889874830842
1.0,0.46940336756016154,4092037/8717528,sbm_k4_r3_rep1,True,1,1769,1.0,0.965470208786428,0.22509225092250923,1.0,1,results/m4/dev_ablations_v12_002/raw/sbm_k4_r3_rep1_q01_patience-2.json.gz,d5f5724bc635e763e525de0fa808123e56850662e57d1c682e88aae331e25e29,1.0,109,COMPLETED,sbm_k4_r3_rep1_q01_patience-2,1.1870466980531875,9329,patience-2,7859,0.965470208786428
1.0,0.46940336756016154,4092037/8717528,sbm_k4_r3_rep1,True,1,1769,1.0,0.8599854577332735,0.22509225092250923,1.0,1,results/m4/dev_ablations_v12_002/raw/sbm_k4_r3_rep1_q01_ZR-mact.json.gz,f64a04778449da438550ac97b86521897f621b7f8bf79eaec58866121a0443a0,1.0,109,COMPLETED,sbm_k4_r3_rep1_q01_ZR-mact,2.195699198371294,17256,ZR-mact,7859,0.8599854577332735
1.0,0.46940336756016154,4092037/8717528,sbm_k4_r3_rep1,True,1,1769,1.0,0.9430276248604059,0.22509225092250923,1.0,1,results/m4/dev_ablations_v12_002/raw/sbm_k4_r3_rep1_q01_sqrt2-grid.json.gz,f3ac0b241a17336f6254fad9d0b0c429810b97d79e82ea7d6910d79b24ba2c83,1.0,109,COMPLETED,sbm_k4_r3_rep1_q01_sqrt2-grid,1.1870466980531875,9329,sqrt2-grid,7859,0.9430276248604059
1.0,0.46940336756016154,4092037/8717528,sbm_k4_r3_rep1,True,1,1769,1.0,1.1819407497532666,0.22509225092250923,1.0,1,results/m4/dev_ablations_v12_002/raw/sbm_k4_r3_rep1_q01_fixed-grid.json.gz,b715f3cdd4cd6a202532adeea5200ab228956387fa2167af375ddc99c10c2a9c,1.0,109,COMPLETED,sbm_k4_r3_rep1_q01_fixed-grid,1.3597149764601095,10686,fixed-grid,7859,1.1819407497532666
1.0,0.46940336756016154,4092037/8717528,sbm_k4_r3_rep1,True,1,1769,0.4,1.2327821250073612,0.22509225092250923,1.0,1,results/m4/dev_ablations_v12_002/raw/sbm_k4_r3_rep1_q01_ZR-budgetM.json.gz,cef44f5266d05be653011a3068a4ef76b5ea5d6502f8d65c9120f9c39bd62375,1.0,109,COMPLETED,sbm_k4_r3_rep1_q01_ZR-budgetM,4.093141621071383,32168,ZR-budgetM,7859,1.2327821250073612
1.0,0.46940336756016154,4092037/8717528,sbm_k4_r3_rep1,True,1,1769,1.0,0.9206922501325607,0.22509225092250923,1.0,1,results/m4/dev_ablations_v12_002/raw/sbm_k4_r3_rep1_q01_ordering-bfs.json.gz,53a3bbce35832189fc28e2b15389faefbad7f5f8542335b4a4ec756e55de8c83,1.0,109,COMPLETED,sbm_k4_r3_rep1_q01_ordering-bfs,1.1870466980531875,9329,ordering-bfs,7859,0.9206922501325607
1.0,0.46940336756016154,4092037/8717528,sbm_k4_r3_rep1,True,1,1769,1.0,0.9469545418396592,0.22509225092250923,1.0,1,results/m4/dev_ablations_v12_002/raw/sbm_k4_r3_rep1_q01_ordering-random.json.gz,184aa984bed9c43386b178be01e3177afead2cd883b2c8a23f23ee2ba59465eb,1.0,109,COMPLETED,sbm_k4_r3_rep1_q01_ordering-random,1.1870466980531875,9329,ordering-random,7859,0.9469545418396592
1.0,0.46940336756016154,4092037/8717528,sbm_k4_r3_rep1,True,1,1769,1.0,1.019580750260502,0.22509225092250923,1.0,1,results/m4/dev_ablations_v12_002/raw/sbm_k4_r3_rep1_q01_multi-start.json.gz,d328e8ba07cf6bb85f0c10ed95f604a3cbb8f2f6e63188bee695e1dbfb583893,1.0,109,COMPLETED,sbm_k4_r3_rep1_q01_multi-start,1.1870466980531875,9329,multi-start,7859,1.019580750260502
1.0,0.46940336756016154,4092037/8717528,sbm_k4_r3_rep1,True,1,1769,1.0,1.3139626253396273,0.22509225092250923,1.0,1,results/m4/dev_ablations_v12_002/raw/sbm_k4_r3_rep1_q01_diffusion-TL-star.json.gz,93a35f0cc7b1af9cb4ad1f9e0d144868b80d47f1cbd58beb5e8f410d749d560f,1.0,109,COMPLETED,sbm_k4_r3_rep1_q01_diffusion-TL-star,1.1870466980531875,9329,diffusion-TL-star,7859,1.3139626253396273
0.4074074074074074,0.8089012945195617,247197/305596,sbm_k4_r3_rep1,True,1,1708,1.0,0.8887991248629987,0.7368421052631579,0.8918918918918919,1,results/m4/dev_ablations_v12_002/raw/sbm_k4_r3_rep1_q01_no-refinement.json.gz,cf6ef56ba40655527264971ce681eadf30a8c40c48f0903990c8b30ce35a650a,0.264,109,COMPLETED,sbm_k4_r3_rep1_q01_no-refinement,4.024590163934426,9329,no-refinement,2318,0.8887991248629987
1.0,0.46940336756016154,4092037/8717528,sbm_k4_r3_rep1,True,1,1769,1.0,0.9541197917424142,0.22509225092250923,1.0,1,results/m4/dev_ablations_v12_002/raw/sbm_k4_r3_rep1_q01_hull-best.json.gz,bc9415521d1aa25e6d63a66d383900fb4b0716dd0f3a8aa08943897cf691fcd3,1.0,109,COMPLETED,sbm_k4_r3_rep1_q01_hull-best,1.1870466980531875,9329,hull-best,7859,0.9541197917424142
1.0,0.46940336756016154,4092037/8717528,sbm_k4_r3_rep1,True,1,1769,1.0,0.9471432501450181,0.22509225092250923,1.0,1,results/m4/dev_ablations_v12_002/raw/sbm_k4_r3_rep1_q01_conductance-sweep.json.gz,5d30d0332fc444aef32393390fce397e04b2b70e3f8da59e7ce88795ff280c4e,1.0,109,COMPLETED,sbm_k4_r3_rep1_q01_conductance-sweep,1.1870466980531875,9329,conductance-sweep,7859,0.9471432501450181
0.8558352402745996,0.5672911250277036,5646581/9953586,sbm_k4_r3_rep2,True,1,2320,0.8558352402745996,0.32892362494021654,0.38220757825370677,1.0,0,results/m4/dev_ablations_v12_002/raw/sbm_k4_r3_rep2_q00_R-cap-0.25.json.gz,9be8afec645c6864365bcee15195d0eaf5780bda9dacdf4f8fac4099987727a9,0.748,77,COMPLETED,sbm_k4_r3_rep2_q00_R-cap-0.25,2.9927512355848434,18166,R-cap-0.25,6070,0.32892362494021654
0.9517819706498952,0.5051522877178503,6154631/12183714,sbm_k4_r3_rep2,True,1,2070,0.9539748953974896,0.39012049976736307,0.27860026917900405,1.0,0,results/m4/dev_ablations_v12_002/raw/sbm_k4_r3_rep2_q00_R-cap-0.5.json.gz,05ebc0162bd4ed37c18636f2830f0804ef29e01f91888698890a1656f299d0ca,0.908,77,COMPLETED,sbm_k4_r3_rep2_q00_R-cap-0.5,2.4449528936742935,18166,R-cap-0.5,7430,0.39012049976736307
1.0,0.4719079783274395,3515789/7450158,sbm_k4_r3_rep2,True,1,1820,1.0,0.6647772919386625,0.22254830031792613,1.0,0,results/m4/dev_ablations_v12_002/raw/sbm_k4_r3_rep2_q00_R-cap-1.json.gz,374ca520aa74ab79a41894da1a6da5cc9c6d00bf2552cf8ea623bc424ec17bb9,1.0,77,COMPLETED,sbm_k4_r3_rep2_q00_R-cap-1,2.2213255074590363,18166,R-cap-1,8178,0.6647772919386625
0.7309644670050761,0.6499640819971146,25057219/38551698,sbm_k4_r3_rep2,True,1,2382,0.7373737373737373,0.25159645779058337,0.5065929391748192,1.0,0,results/m4/dev_ablations_v12_002/raw/sbm_k4_r3_rep2_q00_supp-jstar.json.gz,64eea46c62ae7fdaabf2021bf1f03b49b4116fa3ceb5e90b65abe41635192bca,0.576,77,COMPLETED,sbm_k4_r3_rep2_q00_supp-jstar,3.8634623564440664,18166,supp-jstar,4702,0.25159645779058337
1.0,0.4719079783274395,3515789/7450158,sbm_k4_r3_rep2,True,1,1820,0.4,1.3109785420820117,0.22254830031792613,1.0,0,results/m4/dev_ablations_v12_002/raw/sbm_k4_r3_rep2_q00_supp-jstar+2.json.gz,3af05e1046980b0b0589581a81ea35048b8324e98400a6c2064a826fbcd35a46,1.0,77,COMPLETED,sbm_k4_r3_rep2_q00_supp-jstar+2,4.010271460014674,32796,supp-jstar+2,8178,1.3109785420820117
1.0,0.4719079783274395,3515789/7450158,sbm_k4_r3_rep2,True,1,1820,0.4,0.39095620810985565,0.22254830031792613,1.0,0,results/m4/dev_ablations_v12_002/raw/sbm_k4_r3_rep2_q00_full.json.gz,08d494b801783ce3341d339f60a5d3484e1b182e9f0dd5193562e22eac41366f,1.0,77,COMPLETED,sbm_k4_r3_rep2_q00_full,4.010271460014674,32796,full,8178,0.39095620810985565
1.0,0.4719079783274395,3515789/7450158,sbm_k4_r3_rep2,True,1,1820,1.0,1.380059374962002,0.22254830031792613,1.0,0,results/m4/dev_ablations_v12_002/raw/sbm_k4_r3_rep2_q00_patience-2.json.gz,df1b16f428fb6ecf76f19ef18a36cb78c2d925ef50ba139bab8e8d32c1c2761e,1.0,77,COMPLETED,sbm_k4_r3_rep2_q00_patience-2,2.2213255074590363,18166,patience-2,8178,1.380059374962002
1.0,0.4719079783274395,3515789/7450158,sbm_k4_r3_rep2,True,1,1820,1.0,1.158495333045721,0.22254830031792613,1.0,0,results/m4/dev_ablations_v12_002/raw/sbm_k4_r3_rep2_q00_ZR-mact.json.gz,def91bcc4a813b9512b61d30aae40d75428fa0a6d5397a9faea946ae824b8ed1,1.0,77,COMPLETED,sbm_k4_r3_rep2_q00_ZR-mact,1.8795549033993642,15371,ZR-mact,8178,1.158495333045721
0.98989898989899,0.47859126214363756,125990821/263253492,sbm_k4_r3_rep2,True,1,1877,0.98989898989899,0.9402038329280913,0.23383580416095678,1.0,0,results/m4/dev_ablations_v12_002/raw/sbm_k4_r3_rep2_q00_sqrt2-grid.json.gz,c26051b6a22168517836417711edfe9bee427ac6c77bb5fcb865782db842223a,0.98,77,COMPLETED,sbm_k4_r3_rep2_q00_sqrt2-grid,1.350442257381338,10840,sqrt2-grid,8027,0.9402038329280913
0.9979959919839679,0.47279446593670227,292456/618569,sbm_k4_r3_rep2,True,1,1828,0.9979959919839679,0.6277394159696996,0.22434953362788415,1.0,0,results/m4/dev_ablations_v12_002/raw/sbm_k4_r3_rep2_q00_fixed-grid.json.gz,a37c903f5df1010767d9de9ed075feda5ba99b51317188328ff03c0d4557efe0,0.996,77,COMPLETED,sbm_k4_r3_rep2_q00_fixed-grid,1.4247668139420717,11609,fixed-grid,8148,0.6277394159696996
1.0,0.4719079783274395,3515789/7450158,sbm_k4_r3_rep2,True,1,1820,0.4,1.2621977501548827,0.22254830031792613,1.0,0,results/m4/dev_ablations_v12_002/raw/sbm_k4_r3_rep2_q00_ZR-budgetM.json.gz,6cf846a5cf220fbf4767be3e195de8779cb7903e2e2211ecb3b222d9e1b23476,1.0,77,COMPLETED,sbm_k4_r3_rep2_q00_ZR-budgetM,4.010271460014674,32796,ZR-budgetM,8178,1.2621977501548827
0.993963782696177,0.47534495996311393,31513999/66297114,sbm_k4_r3_rep2,True,1,1850,1.0,1.3698496245779097,0.2287905021023992,1.0,0,results/m4/dev_ablations_v12_002/raw/sbm_k4_r3_rep2_q00_ordering-bfs.json.gz,da0388eb987570a0dd455ce3753b37fc37e23c07f41ea82dc8e2d82c9e390031,0.988,77,COMPLETED,sbm_k4_r3_rep2_q00_ordering-bfs,2.2465990601038834,18166,ordering-bfs,8086,1.3698496245779097
0.983739837398374,0.480251654135256,124537885/259317972,sbm_k4_r3_rep2,True,1,1891,1.0,1.3143845829181373,0.239155178955356,1.0,0,results/m4/dev_ablations_v12_002/raw/sbm_k4_r3_rep2_q00_ordering-random.json.gz,188c2606aab1132531835e37f652485281e1970db02f68750247a08c1a8b65c5,0.968,77,COMPLETED,sbm_k4_r3_rep2_q00_ordering-random,2.297457948653092,18166,ordering-random,7907,1.3143845829181373
1.0,0.4719079783274395,3515789/7450158,sbm_k4_r3_rep2,True,1,1820,1.0,1.4938587499782443,0.22254830031792613,1.0,0,results/m4/dev_ablations_v12_002/raw/sbm_k4_r3_rep2_q00_multi-start.json.gz,743671ffe0777458fc460187aab94f59f198936a04abedb1a439cf00d5513b97,1.0,77,COMPLETED,sbm_k4_r3_rep2_q00_multi-start,2.2213255074590363,18166,multi-start,8178,1.4938587499782443
1.0,0.4719079783274395,3515789/7450158,sbm_k4_r3_rep2,True,1,1820,1.0,1.9364104578271508,0.22254830031792613,1.0,0,results/m4/dev_ablations_v12_002/raw/sbm_k4_r3_rep2_q00_diffusion-TL-star.json.gz,0cc6ab4b4fcf172c863adc735d9318c76ab1b4418fe9fa1dcedd27c9178f8131,1.0,77,COMPLETED,sbm_k4_r3_rep2_q00_diffusion-TL-star,2.2213255074590363,18166,diffusion-TL-star,8178,1.9364104578271508
0.7036144578313253,0.6975785737114472,3435481/4924866,sbm_k4_r3_rep2,True,1,2880,1.0,1.272846084088087,0.532741398446171,0.8848484848484849,0,results/m4/dev_ablations_v12_002/raw/sbm_k4_r3_rep2_q00_no-refinement.json.gz,46b9ce4fef4fe84caead59ca8cecfecab0483a6babab2dfe7193c11001e29086,0.584,77,COMPLETED,sbm_k4_r3_rep2_q00_no-refinement,3.3603403625601183,18166,no-refinement,5406,1.272846084088087
1.0,0.4719079783274395,3515789/7450158,sbm_k4_r3_rep2,True,1,1820,1.0,1.355770458932966,0.22254830031792613,1.0,0,results/m4/dev_ablations_v12_002/raw/sbm_k4_r3_rep2_q00_hull-best.json.gz,c308440b50795a9a23a75d71024670cabc916692fe97375b3aaee260d1eafd28,1.0,77,COMPLETED,sbm_k4_r3_rep2_q00_hull-best,2.2213255074590363,18166,hull-best,8178,1.355770458932966
1.0,0.4719079783274395,3515789/7450158,sbm_k4_r3_rep2,True,1,1820,1.0,1.3297275002114475,0.22254830031792613,1.0,0,results/m4/dev_ablations_v12_002/raw/sbm_k4_r3_rep2_q00_conductance-sweep.json.gz,55348a31113c562d9d297ed8da888b70f6ff77fb2cb864c907206ad76834a282,1.0,77,COMPLETED,sbm_k4_r3_rep2_q00_conductance-sweep,2.2213255074590363,18166,conductance-sweep,8178,1.3297275002114475
0.6432432432432432,0.6837166202780147,603557/882759,sbm_k4_r3_rep2,True,1,2192,0.6486486486486487,0.2819668338634074,0.5655314757481941,0.9916666666666667,1,results/m4/dev_ablations_v12_002/raw/sbm_k4_r3_rep2_q01_R-cap-0.25.json.gz,fff7382b6924fe3bbf4ffdaba868f1dc8a7542bff76e54f3a7dd765724c13638,0.476,34,COMPLETED,sbm_k4_r3_rep2_q01_R-cap-0.25,3.7951496388028896,14710,R-cap-0.25,3876,0.2819668338634074
0.7373737373737373,0.6415287156231174,347153/541134,sbm_k4_r3_rep2,True,1,2360,0.7373737373737373,0.33984370809048414,0.49663299663299665,1.0,1,results/m4/dev_ablations_v12_002/raw/sbm_k4_r3_rep2_q01_R-cap-0.5.json.gz,39195cd3d045f446564a976fa1fcf6bebf82c18504773b5f824d693550a06b74,0.584,34,COMPLETED,sbm_k4_r3_rep2_q01_R-cap-0.5,3.0955387205387206,14710,R-cap-0.5,4752,0.33984370809048414
0.8938053097345132,0.5501163859091425,13236533/24061332,sbm_k4_r3_rep2,True,1,2303,0.8938053097345132,0.37846141681075096,0.3487808571861275,1.0,1,results/m4/dev_ablations_v12_002/raw/sbm_k4_r3_rep2_q01_R-cap-1.json.gz,405cbd35aa1d3ac4aa10925e34477475509ee4f6b49770730004c5823b2bf9c2,0.808,34,COMPLETED,sbm_k4_r3_rep2_q01_R-cap-1,2.227775253672573,14710,R-cap-1,6603,0.37846141681075096
0.5235294117647059,0.7380991088628174,69981565/94813236,sbm_k4_r3_rep2,True,1,1879,0.5507246376811594,0.2669676663354039,0.649948114839156,0.9888888888888889,1,results/m4/dev_ablations_v12_002/raw/sbm_k4_r3_rep2_q01_supp-jstar.json.gz,5c7bed7158d304c49918d4d532e74029e9016e90df64175153da2862c7f3ecb5,0.356,34,COMPLETED,sbm_k4_r3_rep2_q01_supp-jstar,5.088204773434797,14710,supp-jstar,2891,0.2669676663354039
1.0,0.4719079783274395,3515789/7450158,sbm_k4_r3_rep2,True,1,1820,0.4,1.3129764581099153,0.22254830031792613,1.0,1,results/m4/dev_ablations_v12_002/raw/sbm_k4_r3_rep2_q01_supp-jstar+2.json.gz,ae50cae14aaa03bc09d3acf51ca6df2c7c81a30bf40134412eacbbd66b2973a8,1.0,34,COMPLETED,sbm_k4_r3_rep2_q01_supp-jstar+2,4.010271460014674,32796,supp-jstar+2,8178,1.3129764581099153
1.0,0.4719079783274395,3515789/7450158,sbm_k4_r3_rep2,True,1,1820,0.4,0.381221666932106,0.22254830031792613,1.0,1,results/m4/dev_ablations_v12_002/raw/sbm_k4_r3_rep2_q01_full.json.gz,02be2e56e543da7ba51aaf900714776a6061c49e912a951383a84a43bcf75b56,1.0,34,COMPLETED,sbm_k4_r3_rep2_q01_full,4.010271460014674,32796,full,8178,0.381221666932106
1.0,0.4719079783274395,3515789/7450158,sbm_k4_r3_rep2,True,1,1820,1.0,1.379167125094682,0.22254830031792613,1.0,1,results/m4/dev_ablations_v12_002/raw/sbm_k4_r3_rep2_q01_patience-2.json.gz,27a42c4503d1fc9872077b6d14feff892a8d9c10bd15e8393e76a2b1117880a3,1.0,34,COMPLETED,sbm_k4_r3_rep2_q01_patience-2,1.7987282954267547,14710,patience-2,8178,1.379167125094682
0.9919354838709677,0.4749077929519951,13939693/29352420,sbm_k4_r3_rep2,True,1,1847,0.9919354838709677,1.403962291777134,0.2292985723153321,1.0,1,results/m4/dev_ablations_v12_002/raw/sbm_k4_r3_rep2_q01_ZR-mact.json.gz,ef635722f1c1b1b1ea5ea27896d8c332261e9c6f6eb3c22a11422787419914ac,0.984,34,COMPLETED,sbm_k4_r3_rep2_q01_ZR-mact,1.5370577281191806,12381,ZR-mact,8055,1.403962291777134
1.0,0.4719079783274395,3515789/7450158,sbm_k4_r3_rep2,True,1,1820,1.0,1.3476523333229125,0.22254830031792613,1.0,1,results/m4/dev_ablations_v12_002/raw/sbm_k4_r3_rep2_q01_sqrt2-grid.json.gz,617f1a465d465cd37f8cafd57690b441f734a5d883ca57ab2223cb8cf03021c4,1.0,34,COMPLETED,sbm_k4_r3_rep2_q01_sqrt2-grid,1.7987282954267547,14710,sqrt2-grid,8178,1.3476523333229125
0.9878542510121457,0.477032837884475,124860901/261744876,sbm_k4_r3_rep2,True,1,1865,0.9878542510121457,1.220904208254069,0.23367998997619346,1.0,1,results/m4/dev_ablations_v12_002/raw/sbm_k4_r3_rep2_q01_fixed-grid.json.gz,a13edce633a3a06940177ae7118fb20c472743db8a4eacb514b50d1855ffe3ef,0.976,34,COMPLETED,sbm_k4_r3_rep2_q01_fixed-grid,1.5010650294449317,11980,fixed-grid,7981,1.220904208254069
1.0,0.4719079783274395,3515789/7450158,sbm_k4_r3_rep2,True,1,1820,0.4,1.2740594167262316,0.22254830031792613,1.0,1,results/m4/dev_ablations_v12_002/raw/sbm_k4_r3_rep2_q01_ZR-budgetM.json.gz,9271bf0d381d7038032cf196134210e4ec3eb96ba6b7fc7b1863e713a301b52c,1.0,34,COMPLETED,sbm_k4_r3_rep2_q01_ZR-budgetM,4.010271460014674,32796,ZR-budgetM,8178,1.2740594167262316
1.0,0.4719079783274395,3515789/7450158,sbm_k4_r3_rep2,True,1,1820,1.0,1.3635577918030322,0.22254830031792613,1.0,1,results/m4/dev_ablations_v12_002/raw/sbm_k4_r3_rep2_q01_ordering-bfs.json.gz,7ac831e7fddcdb2cb45091afa7d4e73bf2dba7c6ccd018399c05413a482e36cb,1.0,34,COMPLETED,sbm_k4_r3_rep2_q01_ordering-bfs,1.7987282954267547,14710,ordering-bfs,8178,1.3635577918030322
1.0,0.4719079783274395,3515789/7450158,sbm_k4_r3_rep2,True,1,1820,1.0,1.3756647501140833,0.22254830031792613,1.0,1,results/m4/dev_ablations_v12_002/raw/sbm_k4_r3_rep2_q01_ordering-random.json.gz,df6820e098a687247f9d3a1786ade61417512e52d5aa0e34cf58ed5cd757e6ee,1.0,34,COMPLETED,sbm_k4_r3_rep2_q01_ordering-random,1.7987282954267547,14710,ordering-random,8178,1.3756647501140833
1.0,0.4719079783274395,3515789/7450158,sbm_k4_r3_rep2,True,1,1820,1.0,1.4882391672581434,0.22254830031792613,1.0,1,results/m4/dev_ablations_v12_002/raw/sbm_k4_r3_rep2_q01_multi-start.json.gz,381177c2d6776c5e6620d76b6b8e8b0aa53dd7f50ce754d1dbfc94c93cb1d596,1.0,34,COMPLETED,sbm_k4_r3_rep2_q01_multi-start,1.7987282954267547,14710,multi-start,8178,1.4882391672581434
1.0,0.4719079783274395,3515789/7450158,sbm_k4_r3_rep2,True,1,1820,1.0,1.8686182908713818,0.22254830031792613,1.0,1,results/m4/dev_ablations_v12_002/raw/sbm_k4_r3_rep2_q01_diffusion-TL-star.json.gz,1939a01596120a22cec656d2c31b708330f38c8fc1a8403249151ce1173328ae,1.0,34,COMPLETED,sbm_k4_r3_rep2_q01_diffusion-TL-star,1.7987282954267547,14710,diffusion-TL-star,8178,1.8686182908713818
0.512396694214876,0.7827397123583111,93159085/119016684,sbm_k4_r3_rep2,True,1,2439,1.0,1.2993554580025375,0.6720859740975476,0.8230088495575221,1,results/m4/dev_ablations_v12_002/raw/sbm_k4_r3_rep2_q01_no-refinement.json.gz,b7146ccfb857d0a8d9647738058f3f9feccd81494fdc148d1693892f460fce94,0.372,34,COMPLETED,sbm_k4_r3_rep2_q01_no-refinement,4.0534582529622485,14710,no-refinement,3629,1.2993554580025375
1.0,0.4719079783274395,3515789/7450158,sbm_k4_r3_rep2,True,1,1820,1.0,1.3698667078278959,0.22254830031792613,1.0,1,results/m4/dev_ablations_v12_002/raw/sbm_k4_r3_rep2_q01_hull-best.json.gz,fd1a0e5f5f25e6b3196889e992e76a3564d5af41d3994fe299d1634dd9c198f1,1.0,34,COMPLETED,sbm_k4_r3_rep2_q01_hull-best,1.7987282954267547,14710,hull-best,8178,1.3698667078278959
1.0,0.4719079783274395,3515789/7450158,sbm_k4_r3_rep2,True,1,1820,1.0,1.3717881659977138,0.22254830031792613,1.0,1,results/m4/dev_ablations_v12_002/raw/sbm_k4_r3_rep2_q01_conductance-sweep.json.gz,55c9b50c645352838873f9925aa1a5793f94265d60f871465830afc877e77819,1.0,34,COMPLETED,sbm_k4_r3_rep2_q01_conductance-sweep,1.7987282954267547,14710,conductance-sweep,8178,1.3717881659977138
1.0,0.5366906476218919,27603331/51432480,sbm_k8_r0_rep0,True,1,3463,1.0,0.6823226674459875,0.41152703505644683,1.0,0,results/m4/dev_ablations_v12_002/raw/sbm_k8_r0_rep0_q00_R-cap-0.25.json.gz,a00140fb38dccfec69f0cabbbbc006984d549811f10ae5763c4c5c332d08848f,1.0,3,COMPLETED,sbm_k8_r0_rep0_q00_R-cap-0.25,5.948900772430184,50060,R-cap-0.25,8415,0.6823226674459875
1.0,0.5366906476218919,27603331/51432480,sbm_k8_r0_rep0,True,1,3463,1.0,0.6358617092482746,0.41152703505644683,1.0,0,results/m4/dev_ablations_v12_002/raw/sbm_k8_r0_rep0_q00_R-cap-0.5.json.gz,e576eaad02192bf0f50d17a7f8649007ccd014c972eeffbc10a70a7d8fb8a0a1,1.0,3,COMPLETED,sbm_k8_r0_rep0_q00_R-cap-0.5,5.948900772430184,50060,R-cap-0.5,8415,0.6358617092482746
1.0,0.5366906476218919,27603331/51432480,sbm_k8_r0_rep0,True,1,3463,1.0,0.5497027090750635,0.41152703505644683,1.0,0,results/m4/dev_ablations_v12_002/raw/sbm_k8_r0_rep0_q00_R-cap-1.json.gz,ee216409acabf448e146807189ba36c0c865869d3da965267a654a897d1c32eb,1.0,3,COMPLETED,sbm_k8_r0_rep0_q00_R-cap-1,5.948900772430184,50060,R-cap-1,8415,0.5497027090750635
1.0,0.5366906476218919,27603331/51432480,sbm_k8_r0_rep0,True,1,3463,1.0,0.5945052918978035,0.41152703505644683,1.0,0,results/m4/dev_ablations_v12_002/raw/sbm_k8_r0_rep0_q00_supp-jstar.json.gz,cc512adfb99a88e32833e134dfe0fcae564d281d2080192096dd282cedd00796,1.0,3,COMPLETED,sbm_k8_r0_rep0_q00_supp-jstar,5.948900772430184,50060,supp-jstar,8415,0.5945052918978035
1.0,0.5366906476218919,27603331/51432480,sbm_k8_r0_rep0,True,1,3463,0.2222222222222222,2.7340364172123373,0.41152703505644683,1.0,0,results/m4/dev_ablations_v12_002/raw/sbm_k8_r0_rep0_q00_supp-jstar+2.json.gz,449ed197bf53a3f38927a4caeb851184716b7ab761b93abea2178563a5bc1570,1.0,3,COMPLETED,sbm_k8_r0_rep0_q00_supp-jstar+2,7.989542483660131,67232,supp-jstar+2,8415,2.7340364172123373
1.0,0.5366906476218919,27603331/51432480,sbm_k8_r0_rep0,True,1,3463,0.2222222222222222,0.5341197499074042,0.41152703505644683,1.0,0,results/m4/dev_ablations_v12_002/raw/sbm_k8_r0_rep0_q00_full.json.gz,9b4521bbd4a983ea534753ce654dd1580aac0c429766a93695565d485d4edd19,1.0,3,COMPLETED,sbm_k8_r0_rep0_q00_full,7.989542483660131,67232,full,8415,0.5341197499074042
1.0,0.5366906476218919,27603331/51432480,sbm_k8_r0_rep0,True,1,3463,0.2881844380403458,0.37155504198744893,0.41152703505644683,1.0,0,results/m4/dev_ablations_v12_002/raw/sbm_k8_r0_rep0_q00_patience-2.json.gz,e948ab7142b9654cd384b711b9c7102557f46a26eec939a5da57cc0cd26a65de,1.0,3,COMPLETED,sbm_k8_r0_rep0_q00_patience-2,5.948900772430184,50060,patience-2,8415,0.37155504198744893
1.0,0.5366906476218919,27603331/51432480,sbm_k8_r0_rep0,True,1,3463,1.0,0.6310967919416726,0.41152703505644683,1.0,0,results/m4/dev_ablations_v12_002/raw/sbm_k8_r0_rep0_q00_ZR-mact.json.gz,2ddbf54a1f1df12900ff4352282b643733e8f9678d2344a0ed3983f6b234f16a,1.0,3,COMPLETED,sbm_k8_r0_rep0_q00_ZR-mact,1.6657159833630422,14017,ZR-mact,8415,0.6310967919416726
1.0,0.5366906476218919,27603331/51432480,sbm_k8_r0_rep0,True,1,3463,1.0,0.6746238339692354,0.41152703505644683,1.0,0,results/m4/dev_ablations_v12_002/raw/sbm_k8_r0_rep0_q00_sqrt2-grid.json.gz,5fae3c11f8858f7567b70984e9878bbd565596ba2360af470a866e9b9109fab1,1.0,3,COMPLETED,sbm_k8_r0_rep0_q00_sqrt2-grid,1.6172311348781938,13609,sqrt2-grid,8415,0.6746238339692354
1.0,0.5366906476218919,27603331/51432480,sbm_k8_r0_rep0,True,1,3463,1.0,0.6666436670348048,0.41152703505644683,1.0,0,results/m4/dev_ablations_v12_002/raw/sbm_k8_r0_rep0_q00_fixed-grid.json.gz,20f9235bf1dec12ed3d83a3f42a5814f6577ea15ae0871f2c2e0581b15c0d737,1.0,3,COMPLETED,sbm_k8_r0_rep0_q00_fixed-grid,1.3077837195484254,11005,fixed-grid,8415,0.6666436670348048
1.0,0.5366906476218919,27603331/51432480,sbm_k8_r0_rep0,True,1,3463,0.2881844380403458,0.3638282916508615,0.41152703505644683,1.0,0,results/m4/dev_ablations_v12_002/raw/sbm_k8_r0_rep0_q00_ZR-budgetM.json.gz,479cb1a7ee8d19d9b48527efc93fa70cab429477f2d6d79f2988da51c95f49d8,1.0,3,COMPLETED,sbm_k8_r0_rep0_q00_ZR-budgetM,5.948900772430184,50060,ZR-budgetM,8415,0.3638282916508615
1.0,0.5366906476218919,27603331/51432480,sbm_k8_r0_rep0,True,1,3463,0.2881844380403458,0.36767354188486934,0.41152703505644683,1.0,0,results/m4/dev_ablations_v12_002/raw/sbm_k8_r0_rep0_q00_ordering-bfs.json.gz,0efa300255e27d8bff04405ecef2f3d16dc5cc7e57dae6d467e975be1ebcaa5f,1.0,3,COMPLETED,sbm_k8_r0_rep0_q00_ordering-bfs,5.948900772430184,50060,ordering-bfs,8415,0.36767354188486934
1.0,0.5366906476218919,27603331/51432480,sbm_k8_r0_rep0,True,1,3463,0.2881844380403458,0.34977958304807544,0.41152703505644683,1.0,0,results/m4/dev_ablations_v12_002/raw/sbm_k8_r0_rep0_q00_ordering-random.json.gz,5e26a1883c301a708e3dc230da783f9e0b7468541b5a920114f132dd7565cf79,1.0,3,COMPLETED,sbm_k8_r0_rep0_q00_ordering-random,5.948900772430184,50060,ordering-random,8415,0.34977958304807544
1.0,0.5366906476218919,27603331/51432480,sbm_k8_r0_rep0,True,1,3463,0.2881844380403458,0.8677435419522226,0.41152703505644683,1.0,0,results/m4/dev_ablations_v12_002/raw/sbm_k8_r0_rep0_q00_multi-start.json.gz,aa681efa04a807f63b993abf230b4a9ae222ce033eb761408183857522583a43,1.0,3,COMPLETED,sbm_k8_r0_rep0_q00_multi-start,5.948900772430184,50060,multi-start,8415,0.8677435419522226
1.0,0.5366906476218919,27603331/51432480,sbm_k8_r0_rep0,True,1,3463,0.2881844380403458,1.4999309997074306,0.41152703505644683,1.0,0,results/m4/dev_ablations_v12_002/raw/sbm_k8_r0_rep0_q00_diffusion-TL-star.json.gz,675c0fc115b2127101e00463a637cd96d36bd33ceff7aa5e55c045e1054da2eb,1.0,3,COMPLETED,sbm_k8_r0_rep0_q00_diffusion-TL-star,5.948900772430184,50060,diffusion-TL-star,8415,1.4999309997074306
0.8771929824561403,0.6615217243489495,9729/14707,sbm_k8_r0_rep0,True,1,5374,0.2881844380403458,0.199842874892056,0.5024308152580403,0.78125,0,results/m4/dev_ablations_v12_002/raw/sbm_k8_r0_rep0_q00_no-refinement.json.gz,07d30b3dd4cce1cc16f1d96f066369a11183a28c6fdb4938970eed70356d4e2c,1.0,3,COMPLETED,sbm_k8_r0_rep0_q00_no-refinement,4.680254300673149,50060,no-refinement,10696,0.199842874892056
0.2881844380403458,0.9693961391974562,203914533/210352120,sbm_k8_r0_rep0,True,1,11254,0.2881844380403458,0.35437275003641844,0.6553692056836711,0.16835016835016836,0,results/m4/dev_ablations_v12_002/raw/sbm_k8_r0_rep0_q00_hull-best.json.gz,9ba0c703cf94abc84440052013008a48327f59d27598e89e8a5d85b7569d458c,1.0,3,COMPLETED,sbm_k8_r0_rep0_q00_hull-best,1.0,50060,hull-best,50060,0.35437275003641844
1.0,0.5366906476218919,27603331/51432480,sbm_k8_r0_rep0,True,1,3463,0.2881844380403458,0.3638877500779927,0.41152703505644683,1.0,0,results/m4/dev_ablations_v12_002/raw/sbm_k8_r0_rep0_q00_conductance-sweep.json.gz,34e87301d160ac239cb84ca320150797e5ee7dfddb295ca8f5a26d80c3d15db3,1.0,3,COMPLETED,sbm_k8_r0_rep0_q00_conductance-sweep,5.948900772430184,50060,conductance-sweep,8415,0.3638877500779927
0.7261146496815286,0.7274134607324941,237436017/326411360,sbm_k8_r0_rep0,True,1,3181,0.7261146496815286,0.20790100004523993,0.6552008238928939,1.0,1,results/m4/dev_ablations_v12_002/raw/sbm_k8_r0_rep0_q01_R-cap-0.25.json.gz,f2b0590b37b2a6c41e06885a58bcd8be7055f952480112312c4f353002328283,0.57,90,COMPLETED,sbm_k8_r0_rep0_q01_R-cap-0.25,2.3042224510813596,11187,R-cap-0.25,4855,0.20790100004523993
0.7261146496815286,0.7274134607324941,237436017/326411360,sbm_k8_r0_rep0,True,1,3181,0.7261146496815286,0.2943314998410642,0.6552008238928939,1.0,1,results/m4/dev_ablations_v12_002/raw/sbm_k8_r0_rep0_q01_R-cap-0.5.json.gz,18300f9df4306c1a2963baf7f5d1ec029a3acfb79767a5e2302fd9ce74c9e0c3,0.57,90,COMPLETED,sbm_k8_r0_rep0_q01_R-cap-0.5,2.3042224510813596,11187,R-cap-0.5,4855,0.2943314998410642
0.8700564971751412,0.62464105815876,272511185/436268448,sbm_k8_r0_rep0,True,1,3427,0.8700564971751412,0.35379683412611485,0.5281245184157806,1.0,1,results/m4/dev_ablations_v12_002/raw/sbm_k8_r0_rep0_q01_R-cap-1.json.gz,9aa0610d7c8ddee8733611ab1366735fea164c53fcfa891603d526f208d8991f,0.77,90,COMPLETED,sbm_k8_r0_rep0_q01_R-cap-1,1.7239944521497919,11187,R-cap-1,6489,0.35379683412611485
0.7261146496815286,0.7274134607324941,237436017/326411360,sbm_k8_r0_rep0,True,1,3181,0.7261146496815286,0.30713879177346826,0.6552008238928939,1.0,1,results/m4/dev_ablations_v12_002/raw/sbm_k8_r0_rep0_q01_supp-jstar.json.gz,f0417bf58934ece61ba198f9f794eee1fd729ceb96132906e87af59c04243b04,0.57,90,COMPLETED,sbm_k8_r0_rep0_q01_supp-jstar,2.3042224510813596,11187,supp-jstar,4855,0.30713879177346826
1.0,0.5366906476218919,27603331/51432480,sbm_k8_r0_rep0,True,1,3463,0.2222222222222222,2.844433707650751,0.41152703505644683,1.0,1,results/m4/dev_ablations_v12_002/raw/sbm_k8_r0_rep0_q01_supp-jstar+2.json.gz,10913c1f4e0972199a8dbd5678b54ccf40c2bc3bd9eb73feeb7a3b9c4ad8df2d,1.0,90,COMPLETED,sbm_k8_r0_rep0_q01_supp-jstar+2,7.989542483660131,67232,supp-jstar+2,8415,2.844433707650751
1.0,0.5366906476218919,27603331/51432480,sbm_k8_r0_rep0,True,1,3463,0.2222222222222222,0.6637077499181032,0.41152703505644683,1.0,1,results/m4/dev_ablations_v12_002/raw/sbm_k8_r0_rep0_q01_full.json.gz,36eb20ca9a7545397635c567e7051a52791bee92efaea76851ccf3753f6e7a39,1.0,90,COMPLETED,sbm_k8_r0_rep0_q01_full,7.989542483660131,67232,full,8415,0.6637077499181032
1.0,0.5366906476218919,27603331/51432480,sbm_k8_r0_rep0,True,1,3463,1.0,0.4963390417397022,0.41152703505644683,1.0,1,results/m4/dev_ablations_v12_002/raw/sbm_k8_r0_rep0_q01_patience-2.json.gz,d9854c738ea064f6dd13493026c27388a5d7b92a0ed03fd431660901731bef0e,1.0,90,COMPLETED,sbm_k8_r0_rep0_q01_patience-2,1.3294117647058823,11187,patience-2,8415,0.4963390417397022
1.0,0.5366906476218919,27603331/51432480,sbm_k8_r0_rep0,True,1,3463,1.0,0.30383158288896084,0.41152703505644683,1.0,1,results/m4/dev_ablations_v12_002/raw/sbm_k8_r0_rep0_q01_ZR-mact.json.gz,bd613fbb79139a79d0c49a4fb5ed0fd2f1a22722d61ef1858f0f77c7985b06a8,1.0,90,COMPLETED,sbm_k8_r0_rep0_q01_ZR-mact,2.149851455733809,18091,ZR-mact,8415,0.30383158288896084
1.0,0.5366906476218919,27603331/51432480,sbm_k8_r0_rep0,True,1,3463,1.0,0.5395637918263674,0.41152703505644683,1.0,1,results/m4/dev_ablations_v12_002/raw/sbm_k8_r0_rep0_q01_sqrt2-grid.json.gz,ad58d4c2b8b65892308090a0916558b4b442a4c76533a3cd02342dcc629183ee,1.0,90,COMPLETED,sbm_k8_r0_rep0_q01_sqrt2-grid,1.3294117647058823,11187,sqrt2-grid,8415,0.5395637918263674
1.0,0.5366906476218919,27603331/51432480,sbm_k8_r0_rep0,True,1,3463,1.0,0.6237400420941412,0.41152703505644683,1.0,1,results/m4/dev_ablations_v12_002/raw/sbm_k8_r0_rep0_q01_fixed-grid.json.gz,1ef181e9b8d1e7a0e3346d2b4207d6c51465f7e3ad141ae8c9b8ea0f14e77210,1.0,90,COMPLETED,sbm_k8_r0_rep0_q01_fixed-grid,1.3666072489601901,11500,fixed-grid,8415,0.6237400420941412
1.0,0.5366906476218919,27603331/51432480,sbm_k8_r0_rep0,True,1,3463,0.2222222222222222,2.7384508750401437,0.41152703505644683,1.0,1,results/m4/dev_ablations_v12_002/raw/sbm_k8_r0_rep0_q01_ZR-budgetM.json.gz,171eb2024a6cac90cfbb04c36ca3ad6b237b806b4e6ac6340f29f6a5856bd307,1.0,90,COMPLETED,sbm_k8_r0_rep0_q01_ZR-budgetM,7.989542483660131,67232,ZR-budgetM,8415,2.7384508750401437
1.0,0.5366906476218919,27603331/51432480,sbm_k8_r0_rep0,True,1,3463,1.0,0.5046181250363588,0.41152703505644683,1.0,1,results/m4/dev_ablations_v12_002/raw/sbm_k8_r0_rep0_q01_ordering-bfs.json.gz,9453c7489fc8b028c1f615151d0f53575f89df84e20ddaa673ae7139257e9d12,1.0,90,COMPLETED,sbm_k8_r0_rep0_q01_ordering-bfs,1.3294117647058823,11187,ordering-bfs,8415,0.5046181250363588
1.0,0.5366906476218919,27603331/51432480,sbm_k8_r0_rep0,True,1,3463,1.0,0.48874649964272976,0.41152703505644683,1.0,1,results/m4/dev_ablations_v12_002/raw/sbm_k8_r0_rep0_q01_ordering-random.json.gz,fd90ec246bdb831835fe260d32efc0c10781d07b68fea52031b9dee546f621cf,1.0,90,COMPLETED,sbm_k8_r0_rep0_q01_ordering-random,1.3294117647058823,11187,ordering-random,8415,0.48874649964272976
1.0,0.5366906476218919,27603331/51432480,sbm_k8_r0_rep0,True,1,3463,1.0,0.5690707075409591,0.41152703505644683,1.0,1,results/m4/dev_ablations_v12_002/raw/sbm_k8_r0_rep0_q01_multi-start.json.gz,d9f0404dcf491f9c80789eb85ae0e7b8e5fef76bb50c2b73a23471642ea8ddf6,1.0,90,COMPLETED,sbm_k8_r0_rep0_q01_multi-start,1.3294117647058823,11187,multi-start,8415,0.5690707075409591
1.0,0.5366906476218919,27603331/51432480,sbm_k8_r0_rep0,True,1,3463,1.0,1.0175079577602446,0.41152703505644683,1.0,1,results/m4/dev_ablations_v12_002/raw/sbm_k8_r0_rep0_q01_diffusion-TL-star.json.gz,3c7ccf6a27c022ff50928e91628a8a19c341fa23432317852f0066cee4b3feff,1.0,90,COMPLETED,sbm_k8_r0_rep0_q01_diffusion-TL-star,1.3294117647058823,11187,diffusion-TL-star,8415,1.0175079577602446
0.6838709677419355,0.7529172317036746,233206945/309737824,sbm_k8_r0_rep0,True,1,3153,1.0,0.4691254999488592,0.6843933145213805,0.9636363636363636,1,results/m4/dev_ablations_v12_002/raw/sbm_k8_r0_rep0_q01_no-refinement.json.gz,f486e8b3ff96e7eb06d120bfb31be54c4e94b41dc059741ab879446f86248171,0.53,90,COMPLETED,sbm_k8_r0_rep0_q01_no-refinement,2.4282613414369436,11187,no-refinement,4607,0.4691254999488592
1.0,0.5366906476218919,27603331/51432480,sbm_k8_r0_rep0,True,1,3463,1.0,0.5377120417542756,0.41152703505644683,1.0,1,results/m4/dev_ablations_v12_002/raw/sbm_k8_r0_rep0_q01_hull-best.json.gz,cb622bbb252c11f9098f463f1dc5c5ee59198d87f74276448d85ab774f2de373,1.0,90,COMPLETED,sbm_k8_r0_rep0_q01_hull-best,1.3294117647058823,11187,hull-best,8415,0.5377120417542756
1.0,0.5366906476218919,27603331/51432480,sbm_k8_r0_rep0,True,1,3463,1.0,0.4958165418356657,0.41152703505644683,1.0,1,results/m4/dev_ablations_v12_002/raw/sbm_k8_r0_rep0_q01_conductance-sweep.json.gz,a0833918de7c556c5f22a8b7336c8f91c4361900b4395eadb7b829395387e962,1.0,90,COMPLETED,sbm_k8_r0_rep0_q01_conductance-sweep,1.3294117647058823,11187,conductance-sweep,8415,0.4958165418356657
1.0,0.5431351729033689,2527901/4654276,sbm_k8_r0_rep1,True,1,3505,1.0,0.8371731252409518,0.4187074423605304,1.0,0,results/m4/dev_ablations_v12_002/raw/sbm_k8_r0_rep1_q00_R-cap-0.25.json.gz,e38631c024b97b696134b8041fe05caeffb424c0c2324f7559cfef4e9b6a7d70,1.0,42,COMPLETED,sbm_k8_r0_rep1_q00_R-cap-0.25,7.5578783896786526,63267,R-cap-0.25,8371,0.8371731252409518
1.0,0.5431351729033689,2527901/4654276,sbm_k8_r0_rep1,True,1,3505,1.0,0.8125748750753701,0.4187074423605304,1.0,0,results/m4/dev_ablations_v12_002/raw/sbm_k8_r0_rep1_q00_R-cap-0.5.json.gz,08b082516a0085f4ed38e7ba203ddd5ae817ca8beab84ded3fcc734028b23858,1.0,42,COMPLETED,sbm_k8_r0_rep1_q00_R-cap-0.5,7.5578783896786526,63267,R-cap-0.5,8371,0.8125748750753701
1.0,0.5431351729033689,2527901/4654276,sbm_k8_r0_rep1,True,1,3505,0.7246376811594203,0.9581571668386459,0.4187074423605304,1.0,0,results/m4/dev_ablations_v12_002/raw/sbm_k8_r0_rep1_q00_R-cap-1.json.gz,7121e8390c6bf15905ef49d203cce56ddde1e0eddc7c1ec2ce2192c8ccfcf7cc,1.0,42,COMPLETED,sbm_k8_r0_rep1_q00_R-cap-1,7.5578783896786526,63267,R-cap-1,8371,0.9581571668386459
1.0,0.5431351729033689,2527901/4654276,sbm_k8_r0_rep1,True,1,3505,1.0,0.6449800413101912,0.4187074423605304,1.0,0,results/m4/dev_ablations_v12_002/raw/sbm_k8_r0_rep1_q00_supp-jstar.json.gz,665b865fd33f3a97edc1b86d36ca564146b9207c427b10a83241b69f814ef894,1.0,42,COMPLETED,sbm_k8_r0_rep1_q00_supp-jstar,7.5578783896786526,63267,supp-jstar,8371,0.6449800413101912
1.0,0.5431351729033689,2527901/4654276,sbm_k8_r0_rep1,True,1,3505,0.2222222222222222,2.7588013750500977,0.4187074423605304,1.0,0,results/m4/dev_ablations_v12_002/raw/sbm_k8_r0_rep1_q00_supp-jstar+2.json.gz,9f208bb03abb248e1df3ce617e9f965821139c3b35f2755ca819e9920b3d7df9,1.0,42,COMPLETED,sbm_k8_r0_rep1_q00_supp-jstar+2,8.036793692509855,67276,supp-jstar+2,8371,2.7588013750500977
1.0,0.5431351729033689,2527901/4654276,sbm_k8_r0_rep1,True,1,3505,0.2222222222222222,0.5635730409994721,0.4187074423605304,1.0,0,results/m4/dev_ablations_v12_002/raw/sbm_k8_r0_rep1_q00_full.json.gz,0b260014e18c526d13a83a8695cf3cfca84f4f70985b2a5f0d856a974000509b,1.0,42,COMPLETED,sbm_k8_r0_rep1_q00_full,8.036793692509855,67276,full,8371,0.5635730409994721
1.0,0.5431351729033689,2527901/4654276,sbm_k8_r0_rep1,True,1,3505,0.2347417840375587,0.5066264579072595,0.4187074423605304,1.0,0,results/m4/dev_ablations_v12_002/raw/sbm_k8_r0_rep1_q00_patience-2.json.gz,e0742fba1df3111fa64d469c4e02abb1462749aa7c8128451bb00c365850c48c,1.0,42,COMPLETED,sbm_k8_r0_rep1_q00_patience-2,7.5578783896786526,63267,patience-2,8371,0.5066264579072595
1.0,0.5431351729033689,2527901/4654276,sbm_k8_r0_rep1,True,1,3505,1.0,0.743558291811496,0.4187074423605304,1.0,0,results/m4/dev_ablations_v12_002/raw/sbm_k8_r0_rep1_q00_ZR-mact.json.gz,c962c8c1850d957e807a5aa4a21c9373f3564704daa12b8a8863b4190af2e76e,1.0,42,COMPLETED,sbm_k8_r0_rep1_q00_ZR-mact,1.7689642814478557,14808,ZR-mact,8371,0.743558291811496
1.0,0.5431351729033689,2527901/4654276,sbm_k8_r0_rep1,True,1,3505,1.0,0.7620702921412885,0.4187074423605304,1.0,0,results/m4/dev_ablations_v12_002/raw/sbm_k8_r0_rep1_q00_sqrt2-grid.json.gz,8d71089e21bd4698492dcfea7ad71a1cdf2c32e0e2a7ad34d30616c1159ba1d3,1.0,42,COMPLETED,sbm_k8_r0_rep1_q00_sqrt2-grid,1.7689642814478557,14808,sqrt2-grid,8371,0.7620702921412885
1.0,0.5431351729033689,2527901/4654276,sbm_k8_r0_rep1,True,1,3505,1.0,0.6408284171484411,0.4187074423605304,1.0,0,results/m4/dev_ablations_v12_002/raw/sbm_k8_r0_rep1_q00_fixed-grid.json.gz,4b085177de0f038a6368b5b7eb0e7bb82fee1c859eb0186bec881bd85fc84771,1.0,42,COMPLETED,sbm_k8_r0_rep1_q00_fixed-grid,1.4521562537331263,12156,fixed-grid,8371,0.6408284171484411
1.0,0.5431351729033689,2527901/4654276,sbm_k8_r0_rep1,True,1,3505,0.2347417840375587,0.5080820405855775,0.4187074423605304,1.0,0,results/m4/dev_ablations_v12_002/raw/sbm_k8_r0_rep1_q00_ZR-budgetM.json.gz,448b9ba17a5c641768598bb2da715241897a955cf77fff0f9548e002816390f5,1.0,42,COMPLETED,sbm_k8_r0_rep1_q00_ZR-budgetM,7.5578783896786526,63267,ZR-budgetM,8371,0.5080820405855775
1.0,0.5431351729033689,2527901/4654276,sbm_k8_r0_rep1,True,1,3505,0.2347417840375587,0.5550292078405619,0.4187074423605304,1.0,0,results/m4/dev_ablations_v12_002/raw/sbm_k8_r0_rep1_q00_ordering-bfs.json.gz,80034733931860d6be4f0f4d4efa9411b91c3e5783c38a8065452b77f065560d,1.0,42,COMPLETED,sbm_k8_r0_rep1_q00_ordering-bfs,7.5578783896786526,63267,ordering-bfs,8371,0.5550292078405619
1.0,0.5431351729033689,2527901/4654276,sbm_k8_r0_rep1,True,1,3505,0.2347417840375587,0.5140045001171529,0.4187074423605304,1.0,0,results/m4/dev_ablations_v12_002/raw/sbm_k8_r0_rep1_q00_ordering-random.json.gz,a154cd8d749bb8fc23ec08b7634bc8436482ff68f365724a41e29a7a437c8ead,1.0,42,COMPLETED,sbm_k8_r0_rep1_q00_ordering-random,7.5578783896786526,63267,ordering-random,8371,0.5140045001171529
1.0,0.5431351729033689,2527901/4654276,sbm_k8_r0_rep1,True,1,3505,0.2347417840375587,1.2958855833858252,0.4187074423605304,1.0,0,results/m4/dev_ablations_v12_002/raw/sbm_k8_r0_rep1_q00_multi-start.json.gz,917253ba2c0cbe18774b28f70a13d439c82c145e45b90daf90cd3ae338b78885,1.0,42,COMPLETED,sbm_k8_r0_rep1_q00_multi-start,7.5578783896786526,63267,multi-start,8371,1.2958855833858252
1.0,0.5431351729033689,2527901/4654276,sbm_k8_r0_rep1,True,1,3505,0.2347417840375587,1.751917792018503,0.4187074423605304,1.0,0,results/m4/dev_ablations_v12_002/raw/sbm_k8_r0_rep1_q00_diffusion-TL-star.json.gz,06c66d249c66255dcb91ca3509238ee1c32db5abd693ad9acc1d3cc860ccb813,1.0,42,COMPLETED,sbm_k8_r0_rep1_q00_diffusion-TL-star,7.5578783896786526,63267,diffusion-TL-star,8371,1.751917792018503
0.819672131147541,0.7182008466309932,24472905/34075294,sbm_k8_r0_rep1,True,1,6534,0.2347417840375587,0.26591545809060335,0.5375123395853899,0.6944444444444444,0,results/m4/dev_ablations_v12_002/raw/sbm_k8_r0_rep1_q00_no-refinement.json.gz,43896b18aff16cac637654b4ef9dd0bacd4c19d3e0394da2dcf8a18a9d0111ed,1.0,42,COMPLETED,sbm_k8_r0_rep1_q00_no-refinement,5.2045903257650545,63267,no-refinement,12156,0.26591545809060335
0.2347417840375587,0.9957149491853948,4238112013/4256350692,sbm_k8_r0_rep1,True,1,3499,0.2347417840375587,0.5060657919384539,0.8727862309802943,0.13297872340425532,0,results/m4/dev_ablations_v12_002/raw/sbm_k8_r0_rep1_q00_hull-best.json.gz,2b351b93439017a6401bd46eaec136cec33ead1a177e01c8ae8aae2dd4859d2d,1.0,42,COMPLETED,sbm_k8_r0_rep1_q00_hull-best,1.0,63267,hull-best,63267,0.5060657919384539
1.0,0.5431351729033689,2527901/4654276,sbm_k8_r0_rep1,True,1,3505,0.2347417840375587,0.5056427498348057,0.4187074423605304,1.0,0,results/m4/dev_ablations_v12_002/raw/sbm_k8_r0_rep1_q00_conductance-sweep.json.gz,33f3bd5042a7f389b702e8dcf0b83c26b3416491dfa3bed633045df42888f962,1.0,42,COMPLETED,sbm_k8_r0_rep1_q00_conductance-sweep,7.5578783896786526,63267,conductance-sweep,8371,0.5056427498348057
0.7804878048780488,0.6972389910695661,19372777/27784988,sbm_k8_r0_rep1,True,1,3315,0.7804878048780488,0.2885017083026469,0.6174334140435835,1.0,1,results/m4/dev_ablations_v12_002/raw/sbm_k8_r0_rep1_q01_R-cap-0.25.json.gz,9564b306d9045599595ebc6e2df2e2be7fe59376d0e77743af0e2831be09c200,0.64,61,COMPLETED,sbm_k8_r0_rep1_q01_R-cap-0.25,2.0258893648724157,10877,R-cap-0.25,5369,0.2885017083026469
0.7804878048780488,0.6972389910695661,19372777/27784988,sbm_k8_r0_rep1,True,1,3315,0.7804878048780488,0.35098691703751683,0.6174334140435835,1.0,1,results/m4/dev_ablations_v12_002/raw/sbm_k8_r0_rep1_q01_R-cap-0.5.json.gz,7e82275c3d69d8ed527c853135e579b794faaa7cabf47230357c655b8b8b51d7,0.64,61,COMPLETED,sbm_k8_r0_rep1_q01_R-cap-0.5,2.0258893648724157,10877,R-cap-0.5,5369,0.35098691703751683
0.9743589743589743,0.5598242122479044,2468621/4409636,sbm_k8_r0_rep1,True,1,3505,0.9743589743589743,0.5821084999479353,0.4419367040726264,1.0,1,results/m4/dev_ablations_v12_002/raw/sbm_k8_r0_rep1_q01_R-cap-1.json.gz,46b74f660aed4a38ea86f225b4c7c4dc5bf05daab8dc6ed51f0ff2c4f98eac6e,0.95,61,COMPLETED,sbm_k8_r0_rep1_q01_R-cap-1,1.371453788929517,10877,R-cap-1,7931,0.5821084999479353
0.7804878048780488,0.6972389910695661,19372777/27784988,sbm_k8_r0_rep1,True,1,3315,0.7804878048780488,0.36683208402246237,0.6174334140435835,1.0,1,results/m4/dev_ablations_v12_002/raw/sbm_k8_r0_rep1_q01_supp-jstar.json.gz,4aa6cf46098371c1a3cd676679721f3f229354ab12c37624d96477109fb79793,0.64,61,COMPLETED,sbm_k8_r0_rep1_q01_supp-jstar,2.0258893648724157,10877,supp-jstar,5369,0.36683208402246237
1.0,0.5431351729033689,2527901/4654276,sbm_k8_r0_rep1,True,1,3505,0.2222222222222222,2.720786666031927,0.4187074423605304,1.0,1,results/m4/dev_ablations_v12_002/raw/sbm_k8_r0_rep1_q01_supp-jstar+2.json.gz,c426c0d45d768238d2759bf671c8d4ff9dee8da4014f23cf146297788c8c0e21,1.0,61,COMPLETED,sbm_k8_r0_rep1_q01_supp-jstar+2,8.036793692509855,67276,supp-jstar+2,8371,2.720786666031927
1.0,0.5431351729033689,2527901/4654276,sbm_k8_r0_rep1,True,1,3505,0.2222222222222222,0.5506443330086768,0.4187074423605304,1.0,1,results/m4/dev_ablations_v12_002/raw/sbm_k8_r0_rep1_q01_full.json.gz,1898c4de752c796f829aa63ad1d7331c1f8d8ca2ba405b3cf6310f1ee40a03fe,1.0,61,COMPLETED,sbm_k8_r0_rep1_q01_full,8.036793692509855,67276,full,8371,0.5506443330086768
1.0,0.5431351729033689,2527901/4654276,sbm_k8_r0_rep1,True,1,3505,1.0,0.6413593334145844,0.4187074423605304,1.0,1,results/m4/dev_ablations_v12_002/raw/sbm_k8_r0_rep1_q01_patience-2.json.gz,348d5f79c73b088de8f0578c7ddd263a73ba78384a918e2cd3403f76da48ac32,1.0,61,COMPLETED,sbm_k8_r0_rep1_q01_patience-2,1.299366861784733,10877,patience-2,8371,0.6413593334145844
1.0,0.5431351729033689,2527901/4654276,sbm_k8_r0_rep1,True,1,3505,1.0,0.6039085001684725,0.4187074423605304,1.0,1,results/m4/dev_ablations_v12_002/raw/sbm_k8_r0_rep1_q01_ZR-mact.json.gz,0661ed43fb4cfe0fc059e1fbc557ef4dae5d14198ba1046634312c462cbd20d1,1.0,61,COMPLETED,sbm_k8_r0_rep1_q01_ZR-mact,1.719149444510811,14391,ZR-mact,8371,0.6039085001684725
1.0,0.5431351729033689,2527901/4654276,sbm_k8_r0_rep1,True,1,3505,1.0,0.6162952920421958,0.4187074423605304,1.0,1,results/m4/dev_ablations_v12_002/raw/sbm_k8_r0_rep1_q01_sqrt2-grid.json.gz,7e52c4744aa14ebb108ecf2100886ac444801a6e08cb98452adf0d2fc151e269,1.0,61,COMPLETED,sbm_k8_r0_rep1_q01_sqrt2-grid,1.299366861784733,10877,sqrt2-grid,8371,0.6162952920421958
1.0,0.5431351729033689,2527901/4654276,sbm_k8_r0_rep1,True,1,3505,1.0,0.637184000108391,0.4187074423605304,1.0,1,results/m4/dev_ablations_v12_002/raw/sbm_k8_r0_rep1_q01_fixed-grid.json.gz,3c70804ff88aed486db0e1b7675ba34a11990ff08f0e6cfb28cd4f9c64f2d719,1.0,61,COMPLETED,sbm_k8_r0_rep1_q01_fixed-grid,1.299366861784733,10877,fixed-grid,8371,0.637184000108391
1.0,0.5431351729033689,2527901/4654276,sbm_k8_r0_rep1,True,1,3505,0.2222222222222222,2.7534101670607924,0.4187074423605304,1.0,1,results/m4/dev_ablations_v12_002/raw/sbm_k8_r0_rep1_q01_ZR-budgetM.json.gz,582de916de9ed19d65e6e505a8e7a75ebd4c5e20402ad05f5045fa809d4fc45d,1.0,61,COMPLETED,sbm_k8_r0_rep1_q01_ZR-budgetM,8.036793692509855,67276,ZR-budgetM,8371,2.7534101670607924
1.0,0.5431351729033689,2527901/4654276,sbm_k8_r0_rep1,True,1,3505,1.0,0.6409605843946338,0.4187074423605304,1.0,1,results/m4/dev_ablations_v12_002/raw/sbm_k8_r0_rep1_q01_ordering-bfs.json.gz,13d8cf411734d0ebbd94a55f1d4ad414343fb4a21e490bff7784d505d443af8c,1.0,61,COMPLETED,sbm_k8_r0_rep1_q01_ordering-bfs,1.299366861784733,10877,ordering-bfs,8371,0.6409605843946338
1.0,0.5431351729033689,2527901/4654276,sbm_k8_r0_rep1,True,1,3505,1.0,0.6348600829951465,0.4187074423605304,1.0,1,results/m4/dev_ablations_v12_002/raw/sbm_k8_r0_rep1_q01_ordering-random.json.gz,e989e91517a2bfaeb26db62f440df1ab9bc14e631476784589bafe84d7bfa1c0,1.0,61,COMPLETED,sbm_k8_r0_rep1_q01_ordering-random,1.299366861784733,10877,ordering-random,8371,0.6348600829951465
1.0,0.5431351729033689,2527901/4654276,sbm_k8_r0_rep1,True,1,3505,1.0,0.7064694999717176,0.4187074423605304,1.0,1,results/m4/dev_ablations_v12_002/raw/sbm_k8_r0_rep1_q01_multi-start.json.gz,8bf995144613db6007e927b7bb65da12aa28d8ee51710a79e5d605bc2f6b53ac,1.0,61,COMPLETED,sbm_k8_r0_rep1_q01_multi-start,1.299366861784733,10877,multi-start,8371,0.7064694999717176
1.0,0.5431351729033689,2527901/4654276,sbm_k8_r0_rep1,True,1,3505,1.0,1.1548322918824852,0.4187074423605304,1.0,1,results/m4/dev_ablations_v12_002/raw/sbm_k8_r0_rep1_q01_diffusion-TL-star.json.gz,d7216b505e19932102331250e0f85c0f3f199fa6c2e04ae3744975edaaf25333,1.0,61,COMPLETED,sbm_k8_r0_rep1_q01_diffusion-TL-star,1.299366861784733,10877,diffusion-TL-star,8371,1.1548322918824852
0.7484662576687117,0.7180493147308205,251633693/350440684,sbm_k8_r0_rep1,True,1,3337,1.0,0.5765529577620327,0.6406220003839509,0.9682539682539683,1,results/m4/dev_ablations_v12_002/raw/sbm_k8_r0_rep1_q01_no-refinement.json.gz,4124aeac164ea391250fd4de45d3410673d5e41db68d90b4a5ce0787ab566a42,0.61,61,COMPLETED,sbm_k8_r0_rep1_q01_no-refinement,2.0881167210597043,10877,no-refinement,5209,0.5765529577620327
1.0,0.5431351729033689,2527901/4654276,sbm_k8_r0_rep1,True,1,3505,1.0,0.6175654591061175,0.4187074423605304,1.0,1,results/m4/dev_ablations_v12_002/raw/sbm_k8_r0_rep1_q01_hull-best.json.gz,7474f0720f3c013da51788f8683c25a81614d1ddbcff67211d92918faecb8a25,1.0,61,COMPLETED,sbm_k8_r0_rep1_q01_hull-best,1.299366861784733,10877,hull-best,8371,0.6175654591061175
1.0,0.5431351729033689,2527901/4654276,sbm_k8_r0_rep1,True,1,3505,1.0,0.6206272910349071,0.4187074423605304,1.0,1,results/m4/dev_ablations_v12_002/raw/sbm_k8_r0_rep1_q01_conductance-sweep.json.gz,4d379b9d07ac44bd4934ff760f9cf48a354de67a059068ecbc628f3a5c0830ca,1.0,61,COMPLETED,sbm_k8_r0_rep1_q01_conductance-sweep,1.299366861784733,10877,conductance-sweep,8371,0.6206272910349071
1.0,0.5291951077122627,2370421/4479295,sbm_k8_r0_rep2,True,1,3424,1.0,0.5078235422261059,0.4037735849056604,1.0,0,results/m4/dev_ablations_v12_002/raw/sbm_k8_r0_rep2_q00_R-cap-0.25.json.gz,9b41059b62ac90ab6c588d81e7997eb2297b1a98dbc2e5665a25189ad7ad17f5,1.0,82,COMPLETED,sbm_k8_r0_rep2_q00_R-cap-0.25,3.387735849056604,28728,R-cap-0.25,8480,0.5078235422261059
1.0,0.5291951077122627,2370421/4479295,sbm_k8_r0_rep2,True,1,3424,1.0,0.3935388750396669,0.4037735849056604,1.0,0,results/m4/dev_ablations_v12_002/raw/sbm_k8_r0_rep2_q00_R-cap-0.5.json.gz,7cdb8fbc316c6e6bd261e8a771270e419a21e025aaf718bff52499b184e9905c,1.0,82,COMPLETED,sbm_k8_r0_rep2_q00_R-cap-0.5,3.387735849056604,28728,R-cap-0.5,8480,0.3935388750396669
1.0,0.5291951077122627,2370421/4479295,sbm_k8_r0_rep2,True,1,3424,1.0,0.41702320892363787,0.4037735849056604,1.0,0,results/m4/dev_ablations_v12_002/raw/sbm_k8_r0_rep2_q00_R-cap-1.json.gz,5cffe0e8ac6de5e98b0422cb9b9abe36019e52225b1f19e5ec29c9af028c21cd,1.0,82,COMPLETED,sbm_k8_r0_rep2_q00_R-cap-1,3.387735849056604,28728,R-cap-1,8480,0.41702320892363787
1.0,0.5291951077122627,2370421/4479295,sbm_k8_r0_rep2,True,1,3424,1.0,0.699196457862854,0.4037735849056604,1.0,0,results/m4/dev_ablations_v12_002/raw/sbm_k8_r0_rep2_q00_supp-jstar.json.gz,ea33775d2388953831c456b45023564bee9706835c027e9129454004df50c24f,1.0,82,COMPLETED,sbm_k8_r0_rep2_q00_supp-jstar,3.387735849056604,28728,supp-jstar,8480,0.699196457862854
1.0,0.5291951077122627,2370421/4479295,sbm_k8_r0_rep2,True,1,3424,0.2222222222222222,2.7482945416122675,0.4037735849056604,1.0,0,results/m4/dev_ablations_v12_002/raw/sbm_k8_r0_rep2_q00_supp-jstar+2.json.gz,3ac3dfeb141282aea42bcf249250231044bf8024294be4c77242d0db796006f9,1.0,82,COMPLETED,sbm_k8_r0_rep2_q00_supp-jstar+2,7.97311320754717,67612,supp-jstar+2,8480,2.7482945416122675
1.0,0.5291951077122627,2370421/4479295,sbm_k8_r0_rep2,True,1,3424,0.2222222222222222,0.5482863332144916,0.4037735849056604,1.0,0,results/m4/dev_ablations_v12_002/raw/sbm_k8_r0_rep2_q00_full.json.gz,7f429ea66ed56982270f5b83f21be7543301a7623fe80297ec6d69f06d18571c,1.0,82,COMPLETED,sbm_k8_r0_rep2_q00_full,7.97311320754717,67612,full,8480,0.5482863332144916
1.0,0.5291951077122627,2370421/4479295,sbm_k8_r0_rep2,True,1,3424,1.0,0.25583795784041286,0.4037735849056604,1.0,0,results/m4/dev_ablations_v12_002/raw/sbm_k8_r0_rep2_q00_patience-2.json.gz,d9d4e756a20d54eab6238c0a52b553398483021ebec4dbda57c3030537ded9fc,1.0,82,COMPLETED,sbm_k8_r0_rep2_q00_patience-2,3.387735849056604,28728,patience-2,8480,0.25583795784041286
1.0,0.5291951077122627,2370421/4479295,sbm_k8_r0_rep2,True,1,3424,1.0,0.7251764577813447,0.4037735849056604,1.0,0,results/m4/dev_ablations_v12_002/raw/sbm_k8_r0_rep2_q00_ZR-mact.json.gz,8bc46e85f93046babd20ec32bef75a9ce2ac86468dcb98cc2ccdb739950d9508,1.0,82,COMPLETED,sbm_k8_r0_rep2_q00_ZR-mact,1.3406839622641509,11369,ZR-mact,8480,0.7251764577813447
1.0,0.5291951077122627,2370421/4479295,sbm_k8_r0_rep2,True,1,3424,1.0,0.6952869999222457,0.4037735849056604,1.0,0,results/m4/dev_ablations_v12_002/raw/sbm_k8_r0_rep2_q00_sqrt2-grid.json.gz,7ea831231888c27519bcb979fbb0a5dc0afaced810a5c957c3db7a301615b321,1.0,82,COMPLETED,sbm_k8_r0_rep2_q00_sqrt2-grid,1.3311320754716982,11288,sqrt2-grid,8480,0.6952869999222457
1.0,0.5291951077122627,2370421/4479295,sbm_k8_r0_rep2,True,1,3424,1.0,0.6635912922210991,0.4037735849056604,1.0,0,results/m4/dev_ablations_v12_002/raw/sbm_k8_r0_rep2_q00_fixed-grid.json.gz,36be4345304b9766cf4fe9018d51c312ceff899c0cbd247dfaf6b3aac9a29f46,1.0,82,COMPLETED,sbm_k8_r0_rep2_q00_fixed-grid,1.3204009433962265,11197,fixed-grid,8480,0.6635912922210991
1.0,0.5291951077122627,2370421/4479295,sbm_k8_r0_rep2,True,1,3424,1.0,0.2766875419765711,0.4037735849056604,1.0,0,results/m4/dev_ablations_v12_002/raw/sbm_k8_r0_rep2_q00_ZR-budgetM.json.gz,f41654541094208c5f67a298d0d1dd5e2cfa5c6cc9804daa554f5d666a8d8958,1.0,82,COMPLETED,sbm_k8_r0_rep2_q00_ZR-budgetM,3.387735849056604,28728,ZR-budgetM,8480,0.2766875419765711
1.0,0.5291951077122627,2370421/4479295,sbm_k8_r0_rep2,True,1,3424,1.0,0.25729962484911084,0.4037735849056604,1.0,0,results/m4/dev_ablations_v12_002/raw/sbm_k8_r0_rep2_q00_ordering-bfs.json.gz,d42b148bbc186c0027d3680812fdbe790071bf8822eaa3400bb87ea6c5a0d2b9,1.0,82,COMPLETED,sbm_k8_r0_rep2_q00_ordering-bfs,3.387735849056604,28728,ordering-bfs,8480,0.25729962484911084
1.0,0.5291951077122627,2370421/4479295,sbm_k8_r0_rep2,True,1,3424,1.0,0.2780720409937203,0.4037735849056604,1.0,0,results/m4/dev_ablations_v12_002/raw/sbm_k8_r0_rep2_q00_ordering-random.json.gz,6d30a44f4be71b2a939c5637a6ec56d2cebe8f9734b9b026425ea70d43fb1774,1.0,82,COMPLETED,sbm_k8_r0_rep2_q00_ordering-random,3.387735849056604,28728,ordering-random,8480,0.2780720409937203
1.0,0.5291951077122627,2370421/4479295,sbm_k8_r0_rep2,True,1,3424,1.0,0.426165749784559,0.4037735849056604,1.0,0,results/m4/dev_ablations_v12_002/raw/sbm_k8_r0_rep2_q00_multi-start.json.gz,4d3b5d0eb15fdf620ce4ec2de4a874b59359fd77facafa5cc656d6ba22ae7270,1.0,82,COMPLETED,sbm_k8_r0_rep2_q00_multi-start,3.387735849056604,28728,multi-start,8480,0.426165749784559
1.0,0.5291951077122627,2370421/4479295,sbm_k8_r0_rep2,True,1,3424,1.0,1.13583333324641,0.4037735849056604,1.0,0,results/m4/dev_ablations_v12_002/raw/sbm_k8_r0_rep2_q00_diffusion-TL-star.json.gz,04899faab79f908bdc0db3d7c8f61dee6befe236b591293dd482d7b8dbba791f,1.0,82,COMPLETED,sbm_k8_r0_rep2_q00_diffusion-TL-star,3.387735849056604,28728,diffusion-TL-star,8480,1.13583333324641
0.8695652173913043,0.6660722894381708,496415069/745287076,sbm_k8_r0_rep2,True,1,5545,1.0,0.20316875027492642,0.5030391000635036,0.7692307692307693,0,results/m4/dev_ablations_v12_002/raw/sbm_k8_r0_rep2_q00_no-refinement.json.gz,a26d85f6f3e9602ecdc32a85471f3f768d12c72bb88384fff7af4b3585721060,1.0,82,COMPLETED,sbm_k8_r0_rep2_q00_no-refinement,2.606187063412864,28728,no-refinement,11023,0.20316875027492642
1.0,0.5291951077122627,2370421/4479295,sbm_k8_r0_rep2,True,1,3424,1.0,0.2830332503654063,0.4037735849056604,1.0,0,results/m4/dev_ablations_v12_002/raw/sbm_k8_r0_rep2_q00_hull-best.json.gz,482f66ee2880f0a535998ad2a97acd6fa8bdb38870770434014fe813e2926b9a,1.0,82,COMPLETED,sbm_k8_r0_rep2_q00_hull-best,3.387735849056604,28728,hull-best,8480,0.2830332503654063
1.0,0.5291951077122627,2370421/4479295,sbm_k8_r0_rep2,True,1,3424,1.0,0.25745616713538766,0.4037735849056604,1.0,0,results/m4/dev_ablations_v12_002/raw/sbm_k8_r0_rep2_q00_conductance-sweep.json.gz,4f14abf86c536856052eef463fdfc1333b0945a88794957501014d82f9c04a31,1.0,82,COMPLETED,sbm_k8_r0_rep2_q00_conductance-sweep,3.387735849056604,28728,conductance-sweep,8480,0.25745616713538766
0.6666666666666666,0.7586410150350942,220099277/290123092,sbm_k8_r0_rep2,True,1,2983,0.6666666666666666,0.15010720817372203,0.6951759496620834,1.0,1,results/m4/dev_ablations_v12_002/raw/sbm_k8_r0_rep2_q01_R-cap-0.25.json.gz,ed5f9baac2b848c088bd941558745f4cda545cdf2804f4addde0497aee23c3e8,0.5,26,COMPLETED,sbm_k8_r0_rep2_q01_R-cap-0.25,2.8373339547890937,12175,R-cap-0.25,4291,0.15010720817372203
0.6666666666666666,0.7586410150350942,220099277/290123092,sbm_k8_r0_rep2,True,1,2983,0.6666666666666666,0.22138770809397101,0.6951759496620834,1.0,1,results/m4/dev_ablations_v12_002/raw/sbm_k8_r0_rep2_q01_R-cap-0.5.json.gz,56588dd59d52941687f5cdba5aa9b1aab4ccb2229f0a8714bdff1ab1ea4d46a4,0.5,26,COMPLETED,sbm_k8_r0_rep2_q01_R-cap-0.5,2.8373339547890937,12175,R-cap-0.5,4291,0.22138770809397101
0.6666666666666666,0.7586410150350942,220099277/290123092,sbm_k8_r0_rep2,True,1,2983,0.6666666666666666,0.3532921248115599,0.6951759496620834,1.0,1,results/m4/dev_ablations_v12_002/raw/sbm_k8_r0_rep2_q01_R-cap-1.json.gz,07cd0ed3b32bd784c3fe5e4a853e484677177618c3b8df0f7d0b2d1d4292f308,0.5,26,COMPLETED,sbm_k8_r0_rep2_q01_R-cap-1,2.8373339547890937,12175,R-cap-1,4291,0.3532921248115599
0.6666666666666666,0.7586410150350942,220099277/290123092,sbm_k8_r0_rep2,True,1,2983,0.6666666666666666,0.3389753750525415,0.6951759496620834,1.0,1,results/m4/dev_ablations_v12_002/raw/sbm_k8_r0_rep2_q01_supp-jstar.json.gz,ece107cb6fddda23d4408deb3d7315a4b18dfbb2728129d58b9074f89d78f61f,0.5,26,COMPLETED,sbm_k8_r0_rep2_q01_supp-jstar,2.8373339547890937,12175,supp-jstar,4291,0.3389753750525415
1.0,0.5291951077122627,2370421/4479295,sbm_k8_r0_rep2,True,1,3424,0.2222222222222222,2.8610718329437077,0.4037735849056604,1.0,1,results/m4/dev_ablations_v12_002/raw/sbm_k8_r0_rep2_q01_supp-jstar+2.json.gz,2b16831a08b65856a46b8647de9456bec0a1627d7930a09e469ffebaad2e0181,1.0,26,COMPLETED,sbm_k8_r0_rep2_q01_supp-jstar+2,7.97311320754717,67612,supp-jstar+2,8480,2.8610718329437077
1.0,0.5291951077122627,2370421/4479295,sbm_k8_r0_rep2,True,1,3424,0.2222222222222222,0.68649858282879,0.4037735849056604,1.0,1,results/m4/dev_ablations_v12_002/raw/sbm_k8_r0_rep2_q01_full.json.gz,9c452f5afc4f059350026b937720fc1c6a8f3d5ea187525f64e3300fc2d73e8f,1.0,26,COMPLETED,sbm_k8_r0_rep2_q01_full,7.97311320754717,67612,full,8480,0.68649858282879
1.0,0.5291951077122627,2370421/4479295,sbm_k8_r0_rep2,True,1,3424,1.0,0.8546307082287967,0.4037735849056604,1.0,1,results/m4/dev_ablations_v12_002/raw/sbm_k8_r0_rep2_q01_patience-2.json.gz,dda2f469db47eef6f226a46fe5cd8ca8c05485b0413ee1c4bfa7c2d32e271725,1.0,26,COMPLETED,sbm_k8_r0_rep2_q01_patience-2,1.4357311320754718,12175,patience-2,8480,0.8546307082287967
1.0,0.5291951077122627,2370421/4479295,sbm_k8_r0_rep2,True,1,3424,1.0,0.64721345808357,0.4037735849056604,1.0,1,results/m4/dev_ablations_v12_002/raw/sbm_k8_r0_rep2_q01_ZR-mact.json.gz,c670d191fbf35c97c8384fca57a08813d0a104adb046b490df84b02e70c6a7e3,1.0,26,COMPLETED,sbm_k8_r0_rep2_q01_ZR-mact,2.0983490566037735,17794,ZR-mact,8480,0.64721345808357
1.0,0.5291951077122627,2370421/4479295,sbm_k8_r0_rep2,True,1,3424,1.0,0.8482112088240683,0.4037735849056604,1.0,1,results/m4/dev_ablations_v12_002/raw/sbm_k8_r0_rep2_q01_sqrt2-grid.json.gz,64d18a02753c16663a9d98d5df0500b21ac9e9e816b0e6d4ab0db7b81302a898,1.0,26,COMPLETED,sbm_k8_r0_rep2_q01_sqrt2-grid,1.4357311320754718,12175,sqrt2-grid,8480,0.8482112088240683
1.0,0.5291951077122627,2370421/4479295,sbm_k8_r0_rep2,True,1,3424,1.0,0.8659835830330849,0.4037735849056604,1.0,1,results/m4/dev_ablations_v12_002/raw/sbm_k8_r0_rep2_q01_fixed-grid.json.gz,bc1f3135da88017910d45fb3a98ff58020169fa42f31a552544e9f0ac9e7c7cb,1.0,26,COMPLETED,sbm_k8_r0_rep2_q01_fixed-grid,1.4357311320754718,12175,fixed-grid,8480,0.8659835830330849
1.0,0.5291951077122627,2370421/4479295,sbm_k8_r0_rep2,True,1,3424,0.2222222222222222,2.7216829587705433,0.4037735849056604,1.0,1,results/m4/dev_ablations_v12_002/raw/sbm_k8_r0_rep2_q01_ZR-budgetM.json.gz,8c0dfc65558277f04c7cce92a6202d6efd02fde87126f18e1c4e78b8f1990cf8,1.0,26,COMPLETED,sbm_k8_r0_rep2_q01_ZR-budgetM,7.97311320754717,67612,ZR-budgetM,8480,2.7216829587705433
1.0,0.5291951077122627,2370421/4479295,sbm_k8_r0_rep2,True,1,3424,1.0,0.8390218331478536,0.4037735849056604,1.0,1,results/m4/dev_ablations_v12_002/raw/sbm_k8_r0_rep2_q01_ordering-bfs.json.gz,9144051f1478614b81cf02e623304cfa40138350ad339b4bd0b85d57ac4408a4,1.0,26,COMPLETED,sbm_k8_r0_rep2_q01_ordering-bfs,1.4357311320754718,12175,ordering-bfs,8480,0.8390218331478536
1.0,0.5291951077122627,2370421/4479295,sbm_k8_r0_rep2,True,1,3424,1.0,0.8388641658239067,0.4037735849056604,1.0,1,results/m4/dev_ablations_v12_002/raw/sbm_k8_r0_rep2_q01_ordering-random.json.gz,3526deb667360aeb648b4e32597d2534f056167626ab8aab2f3583830da4ce2d,1.0,26,COMPLETED,sbm_k8_r0_rep2_q01_ordering-random,1.4357311320754718,12175,ordering-random,8480,0.8388641658239067
1.0,0.5291951077122627,2370421/4479295,sbm_k8_r0_rep2,True,1,3424,1.0,0.9184385002590716,0.4037735849056604,1.0,1,results/m4/dev_ablations_v12_002/raw/sbm_k8_r0_rep2_q01_multi-start.json.gz,3ca0fe4f6925d74713ae745fa5442ec0e077f367d789ace79cddc778c81e2087,1.0,26,COMPLETED,sbm_k8_r0_rep2_q01_multi-start,1.4357311320754718,12175,multi-start,8480,0.9184385002590716
1.0,0.5291951077122627,2370421/4479295,sbm_k8_r0_rep2,True,1,3424,1.0,1.417053083423525,0.4037735849056604,1.0,1,results/m4/dev_ablations_v12_002/raw/sbm_k8_r0_rep2_q01_diffusion-TL-star.json.gz,3b03bb8c30a5be5e66339414c7792e1ce6eb24f15b0d0ce413fb4297ca15021c,1.0,26,COMPLETED,sbm_k8_r0_rep2_q01_diffusion-TL-star,1.4357311320754718,12175,diffusion-TL-star,8480,1.417053083423525
0.6068965517241379,0.7930884607547034,25095235/31642416,sbm_k8_r0_rep2,True,1,2762,1.0,0.8111290829256177,0.7377136752136753,0.9777777777777777,1,results/m4/dev_ablations_v12_002/raw/sbm_k8_r0_rep2_q01_no-refinement.json.gz,7e7ced1896e41e4055439f5ba6f3f2bf2e3c7a4b85e02aff963d85e8e8816eed,0.44,26,COMPLETED,sbm_k8_r0_rep2_q01_no-refinement,3.251869658119658,12175,no-refinement,3744,0.8111290829256177
1.0,0.5291951077122627,2370421/4479295,sbm_k8_r0_rep2,True,1,3424,1.0,0.8557827919721603,0.4037735849056604,1.0,1,results/m4/dev_ablations_v12_002/raw/sbm_k8_r0_rep2_q01_hull-best.json.gz,e0171033f05ce09250e09daec6b72cd4d4ceb2f08437424527af8405a3c21933,1.0,26,COMPLETED,sbm_k8_r0_rep2_q01_hull-best,1.4357311320754718,12175,hull-best,8480,0.8557827919721603
1.0,0.5291951077122627,2370421/4479295,sbm_k8_r0_rep2,True,1,3424,1.0,0.8483048747293651,0.4037735849056604,1.0,1,results/m4/dev_ablations_v12_002/raw/sbm_k8_r0_rep2_q01_conductance-sweep.json.gz,a29d88672a5bd4cc6d0c3708964789f8ae4c82506235a613655b445b7a1fed2b,1.0,26,COMPLETED,sbm_k8_r0_rep2_q01_conductance-sweep,1.4357311320754718,12175,conductance-sweep,8480,0.8483048747293651
1.0,0.45513596031441655,17416777/38267196,sbm_k8_r1_rep0,True,1,1448,1.0,0.31433045817539096,0.3271577044735653,1.0,0,results/m4/dev_ablations_v12_002/raw/sbm_k8_r1_rep0_q00_R-cap-0.25.json.gz,5f2c8d4620b05032cd9125b41dd12fcad7d313af46a3c26d17783003c6fd3748,1.0,38,COMPLETED,sbm_k8_r1_rep0_q00_R-cap-0.25,4.730682331676458,20938,R-cap-0.25,4426,0.31433045817539096
1.0,0.45513596031441655,17416777/38267196,sbm_k8_r1_rep0,True,1,1448,1.0,0.3936425419524312,0.3271577044735653,1.0,0,results/m4/dev_ablations_v12_002/raw/sbm_k8_r1_rep0_q00_R-cap-0.5.json.gz,df7e8cc4fad833d7c9d9d984fd336ea782359214b13e3b4da4b7c409ed8f70b4,1.0,38,COMPLETED,sbm_k8_r1_rep0_q00_R-cap-0.5,4.730682331676458,20938,R-cap-0.5,4426,0.3936425419524312
1.0,0.45513596031441655,17416777/38267196,sbm_k8_r1_rep0,True,1,1448,1.0,0.634148791898042,0.3271577044735653,1.0,0,results/m4/dev_ablations_v12_002/raw/sbm_k8_r1_rep0_q00_R-cap-1.json.gz,d26cf24dba8c6f605642cb511e21d04152658d152fb0e491d7f578be58932dd6,1.0,38,COMPLETED,sbm_k8_r1_rep0_q00_R-cap-1,4.730682331676458,20938,R-cap-1,4426,0.634148791898042
1.0,0.45513596031441655,17416777/38267196,sbm_k8_r1_rep0,True,1,1448,1.0,0.3308812500908971,0.3271577044735653,1.0,0,results/m4/dev_ablations_v12_002/raw/sbm_k8_r1_rep0_q00_supp-jstar.json.gz,85c875e82be6f753a538809c8bc49c517c9d0325043b8cb8c3d9864b194b1979,1.0,38,COMPLETED,sbm_k8_r1_rep0_q00_supp-jstar,4.730682331676458,20938,supp-jstar,4426,0.3308812500908971
1.0,0.45513596031441655,17416777/38267196,sbm_k8_r1_rep0,True,1,1448,0.2222222222222222,1.471142292022705,0.3271577044735653,1.0,0,results/m4/dev_ablations_v12_002/raw/sbm_k8_r1_rep0_q00_supp-jstar+2.json.gz,5d2ba4d22df8821f61ecd37ad8744cfea9328c5bd3ecb313244910e63e5dce3b,1.0,38,COMPLETED,sbm_k8_r1_rep0_q00_supp-jstar+2,7.813827383642114,34584,supp-jstar+2,4426,1.471142292022705
1.0,0.45513596031441655,17416777/38267196,sbm_k8_r1_rep0,True,1,1448,0.2222222222222222,0.31279941694810987,0.3271577044735653,1.0,0,results/m4/dev_ablations_v12_002/raw/sbm_k8_r1_rep0_q00_full.json.gz,ac8b2181c36ff038d58e3819dfc61af536687f2ec97ee918d77815021b3a6cb4,1.0,38,COMPLETED,sbm_k8_r1_rep0_q00_full,7.813827383642114,34584,full,4426,0.31279941694810987
1.0,0.45513596031441655,17416777/38267196,sbm_k8_r1_rep0,True,1,1448,0.5571030640668524,0.5605311254039407,0.3271577044735653,1.0,0,results/m4/dev_ablations_v12_002/raw/sbm_k8_r1_rep0_q00_patience-2.json.gz,513c46b9c51c534030bb668ac0cfac0d98fd5f63415e41ee4e36b7c5cce566d7,1.0,38,COMPLETED,sbm_k8_r1_rep0_q00_patience-2,4.730682331676458,20938,patience-2,4426,0.5605311254039407
1.0,0.45513596031441655,17416777/38267196,sbm_k8_r1_rep0,True,1,1448,1.0,0.5518226251006126,0.3271577044735653,1.0,0,results/m4/dev_ablations_v12_002/raw/sbm_k8_r1_rep0_q00_ZR-mact.json.gz,58089456a97fceed11c4b89f48bbedeadbed92e72203d3b4cbd1e2a62babcd67,1.0,38,COMPLETED,sbm_k8_r1_rep0_q00_ZR-mact,2.04405784003615,9047,ZR-mact,4426,0.5518226251006126
1.0,0.45513596031441655,17416777/38267196,sbm_k8_r1_rep0,True,1,1448,1.0,0.5303699998185039,0.3271577044735653,1.0,0,results/m4/dev_ablations_v12_002/raw/sbm_k8_r1_rep0_q00_sqrt2-grid.json.gz,0ba76fdca457fdd582d2e21c496bd8f5efe559ee5b3f6d4cd8f9788412976ecd,1.0,38,COMPLETED,sbm_k8_r1_rep0_q00_sqrt2-grid,2.04405784003615,9047,sqrt2-grid,4426,0.5303699998185039
1.0,0.45513596031441655,17416777/38267196,sbm_k8_r1_rep0,True,1,1448,1.0,0.3872687080875039,0.3271577044735653,1.0,0,results/m4/dev_ablations_v12_002/raw/sbm_k8_r1_rep0_q00_fixed-grid.json.gz,b02ab7eae2de35690a08e52e5d5173266cc17bacd4e7590ae762344e3784e18f,1.0,38,COMPLETED,sbm_k8_r1_rep0_q00_fixed-grid,1.6760054225033891,7418,fixed-grid,4426,0.3872687080875039
1.0,0.45513596031441655,17416777/38267196,sbm_k8_r1_rep0,True,1,1448,0.5571030640668524,0.5808592922985554,0.3271577044735653,1.0,0,results/m4/dev_ablations_v12_002/raw/sbm_k8_r1_rep0_q00_ZR-budgetM.json.gz,9300309b00758934953ae8254b0f09c959831bb628acd5a75ae3ab27ddaa52aa,1.0,38,COMPLETED,sbm_k8_r1_rep0_q00_ZR-budgetM,4.730682331676458,20938,ZR-budgetM,4426,0.5808592922985554
1.0,0.45513596031441655,17416777/38267196,sbm_k8_r1_rep0,True,1,1448,0.5571030640668524,0.56430449988693,0.3271577044735653,1.0,0,results/m4/dev_ablations_v12_002/raw/sbm_k8_r1_rep0_q00_ordering-bfs.json.gz,42733d4ad6d494ed5028d5147e3740c0e48fb61220e88b74fcdd19b82838445f,1.0,38,COMPLETED,sbm_k8_r1_rep0_q00_ordering-bfs,4.730682331676458,20938,ordering-bfs,4426,0.56430449988693
1.0,0.45513596031441655,17416777/38267196,sbm_k8_r1_rep0,True,1,1448,0.5571030640668524,0.578475917223841,0.3271577044735653,1.0,0,results/m4/dev_ablations_v12_002/raw/sbm_k8_r1_rep0_q00_ordering-random.json.gz,ae60cbf5d98efe316993e65074a1182ae98067ace22d5764e4f4c52ba6e7a74b,1.0,38,COMPLETED,sbm_k8_r1_rep0_q00_ordering-random,4.730682331676458,20938,ordering-random,4426,0.578475917223841
1.0,0.45513596031441655,17416777/38267196,sbm_k8_r1_rep0,True,1,1448,0.5571030640668524,0.748564874753356,0.3271577044735653,1.0,0,results/m4/dev_ablations_v12_002/raw/sbm_k8_r1_rep0_q00_multi-start.json.gz,67e57b0773cae949513702092030cd44d890d6c74d52ca4b1e58fc277f238403,1.0,38,COMPLETED,sbm_k8_r1_rep0_q00_multi-start,4.730682331676458,20938,multi-start,4426,0.748564874753356
1.0,0.45513596031441655,17416777/38267196,sbm_k8_r1_rep0,True,1,1448,0.5571030640668524,1.1349534173496068,0.3271577044735653,1.0,0,results/m4/dev_ablations_v12_002/raw/sbm_k8_r1_rep0_q00_diffusion-TL-star.json.gz,7f3f2d12cf0bd6ba3909d2529dae98aee9373229ebc63b0ac32855784a491019,1.0,38,COMPLETED,sbm_k8_r1_rep0_q00_diffusion-TL-star,4.730682331676458,20938,diffusion-TL-star,4426,1.1349534173496068
0.9433962264150944,0.524930016317902,22429489/42728532,sbm_k8_r1_rep0,True,1,1888,0.5571030640668524,0.505586083047092,0.3820315661675435,0.8928571428571429,0,results/m4/dev_ablations_v12_002/raw/sbm_k8_r1_rep0_q00_no-refinement.json.gz,c05588a073a1631309ca4c9168ef80484c9e780845ec8221f3f2ca591f70e7af,1.0,38,COMPLETED,sbm_k8_r1_rep0_q00_no-refinement,4.236746256576285,20938,no-refinement,4942,0.505586083047092
0.5571030640668524,0.6425230586694569,249430921/388205400,sbm_k8_r1_rep0,True,1,3569,0.5571030640668524,0.5896055842749774,0.3179510022271715,0.3861003861003861,0,results/m4/dev_ablations_v12_002/raw/sbm_k8_r1_rep0_q00_hull-best.json.gz,1830b57f098238a3fb3cb7446d2f25f968c2d5b10623760c4c9f7f1379cb8ff9,1.0,38,COMPLETED,sbm_k8_r1_rep0_q00_hull-best,1.8653006681514477,20938,hull-best,11225,0.5896055842749774
1.0,0.45513596031441655,17416777/38267196,sbm_k8_r1_rep0,True,1,1448,0.5571030640668524,0.5657906667329371,0.3271577044735653,1.0,0,results/m4/dev_ablations_v12_002/raw/sbm_k8_r1_rep0_q00_conductance-sweep.json.gz,47ae3544ea4cf224209a0ce90ac471bba61efd78c069fe45be81280f066ab3e3,1.0,38,COMPLETED,sbm_k8_r1_rep0_q00_conductance-sweep,4.730682331676458,20938,conductance-sweep,4426,0.5657906667329371
1.0,0.45513596031441655,17416777/38267196,sbm_k8_r1_rep0,True,1,1448,1.0,0.4359670002013445,0.3271577044735653,1.0,1,results/m4/dev_ablations_v12_002/raw/sbm_k8_r1_rep0_q01_R-cap-0.25.json.gz,82cb2ae840c2a88a723c72c73953c9de1044852c0248cec5871af568fe934bb1,1.0,21,COMPLETED,sbm_k8_r1_rep0_q01_R-cap-0.25,4.273384545865341,18914,R-cap-0.25,4426,0.4359670002013445
1.0,0.45513596031441655,17416777/38267196,sbm_k8_r1_rep0,True,1,1448,1.0,0.34645575005561113,0.3271577044735653,1.0,1,results/m4/dev_ablations_v12_002/raw/sbm_k8_r1_rep0_q01_R-cap-0.5.json.gz,c5e06e7c385a9b641c35a6a5989a8a724fe1ad8fb7c2fa389464723a92760660,1.0,21,COMPLETED,sbm_k8_r1_rep0_q01_R-cap-0.5,4.273384545865341,18914,R-cap-0.5,4426,0.34645575005561113
1.0,0.45513596031441655,17416777/38267196,sbm_k8_r1_rep0,True,1,1448,1.0,0.5052037918940187,0.3271577044735653,1.0,1,results/m4/dev_ablations_v12_002/raw/sbm_k8_r1_rep0_q01_R-cap-1.json.gz,2db9c13ca4baa159f986af0271afc0438ad9b6f3face4b0779f83f569d9b6af6,1.0,21,COMPLETED,sbm_k8_r1_rep0_q01_R-cap-1,4.273384545865341,18914,R-cap-1,4426,0.5052037918940187
1.0,0.45513596031441655,17416777/38267196,sbm_k8_r1_rep0,True,1,1448,1.0,0.26278699981048703,0.3271577044735653,1.0,1,results/m4/dev_ablations_v12_002/raw/sbm_k8_r1_rep0_q01_supp-jstar.json.gz,741edf3e56ab71d46a57f6ee6ed4824880256808697030a48131a8eda08be059,1.0,21,COMPLETED,sbm_k8_r1_rep0_q01_supp-jstar,4.273384545865341,18914,supp-jstar,4426,0.26278699981048703
1.0,0.45513596031441655,17416777/38267196,sbm_k8_r1_rep0,True,1,1448,0.2222222222222222,1.470371334347874,0.3271577044735653,1.0,1,results/m4/dev_ablations_v12_002/raw/sbm_k8_r1_rep0_q01_supp-jstar+2.json.gz,a2f048ee796cae3b5b734781eba80d81d6c9e25085b12f053c76a6c2f029198c,1.0,21,COMPLETED,sbm_k8_r1_rep0_q01_supp-jstar+2,7.813827383642114,34584,supp-jstar+2,4426,1.470371334347874
1.0,0.45513596031441655,17416777/38267196,sbm_k8_r1_rep0,True,1,1448,0.2222222222222222,0.3142749578692019,0.3271577044735653,1.0,1,results/m4/dev_ablations_v12_002/raw/sbm_k8_r1_rep0_q01_full.json.gz,796b8ccd1056637afc977bf752488cde1e9880266fbdede5d90d413b860317a8,1.0,21,COMPLETED,sbm_k8_r1_rep0_q01_full,7.813827383642114,34584,full,4426,0.3142749578692019
1.0,0.45513596031441655,17416777/38267196,sbm_k8_r1_rep0,True,1,1448,1.0,0.8991138329729438,0.3271577044735653,1.0,1,results/m4/dev_ablations_v12_002/raw/sbm_k8_r1_rep0_q01_patience-2.json.gz,88aa106cff060a7e68cd773fa4fcb50c7840becae18c42bd43d9a1f74051a3a2,1.0,21,COMPLETED,sbm_k8_r1_rep0_q01_patience-2,4.273384545865341,18914,patience-2,4426,0.8991138329729438
1.0,0.45513596031441655,17416777/38267196,sbm_k8_r1_rep0,True,1,1448,1.0,0.4613162907771766,0.3271577044735653,1.0,1,results/m4/dev_ablations_v12_002/raw/sbm_k8_r1_rep0_q01_ZR-mact.json.gz,516ce02f3101e76ad78326bb0be0b5b911aee243c64e7312ed3a51632401670e,1.0,21,COMPLETED,sbm_k8_r1_rep0_q01_ZR-mact,1.7939448712155446,7940,ZR-mact,4426,0.4613162907771766
1.0,0.45513596031441655,17416777/38267196,sbm_k8_r1_rep0,True,1,1448,1.0,0.4041115832515061,0.3271577044735653,1.0,1,results/m4/dev_ablations_v12_002/raw/sbm_k8_r1_rep0_q01_sqrt2-grid.json.gz,f4d56c240e919460e22c0b5b036174c324a7e41fdb77687c3908bd25fbac8042,1.0,21,COMPLETED,sbm_k8_r1_rep0_q01_sqrt2-grid,1.8813827383642114,8327,sqrt2-grid,4426,0.4041115832515061
1.0,0.45513596031441655,17416777/38267196,sbm_k8_r1_rep0,True,1,1448,1.0,0.36027133418247104,0.3271577044735653,1.0,1,results/m4/dev_ablations_v12_002/raw/sbm_k8_r1_rep0_q01_fixed-grid.json.gz,41e781bc346cd3ecd6b1a299676beb8fdd2b9ee0383738c08bbbab12972243c2,1.0,21,COMPLETED,sbm_k8_r1_rep0_q01_fixed-grid,1.7650248531405333,7812,fixed-grid,4426,0.36027133418247104
1.0,0.45513596031441655,17416777/38267196,sbm_k8_r1_rep0,True,1,1448,1.0,0.9255751660093665,0.3271577044735653,1.0,1,results/m4/dev_ablations_v12_002/raw/sbm_k8_r1_rep0_q01_ZR-budgetM.json.gz,abaee2f9b47ee48630665a9c4d27686b1d1d836e63b9388d742435f05e67d905,1.0,21,COMPLETED,sbm_k8_r1_rep0_q01_ZR-budgetM,4.273384545865341,18914,ZR-budgetM,4426,0.9255751660093665
1.0,0.45513596031441655,17416777/38267196,sbm_k8_r1_rep0,True,1,1448,1.0,0.8974615829065442,0.3271577044735653,1.0,1,results/m4/dev_ablations_v12_002/raw/sbm_k8_r1_rep0_q01_ordering-bfs.json.gz,6446172f2b8d2c7283d3698b612b557a41dac9659604ceaf58ce723f7d808329,1.0,21,COMPLETED,sbm_k8_r1_rep0_q01_ordering-bfs,4.273384545865341,18914,ordering-bfs,4426,0.8974615829065442
1.0,0.45513596031441655,17416777/38267196,sbm_k8_r1_rep0,True,1,1448,1.0,0.9091032920405269,0.3271577044735653,1.0,1,results/m4/dev_ablations_v12_002/raw/sbm_k8_r1_rep0_q01_ordering-random.json.gz,bf90a534d988959779d2526eebf927c11458d6904f4bca2bec825b5d7fd580c6,1.0,21,COMPLETED,sbm_k8_r1_rep0_q01_ordering-random,4.273384545865341,18914,ordering-random,4426,0.9091032920405269
1.0,0.45513596031441655,17416777/38267196,sbm_k8_r1_rep0,True,1,1448,1.0,1.0496127079240978,0.3271577044735653,1.0,1,results/m4/dev_ablations_v12_002/raw/sbm_k8_r1_rep0_q01_multi-start.json.gz,8f983cbae4488c4478f2efdfa8c3b87a9545adac45fb01660cfb122a66179f9e,1.0,21,COMPLETED,sbm_k8_r1_rep0_q01_multi-start,4.273384545865341,18914,multi-start,4426,1.0496127079240978
1.0,0.45513596031441655,17416777/38267196,sbm_k8_r1_rep0,True,1,1448,1.0,1.4477019580081105,0.3271577044735653,1.0,1,results/m4/dev_ablations_v12_002/raw/sbm_k8_r1_rep0_q01_diffusion-TL-star.json.gz,c0a9becb6181827ab2e1cf01e317da08d010f66be2bf1980ac0bc0c980a9ece8,1.0,21,COMPLETED,sbm_k8_r1_rep0_q01_diffusion-TL-star,4.273384545865341,18914,diffusion-TL-star,4426,1.4477019580081105
0.9569377990430622,0.5081837692893365,2638451/5191923,sbm_k8_r1_rep0,True,1,1774,1.0,0.835206083022058,0.36927560366361367,0.9174311926605505,1,results/m4/dev_ablations_v12_002/raw/sbm_k8_r1_rep0_q01_no-refinement.json.gz,054a62a618baa9fb7b69de8315f490fe3ab1d4d9d8309e425fd2de2442d26da5,1.0,21,COMPLETED,sbm_k8_r1_rep0_q01_no-refinement,3.937135720233139,18914,no-refinement,4804,0.835206083022058
1.0,0.45513596031441655,17416777/38267196,sbm_k8_r1_rep0,True,1,1448,1.0,0.9119248338975012,0.3271577044735653,1.0,1,results/m4/dev_ablations_v12_002/raw/sbm_k8_r1_rep0_q01_hull-best.json.gz,ccff5b593bc0a4dab93e068cdcda61c7f41e25079e5c9ca8f0b66dbad0ba5407,1.0,21,COMPLETED,sbm_k8_r1_rep0_q01_hull-best,4.273384545865341,18914,hull-best,4426,0.9119248338975012
1.0,0.45513596031441655,17416777/38267196,sbm_k8_r1_rep0,True,1,1448,1.0,0.9189964579418302,0.3271577044735653,1.0,1,results/m4/dev_ablations_v12_002/raw/sbm_k8_r1_rep0_q01_conductance-sweep.json.gz,4f7b18c45a2f000af2f3833cd2ca49e8221461d844349e0a5020c742237385b2,1.0,21,COMPLETED,sbm_k8_r1_rep0_q01_conductance-sweep,4.273384545865341,18914,conductance-sweep,4426,0.9189964579418302
1.0,0.4420380976631889,8363897/18921213,sbm_k8_r1_rep1,True,1,1380,1.0,0.3780044997110963,0.3162236480293309,1.0,0,results/m4/dev_ablations_v12_002/raw/sbm_k8_r1_rep1_q00_R-cap-0.25.json.gz,cc27cf82012036980822dfb42b99bb95c1b218e9645f86988c4bed92ca194f7b,1.0,5,COMPLETED,sbm_k8_r1_rep1_q00_R-cap-0.25,6.92186067827681,30207,R-cap-0.25,4364,0.3780044997110963
1.0,0.4420380976631889,8363897/18921213,sbm_k8_r1_rep1,True,1,1380,1.0,0.4893863331526518,0.3162236480293309,1.0,0,results/m4/dev_ablations_v12_002/raw/sbm_k8_r1_rep1_q00_R-cap-0.5.json.gz,be2ee3f47b824d0abf2387e6ed28794883e1bda8b866883cc58e1c3740d22206,1.0,5,COMPLETED,sbm_k8_r1_rep1_q00_R-cap-0.5,6.92186067827681,30207,R-cap-0.5,4364,0.4893863331526518
1.0,0.4420380976631889,8363897/18921213,sbm_k8_r1_rep1,True,1,1380,1.0,0.6575187081471086,0.3162236480293309,1.0,0,results/m4/dev_ablations_v12_002/raw/sbm_k8_r1_rep1_q00_R-cap-1.json.gz,c537006a6135d0420a6fc0fdf3564f49af0d57a628fb6261aeac534fcdac554d,1.0,5,COMPLETED,sbm_k8_r1_rep1_q00_R-cap-1,6.92186067827681,30207,R-cap-1,4364,0.6575187081471086
1.0,0.4420380976631889,8363897/18921213,sbm_k8_r1_rep1,True,1,1380,1.0,0.4295297502540052,0.3162236480293309,1.0,0,results/m4/dev_ablations_v12_002/raw/sbm_k8_r1_rep1_q00_supp-jstar.json.gz,f4fe6f2dbd00049501c9ba4fb193d5035fff2f96a95dbc473f0d56a2b19b98d7,1.0,5,COMPLETED,sbm_k8_r1_rep1_q00_supp-jstar,6.92186067827681,30207,supp-jstar,4364,0.4295297502540052
1.0,0.4420380976631889,8363897/18921213,sbm_k8_r1_rep1,True,1,1380,0.2222222222222222,1.4865672090090811,0.3162236480293309,1.0,0,results/m4/dev_ablations_v12_002/raw/sbm_k8_r1_rep1_q00_supp-jstar+2.json.gz,3155c2074a0144074cb99b4e1a50ab68e9f7b7b56422d0dbcb009ed8ab42a642,1.0,5,COMPLETED,sbm_k8_r1_rep1_q00_supp-jstar+2,7.948212648945921,34686,supp-jstar+2,4364,1.4865672090090811
1.0,0.4420380976631889,8363897/18921213,sbm_k8_r1_rep1,True,1,1380,0.2222222222222222,0.37158395908772945,0.3162236480293309,1.0,0,results/m4/dev_ablations_v12_002/raw/sbm_k8_r1_rep1_q00_full.json.gz,f424f6411e24569e422b28c8d86662879c17e3b1f59ab54cb120da2c2fdf0220,1.0,5,COMPLETED,sbm_k8_r1_rep1_q00_full,7.948212648945921,34686,full,4364,0.37158395908772945
1.0,0.4420380976631889,8363897/18921213,sbm_k8_r1_rep1,True,1,1380,0.25157232704402516,0.27665533404797316,0.3162236480293309,1.0,0,results/m4/dev_ablations_v12_002/raw/sbm_k8_r1_rep1_q00_patience-2.json.gz,8d951685767d0713c5273f40a57e37b8128c6095387933f8fc0dfffaf37d7ff7,1.0,5,COMPLETED,sbm_k8_r1_rep1_q00_patience-2,6.92186067827681,30207,patience-2,4364,0.27665533404797316
1.0,0.4420380976631889,8363897/18921213,sbm_k8_r1_rep1,True,1,1380,1.0,0.4657917497679591,0.3162236480293309,1.0,0,results/m4/dev_ablations_v12_002/raw/sbm_k8_r1_rep1_q00_ZR-mact.json.gz,9152ea2d98fda8631e5667834f8c798a1880c21b5f1c1b391e4cd1a272c780cb,1.0,5,COMPLETED,sbm_k8_r1_rep1_q00_ZR-mact,2.082493125572869,9088,ZR-mact,4364,0.4657917497679591
1.0,0.4420380976631889,8363897/18921213,sbm_k8_r1_rep1,True,1,1380,1.0,0.4154033325612545,0.3162236480293309,1.0,0,results/m4/dev_ablations_v12_002/raw/sbm_k8_r1_rep1_q00_sqrt2-grid.json.gz,b2e8bde5890ac8556fecb316fcaaf4bb8c369ca5bc785557931eef03a9ef13f0,1.0,5,COMPLETED,sbm_k8_r1_rep1_q00_sqrt2-grid,1.3810724106324472,6027,sqrt2-grid,4364,0.4154033325612545
1.0,0.4420380976631889,8363897/18921213,sbm_k8_r1_rep1,True,1,1380,1.0,0.5237832078710198,0.3162236480293309,1.0,0,results/m4/dev_ablations_v12_002/raw/sbm_k8_r1_rep1_q00_fixed-grid.json.gz,f225608f66592360d64ebdcc6a1b0b3ae77bdcdddb84214e13a0cead391b2683,1.0,5,COMPLETED,sbm_k8_r1_rep1_q00_fixed-grid,1.6743813015582034,7307,fixed-grid,4364,0.5237832078710198
1.0,0.4420380976631889,8363897/18921213,sbm_k8_r1_rep1,True,1,1380,0.25157232704402516,0.2768563749268651,0.3162236480293309,1.0,0,results/m4/dev_ablations_v12_002/raw/sbm_k8_r1_rep1_q00_ZR-budgetM.json.gz,da2230322be0fc65414fc387617e6ad6a0f8fc3f2bed29786023d732998a8592,1.0,5,COMPLETED,sbm_k8_r1_rep1_q00_ZR-budgetM,6.92186067827681,30207,ZR-budgetM,4364,0.2768563749268651
1.0,0.4420380976631889,8363897/18921213,sbm_k8_r1_rep1,True,1,1380,0.25157232704402516,0.29698633402585983,0.3162236480293309,1.0,0,results/m4/dev_ablations_v12_002/raw/sbm_k8_r1_rep1_q00_ordering-bfs.json.gz,8d1241e6afb49092a4eb700c6ded34210607e3157f1911cc9203d4548986c307,1.0,5,COMPLETED,sbm_k8_r1_rep1_q00_ordering-bfs,6.92186067827681,30207,ordering-bfs,4364,0.29698633402585983
1.0,0.4420380976631889,8363897/18921213,sbm_k8_r1_rep1,True,1,1380,0.25157232704402516,0.2892669579014182,0.3162236480293309,1.0,0,results/m4/dev_ablations_v12_002/raw/sbm_k8_r1_rep1_q00_ordering-random.json.gz,43b9d928bea6e216765b35298f78c00c4398287d18841e4f2a4ede5978079a89,1.0,5,COMPLETED,sbm_k8_r1_rep1_q00_ordering-random,6.92186067827681,30207,ordering-random,4364,0.2892669579014182
1.0,0.4420380976631889,8363897/18921213,sbm_k8_r1_rep1,True,1,1380,0.25157232704402516,0.6286917086690664,0.3162236480293309,1.0,0,results/m4/dev_ablations_v12_002/raw/sbm_k8_r1_rep1_q00_multi-start.json.gz,8f9a8187dd6ccf883648fc9ef7934bc8734fbf1f2a48ffdf06741961358bce38,1.0,5,COMPLETED,sbm_k8_r1_rep1_q00_multi-start,6.92186067827681,30207,multi-start,4364,0.6286917086690664
1.0,0.4420380976631889,8363897/18921213,sbm_k8_r1_rep1,True,1,1380,0.25157232704402516,0.9967958340421319,0.3162236480293309,1.0,0,results/m4/dev_ablations_v12_002/raw/sbm_k8_r1_rep1_q00_diffusion-TL-star.json.gz,591afd76c87b28f058e1892753be7e0f1f5f570eed46f588cae2c5790b35807e,1.0,5,COMPLETED,sbm_k8_r1_rep1_q00_diffusion-TL-star,6.92186067827681,30207,diffusion-TL-star,4364,0.9967958340421319
0.9523809523809523,0.5059261144187658,9400175/18580134,sbm_k8_r1_rep1,True,1,1769,0.25157232704402516,0.16650191694498062,0.3669363202655051,0.9090909090909091,0,results/m4/dev_ablations_v12_002/raw/sbm_k8_r1_rep1_q00_no-refinement.json.gz,842ec39922cd52b4a8b0959ec96a69c7edb1cc80411ebd76d1781e54d7cd2e25,1.0,5,COMPLETED,sbm_k8_r1_rep1_q00_no-refinement,6.265712507778469,30207,no-refinement,4821,0.16650191694498062
0.25157232704402516,0.9890877233544175,38382465/38805926,sbm_k8_r1_rep1,True,1,3571,0.25157232704402516,0.3152426667511463,0.7972761777182407,0.14388489208633093,0,results/m4/dev_ablations_v12_002/raw/sbm_k8_r1_rep1_q00_hull-best.json.gz,0a098273ed8679a9e4ce9c9dc98e17d180a84f7b5e7fd1271334b17b16aa4ca3,1.0,5,COMPLETED,sbm_k8_r1_rep1_q00_hull-best,1.0,30207,hull-best,30207,0.3152426667511463
1.0,0.4420380976631889,8363897/18921213,sbm_k8_r1_rep1,True,1,1380,0.25157232704402516,0.2929852092638612,0.3162236480293309,1.0,0,results/m4/dev_ablations_v12_002/raw/sbm_k8_r1_rep1_q00_conductance-sweep.json.gz,b758b67d1f74247e16b9b9e2760de4f54d9789c645a9fe6debadce8c89430364,1.0,5,COMPLETED,sbm_k8_r1_rep1_q00_conductance-sweep,6.92186067827681,30207,conductance-sweep,4364,0.2929852092638612
1.0,0.4420380976631889,8363897/18921213,sbm_k8_r1_rep1,True,1,1380,1.0,0.3988888328894973,0.3162236480293309,1.0,1,results/m4/dev_ablations_v12_002/raw/sbm_k8_r1_rep1_q01_R-cap-0.25.json.gz,0204c72102fb077a34f0a2f8a93e7f70f72d3228382dbb1f80ca18685cf6eecc,1.0,18,COMPLETED,sbm_k8_r1_rep1_q01_R-cap-0.25,6.146883593033913,26825,R-cap-0.25,4364,0.3988888328894973
1.0,0.4420380976631889,8363897/18921213,sbm_k8_r1_rep1,True,1,1380,1.0,0.486261916346848,0.3162236480293309,1.0,1,results/m4/dev_ablations_v12_002/raw/sbm_k8_r1_rep1_q01_R-cap-0.5.json.gz,30a9356de4eded88b873791a9cb1bf41415e72c3875440180d09072fc8f43011,1.0,18,COMPLETED,sbm_k8_r1_rep1_q01_R-cap-0.5,6.146883593033913,26825,R-cap-0.5,4364,0.486261916346848
1.0,0.4420380976631889,8363897/18921213,sbm_k8_r1_rep1,True,1,1380,1.0,0.42300533317029476,0.3162236480293309,1.0,1,results/m4/dev_ablations_v12_002/raw/sbm_k8_r1_rep1_q01_R-cap-1.json.gz,0755af13606839af5fd48553c1e711995f1ad1e9290c6565032b130b28ef3e3b,1.0,18,COMPLETED,sbm_k8_r1_rep1_q01_R-cap-1,6.146883593033913,26825,R-cap-1,4364,0.42300533317029476
1.0,0.4420380976631889,8363897/18921213,sbm_k8_r1_rep1,True,1,1380,1.0,0.34498808393254876,0.3162236480293309,1.0,1,results/m4/dev_ablations_v12_002/raw/sbm_k8_r1_rep1_q01_supp-jstar.json.gz,82b4d76b4fb3233940b84f18f71f72d604be3a3955c57056ec0135cd2df8b793,1.0,18,COMPLETED,sbm_k8_r1_rep1_q01_supp-jstar,6.146883593033913,26825,supp-jstar,4364,0.34498808393254876
1.0,0.4420380976631889,8363897/18921213,sbm_k8_r1_rep1,True,1,1380,0.2222222222222222,1.4722916670143604,0.3162236480293309,1.0,1,results/m4/dev_ablations_v12_002/raw/sbm_k8_r1_rep1_q01_supp-jstar+2.json.gz,27649faec97f9a5c096cbc023f76e97a6022559925ee20887ca26720cecd8143,1.0,18,COMPLETED,sbm_k8_r1_rep1_q01_supp-jstar+2,7.948212648945921,34686,supp-jstar+2,4364,1.4722916670143604
1.0,0.4420380976631889,8363897/18921213,sbm_k8_r1_rep1,True,1,1380,0.2222222222222222,0.3372816666960716,0.3162236480293309,1.0,1,results/m4/dev_ablations_v12_002/raw/sbm_k8_r1_rep1_q01_full.json.gz,66567e55ceface8100e6d968b1757eadb749bbfca8cb9ae1803f531166b085b6,1.0,18,COMPLETED,sbm_k8_r1_rep1_q01_full,7.948212648945921,34686,full,4364,0.3372816666960716
1.0,0.4420380976631889,8363897/18921213,sbm_k8_r1_rep1,True,1,1380,0.2801120448179272,0.2565976670011878,0.3162236480293309,1.0,1,results/m4/dev_ablations_v12_002/raw/sbm_k8_r1_rep1_q01_patience-2.json.gz,406c4644fe49537b0f339f909a6939d86d15fd13d0d10b3e3eeaacd5d94c88a5,1.0,18,COMPLETED,sbm_k8_r1_rep1_q01_patience-2,6.146883593033913,26825,patience-2,4364,0.2565976670011878
1.0,0.4420380976631889,8363897/18921213,sbm_k8_r1_rep1,True,1,1380,1.0,0.4793214579112828,0.3162236480293309,1.0,1,results/m4/dev_ablations_v12_002/raw/sbm_k8_r1_rep1_q01_ZR-mact.json.gz,8b92e6883f9788d02f119237da9cd8d8ce314ad64f7d7db3b1b0848c82bb0fa4,1.0,18,COMPLETED,sbm_k8_r1_rep1_q01_ZR-mact,1.9564619615032082,8538,ZR-mact,4364,0.4793214579112828
1.0,0.4420380976631889,8363897/18921213,sbm_k8_r1_rep1,True,1,1380,1.0,0.3248534593731165,0.3162236480293309,1.0,1,results/m4/dev_ablations_v12_002/raw/sbm_k8_r1_rep1_q01_sqrt2-grid.json.gz,c8e2b686f8a18eebb84450a74e1a855521724f6c1a7e76bc26996073bc01c6a0,1.0,18,COMPLETED,sbm_k8_r1_rep1_q01_sqrt2-grid,1.3010999083409716,5678,sqrt2-grid,4364,0.3248534593731165
1.0,0.4420380976631889,8363897/18921213,sbm_k8_r1_rep1,True,1,1380,1.0,0.5040925834327936,0.3162236480293309,1.0,1,results/m4/dev_ablations_v12_002/raw/sbm_k8_r1_rep1_q01_fixed-grid.json.gz,00add1075640687d3010ce35a8eb11420c5ae62be27a8b599470b902d1588128,1.0,18,COMPLETED,sbm_k8_r1_rep1_q01_fixed-grid,1.722960586617782,7519,fixed-grid,4364,0.5040925834327936
1.0,0.4420380976631889,8363897/18921213,sbm_k8_r1_rep1,True,1,1380,0.2801120448179272,0.24855262506753206,0.3162236480293309,1.0,1,results/m4/dev_ablations_v12_002/raw/sbm_k8_r1_rep1_q01_ZR-budgetM.json.gz,d1f78f1cd4a202998fcdac362d86e4fa96dc4dcf0eb11982804467ded37c35d3,1.0,18,COMPLETED,sbm_k8_r1_rep1_q01_ZR-budgetM,6.146883593033913,26825,ZR-budgetM,4364,0.24855262506753206
1.0,0.4420380976631889,8363897/18921213,sbm_k8_r1_rep1,True,1,1380,0.2801120448179272,0.2514729592949152,0.3162236480293309,1.0,1,results/m4/dev_ablations_v12_002/raw/sbm_k8_r1_rep1_q01_ordering-bfs.json.gz,81df0076e544965b62127547374544afda98976d59ac76e278b56cbeaad7e547,1.0,18,COMPLETED,sbm_k8_r1_rep1_q01_ordering-bfs,6.146883593033913,26825,ordering-bfs,4364,0.2514729592949152
1.0,0.4420380976631889,8363897/18921213,sbm_k8_r1_rep1,True,1,1380,0.2801120448179272,0.2418663753196597,0.3162236480293309,1.0,1,results/m4/dev_ablations_v12_002/raw/sbm_k8_r1_rep1_q01_ordering-random.json.gz,d4d56eb2095129145537a924d0ee27d1f45a1f0ec74c50127bdf53248dcb5370,1.0,18,COMPLETED,sbm_k8_r1_rep1_q01_ordering-random,6.146883593033913,26825,ordering-random,4364,0.2418663753196597
1.0,0.4420380976631889,8363897/18921213,sbm_k8_r1_rep1,True,1,1380,0.2801120448179272,0.5799985830672085,0.3162236480293309,1.0,1,results/m4/dev_ablations_v12_002/raw/sbm_k8_r1_rep1_q01_multi-start.json.gz,961a665fc88fd210278e34debb2c480358ba09cd84648aad551c968c03af2329,1.0,18,COMPLETED,sbm_k8_r1_rep1_q01_multi-start,6.146883593033913,26825,multi-start,4364,0.5799985830672085
1.0,0.4420380976631889,8363897/18921213,sbm_k8_r1_rep1,True,1,1380,0.2801120448179272,0.9397538332268596,0.3162236480293309,1.0,1,results/m4/dev_ablations_v12_002/raw/sbm_k8_r1_rep1_q01_diffusion-TL-star.json.gz,b0fd190187624de76439f8c91e55ccb0b9c16c6b5a040d23b81441c4ac0b25c4,1.0,18,COMPLETED,sbm_k8_r1_rep1_q01_diffusion-TL-star,6.146883593033913,26825,diffusion-TL-star,4364,0.9397538332268596
0.9569377990430622,0.4994584444452184,20650465/41345712,sbm_k8_r1_rep1,True,1,1726,0.2801120448179272,0.14994349982589483,0.36199664429530204,0.9174311926605505,1,results/m4/dev_ablations_v12_002/raw/sbm_k8_r1_rep1_q01_no-refinement.json.gz,ab1ac1a3a1fb870fd515b93622ccd7418d168454fc66ba83eef58a5a035f28d9,1.0,18,COMPLETED,sbm_k8_r1_rep1_q01_no-refinement,5.626048657718121,26825,no-refinement,4768,0.14994349982589483
0.2801120448179272,0.9710554994269183,903520483/930451950,sbm_k8_r1_rep1,True,1,5303,0.2801120448179272,0.2553792088292539,0.6745961073654752,0.16286644951140064,1,results/m4/dev_ablations_v12_002/raw/sbm_k8_r1_rep1_q01_hull-best.json.gz,356700f5484c1882a5511156e6d32b3318c7a1f4e9af27a8ff37b7272f312ec4,1.0,18,COMPLETED,sbm_k8_r1_rep1_q01_hull-best,1.0,26825,hull-best,26825,0.2553792088292539
1.0,0.4420380976631889,8363897/18921213,sbm_k8_r1_rep1,True,1,1380,0.2801120448179272,0.24716841708868742,0.3162236480293309,1.0,1,results/m4/dev_ablations_v12_002/raw/sbm_k8_r1_rep1_q01_conductance-sweep.json.gz,8407484f151eac39ca69a9b66fedb22716939f864138c4ba5db65cf6ce36a386,1.0,18,COMPLETED,sbm_k8_r1_rep1_q01_conductance-sweep,6.146883593033913,26825,conductance-sweep,4364,0.24716841708868742
1.0,0.43151623949986406,67792173/157102252,sbm_k8_r1_rep2,True,1,1361,1.0,0.4080721247009933,0.3035913450814187,1.0,0,results/m4/dev_ablations_v12_002/raw/sbm_k8_r1_rep2_q00_R-cap-0.25.json.gz,b266bed6f81b2e51876f1a04a1e0b3b076391b90b2bf9ae16ded2ae939bd24ee,1.0,32,COMPLETED,sbm_k8_r1_rep2_q00_R-cap-0.25,4.674771358465313,20957,R-cap-0.25,4483,0.4080721247009933
1.0,0.43151623949986406,67792173/157102252,sbm_k8_r1_rep2,True,1,1361,1.0,0.32712366664782166,0.3035913450814187,1.0,0,results/m4/dev_ablations_v12_002/raw/sbm_k8_r1_rep2_q00_R-cap-0.5.json.gz,f0fa7073effbddd4c9d6214241a3840433ace459d41a687aa0c8d44ef7b8ea18,1.0,32,COMPLETED,sbm_k8_r1_rep2_q00_R-cap-0.5,4.674771358465313,20957,R-cap-0.5,4483,0.32712366664782166
1.0,0.43151623949986406,67792173/157102252,sbm_k8_r1_rep2,True,1,1361,1.0,0.35058941692113876,0.3035913450814187,1.0,0,results/m4/dev_ablations_v12_002/raw/sbm_k8_r1_rep2_q00_R-cap-1.json.gz,3e0ea4618f755441c646ce2559818dc61dc178c3f2fcdc973fc5c83ddd30c796,1.0,32,COMPLETED,sbm_k8_r1_rep2_q00_R-cap-1,4.674771358465313,20957,R-cap-1,4483,0.35058941692113876
1.0,0.43151623949986406,67792173/157102252,sbm_k8_r1_rep2,True,1,1361,1.0,0.2843627496622503,0.3035913450814187,1.0,0,results/m4/dev_ablations_v12_002/raw/sbm_k8_r1_rep2_q00_supp-jstar.json.gz,1677fa3d78e58a52cf5ba48222dd385e2ac1786b20c186ceb4135dfcaa4f1fba,1.0,32,COMPLETED,sbm_k8_r1_rep2_q00_supp-jstar,4.674771358465313,20957,supp-jstar,4483,0.2843627496622503
1.0,0.43151623949986406,67792173/157102252,sbm_k8_r1_rep2,True,1,1361,0.2222222222222222,1.493784749880433,0.3035913450814187,1.0,0,results/m4/dev_ablations_v12_002/raw/sbm_k8_r1_rep2_q00_supp-jstar+2.json.gz,56369426c295c18ec98d83d1ba9e7d54e8b8f9906ddf589d00e0a9e65c0c3008,1.0,32,COMPLETED,sbm_k8_r1_rep2_q00_supp-jstar+2,7.817086772250725,35044,supp-jstar+2,4483,1.493784749880433
1.0,0.43151623949986406,67792173/157102252,sbm_k8_r1_rep2,True,1,1361,0.2222222222222222,0.3327245828695595,0.3035913450814187,1.0,0,results/m4/dev_ablations_v12_002/raw/sbm_k8_r1_rep2_q00_full.json.gz,b5f1c3653d2ead4c4d84065020f65a7fb4ba5f96bc4562608134d10799a544b2,1.0,32,COMPLETED,sbm_k8_r1_rep2_q00_full,7.817086772250725,35044,full,4483,0.3327245828695595
1.0,0.43151623949986406,67792173/157102252,sbm_k8_r1_rep2,True,1,1361,1.0,0.24360029213130474,0.3035913450814187,1.0,0,results/m4/dev_ablations_v12_002/raw/sbm_k8_r1_rep2_q00_patience-2.json.gz,9a4a8ea4a86f37b5a0947a8e0dae26e1caf39a5e5bc6c3ccae4ed597ed65eb7c,1.0,32,COMPLETED,sbm_k8_r1_rep2_q00_patience-2,4.674771358465313,20957,patience-2,4483,0.24360029213130474
1.0,0.43151623949986406,67792173/157102252,sbm_k8_r1_rep2,True,1,1361,1.0,0.3669353751465678,0.3035913450814187,1.0,0,results/m4/dev_ablations_v12_002/raw/sbm_k8_r1_rep2_q00_ZR-mact.json.gz,b39fe1870e49edf36dcf54342933f8c736aa5137c7a595686726951d0d90251a,1.0,32,COMPLETED,sbm_k8_r1_rep2_q00_ZR-mact,2.902743698416239,13013,ZR-mact,4483,0.3669353751465678
1.0,0.43151623949986406,67792173/157102252,sbm_k8_r1_rep2,True,1,1361,1.0,0.2960453750565648,0.3035913450814187,1.0,0,results/m4/dev_ablations_v12_002/raw/sbm_k8_r1_rep2_q00_sqrt2-grid.json.gz,b9ddf0724483a4c92e187d43566af520b6ff000b149ec608ae5913991b23263d,1.0,32,COMPLETED,sbm_k8_r1_rep2_q00_sqrt2-grid,1.1490073611420923,5151,sqrt2-grid,4483,0.2960453750565648
1.0,0.43151623949986406,67792173/157102252,sbm_k8_r1_rep2,True,1,1361,1.0,0.47248200001195073,0.3035913450814187,1.0,0,results/m4/dev_ablations_v12_002/raw/sbm_k8_r1_rep2_q00_fixed-grid.json.gz,d3a6c5b6b74054a77b3a9f36ef0957734f9f26f27f6ff18813d28ff7e1836494,1.0,32,COMPLETED,sbm_k8_r1_rep2_q00_fixed-grid,1.5362480481820209,6887,fixed-grid,4483,0.47248200001195073
1.0,0.43151623949986406,67792173/157102252,sbm_k8_r1_rep2,True,1,1361,1.0,0.24197645811364055,0.3035913450814187,1.0,0,results/m4/dev_ablations_v12_002/raw/sbm_k8_r1_rep2_q00_ZR-budgetM.json.gz,b67d7144330ed8e6267d51744e70bd1bd6ddd3b2d2875135d467d316c6d3617f,1.0,32,COMPLETED,sbm_k8_r1_rep2_q00_ZR-budgetM,4.674771358465313,20957,ZR-budgetM,4483,0.24197645811364055
1.0,0.43151623949986406,67792173/157102252,sbm_k8_r1_rep2,True,1,1361,1.0,0.25717195821926,0.3035913450814187,1.0,0,results/m4/dev_ablations_v12_002/raw/sbm_k8_r1_rep2_q00_ordering-bfs.json.gz,c41878d243d1dd8b784b8a90a237b78c9e7bb1b6ee067d7c13bb4581330d4823,1.0,32,COMPLETED,sbm_k8_r1_rep2_q00_ordering-bfs,4.674771358465313,20957,ordering-bfs,4483,0.25717195821926
1.0,0.43151623949986406,67792173/157102252,sbm_k8_r1_rep2,True,1,1361,1.0,0.2408290416933596,0.3035913450814187,1.0,0,results/m4/dev_ablations_v12_002/raw/sbm_k8_r1_rep2_q00_ordering-random.json.gz,7a4320a4e87edcae3a2d853ce6f339a7d3242d281b84d07a8265288f8a0d7ad4,1.0,32,COMPLETED,sbm_k8_r1_rep2_q00_ordering-random,4.674771358465313,20957,ordering-random,4483,0.2408290416933596
1.0,0.43151623949986406,67792173/157102252,sbm_k8_r1_rep2,True,1,1361,1.0,0.39209604216739535,0.3035913450814187,1.0,0,results/m4/dev_ablations_v12_002/raw/sbm_k8_r1_rep2_q00_multi-start.json.gz,d2b4ec3048b5818919252fd66621cae5369c428e69ee0e2f38d3279ac72343e3,1.0,32,COMPLETED,sbm_k8_r1_rep2_q00_multi-start,4.674771358465313,20957,multi-start,4483,0.39209604216739535
1.0,0.43151623949986406,67792173/157102252,sbm_k8_r1_rep2,True,1,1361,1.0,0.8388411668129265,0.3035913450814187,1.0,0,results/m4/dev_ablations_v12_002/raw/sbm_k8_r1_rep2_q00_diffusion-TL-star.json.gz,d4ebe7462efa2eda12a8a09d992ba5eb1e132c6d1fea94a0bc92f747e1ab8a17,1.0,32,COMPLETED,sbm_k8_r1_rep2_q00_diffusion-TL-star,4.674771358465313,20957,diffusion-TL-star,4483,0.8388411668129265
0.9569377990430622,0.4910474292603062,84647461/172381436,sbm_k8_r1_rep2,True,1,1725,1.0,0.1811770829372108,0.3506810327302297,0.9174311926605505,0,results/m4/dev_ablations_v12_002/raw/sbm_k8_r1_rep2_q00_no-refinement.json.gz,0d2153308e8b9f385dc244d2ccbee826fd94fc3d892dccc773464fa284bd9870,1.0,32,COMPLETED,sbm_k8_r1_rep2_q00_no-refinement,4.260418784305753,20957,no-refinement,4919,0.1811770829372108
1.0,0.43151623949986406,67792173/157102252,sbm_k8_r1_rep2,True,1,1361,1.0,0.2741441670805216,0.3035913450814187,1.0,0,results/m4/dev_ablations_v12_002/raw/sbm_k8_r1_rep2_q00_hull-best.json.gz,40756547a3c5d67a1cf3e042bd77defa1ab995400155e598396f24d24a21fc38,1.0,32,COMPLETED,sbm_k8_r1_rep2_q00_hull-best,4.674771358465313,20957,hull-best,4483,0.2741441670805216
1.0,0.43151623949986406,67792173/157102252,sbm_k8_r1_rep2,True,1,1361,1.0,0.24498291686177254,0.3035913450814187,1.0,0,results/m4/dev_ablations_v12_002/raw/sbm_k8_r1_rep2_q00_conductance-sweep.json.gz,678f18f48897c71f46004945f681ded6adbbab5f0089d346822d797a06d3a03d,1.0,32,COMPLETED,sbm_k8_r1_rep2_q00_conductance-sweep,4.674771358465313,20957,conductance-sweep,4483,0.24498291686177254
0.9847715736040609,0.44070124619392054,16733503/37970174,sbm_k8_r1_rep2,True,1,1374,0.9847715736040609,0.32821979094296694,0.31702814951545916,1.0,1,results/m4/dev_ablations_v12_002/raw/sbm_k8_r1_rep2_q01_R-cap-0.25.json.gz,171e7cdb3065de269efe3cf714567d67c78e5620a96b07723cb1d04bd0a8ae8c,0.97,82,COMPLETED,sbm_k8_r1_rep2_q01_R-cap-0.25,1.3647900323027227,5915,R-cap-0.25,4334,0.32821979094296694
1.0,0.43151623949986406,67792173/157102252,sbm_k8_r1_rep2,True,1,1361,1.0,0.4008652912452817,0.3035913450814187,1.0,1,results/m4/dev_ablations_v12_002/raw/sbm_k8_r1_rep2_q01_R-cap-0.5.json.gz,12c6e794fe6d2d7a52f3834d85195a6ff7d7eadb9047d23caad12c3e3cfc4544,1.0,82,COMPLETED,sbm_k8_r1_rep2_q01_R-cap-0.5,1.3194289538255632,5915,R-cap-0.5,4483,0.4008652912452817
1.0,0.43151623949986406,67792173/157102252,sbm_k8_r1_rep2,True,1,1361,1.0,0.41081054229289293,0.3035913450814187,1.0,1,results/m4/dev_ablations_v12_002/raw/sbm_k8_r1_rep2_q01_R-cap-1.json.gz,9537ab6d5b667187a1831a359ad97a7a353b81d1b50c504273738f55b9577b2b,1.0,82,COMPLETED,sbm_k8_r1_rep2_q01_R-cap-1,1.3194289538255632,5915,R-cap-1,4483,0.41081054229289293
0.8636363636363636,0.5392244755565967,64002725/118694028,sbm_k8_r1_rep2,True,1,1499,0.8636363636363636,0.2595379170961678,0.4425745497490404,1.0,1,results/m4/dev_ablations_v12_002/raw/sbm_k8_r1_rep2_q01_supp-jstar.json.gz,ef35b936b1668b5a439aba137e683b6f8ba987d066c1f9ee81f3bf53673e8d1c,0.76,82,COMPLETED,sbm_k8_r1_rep2_q01_supp-jstar,1.7463832299970474,5915,supp-jstar,3387,0.2595379170961678
1.0,0.43151623949986406,67792173/157102252,sbm_k8_r1_rep2,True,1,1361,0.2222222222222222,1.4819296672940254,0.3035913450814187,1.0,1,results/m4/dev_ablations_v12_002/raw/sbm_k8_r1_rep2_q01_supp-jstar+2.json.gz,8d8f4979209da343a87fa4e17c24c2c5da83b2c5e2a91d97d45cc26eb12f7ab8,1.0,82,COMPLETED,sbm_k8_r1_rep2_q01_supp-jstar+2,7.817086772250725,35044,supp-jstar+2,4483,1.4819296672940254
1.0,0.43151623949986406,67792173/157102252,sbm_k8_r1_rep2,True,1,1361,0.2222222222222222,0.3392133340239525,0.3035913450814187,1.0,1,results/m4/dev_ablations_v12_002/raw/sbm_k8_r1_rep2_q01_full.json.gz,981825c6dfd3d969cbe090c300a2f864b328a23095567af2e04aba39f8064066,1.0,82,COMPLETED,sbm_k8_r1_rep2_q01_full,7.817086772250725,35044,full,4483,0.3392133340239525
1.0,0.43151623949986406,67792173/157102252,sbm_k8_r1_rep2,True,1,1361,1.0,0.4002889581024647,0.3035913450814187,1.0,1,results/m4/dev_ablations_v12_002/raw/sbm_k8_r1_rep2_q01_patience-2.json.gz,60b1b900210c46e212aabe2cc6a76ae026c0f5f1ca1865d8ad8f65a59eecf87c,1.0,82,COMPLETED,sbm_k8_r1_rep2_q01_patience-2,1.3194289538255632,5915,patience-2,4483,0.4002889581024647
1.0,0.43151623949986406,67792173/157102252,sbm_k8_r1_rep2,True,1,1361,1.0,0.35890091676265,0.3035913450814187,1.0,1,results/m4/dev_ablations_v12_002/raw/sbm_k8_r1_rep2_q01_ZR-mact.json.gz,e5583827471e920b309cd5af3430c64456f624f9873c9854eb9478237bfe0ffc,1.0,82,COMPLETED,sbm_k8_r1_rep2_q01_ZR-mact,3.490965871068481,15650,ZR-mact,4483,0.35890091676265
1.0,0.43151623949986406,67792173/157102252,sbm_k8_r1_rep2,True,1,1361,1.0,0.4255886669270694,0.3035913450814187,1.0,1,results/m4/dev_ablations_v12_002/raw/sbm_k8_r1_rep2_q01_sqrt2-grid.json.gz,da0d06ff4fafbc41d4389a5c4c792aa626ada1752375cec3ed43a11e46ea4f2a,1.0,82,COMPLETED,sbm_k8_r1_rep2_q01_sqrt2-grid,1.3194289538255632,5915,sqrt2-grid,4483,0.4255886669270694
1.0,0.43151623949986406,67792173/157102252,sbm_k8_r1_rep2,True,1,1361,1.0,0.46906966669484973,0.3035913450814187,1.0,1,results/m4/dev_ablations_v12_002/raw/sbm_k8_r1_rep2_q01_fixed-grid.json.gz,15fc8f47d405a887ec3ecb16df5133be8e3a3d7c46ed3458a69e5f0d783f1153,1.0,82,COMPLETED,sbm_k8_r1_rep2_q01_fixed-grid,1.530671425384787,6862,fixed-grid,4483,0.46906966669484973
1.0,0.43151623949986406,67792173/157102252,sbm_k8_r1_rep2,True,1,1361,0.2222222222222222,1.4953750409185886,0.3035913450814187,1.0,1,results/m4/dev_ablations_v12_002/raw/sbm_k8_r1_rep2_q01_ZR-budgetM.json.gz,119c0e70188147438396715828d5742baeae6e1969dfa57a97a48928fd391aca,1.0,82,COMPLETED,sbm_k8_r1_rep2_q01_ZR-budgetM,7.817086772250725,35044,ZR-budgetM,4483,1.4953750409185886
1.0,0.43151623949986406,67792173/157102252,sbm_k8_r1_rep2,True,1,1361,1.0,0.4095327500253916,0.3035913450814187,1.0,1,results/m4/dev_ablations_v12_002/raw/sbm_k8_r1_rep2_q01_ordering-bfs.json.gz,4b4dc4662634eafb0939000817261295cf10e6891ccf778fb5a9a0bed6d1a7c4,1.0,82,COMPLETED,sbm_k8_r1_rep2_q01_ordering-bfs,1.3194289538255632,5915,ordering-bfs,4483,0.4095327500253916
1.0,0.43151623949986406,67792173/157102252,sbm_k8_r1_rep2,True,1,1361,1.0,0.40864200005307794,0.3035913450814187,1.0,1,results/m4/dev_ablations_v12_002/raw/sbm_k8_r1_rep2_q01_ordering-random.json.gz,7c7d94d8b622ffb557e6af9a05916dfe1faee7fef22d6f4a92e2942ba5d6e45b,1.0,82,COMPLETED,sbm_k8_r1_rep2_q01_ordering-random,1.3194289538255632,5915,ordering-random,4483,0.40864200005307794
1.0,0.43151623949986406,67792173/157102252,sbm_k8_r1_rep2,True,1,1361,1.0,0.477698833681643,0.3035913450814187,1.0,1,results/m4/dev_ablations_v12_002/raw/sbm_k8_r1_rep2_q01_multi-start.json.gz,857b304dde45522d94bf6e2e18e255bc8ac6981269ce7e0122a0a1073bb8caf5,1.0,82,COMPLETED,sbm_k8_r1_rep2_q01_multi-start,1.3194289538255632,5915,multi-start,4483,0.477698833681643
1.0,0.43151623949986406,67792173/157102252,sbm_k8_r1_rep2,True,1,1361,1.0,0.8087868331931531,0.3035913450814187,1.0,1,results/m4/dev_ablations_v12_002/raw/sbm_k8_r1_rep2_q01_diffusion-TL-star.json.gz,98a4071932260538e48930fd26dd987cf5ea87e7540345726a08a478f4ef225c,1.0,82,COMPLETED,sbm_k8_r1_rep2_q01_diffusion-TL-star,1.3194289538255632,5915,diffusion-TL-star,4483,0.8087868331931531
0.8,0.6186187704165104,1138141/1839810,sbm_k8_r1_rep2,True,1,2014,1.0,0.3990326668135822,0.5047619047619047,0.8444444444444444,1,results/m4/dev_ablations_v12_002/raw/sbm_k8_r1_rep2_q01_no-refinement.json.gz,9d69272819a99c21e3114eea3b8739eecef4ba61ed161bf5f35a3bbd35a67d96,0.76,82,COMPLETED,sbm_k8_r1_rep2_q01_no-refinement,1.4824561403508771,5915,no-refinement,3990,0.3990326668135822
1.0,0.43151623949986406,67792173/157102252,sbm_k8_r1_rep2,True,1,1361,1.0,0.43373987497761846,0.3035913450814187,1.0,1,results/m4/dev_ablations_v12_002/raw/sbm_k8_r1_rep2_q01_hull-best.json.gz,a1d58929478a379a73147e5270798e3c1be849ab246e3f96561a519c2d333ac6,1.0,82,COMPLETED,sbm_k8_r1_rep2_q01_hull-best,1.3194289538255632,5915,hull-best,4483,0.43373987497761846
1.0,0.43151623949986406,67792173/157102252,sbm_k8_r1_rep2,True,1,1361,1.0,0.40751349972561,0.3035913450814187,1.0,1,results/m4/dev_ablations_v12_002/raw/sbm_k8_r1_rep2_q01_conductance-sweep.json.gz,86f193f4c1eab42754c5fa18a12ce2a59b1c821d0996a757294ee0d0d7e0e6ab,1.0,82,COMPLETED,sbm_k8_r1_rep2_q01_conductance-sweep,1.3194289538255632,5915,conductance-sweep,4483,0.40751349972561
0.7301587301587301,0.7118382943254952,7400992/10397013,sbm_k8_r2_rep0,True,1,2208,0.7301587301587301,0.17265412490814924,0.6403712296983759,1.0,0,results/m4/dev_ablations_v12_002/raw/sbm_k8_r2_rep0_q00_R-cap-0.25.json.gz,577bf2003933b206c8b5da00a13fb2c6f17ebe6506b105710383167f573c8103,0.575,51,COMPLETED,sbm_k8_r2_rep0_q00_R-cap-0.25,2.445185614849188,8431,R-cap-0.25,3448,0.17265412490814924
0.7301587301587301,0.7118382943254952,7400992/10397013,sbm_k8_r2_rep0,True,1,2208,0.7301587301587301,0.2577423327602446,0.6403712296983759,1.0,0,results/m4/dev_ablations_v12_002/raw/sbm_k8_r2_rep0_q00_R-cap-0.5.json.gz,0044246cd98e861bff155d6bdb1de1a826dbcb2ce30471ab075bd790f00701fd,0.575,51,COMPLETED,sbm_k8_r2_rep0_q00_R-cap-0.5,2.445185614849188,8431,R-cap-0.5,3448,0.2577423327602446
0.9115646258503401,0.5633779939036926,221976/394009,sbm_k8_r2_rep0,True,1,2298,0.9115646258503401,0.2585282498039305,0.4597839135654262,1.0,0,results/m4/dev_ablations_v12_002/raw/sbm_k8_r2_rep0_q00_R-cap-1.json.gz,2947ff96dacbe0f24be0a0476dc222664e5808188254a0c2602c079bd8642914,0.8375,51,COMPLETED,sbm_k8_r2_rep0_q00_R-cap-1,1.68687474989996,8431,R-cap-1,4998,0.2585282498039305
0.8235294117647058,0.6358289087178707,128318551/201813018,sbm_k8_r2_rep0,True,1,2297,0.8235294117647058,0.2348745004273951,0.5491274205115946,1.0,0,results/m4/dev_ablations_v12_002/raw/sbm_k8_r2_rep0_q00_supp-jstar.json.gz,5a783bbea6992b947dab9e0a61c2a4a81d71c7f313af5c392b0afa0390c2193b,0.7,51,COMPLETED,sbm_k8_r2_rep0_q00_supp-jstar,2.0155390867798233,8431,supp-jstar,4183,0.2348745004273951
1.0,0.4890969784718274,46887185/95864802,sbm_k8_r2_rep0,True,1,2179,0.2222222222222222,2.48568379227072,0.36554269417882906,1.0,0,results/m4/dev_ablations_v12_002/raw/sbm_k8_r2_rep0_q00_supp-jstar+2.json.gz,8a2014e17193d9ee87170d90510f7e8a1a6f2cdb6ec1d63b04731e47b3e6d8aa,1.0,51,COMPLETED,sbm_k8_r2_rep0_q00_supp-jstar+2,8.093608454957222,48246,supp-jstar+2,5961,2.48568379227072
1.0,0.4890969784718274,46887185/95864802,sbm_k8_r2_rep0,True,1,2179,0.2222222222222222,0.5006283749826252,0.36554269417882906,1.0,0,results/m4/dev_ablations_v12_002/raw/sbm_k8_r2_rep0_q00_full.json.gz,aa0a9225d79f1ce574a402e769bba12475df8b38428a56ace2c746016a81f2fc,1.0,51,COMPLETED,sbm_k8_r2_rep0_q00_full,8.093608454957222,48246,full,5961,0.5006283749826252
1.0,0.4890969784718274,46887185/95864802,sbm_k8_r2_rep0,True,1,2179,1.0,0.4727000421844423,0.36554269417882906,1.0,0,results/m4/dev_ablations_v12_002/raw/sbm_k8_r2_rep0_q00_patience-2.json.gz,19628071cd108771d4c149ab91a0a3808176c99121214634303451afd77d4df4,1.0,51,COMPLETED,sbm_k8_r2_rep0_q00_patience-2,1.4143600067102835,8431,patience-2,5961,0.4727000421844423
1.0,0.4890969784718274,46887185/95864802,sbm_k8_r2_rep0,True,1,2179,1.0,0.20112066669389606,0.36554269417882906,1.0,0,results/m4/dev_ablations_v12_002/raw/sbm_k8_r2_rep0_q00_ZR-mact.json.gz,57ece916368e0723ab98c4ecad74eab67bd4279c72f21fdef3c7af47f6116616,1.0,51,COMPLETED,sbm_k8_r2_rep0_q00_ZR-mact,2.2169099144438853,13215,ZR-mact,5961,0.20112066669389606
1.0,0.4890969784718274,46887185/95864802,sbm_k8_r2_rep0,True,1,2179,1.0,0.49272854067385197,0.36554269417882906,1.0,0,results/m4/dev_ablations_v12_002/raw/sbm_k8_r2_rep0_q00_sqrt2-grid.json.gz,9c62d90de66ebd5da287de5e2adbe295eadb535c4ea50e34a6180721ca934850,1.0,51,COMPLETED,sbm_k8_r2_rep0_q00_sqrt2-grid,1.4143600067102835,8431,sqrt2-grid,5961,0.49272854067385197
1.0,0.4890969784718274,46887185/95864802,sbm_k8_r2_rep0,True,1,2179,1.0,0.18542554089799523,0.36554269417882906,1.0,0,results/m4/dev_ablations_v12_002/raw/sbm_k8_r2_rep0_q00_fixed-grid.json.gz,b00f999629093829813045ff3fcbc825cf1edd00c11ec3981af18f521986a547,1.0,51,COMPLETED,sbm_k8_r2_rep0_q00_fixed-grid,2.8315718839120954,16879,fixed-grid,5961,0.18542554089799523
1.0,0.4890969784718274,46887185/95864802,sbm_k8_r2_rep0,True,1,2179,0.2222222222222222,2.424563332926482,0.36554269417882906,1.0,0,results/m4/dev_ablations_v12_002/raw/sbm_k8_r2_rep0_q00_ZR-budgetM.json.gz,b9e50a4284fe7d1caec84151ee78d235b0170c48557343e2909dba5b7befa1e0,1.0,51,COMPLETED,sbm_k8_r2_rep0_q00_ZR-budgetM,8.093608454957222,48246,ZR-budgetM,5961,2.424563332926482
1.0,0.4890969784718274,46887185/95864802,sbm_k8_r2_rep0,True,1,2179,1.0,0.4701564582064748,0.36554269417882906,1.0,0,results/m4/dev_ablations_v12_002/raw/sbm_k8_r2_rep0_q00_ordering-bfs.json.gz,e3b32f6f4efb961915210a4535369dc01f187437ad61329f29b3d390fd75bc36,1.0,51,COMPLETED,sbm_k8_r2_rep0_q00_ordering-bfs,1.4143600067102835,8431,ordering-bfs,5961,0.4701564582064748
1.0,0.4890969784718274,46887185/95864802,sbm_k8_r2_rep0,True,1,2179,1.0,0.4734696662053466,0.36554269417882906,1.0,0,results/m4/dev_ablations_v12_002/raw/sbm_k8_r2_rep0_q00_ordering-random.json.gz,d2e3ca526e6dd9b050ccd7d3d4cdafadbb6e7c647603c95e75f265fb1920479c,1.0,51,COMPLETED,sbm_k8_r2_rep0_q00_ordering-random,1.4143600067102835,8431,ordering-random,5961,0.4734696662053466
1.0,0.4890969784718274,46887185/95864802,sbm_k8_r2_rep0,True,1,2179,1.0,0.5387353748083115,0.36554269417882906,1.0,0,results/m4/dev_ablations_v12_002/raw/sbm_k8_r2_rep0_q00_multi-start.json.gz,19bc6df9538ec7042ade0bfb07727ab7dd09cc8f3f0202bfffbc8f1bbaed19b0,1.0,51,COMPLETED,sbm_k8_r2_rep0_q00_multi-start,1.4143600067102835,8431,multi-start,5961,0.5387353748083115
1.0,0.4890969784718274,46887185/95864802,sbm_k8_r2_rep0,True,1,2179,1.0,0.8741516252048314,0.36554269417882906,1.0,0,results/m4/dev_ablations_v12_002/raw/sbm_k8_r2_rep0_q00_diffusion-TL-star.json.gz,d7e31f78937fca5ebcf11d07a8919982bcebf7cce73cfc8cf6339ef90b3dc080,1.0,51,COMPLETED,sbm_k8_r2_rep0_q00_diffusion-TL-star,1.4143600067102835,8431,diffusion-TL-star,5961,0.8741516252048314
0.6976744186046512,0.740538850165207,129085399/174312798,sbm_k8_r2_rep0,True,1,2405,1.0,0.454690707847476,0.6656518128978688,0.9183673469387755,0,results/m4/dev_ablations_v12_002/raw/sbm_k8_r2_rep0_q00_no-refinement.json.gz,09ceb898db7c1183eed1728b97bf5d98984721cb66e2be6ec622c2ad7d71643d,0.5625,51,COMPLETED,sbm_k8_r2_rep0_q00_no-refinement,2.3335178522003877,8431,no-refinement,3613,0.454690707847476
1.0,0.4890969784718274,46887185/95864802,sbm_k8_r2_rep0,True,1,2179,1.0,0.4839262501336634,0.36554269417882906,1.0,0,results/m4/dev_ablations_v12_002/raw/sbm_k8_r2_rep0_q00_hull-best.json.gz,37dc6dcfa1838d3b2baaf4e2362b36382b4c20d3bd987e9f6ead616588a143ad,1.0,51,COMPLETED,sbm_k8_r2_rep0_q00_hull-best,1.4143600067102835,8431,hull-best,5961,0.4839262501336634
1.0,0.4890969784718274,46887185/95864802,sbm_k8_r2_rep0,True,1,2179,1.0,0.47121616685763,0.36554269417882906,1.0,0,results/m4/dev_ablations_v12_002/raw/sbm_k8_r2_rep0_q00_conductance-sweep.json.gz,b5de6c92eeaeb86557b24ee7e876df3f2f592da97be25e39b084c6744d348958,1.0,51,COMPLETED,sbm_k8_r2_rep0_q00_conductance-sweep,1.4143600067102835,8431,conductance-sweep,5961,0.47121616685763
0.7401574803149606,0.7011163027578896,591956/844305,sbm_k8_r2_rep0,True,1,2200,0.7401574803149606,0.1775292088277638,0.6285714285714286,1.0,1,results/m4/dev_ablations_v12_002/raw/sbm_k8_r2_rep0_q01_R-cap-0.25.json.gz,fee6063c4d15651deb79d47533ba4f621ae3e9ba290e075f345af3b59ef1727c,0.5875,56,COMPLETED,sbm_k8_r2_rep0_q01_R-cap-0.25,2.525714285714286,8840,R-cap-0.25,3500,0.1775292088277638
0.7401574803149606,0.7011163027578896,591956/844305,sbm_k8_r2_rep0,True,1,2200,0.7401574803149606,0.1892874171026051,0.6285714285714286,1.0,1,results/m4/dev_ablations_v12_002/raw/sbm_k8_r2_rep0_q01_R-cap-0.5.json.gz,49539962c06dc63648454b09f2f790f574ede2df4c640b7f2abc1f9c84455e7e,0.5875,56,COMPLETED,sbm_k8_r2_rep0_q01_R-cap-0.5,2.525714285714286,8840,R-cap-0.5,3500,0.1892874171026051
0.9041095890410958,0.563016334277861,5554892/9866307,sbm_k8_r2_rep0,True,1,2264,0.9041095890410958,0.27623887499794364,0.4612876935615322,1.0,1,results/m4/dev_ablations_v12_002/raw/sbm_k8_r2_rep0_q01_R-cap-1.json.gz,67b3c5bf404fd125202a87e282c7ea30164d611a665c69b77307e30cfb92589c,0.825,56,COMPLETED,sbm_k8_r2_rep0_q01_R-cap-1,1.8011409942950285,8840,R-cap-1,4908,0.27623887499794364
0.8811188811188811,0.5831971364396564,131652691/225743034,sbm_k8_r2_rep0,True,1,2275,0.8811188811188811,0.23343220818787813,0.48621500320581323,1.0,1,results/m4/dev_ablations_v12_002/raw/sbm_k8_r2_rep0_q01_supp-jstar.json.gz,a084a094cee8073a88045952c9105cc9d7c2be4a8560cf012093975b3e4f40e5,0.7875,56,COMPLETED,sbm_k8_r2_rep0_q01_supp-jstar,1.8892925838854455,8840,supp-jstar,4679,0.23343220818787813
1.0,0.4890969784718274,46887185/95864802,sbm_k8_r2_rep0,True,1,2179,0.2222222222222222,2.5082084159366786,0.36554269417882906,1.0,1,results/m4/dev_ablations_v12_002/raw/sbm_k8_r2_rep0_q01_supp-jstar+2.json.gz,77a1eb0491de222709afcd1e413ad8128f1e8ac2545596da6d21be6613879ad7,1.0,56,COMPLETED,sbm_k8_r2_rep0_q01_supp-jstar+2,8.093608454957222,48246,supp-jstar+2,5961,2.5082084159366786
1.0,0.4890969784718274,46887185/95864802,sbm_k8_r2_rep0,True,1,2179,0.2222222222222222,0.520006958860904,0.36554269417882906,1.0,1,results/m4/dev_ablations_v12_002/raw/sbm_k8_r2_rep0_q01_full.json.gz,26c6b5dcee54289684058e5a5002e5f1f6dc9f83f9cd9b1731d46f089099eee0,1.0,56,COMPLETED,sbm_k8_r2_rep0_q01_full,8.093608454957222,48246,full,5961,0.520006958860904
1.0,0.4890969784718274,46887185/95864802,sbm_k8_r2_rep0,True,1,2179,1.0,0.44614312518388033,0.36554269417882906,1.0,1,results/m4/dev_ablations_v12_002/raw/sbm_k8_r2_rep0_q01_patience-2.json.gz,b29cf9c4b6fd9cd95ffd3795b1f3dba352f767f584e270a52710c35caa9c723b,1.0,56,COMPLETED,sbm_k8_r2_rep0_q01_patience-2,1.482972655594699,8840,patience-2,5961,0.44614312518388033
1.0,0.4890969784718274,46887185/95864802,sbm_k8_r2_rep0,True,1,2179,1.0,0.2595572089776397,0.36554269417882906,1.0,1,results/m4/dev_ablations_v12_002/raw/sbm_k8_r2_rep0_q01_ZR-mact.json.gz,3275e0737d88f335f09d2333c37264a9465a532c279a06ab191faba9e517e387,1.0,56,COMPLETED,sbm_k8_r2_rep0_q01_ZR-mact,2.3673880221439356,14112,ZR-mact,5961,0.2595572089776397
1.0,0.4890969784718274,46887185/95864802,sbm_k8_r2_rep0,True,1,2179,1.0,0.4547025002539158,0.36554269417882906,1.0,1,results/m4/dev_ablations_v12_002/raw/sbm_k8_r2_rep0_q01_sqrt2-grid.json.gz,5f254ef13ceb28d63bdeba05d6eae73a3a317499bf2dcc7ddb1fc55a8d36b4ce,1.0,56,COMPLETED,sbm_k8_r2_rep0_q01_sqrt2-grid,1.482972655594699,8840,sqrt2-grid,5961,0.4547025002539158
1.0,0.4890969784718274,46887185/95864802,sbm_k8_r2_rep0,True,1,2179,1.0,0.27070362493395805,0.36554269417882906,1.0,1,results/m4/dev_ablations_v12_002/raw/sbm_k8_r2_rep0_q01_fixed-grid.json.gz,15af122e8b7b351fb96e1458aec0e6b40af0a339a09a49af4e93998d34a58ee1,1.0,56,COMPLETED,sbm_k8_r2_rep0_q01_fixed-grid,2.8235195437007214,16831,fixed-grid,5961,0.27070362493395805
1.0,0.4890969784718274,46887185/95864802,sbm_k8_r2_rep0,True,1,2179,0.2222222222222222,2.382174000144005,0.36554269417882906,1.0,1,results/m4/dev_ablations_v12_002/raw/sbm_k8_r2_rep0_q01_ZR-budgetM.json.gz,d67b9fb8ff79502c8b4a1ff295aabbeff8acf6bb73db171def1943aca273f724,1.0,56,COMPLETED,sbm_k8_r2_rep0_q01_ZR-budgetM,8.093608454957222,48246,ZR-budgetM,5961,2.382174000144005
1.0,0.4890969784718274,46887185/95864802,sbm_k8_r2_rep0,True,1,2179,1.0,0.4497729577124119,0.36554269417882906,1.0,1,results/m4/dev_ablations_v12_002/raw/sbm_k8_r2_rep0_q01_ordering-bfs.json.gz,75f8aa0de1e38ad138fdefe62545c3fffae37f2d8e2997f0dcad34c2198c4a0f,1.0,56,COMPLETED,sbm_k8_r2_rep0_q01_ordering-bfs,1.482972655594699,8840,ordering-bfs,5961,0.4497729577124119
1.0,0.4890969784718274,46887185/95864802,sbm_k8_r2_rep0,True,1,2179,1.0,0.43919525016099215,0.36554269417882906,1.0,1,results/m4/dev_ablations_v12_002/raw/sbm_k8_r2_rep0_q01_ordering-random.json.gz,9bf5c247582683e69f7c83d3515bc84731e23b5e419ba53c3df6a34f05f530c0,1.0,56,COMPLETED,sbm_k8_r2_rep0_q01_ordering-random,1.482972655594699,8840,ordering-random,5961,0.43919525016099215
1.0,0.4890969784718274,46887185/95864802,sbm_k8_r2_rep0,True,1,2179,1.0,0.49292891658842564,0.36554269417882906,1.0,1,results/m4/dev_ablations_v12_002/raw/sbm_k8_r2_rep0_q01_multi-start.json.gz,da1c92abe5f41cc7fde9c2404559b53e533f64eecde5f2bd9e5f322d2f31a103,1.0,56,COMPLETED,sbm_k8_r2_rep0_q01_multi-start,1.482972655594699,8840,multi-start,5961,0.49292891658842564
1.0,0.4890969784718274,46887185/95864802,sbm_k8_r2_rep0,True,1,2179,1.0,0.8769203331321478,0.36554269417882906,1.0,1,results/m4/dev_ablations_v12_002/raw/sbm_k8_r2_rep0_q01_diffusion-TL-star.json.gz,480140cc1c30c8394a8cf53421441c8dc14191b404f3f642ce5bb1f80177f495,1.0,56,COMPLETED,sbm_k8_r2_rep0_q01_diffusion-TL-star,1.482972655594699,8840,diffusion-TL-star,5961,0.8769203331321478
0.71875,0.7142962709488612,2774186/3883803,sbm_k8_r2_rep0,True,1,2270,1.0,0.4269743333570659,0.6408808582721626,0.9583333333333334,1,results/m4/dev_ablations_v12_002/raw/sbm_k8_r2_rep0_q01_no-refinement.json.gz,d43d3d187a9947b9b13e3c0b0c7854bb94d5052845436220bc8853e46e4050f4,0.575,56,COMPLETED,sbm_k8_r2_rep0_q01_no-refinement,2.4957651044607565,8840,no-refinement,3542,0.4269743333570659
1.0,0.4890969784718274,46887185/95864802,sbm_k8_r2_rep0,True,1,2179,1.0,0.4347110828384757,0.36554269417882906,1.0,1,results/m4/dev_ablations_v12_002/raw/sbm_k8_r2_rep0_q01_hull-best.json.gz,06b7f0bd58b7d6f87adc85e1bed6d08ebfa6339af5b3324194eaf2e14c9ffd29,1.0,56,COMPLETED,sbm_k8_r2_rep0_q01_hull-best,1.482972655594699,8840,hull-best,5961,0.4347110828384757
1.0,0.4890969784718274,46887185/95864802,sbm_k8_r2_rep0,True,1,2179,1.0,0.4519444997422397,0.36554269417882906,1.0,1,results/m4/dev_ablations_v12_002/raw/sbm_k8_r2_rep0_q01_conductance-sweep.json.gz,c30c57376d797f024b85bff91828de3577a08417aa17cff5ea8b878ff67dbda7,1.0,56,COMPLETED,sbm_k8_r2_rep0_q01_conductance-sweep,1.482972655594699,8840,conductance-sweep,5961,0.4519444997422397
1.0,0.4863952713952714,292129/600600,sbm_k8_r2_rep1,True,1,2176,1.0,0.3899605004116893,0.3623043623043623,1.0,0,results/m4/dev_ablations_v12_002/raw/sbm_k8_r2_rep1_q00_R-cap-0.25.json.gz,909c7067cc1ee1139e6b65e16fdbfad03a7a98cd4ac8f06fe539e3991a58a4bb,1.0,36,COMPLETED,sbm_k8_r2_rep1_q00_R-cap-0.25,1.344155844155844,8073,R-cap-0.25,6006,0.3899605004116893
1.0,0.4863952713952714,292129/600600,sbm_k8_r2_rep1,True,1,2176,1.0,0.39048212487250566,0.3623043623043623,1.0,0,results/m4/dev_ablations_v12_002/raw/sbm_k8_r2_rep1_q00_R-cap-0.5.json.gz,990cf6b54b0c9a955b7fd03d84672d9a27c3460f033530bdfcd5a685e7b914ce,1.0,36,COMPLETED,sbm_k8_r2_rep1_q00_R-cap-0.5,1.344155844155844,8073,R-cap-0.5,6006,0.39048212487250566
1.0,0.4863952713952714,292129/600600,sbm_k8_r2_rep1,True,1,2176,1.0,0.39604187523946166,0.3623043623043623,1.0,0,results/m4/dev_ablations_v12_002/raw/sbm_k8_r2_rep1_q00_R-cap-1.json.gz,43da54ba0c13b3b3991cbd4cd82a40eb441dca9bc28c990269bcd21dc670082d,1.0,36,COMPLETED,sbm_k8_r2_rep1_q00_R-cap-1,1.344155844155844,8073,R-cap-1,6006,0.39604187523946166
0.9937106918238994,0.49035292629448474,1162921/2371600,sbm_k8_r2_rep1,True,1,2181,0.9937106918238994,0.35263037495315075,0.36785292629448474,1.0,0,results/m4/dev_ablations_v12_002/raw/sbm_k8_r2_rep1_q00_supp-jstar.json.gz,49be8ea8d5c8bbb0d1fa0618a616492255c3ac6a49e8f8d55cd5b8cdbda5093f,0.9875,36,COMPLETED,sbm_k8_r2_rep1_q00_supp-jstar,1.3616124135604655,8073,supp-jstar,5929,0.35263037495315075
1.0,0.4863952713952714,292129/600600,sbm_k8_r2_rep1,True,1,2176,0.2222222222222222,2.392997291870415,0.3623043623043623,1.0,0,results/m4/dev_ablations_v12_002/raw/sbm_k8_r2_rep1_q00_supp-jstar+2.json.gz,05e2923a224f28ac6a2ef793e8eb2dde0d8b97bd217963ef844203b52aae6512,1.0,36,COMPLETED,sbm_k8_r2_rep1_q00_supp-jstar+2,8.058608058608058,48400,supp-jstar+2,6006,2.392997291870415
1.0,0.4863952713952714,292129/600600,sbm_k8_r2_rep1,True,1,2176,0.2222222222222222,0.40215941704809666,0.3623043623043623,1.0,0,results/m4/dev_ablations_v12_002/raw/sbm_k8_r2_rep1_q00_full.json.gz,5a90fda04fd024155858968f7fb9543251b1e78763985e60fd75f84e91b980ba,1.0,36,COMPLETED,sbm_k8_r2_rep1_q00_full,8.058608058608058,48400,full,6006,0.40215941704809666
1.0,0.4863952713952714,292129/600600,sbm_k8_r2_rep1,True,1,2176,1.0,0.39333633286878467,0.3623043623043623,1.0,0,results/m4/dev_ablations_v12_002/raw/sbm_k8_r2_rep1_q00_patience-2.json.gz,58083fbc18a6274666c4dc02f9332e86e15afa2b7e2ab1e3011ebe40c3957905,1.0,36,COMPLETED,sbm_k8_r2_rep1_q00_patience-2,1.344155844155844,8073,patience-2,6006,0.39333633286878467
1.0,0.4863952713952714,292129/600600,sbm_k8_r2_rep1,True,1,2176,1.0,0.3885386670008302,0.3623043623043623,1.0,0,results/m4/dev_ablations_v12_002/raw/sbm_k8_r2_rep1_q00_ZR-mact.json.gz,b4409beb7eee729eddbc0fb46a2a12a71e35610c3030f51618bfb4a8623ab534,1.0,36,COMPLETED,sbm_k8_r2_rep1_q00_ZR-mact,1.9472194472194473,11695,ZR-mact,6006,0.3885386670008302
1.0,0.4863952713952714,292129/600600,sbm_k8_r2_rep1,True,1,2176,1.0,0.39422116708010435,0.3623043623043623,1.0,0,results/m4/dev_ablations_v12_002/raw/sbm_k8_r2_rep1_q00_sqrt2-grid.json.gz,11df34771b162cadc5bab7b514bc0f21d2f44e3333c4f9d50940638f6c202771,1.0,36,COMPLETED,sbm_k8_r2_rep1_q00_sqrt2-grid,1.344155844155844,8073,sqrt2-grid,6006,0.39422116708010435
1.0,0.4863952713952714,292129/600600,sbm_k8_r2_rep1,True,1,2176,1.0,0.5471936659887433,0.3623043623043623,1.0,0,results/m4/dev_ablations_v12_002/raw/sbm_k8_r2_rep1_q00_fixed-grid.json.gz,4a8826762f2361b472f5caf3977416b945e63f80725a3a36ea70f3e270a0a554,1.0,36,COMPLETED,sbm_k8_r2_rep1_q00_fixed-grid,2.9755244755244754,17871,fixed-grid,6006,0.5471936659887433
1.0,0.4863952713952714,292129/600600,sbm_k8_r2_rep1,True,1,2176,0.2222222222222222,2.384529707953334,0.3623043623043623,1.0,0,results/m4/dev_ablations_v12_002/raw/sbm_k8_r2_rep1_q00_ZR-budgetM.json.gz,07a5eacdd8e777e06402d519da06d87d286385e6900338b4848e50b4e15be747,1.0,36,COMPLETED,sbm_k8_r2_rep1_q00_ZR-budgetM,8.058608058608058,48400,ZR-budgetM,6006,2.384529707953334
1.0,0.4863952713952714,292129/600600,sbm_k8_r2_rep1,True,1,2176,1.0,0.3821517080068588,0.3623043623043623,1.0,0,results/m4/dev_ablations_v12_002/raw/sbm_k8_r2_rep1_q00_ordering-bfs.json.gz,91cb466788a8aee22d7e91b93ab0ce8da38e3f3602146b7fc33262ea85f97f21,1.0,36,COMPLETED,sbm_k8_r2_rep1_q00_ordering-bfs,1.344155844155844,8073,ordering-bfs,6006,0.3821517080068588
1.0,0.4863952713952714,292129/600600,sbm_k8_r2_rep1,True,1,2176,1.0,0.3980414168909192,0.3623043623043623,1.0,0,results/m4/dev_ablations_v12_002/raw/sbm_k8_r2_rep1_q00_ordering-random.json.gz,f654525d840a036950a4d54bb8ef7eaa6dab4ff4f3be58b5792629f332febe93,1.0,36,COMPLETED,sbm_k8_r2_rep1_q00_ordering-random,1.344155844155844,8073,ordering-random,6006,0.3980414168909192
1.0,0.4863952713952714,292129/600600,sbm_k8_r2_rep1,True,1,2176,1.0,0.45299429073929787,0.3623043623043623,1.0,0,results/m4/dev_ablations_v12_002/raw/sbm_k8_r2_rep1_q00_multi-start.json.gz,c2d93e1913cc2fb1e8ded0a8108ae9f656b72598405fc0cbd3397c8d38e66dcc,1.0,36,COMPLETED,sbm_k8_r2_rep1_q00_multi-start,1.344155844155844,8073,multi-start,6006,0.45299429073929787
1.0,0.4863952713952714,292129/600600,sbm_k8_r2_rep1,True,1,2176,1.0,0.8034612499177456,0.3623043623043623,1.0,0,results/m4/dev_ablations_v12_002/raw/sbm_k8_r2_rep1_q00_diffusion-TL-star.json.gz,1a890ad57bdf9e8a05d3bcb8708ec56ba485080bc320a04759e122e28aa38d7c,1.0,36,COMPLETED,sbm_k8_r2_rep1_q00_diffusion-TL-star,1.344155844155844,8073,diffusion-TL-star,6006,0.8034612499177456
0.8681318681318682,0.6280117130865263,234077801/372728400,sbm_k8_r2_rep1,True,1,3611,1.0,0.3527529169805348,0.4689001428385924,0.7745098039215687,0,results/m4/dev_ablations_v12_002/raw/sbm_k8_r2_rep1_q00_no-refinement.json.gz,0ecd452621d9dd7f514f54670e4912fafa26f6e91c26affee7210a66364fcda3,0.9875,36,COMPLETED,sbm_k8_r2_rep1_q00_no-refinement,1.0483054148811843,8073,no-refinement,7701,0.3527529169805348
1.0,0.4863952713952714,292129/600600,sbm_k8_r2_rep1,True,1,2176,1.0,0.3832493331283331,0.3623043623043623,1.0,0,results/m4/dev_ablations_v12_002/raw/sbm_k8_r2_rep1_q00_hull-best.json.gz,b81bb2a0b076022abdfbb8a6ed463889439b052663a5a31d151ab3560490139a,1.0,36,COMPLETED,sbm_k8_r2_rep1_q00_hull-best,1.344155844155844,8073,hull-best,6006,0.3832493331283331
1.0,0.4863952713952714,292129/600600,sbm_k8_r2_rep1,True,1,2176,1.0,0.3891975418664515,0.3623043623043623,1.0,0,results/m4/dev_ablations_v12_002/raw/sbm_k8_r2_rep1_q00_conductance-sweep.json.gz,410ffde5ee69a1d6a585a0a65a909469ab985df28b21a77e22616b88b2b7a3da,1.0,36,COMPLETED,sbm_k8_r2_rep1_q00_conductance-sweep,1.344155844155844,8073,conductance-sweep,6006,0.3891975418664515
0.7596899224806202,0.6767294584072695,30280801/44745800,sbm_k8_r2_rep1,True,1,2220,0.7596899224806202,0.19423154229298234,0.6003244997295836,1.0,1,results/m4/dev_ablations_v12_002/raw/sbm_k8_r2_rep1_q01_R-cap-0.25.json.gz,4598aef0c34f251bf70e0a3166ab71fcd04d3752bd031c68e8c4db455bddf3fb,0.6125,5,COMPLETED,sbm_k8_r2_rep1_q01_R-cap-0.25,2.3282855597620333,8610,R-cap-0.25,3698,0.19423154229298234
0.7596899224806202,0.6767294584072695,30280801/44745800,sbm_k8_r2_rep1,True,1,2220,0.7596899224806202,0.2460085842758417,0.6003244997295836,1.0,1,results/m4/dev_ablations_v12_002/raw/sbm_k8_r2_rep1_q01_R-cap-0.5.json.gz,c0f51632a35de2c56e3e127d376a6ccbc9ad52da2358443aca54e1586c4a70b6,0.6125,5,COMPLETED,sbm_k8_r2_rep1_q01_R-cap-0.5,2.3282855597620333,8610,R-cap-0.5,3698,0.2460085842758417
0.9403973509933775,0.5321283845273461,34498841/64831800,sbm_k8_r2_rep1,True,1,2258,0.9403973509933775,0.28129745787009597,0.42142590518850315,1.0,1,results/m4/dev_ablations_v12_002/raw/sbm_k8_r2_rep1_q01_R-cap-1.json.gz,7bec1e35042b0a40e2002072189fcf1fde6d5fa694182dafba0ce5af466a17b8,0.8875,5,COMPLETED,sbm_k8_r2_rep1_q01_R-cap-1,1.606942889137738,8610,R-cap-1,5358,0.28129745787009597
0.9115646258503401,0.555452237929966,135521681/243984400,sbm_k8_r2_rep1,True,1,2275,0.9115646258503401,0.2929636659100652,0.45129934536798255,1.0,1,results/m4/dev_ablations_v12_002/raw/sbm_k8_r2_rep1_q01_supp-jstar.json.gz,3355816125cd6c6818163f133c1128cbe5ed25953b0b7bf233f71bfdd177dad4,0.8375,5,COMPLETED,sbm_k8_r2_rep1_q01_supp-jstar,1.7079944455465186,8610,supp-jstar,5041,0.2929636659100652
1.0,0.4863952713952714,292129/600600,sbm_k8_r2_rep1,True,1,2176,0.2222222222222222,2.3826397079974413,0.3623043623043623,1.0,1,results/m4/dev_ablations_v12_002/raw/sbm_k8_r2_rep1_q01_supp-jstar+2.json.gz,4f4a9fe34a8a1dad5175fd802c853e02253d84c8936dd76d0ed47e7def586b4e,1.0,5,COMPLETED,sbm_k8_r2_rep1_q01_supp-jstar+2,8.058608058608058,48400,supp-jstar+2,6006,2.3826397079974413
1.0,0.4863952713952714,292129/600600,sbm_k8_r2_rep1,True,1,2176,0.2222222222222222,0.3975049592554569,0.3623043623043623,1.0,1,results/m4/dev_ablations_v12_002/raw/sbm_k8_r2_rep1_q01_full.json.gz,051f8b6f48c2a754223a0e9abee1dc26d39df8a9270dc88d50e86e0c666f3376,1.0,5,COMPLETED,sbm_k8_r2_rep1_q01_full,8.058608058608058,48400,full,6006,0.3975049592554569
1.0,0.4863952713952714,292129/600600,sbm_k8_r2_rep1,True,1,2176,1.0,0.3965963339433074,0.3623043623043623,1.0,1,results/m4/dev_ablations_v12_002/raw/sbm_k8_r2_rep1_q01_patience-2.json.gz,d5d18f6dc3843fe4fef40a8be49ac73d3493200144796b85f351d92069201547,1.0,5,COMPLETED,sbm_k8_r2_rep1_q01_patience-2,1.4335664335664335,8610,patience-2,6006,0.3965963339433074
1.0,0.4863952713952714,292129/600600,sbm_k8_r2_rep1,True,1,2176,1.0,0.5670964173041284,0.3623043623043623,1.0,1,results/m4/dev_ablations_v12_002/raw/sbm_k8_r2_rep1_q01_ZR-mact.json.gz,67d702d44389b55838b52ea59f2b8e67a1ce843958fee10c038c1a2fb681f01a,1.0,5,COMPLETED,sbm_k8_r2_rep1_q01_ZR-mact,1.9362304362304363,11629,ZR-mact,6006,0.5670964173041284
1.0,0.4863952713952714,292129/600600,sbm_k8_r2_rep1,True,1,2176,1.0,0.40600312501192093,0.3623043623043623,1.0,1,results/m4/dev_ablations_v12_002/raw/sbm_k8_r2_rep1_q01_sqrt2-grid.json.gz,7efe36e82527f7ac875a85e96ff273e16210b638b54773c2c4b7221ecd401fba,1.0,5,COMPLETED,sbm_k8_r2_rep1_q01_sqrt2-grid,1.4335664335664335,8610,sqrt2-grid,6006,0.40600312501192093
1.0,0.4863952713952714,292129/600600,sbm_k8_r2_rep1,True,1,2176,1.0,0.3928277497179806,0.3623043623043623,1.0,1,results/m4/dev_ablations_v12_002/raw/sbm_k8_r2_rep1_q01_fixed-grid.json.gz,a103a7230a87bd14c3d5027011def58dc890646e2bb2a833606af8c47e6177de,1.0,5,COMPLETED,sbm_k8_r2_rep1_q01_fixed-grid,3.128871128871129,18792,fixed-grid,6006,0.3928277497179806
1.0,0.4863952713952714,292129/600600,sbm_k8_r2_rep1,True,1,2176,0.2222222222222222,2.3922782498411834,0.3623043623043623,1.0,1,results/m4/dev_ablations_v12_002/raw/sbm_k8_r2_rep1_q01_ZR-budgetM.json.gz,0a157698e9c29253ee5cbc706ababc16da765cb8061e32d9ccc5aee9a5c24452,1.0,5,COMPLETED,sbm_k8_r2_rep1_q01_ZR-budgetM,8.058608058608058,48400,ZR-budgetM,6006,2.3922782498411834
1.0,0.4863952713952714,292129/600600,sbm_k8_r2_rep1,True,1,2176,1.0,0.3890460841357708,0.3623043623043623,1.0,1,results/m4/dev_ablations_v12_002/raw/sbm_k8_r2_rep1_q01_ordering-bfs.json.gz,0efb53b37ba06fe4d44567cc58a36ca9b635877125828505e6a26271dce695f2,1.0,5,COMPLETED,sbm_k8_r2_rep1_q01_ordering-bfs,1.4335664335664335,8610,ordering-bfs,6006,0.3890460841357708
1.0,0.4863952713952714,292129/600600,sbm_k8_r2_rep1,True,1,2176,1.0,0.38200700003653765,0.3623043623043623,1.0,1,results/m4/dev_ablations_v12_002/raw/sbm_k8_r2_rep1_q01_ordering-random.json.gz,c84fe5cdec09635f2606b3ba6a7ce62966439a705100d17b7223505cabcb7875,1.0,5,COMPLETED,sbm_k8_r2_rep1_q01_ordering-random,1.4335664335664335,8610,ordering-random,6006,0.38200700003653765
1.0,0.4863952713952714,292129/600600,sbm_k8_r2_rep1,True,1,2176,1.0,0.46361191710457206,0.3623043623043623,1.0,1,results/m4/dev_ablations_v12_002/raw/sbm_k8_r2_rep1_q01_multi-start.json.gz,345cd6b486ca296e258c96361f039d0d5c5678093891953d543572697a7717fd,1.0,5,COMPLETED,sbm_k8_r2_rep1_q01_multi-start,1.4335664335664335,8610,multi-start,6006,0.46361191710457206
1.0,0.4863952713952714,292129/600600,sbm_k8_r2_rep1,True,1,2176,1.0,0.8234046250581741,0.3623043623043623,1.0,1,results/m4/dev_ablations_v12_002/raw/sbm_k8_r2_rep1_q01_diffusion-TL-star.json.gz,4456d08cfd642b446bfc36a0badd96f9071974eeec482f349ae2bfde3ffbe733,1.0,5,COMPLETED,sbm_k8_r2_rep1_q01_diffusion-TL-star,1.4335664335664335,8610,diffusion-TL-star,6006,0.8234046250581741
0.7596899224806202,0.6767294584072695,30280801/44745800,sbm_k8_r2_rep1,True,1,2220,1.0,0.3733265418559313,0.6003244997295836,1.0,1,results/m4/dev_ablations_v12_002/raw/sbm_k8_r2_rep1_q01_no-refinement.json.gz,2fcbfb548d3ab5c43c501f0d724281a86ca5c064cb97dee73feeb0e94c862a35,0.6125,5,COMPLETED,sbm_k8_r2_rep1_q01_no-refinement,2.3282855597620333,8610,no-refinement,3698,0.3733265418559313
1.0,0.4863952713952714,292129/600600,sbm_k8_r2_rep1,True,1,2176,1.0,0.39971462497487664,0.3623043623043623,1.0,1,results/m4/dev_ablations_v12_002/raw/sbm_k8_r2_rep1_q01_hull-best.json.gz,7f5a5f99eddcea91ed1eadc54fc415c07fd2e5204c3a2aa941e3a2ddd0240be5,1.0,5,COMPLETED,sbm_k8_r2_rep1_q01_hull-best,1.4335664335664335,8610,hull-best,6006,0.39971462497487664
1.0,0.4863952713952714,292129/600600,sbm_k8_r2_rep1,True,1,2176,1.0,0.3841410418972373,0.3623043623043623,1.0,1,results/m4/dev_ablations_v12_002/raw/sbm_k8_r2_rep1_q01_conductance-sweep.json.gz,b7f9cf3dace986d61707f951b6209b3b9234d857442943f5beb520369afa3695,1.0,5,COMPLETED,sbm_k8_r2_rep1_q01_conductance-sweep,1.4335664335664335,8610,conductance-sweep,6006,0.3841410418972373
0.7096774193548387,0.7187299250455669,29582785/41159807,sbm_k8_r2_rep2,True,1,2208,0.7096774193548387,0.20835891691967845,0.6482677627715796,1.0,0,results/m4/dev_ablations_v12_002/raw/sbm_k8_r2_rep2_q00_R-cap-0.25.json.gz,513bb5c44ad61b8c71d3c6fb0c49794d09943217af84ae514b7e527f2908a3f5,0.55,17,COMPLETED,sbm_k8_r2_rep2_q00_R-cap-0.25,2.3763945977686434,8094,R-cap-0.25,3406,0.20835891691967845
0.7096774193548387,0.7187299250455669,29582785/41159807,sbm_k8_r2_rep2,True,1,2208,0.7096774193548387,0.22842054115608335,0.6482677627715796,1.0,0,results/m4/dev_ablations_v12_002/raw/sbm_k8_r2_rep2_q00_R-cap-0.5.json.gz,a7e7bc071c403c79ded1d417bdc5d2b5c668f39c218573328e0b4e6f5b713c52,0.55,17,COMPLETED,sbm_k8_r2_rep2_q00_R-cap-0.5,2.3763945977686434,8094,R-cap-0.5,3406,0.22842054115608335
0.9115646258503401,0.5629904603722249,34520747/61316753,sbm_k8_r2_rep2,True,1,2324,0.9115646258503401,0.31971666729077697,0.4580212849822625,1.0,0,results/m4/dev_ablations_v12_002/raw/sbm_k8_r2_rep2_q00_R-cap-1.json.gz,05726352f9527a9e9b98fcf04f0bf8a002d722e49b91dff6b41a2a08108870c9,0.8375,17,COMPLETED,sbm_k8_r2_rep2_q00_R-cap-1,1.5951911706740245,8094,R-cap-1,5074,0.31971666729077697
0.7301587301587301,0.7018597357653004,120201575/171261534,sbm_k8_r2_rep2,True,1,2227,0.7301587301587301,0.21535712527111173,0.6285633643804686,1.0,0,results/m4/dev_ablations_v12_002/raw/sbm_k8_r2_rep2_q00_supp-jstar.json.gz,8759403af31e4bb7a82ca667654e57cfb26e858be5ea103a9980b315536d9eb7,0.575,17,COMPLETED,sbm_k8_r2_rep2_q00_supp-jstar,2.2845046570702796,8094,supp-jstar,3543,0.21535712527111173
1.0,0.49901245105687797,146633163/293846702,sbm_k8_r2_rep2,True,1,2269,0.2222222222222222,2.464876417070627,0.37325217963480833,1.0,0,results/m4/dev_ablations_v12_002/raw/sbm_k8_r2_rep2_q00_supp-jstar+2.json.gz,e8db2caf95d0807ae7f8134556771becd681b3c0f4014f82681fa70ab922485e,1.0,17,COMPLETED,sbm_k8_r2_rep2_q00_supp-jstar+2,7.9516367823655205,48338,supp-jstar+2,6079,2.464876417070627
1.0,0.49901245105687797,146633163/293846702,sbm_k8_r2_rep2,True,1,2269,0.2222222222222222,0.5000996659509838,0.37325217963480833,1.0,0,results/m4/dev_ablations_v12_002/raw/sbm_k8_r2_rep2_q00_full.json.gz,35b683fb4fdb0e64844cb00a95d96f41de138c933fa2e15cfd6e7ba8e36ed221,1.0,17,COMPLETED,sbm_k8_r2_rep2_q00_full,7.9516367823655205,48338,full,6079,0.5000996659509838
1.0,0.49901245105687797,146633163/293846702,sbm_k8_r2_rep2,True,1,2269,1.0,0.32643862487748265,0.37325217963480833,1.0,0,results/m4/dev_ablations_v12_002/raw/sbm_k8_r2_rep2_q00_patience-2.json.gz,29542545dcce9206e36db20638b0da84e90d2dd02373429e4bc9378541d0f4cb,1.0,17,COMPLETED,sbm_k8_r2_rep2_q00_patience-2,1.3314689916104623,8094,patience-2,6079,0.32643862487748265
1.0,0.49901245105687797,146633163/293846702,sbm_k8_r2_rep2,True,1,2269,1.0,0.295412375126034,0.37325217963480833,1.0,0,results/m4/dev_ablations_v12_002/raw/sbm_k8_r2_rep2_q00_ZR-mact.json.gz,8837debb4261655e8a6f5b6775e308258728c3bef3fdeec78b22ab928afaa08d,1.0,17,COMPLETED,sbm_k8_r2_rep2_q00_ZR-mact,1.8539233426550419,11270,ZR-mact,6079,0.295412375126034
1.0,0.49901245105687797,146633163/293846702,sbm_k8_r2_rep2,True,1,2269,1.0,0.3545975419692695,0.37325217963480833,1.0,0,results/m4/dev_ablations_v12_002/raw/sbm_k8_r2_rep2_q00_sqrt2-grid.json.gz,02d4a1c3f4d79cb6195d3deaadf6217567df209bd796a2bc94ea84dfb161ef1e,1.0,17,COMPLETED,sbm_k8_r2_rep2_q00_sqrt2-grid,1.3314689916104623,8094,sqrt2-grid,6079,0.3545975419692695
1.0,0.49901245105687797,146633163/293846702,sbm_k8_r2_rep2,True,1,2269,1.0,0.24809370888397098,0.37325217963480833,1.0,0,results/m4/dev_ablations_v12_002/raw/sbm_k8_r2_rep2_q00_fixed-grid.json.gz,f5d60d380970202a8acc71dd65377e64586e0295df5c84ce0a23700242c66e1e,1.0,17,COMPLETED,sbm_k8_r2_rep2_q00_fixed-grid,2.9039315676920547,17653,fixed-grid,6079,0.24809370888397098
1.0,0.49901245105687797,146633163/293846702,sbm_k8_r2_rep2,True,1,2269,0.2222222222222222,2.415242957882583,0.37325217963480833,1.0,0,results/m4/dev_ablations_v12_002/raw/sbm_k8_r2_rep2_q00_ZR-budgetM.json.gz,b3809080df2716e7052987aa411eec5e930b25e37b68b9f762f544a204f81e42,1.0,17,COMPLETED,sbm_k8_r2_rep2_q00_ZR-budgetM,7.9516367823655205,48338,ZR-budgetM,6079,2.415242957882583
1.0,0.49901245105687797,146633163/293846702,sbm_k8_r2_rep2,True,1,2269,1.0,0.33543479163199663,0.37325217963480833,1.0,0,results/m4/dev_ablations_v12_002/raw/sbm_k8_r2_rep2_q00_ordering-bfs.json.gz,60371a27f26e21a875a95e74566be2770503b82fc1b410cceaf2ae7ad0484c09,1.0,17,COMPLETED,sbm_k8_r2_rep2_q00_ordering-bfs,1.3314689916104623,8094,ordering-bfs,6079,0.33543479163199663
1.0,0.49901245105687797,146633163/293846702,sbm_k8_r2_rep2,True,1,2269,1.0,0.34103166637942195,0.37325217963480833,1.0,0,results/m4/dev_ablations_v12_002/raw/sbm_k8_r2_rep2_q00_ordering-random.json.gz,aa78a42e4dc1c447ae0297bd6b7d8312d9c98edb632951bf0eea45a146fa2078,1.0,17,COMPLETED,sbm_k8_r2_rep2_q00_ordering-random,1.3314689916104623,8094,ordering-random,6079,0.34103166637942195
1.0,0.49901245105687797,146633163/293846702,sbm_k8_r2_rep2,True,1,2269,1.0,0.3954277918674052,0.37325217963480833,1.0,0,results/m4/dev_ablations_v12_002/raw/sbm_k8_r2_rep2_q00_multi-start.json.gz,8d4b60bb91fb3c320530224960cca53866bc94bd8a1e8fc44c81278adfdb2840,1.0,17,COMPLETED,sbm_k8_r2_rep2_q00_multi-start,1.3314689916104623,8094,multi-start,6079,0.3954277918674052
1.0,0.49901245105687797,146633163/293846702,sbm_k8_r2_rep2,True,1,2269,1.0,0.7305209166370332,0.37325217963480833,1.0,0,results/m4/dev_ablations_v12_002/raw/sbm_k8_r2_rep2_q00_diffusion-TL-star.json.gz,fe8f019428d042154a6990128e77948e6674502c1eece0ae16e15e97272d795b,1.0,17,COMPLETED,sbm_k8_r2_rep2_q00_diffusion-TL-star,1.3314689916104623,8094,diffusion-TL-star,6079,0.7305209166370332
0.6771653543307087,0.7469100117425158,129144495/172905026,sbm_k8_r2_rep2,True,1,2407,1.0,0.3118888330645859,0.6729102599944087,0.9148936170212766,0,results/m4/dev_ablations_v12_002/raw/sbm_k8_r2_rep2_q00_no-refinement.json.gz,0f245f39c9a5331c154baeafbdf0ab8f6dc6a0318979f564329292cba9ab6626,0.5375,17,COMPLETED,sbm_k8_r2_rep2_q00_no-refinement,2.2627900475258595,8094,no-refinement,3577,0.3118888330645859
1.0,0.49901245105687797,146633163/293846702,sbm_k8_r2_rep2,True,1,2269,1.0,0.34723745798692107,0.37325217963480833,1.0,0,results/m4/dev_ablations_v12_002/raw/sbm_k8_r2_rep2_q00_hull-best.json.gz,b6e211729cc54df9ba3240ffaf4a89a5877ea303ba16941b7a52a6f9116f4930,1.0,17,COMPLETED,sbm_k8_r2_rep2_q00_hull-best,1.3314689916104623,8094,hull-best,6079,0.34723745798692107
1.0,0.49901245105687797,146633163/293846702,sbm_k8_r2_rep2,True,1,2269,1.0,0.3578307079151273,0.37325217963480833,1.0,0,results/m4/dev_ablations_v12_002/raw/sbm_k8_r2_rep2_q00_conductance-sweep.json.gz,a7aed122394eb5fb19a9df9d8708bfdd7ebdc35f4a3289d7809f67e85a7e0deb,1.0,17,COMPLETED,sbm_k8_r2_rep2_q00_conductance-sweep,1.3314689916104623,8094,conductance-sweep,6079,0.3578307079151273
0.7401574803149606,0.700244425314388,30175862/43093327,sbm_k8_r2_rep2,True,1,2234,0.7401574803149606,0.21753687504678965,0.6264722378014582,1.0,1,results/m4/dev_ablations_v12_002/raw/sbm_k8_r2_rep2_q01_R-cap-0.25.json.gz,0e84d7a471e7ef8a28c99808233ee6c771cbe29f70dddd597aaab2e0ca35a77a,0.5875,30,COMPLETED,sbm_k8_r2_rep2_q01_R-cap-0.25,2.3342680874929895,8324,R-cap-0.25,3566,0.21753687504678965
0.7401574803149606,0.700244425314388,30175862/43093327,sbm_k8_r2_rep2,True,1,2234,0.7401574803149606,0.27191204112023115,0.6264722378014582,1.0,1,results/m4/dev_ablations_v12_002/raw/sbm_k8_r2_rep2_q01_R-cap-0.5.json.gz,5c8b741b8c694f8f4777996556198dde1f4e589235311fe6bacc48911279643d,0.5875,30,COMPLETED,sbm_k8_r2_rep2_q01_R-cap-0.5,2.3342680874929895,8324,R-cap-0.5,3566,0.27191204112023115
0.9333333333333333,0.5480165680856384,35152263/64144526,sbm_k8_r2_rep2,True,1,2326,0.9333333333333333,0.43032091623172164,0.4382064807837227,1.0,1,results/m4/dev_ablations_v12_002/raw/sbm_k8_r2_rep2_q01_R-cap-1.json.gz,204c597ddc9ff5cca526dec23252e05a8279fc9c2c4a2606233aad6c47b1adc3,0.875,30,COMPLETED,sbm_k8_r2_rep2_q01_R-cap-1,1.5681989449886964,8324,R-cap-1,5308,0.43032091623172164
0.7878787878787878,0.665162486328381,125620303/188856566,sbm_k8_r2_rep2,True,1,2283,0.7878787878787878,0.2829952919855714,0.5843358075249552,1.0,1,results/m4/dev_ablations_v12_002/raw/sbm_k8_r2_rep2_q01_supp-jstar.json.gz,6a0cc2263e4cc914690c30698187af296b803478e1b9b5d5b1eecfd0fa7ea0c5,0.65,30,COMPLETED,sbm_k8_r2_rep2_q01_supp-jstar,2.13053493729204,8324,supp-jstar,3907,0.2829952919855714
1.0,0.49901245105687797,146633163/293846702,sbm_k8_r2_rep2,True,1,2269,0.2222222222222222,2.3792591667734087,0.37325217963480833,1.0,1,results/m4/dev_ablations_v12_002/raw/sbm_k8_r2_rep2_q01_supp-jstar+2.json.gz,a10ee10ce993b2961631ae9755d31e493eeb4df8cfe87faa6da19031b6eb7105,1.0,30,COMPLETED,sbm_k8_r2_rep2_q01_supp-jstar+2,7.9516367823655205,48338,supp-jstar+2,6079,2.3792591667734087
1.0,0.49901245105687797,146633163/293846702,sbm_k8_r2_rep2,True,1,2269,0.2222222222222222,0.394378500059247,0.37325217963480833,1.0,1,results/m4/dev_ablations_v12_002/raw/sbm_k8_r2_rep2_q01_full.json.gz,2129b14a00a8a9d64ea0a858728acc4cdcad2942f279f3028e4405dd75eb9076,1.0,30,COMPLETED,sbm_k8_r2_rep2_q01_full,7.9516367823655205,48338,full,6079,0.394378500059247
1.0,0.49901245105687797,146633163/293846702,sbm_k8_r2_rep2,True,1,2269,1.0,0.4792311252094805,0.37325217963480833,1.0,1,results/m4/dev_ablations_v12_002/raw/sbm_k8_r2_rep2_q01_patience-2.json.gz,0c1dc858fcf484877a3aec607c996d2fde65ded09c9f840c4e8456b2d1402904,1.0,30,COMPLETED,sbm_k8_r2_rep2_q01_patience-2,1.3693041618687285,8324,patience-2,6079,0.4792311252094805
1.0,0.49901245105687797,146633163/293846702,sbm_k8_r2_rep2,True,1,2269,1.0,0.4252625829540193,0.37325217963480833,1.0,1,results/m4/dev_ablations_v12_002/raw/sbm_k8_r2_rep2_q01_ZR-mact.json.gz,ec98cfd492b3fe0ca10bc45c3ec5689e44cad11176d788c7398fed979ef91729,1.0,30,COMPLETED,sbm_k8_r2_rep2_q01_ZR-mact,1.5094587925645666,9176,ZR-mact,6079,0.4252625829540193
1.0,0.49901245105687797,146633163/293846702,sbm_k8_r2_rep2,True,1,2269,1.0,0.4951461246237159,0.37325217963480833,1.0,1,results/m4/dev_ablations_v12_002/raw/sbm_k8_r2_rep2_q01_sqrt2-grid.json.gz,e02874990fc79d49c633ed35e11ff2d4e762e1acef69cfab124d3e8a6614211e,1.0,30,COMPLETED,sbm_k8_r2_rep2_q01_sqrt2-grid,1.3693041618687285,8324,sqrt2-grid,6079,0.4951461246237159
1.0,0.49901245105687797,146633163/293846702,sbm_k8_r2_rep2,True,1,2269,1.0,0.2972023328766227,0.37325217963480833,1.0,1,results/m4/dev_ablations_v12_002/raw/sbm_k8_r2_rep2_q01_fixed-grid.json.gz,26174e8ed2c3179738e8797213fcc5a2b323f15562af20209c4d9badfb6c85f6,1.0,30,COMPLETED,sbm_k8_r2_rep2_q01_fixed-grid,2.6282283270274718,15977,fixed-grid,6079,0.2972023328766227
1.0,0.49901245105687797,146633163/293846702,sbm_k8_r2_rep2,True,1,2269,0.2222222222222222,2.3864996251650155,0.37325217963480833,1.0,1,results/m4/dev_ablations_v12_002/raw/sbm_k8_r2_rep2_q01_ZR-budgetM.json.gz,6aa530379a2a30939f480bc9bcd63d595243577cf3c85bb227a54b1111a8830b,1.0,30,COMPLETED,sbm_k8_r2_rep2_q01_ZR-budgetM,7.9516367823655205,48338,ZR-budgetM,6079,2.3864996251650155
1.0,0.49901245105687797,146633163/293846702,sbm_k8_r2_rep2,True,1,2269,1.0,0.47956683300435543,0.37325217963480833,1.0,1,results/m4/dev_ablations_v12_002/raw/sbm_k8_r2_rep2_q01_ordering-bfs.json.gz,2bdb6dbfdc524dc0a15be11e76a857201c0472676213c7c5b1e562adf26a5e5c,1.0,30,COMPLETED,sbm_k8_r2_rep2_q01_ordering-bfs,1.3693041618687285,8324,ordering-bfs,6079,0.47956683300435543
1.0,0.49901245105687797,146633163/293846702,sbm_k8_r2_rep2,True,1,2269,1.0,0.4774047499522567,0.37325217963480833,1.0,1,results/m4/dev_ablations_v12_002/raw/sbm_k8_r2_rep2_q01_ordering-random.json.gz,47bdf0d134ae3f1abeae597610fed70ccb9cb395c6a8aa46f90b67f5f4875f34,1.0,30,COMPLETED,sbm_k8_r2_rep2_q01_ordering-random,1.3693041618687285,8324,ordering-random,6079,0.4774047499522567
1.0,0.49901245105687797,146633163/293846702,sbm_k8_r2_rep2,True,1,2269,1.0,0.5308703752234578,0.37325217963480833,1.0,1,results/m4/dev_ablations_v12_002/raw/sbm_k8_r2_rep2_q01_multi-start.json.gz,a007a19c128f662055359a6f456726d95f239197ce6ec2078705a72f296dba52,1.0,30,COMPLETED,sbm_k8_r2_rep2_q01_multi-start,1.3693041618687285,8324,multi-start,6079,0.5308703752234578
1.0,0.49901245105687797,146633163/293846702,sbm_k8_r2_rep2,True,1,2269,1.0,0.8925017090514302,0.37325217963480833,1.0,1,results/m4/dev_ablations_v12_002/raw/sbm_k8_r2_rep2_q01_diffusion-TL-star.json.gz,e4c609e6a8480be3f5ed64d147c723f24fd119db42110cd1d5aac61dc6df1dfc,1.0,30,COMPLETED,sbm_k8_r2_rep2_q01_diffusion-TL-star,1.3693041618687285,8324,diffusion-TL-star,6079,0.8925017090514302
0.7230769230769231,0.7193232943520717,8727433/12132838,sbm_k8_r2_rep2,True,1,2415,1.0,0.4874315829947591,0.6414342629482072,0.94,1,results/m4/dev_ablations_v12_002/raw/sbm_k8_r2_rep2_q01_no-refinement.json.gz,3b1ee1e6eab4a1966537d805149ec8408248ac8b8e37737ea87b6ede9f4ffdf1,0.5875,30,COMPLETED,sbm_k8_r2_rep2_q01_no-refinement,2.2108897742363878,8324,no-refinement,3765,0.4874315829947591
1.0,0.49901245105687797,146633163/293846702,sbm_k8_r2_rep2,True,1,2269,1.0,0.47472970793023705,0.37325217963480833,1.0,1,results/m4/dev_ablations_v12_002/raw/sbm_k8_r2_rep2_q01_hull-best.json.gz,bffe72d103091534b5cb250e25ed53c999cd1fd1108120f451f3256f60fe2fc4,1.0,30,COMPLETED,sbm_k8_r2_rep2_q01_hull-best,1.3693041618687285,8324,hull-best,6079,0.47472970793023705
1.0,0.49901245105687797,146633163/293846702,sbm_k8_r2_rep2,True,1,2269,1.0,0.4843332078307867,0.37325217963480833,1.0,1,results/m4/dev_ablations_v12_002/raw/sbm_k8_r2_rep2_q01_conductance-sweep.json.gz,0863e95c74138339c6e998a5baa4891352ebfc6470ad14b0cb18ddacf6315de7,1.0,30,COMPLETED,sbm_k8_r2_rep2_q01_conductance-sweep,1.3693041618687285,8324,conductance-sweep,6079,0.4843332078307867
0.7562189054726368,0.6884493724433824,94126783/136722883,sbm_k8_r3_rep0,True,1,3948,0.7562189054726368,0.6476935418322682,0.6124728513807012,1.0,0,results/m4/dev_ablations_v12_002/raw/sbm_k8_r3_rep0_q00_R-cap-0.25.json.gz,703bffe1ee8c7734ed08b9d3bf0d95a4c21758e474ac1b54b78cde45239f8327,0.608,148,COMPLETED,sbm_k8_r3_rep0_q00_R-cap-0.25,4.898696866273658,31577,R-cap-0.25,6446,0.6476935418322682
0.8151658767772512,0.6537152520968013,403378831/617055866,sbm_k8_r3_rep0,True,1,4131,0.8151658767772512,0.8386939577758312,0.5679912003299876,1.0,0,results/m4/dev_ablations_v12_002/raw/sbm_k8_r3_rep0_q00_R-cap-0.5.json.gz,2e066a194f9d6a114066b8d7b69cbe11b994445c659a0adf9ec9f46ca780fce9,0.688,148,COMPLETED,sbm_k8_r3_rep0_q00_R-cap-0.5,4.34167468719923,31577,R-cap-0.5,7273,0.8386939577758312
0.8764044943820225,0.6221901125383718,108479039/174350310,sbm_k8_r3_rep0,True,1,4318,0.8764044943820225,1.2539075003005564,0.5253041362530414,1.0,0,results/m4/dev_ablations_v12_002/raw/sbm_k8_r3_rep0_q00_R-cap-1.json.gz,a0090273de24aeaba0c000a947e674772dfcc1566d1b077c63ed10d1f72665eb,0.78,148,COMPLETED,sbm_k8_r3_rep0_q00_R-cap-1,3.841484184914842,31577,R-cap-1,8220,1.2539075003005564
0.6055555555555555,0.7472256375925064,72810441/97441037,sbm_k8_r3_rep0,True,1,3184,0.6170798898071626,0.5145883332006633,0.6930779277318241,0.990909090909091,0,results/m4/dev_ablations_v12_002/raw/sbm_k8_r3_rep0_q00_supp-jstar.json.gz,6fc3d83c97dce7fdc8fb1440453cf2415114886aef4b04c130a9d26b669b5a5d,0.436,148,COMPLETED,sbm_k8_r3_rep0_q00_supp-jstar,6.873530692207227,31577,supp-jstar,4594,0.5145883332006633
0.9919354838709677,0.5414520107812233,159082849/293807846,sbm_k8_r3_rep0,True,1,4353,0.2222222222222222,2.3707215837202966,0.41900086630089517,1.0,0,results/m4/dev_ablations_v12_002/raw/sbm_k8_r3_rep0_q00_supp-jstar+2.json.gz,f5d8b091c052d4a401d1cf95cf34dff601909cb9134d0dc40718f1d20f7a33c2,0.984,148,COMPLETED,sbm_k8_r3_rep0_q00_supp-jstar+2,8.166522283184136,84842,supp-jstar+2,10389,2.3707215837202966
0.9919354838709677,0.5414520107812233,159082849/293807846,sbm_k8_r3_rep0,True,1,4353,0.2222222222222222,0.8899279166944325,0.41900086630089517,1.0,0,results/m4/dev_ablations_v12_002/raw/sbm_k8_r3_rep0_q00_full.json.gz,5e842da599af64a95d2129524e83711b7fa3efec269da9b007466458100d8752,0.984,148,COMPLETED,sbm_k8_r3_rep0_q00_full,8.166522283184136,84842,full,10389,0.8899279166944325
0.9669421487603306,0.5579705004444449,117212189/210068792,sbm_k8_r3_rep0,True,1,4370,0.9669421487603306,1.4731416669674218,0.44123586429725364,1.0,0,results/m4/dev_ablations_v12_002/raw/sbm_k8_r3_rep0_q00_patience-2.json.gz,6236f83acd123bb9e90a24c0224847074040537ba88119bdeedcdf1d013942bc,0.936,148,COMPLETED,sbm_k8_r3_rep0_q00_patience-2,3.1883077544426492,31577,patience-2,9904,1.4731416669674218
0.993963782696177,0.5411424674324276,39828321/73600435,sbm_k8_r3_rep0,True,1,4356,1.0,1.3357420000247657,0.41844380403458215,1.0,0,results/m4/dev_ablations_v12_002/raw/sbm_k8_r3_rep0_q00_ZR-mact.json.gz,b7b13032f7fc516c41b78e7a83f599d0847da01fedb29f3ec6c8c70616f90b4c,0.988,148,COMPLETED,sbm_k8_r3_rep0_q00_ZR-mact,3.9398655139289147,41014,ZR-mact,10410,1.3357420000247657
0.9669421487603306,0.5579705004444449,117212189/210068792,sbm_k8_r3_rep0,True,1,4370,0.9669421487603306,1.481116957962513,0.44123586429725364,1.0,0,results/m4/dev_ablations_v12_002/raw/sbm_k8_r3_rep0_q00_sqrt2-grid.json.gz,e159a89c5420a9b7dd5978017681e53991568f68849b95a38f3088782311b0af,0.936,148,COMPLETED,sbm_k8_r3_rep0_q00_sqrt2-grid,3.1883077544426492,31577,sqrt2-grid,9904,1.481116957962513
0.9059080962800875,0.6062415391128654,450414059/742961394,sbm_k8_r3_rep0,True,1,4405,0.9082969432314411,1.8608819167129695,0.5030261505081649,1.0,0,results/m4/dev_ablations_v12_002/raw/sbm_k8_r3_rep0_q00_fixed-grid.json.gz,0d55fac891762cc114fe13d3e81f0c82b98f2fae36d9929967a8d382cfc34629,0.828,148,COMPLETED,sbm_k8_r3_rep0_q00_fixed-grid,1.9263446385748544,16869,fixed-grid,8757,1.8608819167129695
0.9959839357429718,0.5403612422219488,478671075/885835322,sbm_k8_r3_rep0,True,1,4357,0.2222222222222222,2.3612132919952273,0.41729719375538743,1.0,0,results/m4/dev_ablations_v12_002/raw/sbm_k8_r3_rep0_q00_ZR-budgetM.json.gz,8c5f4d49d63e2147732eec26114a34b581c66298260a787d76ae50d8afdcdb44,0.992,148,COMPLETED,sbm_k8_r3_rep0_q00_ZR-budgetM,8.12585001436644,84842,ZR-budgetM,10441,2.3612132919952273
0.9669421487603306,0.5579705004444449,117212189/210068792,sbm_k8_r3_rep0,True,1,4370,0.9669421487603306,1.44504762487486,0.44123586429725364,1.0,0,results/m4/dev_ablations_v12_002/raw/sbm_k8_r3_rep0_q00_ordering-bfs.json.gz,1c5376f7bdb51f028092acb67671265592fa5812b21f870e69f8e51ecc2f8aeb,0.936,148,COMPLETED,sbm_k8_r3_rep0_q00_ordering-bfs,3.1883077544426492,31577,ordering-bfs,9904,1.44504762487486
0.9626556016597511,0.559594926061298,465703391/832215178,sbm_k8_r3_rep0,True,1,4355,0.9669421487603306,1.4495183750987053,0.44398001835049444,1.0,0,results/m4/dev_ablations_v12_002/raw/sbm_k8_r3_rep0_q00_ordering-random.json.gz,2d20ecd3738eb2d698d7564e4fbdeb2b2cc75024cce14b0589e9d932a2e51062,0.928,148,COMPLETED,sbm_k8_r3_rep0_q00_ordering-random,3.219186461412988,31577,ordering-random,9809,1.4495183750987053
0.9669421487603306,0.5579705004444449,117212189/210068792,sbm_k8_r3_rep0,True,1,4370,0.9669421487603306,1.654067249968648,0.44123586429725364,1.0,0,results/m4/dev_ablations_v12_002/raw/sbm_k8_r3_rep0_q00_multi-start.json.gz,f94f8fa080ef7f2569a39cbe3a4399082136a144e63271afad07d2706b0b25df,0.936,148,COMPLETED,sbm_k8_r3_rep0_q00_multi-start,3.1883077544426492,31577,multi-start,9904,1.654067249968648
0.9669421487603306,0.5579705004444449,117212189/210068792,sbm_k8_r3_rep0,True,1,4370,0.9669421487603306,2.533349874895066,0.44123586429725364,1.0,0,results/m4/dev_ablations_v12_002/raw/sbm_k8_r3_rep0_q00_diffusion-TL-star.json.gz,15d8a7aabbe4ed1e52e360b81899d2531ae84c8f74300f5279b6d42ed746ed7f,0.936,148,COMPLETED,sbm_k8_r3_rep0_q00_diffusion-TL-star,3.1883077544426492,31577,diffusion-TL-star,9904,2.533349874895066
0.5644768856447688,0.8032297250351477,113499855/141304351,sbm_k8_r3_rep0,True,1,4828,0.9669421487603306,1.3393672499805689,0.7247072951065746,0.7204968944099379,0,results/m4/dev_ablations_v12_002/raw/sbm_k8_r3_rep0_q00_no-refinement.json.gz,1de7800b8853332582077c1a5e449172dc92f5114a541091996b0d96071d2d70,0.464,148,COMPLETED,sbm_k8_r3_rep0_q00_no-refinement,4.739867907535275,31577,no-refinement,6662,1.3393672499805689
0.9669421487603306,0.5579705004444449,117212189/210068792,sbm_k8_r3_rep0,True,1,4370,0.9669421487603306,1.4957284172996879,0.44123586429725364,1.0,0,results/m4/dev_ablations_v12_002/raw/sbm_k8_r3_rep0_q00_hull-best.json.gz,e224686c0c81719d2d020c1f1e89c4073f77b274507892ea9b6506772cab737a,0.936,148,COMPLETED,sbm_k8_r3_rep0_q00_hull-best,3.1883077544426492,31577,hull-best,9904,1.4957284172996879
0.9669421487603306,0.5579705004444449,117212189/210068792,sbm_k8_r3_rep0,True,1,4370,0.9669421487603306,1.4486274998635054,0.44123586429725364,1.0,0,results/m4/dev_ablations_v12_002/raw/sbm_k8_r3_rep0_q00_conductance-sweep.json.gz,37f0929e08da25ca58002907ff7a81b4584e312561afe7f06aae0bf48ed00a42,0.936,148,COMPLETED,sbm_k8_r3_rep0_q00_conductance-sweep,3.1883077544426492,31577,conductance-sweep,9904,1.4486274998635054
0.9604989604989606,0.5627165127478433,466773479/829500234,sbm_k8_r3_rep0,True,1,4375,0.9604989604989606,1.0777778751216829,0.44747877672087555,1.0,1,results/m4/dev_ablations_v12_002/raw/sbm_k8_r3_rep0_q01_R-cap-0.25.json.gz,741d54cd2ca2fedba06fdf9166d8b8a2c7775df555af0c785ea29f5de3198cb3,0.924,13,COMPLETED,sbm_k8_r3_rep0_q01_R-cap-0.25,5.089495755344175,49760,R-cap-0.25,9777,1.0777778751216829
0.973305954825462,0.5571412227088948,473020639/849013894,sbm_k8_r3_rep0,True,1,4395,0.973305954825462,1.326155750080943,0.43919256520435696,1.0,1,results/m4/dev_ablations_v12_002/raw/sbm_k8_r3_rep0_q01_R-cap-0.5.json.gz,34754a43edde6dd5d298fa61934e01927a2b8c210e0ce679f5eac3467a12da7d,0.948,13,COMPLETED,sbm_k8_r3_rep0_q01_R-cap-0.5,4.972519236534426,49760,R-cap-0.5,10007,1.326155750080943
0.9919354838709677,0.5422428838920671,478221671/881932590,sbm_k8_r3_rep0,True,1,4363,0.9919354838709677,1.7592819170095026,0.4197210197210197,1.0,1,results/m4/dev_ablations_v12_002/raw/sbm_k8_r3_rep0_q01_R-cap-1.json.gz,6c71469e88bbdb6afa186a3be35ce1c8eb9a7182a3904d937c67b402908bb430,0.984,13,COMPLETED,sbm_k8_r3_rep0_q01_R-cap-1,4.786916786916787,49760,R-cap-1,10395,1.7592819170095026
0.8738738738738738,0.6250219754341517,88503923/141601298,sbm_k8_r3_rep0,True,1,4395,0.8738738738738738,1.0747785838320851,0.5266626722588377,1.0,1,results/m4/dev_ablations_v12_002/raw/sbm_k8_r3_rep0_q01_supp-jstar.json.gz,99f10c2c1428c11b8d0459426e2028d9adcabefc76d78d4897dab80596a5a3b7,0.776,13,COMPLETED,sbm_k8_r3_rep0_q01_supp-jstar,5.962852007189934,49760,supp-jstar,8345,1.0747785838320851
0.9979959919839679,0.5390650269183683,480266963/890925842,sbm_k8_r3_rep0,True,1,4361,0.2222222222222222,2.3495783749967813,0.4152937815446148,1.0,1,results/m4/dev_ablations_v12_002/raw/sbm_k8_r3_rep0_q01_supp-jstar+2.json.gz,6deb059403366168dbb107c033c4af2f7cbee4f3b6e79f2277795efc56b24b9e,0.996,13,COMPLETED,sbm_k8_r3_rep0_q01_supp-jstar+2,8.079421007523093,84842,supp-jstar+2,10501,2.3495783749967813
0.9979959919839679,0.5390650269183683,480266963/890925842,sbm_k8_r3_rep0,True,1,4361,0.2222222222222222,0.8597761248238385,0.4152937815446148,1.0,1,results/m4/dev_ablations_v12_002/raw/sbm_k8_r3_rep0_q01_full.json.gz,6324918e9643c4649f6097b2b453c932247e015acac18608a5445573ba648291,0.996,13,COMPLETED,sbm_k8_r3_rep0_q01_full,8.079421007523093,84842,full,10501,0.8597761248238385
0.9979959919839679,0.5390650269183683,480266963/890925842,sbm_k8_r3_rep0,True,1,4361,0.3536067892503536,0.8274203329347074,0.4152937815446148,1.0,1,results/m4/dev_ablations_v12_002/raw/sbm_k8_r3_rep0_q01_patience-2.json.gz,a8731f65f3c9899930bb9ca2455a5d3edb7f815907883597f139688dfe91a13f,0.996,13,COMPLETED,sbm_k8_r3_rep0_q01_patience-2,4.738596324159603,49760,patience-2,10501,0.8274203329347074
0.9979959919839679,0.5390650269183683,480266963/890925842,sbm_k8_r3_rep0,True,1,4361,0.3003003003003003,0.6271941671147943,0.4152937815446148,1.0,1,results/m4/dev_ablations_v12_002/raw/sbm_k8_r3_rep0_q01_ZR-mact.json.gz,ba8257b6475a9d33cc51c3ee66ed4f1f4dc3b4af8cff0ff52ba9500e394832a1,0.996,13,COMPLETED,sbm_k8_r3_rep0_q01_ZR-mact,5.747357394533854,60353,ZR-mact,10501,0.6271941671147943
0.1259259259259259,0.9013873391672713,16518709/18325872,sbm_k8_r3_rep0,True,1,770,0.1259259259259259,0.17834066692739725,0.8912037037037037,0.85,1,results/m4/dev_ablations_v12_002/raw/sbm_k8_r3_rep0_q01_sqrt2-grid.json.gz,2b417ce44fda36a26fc93b4743b2c7ff6b03f096d4abe5d39350a42c43205871,0.068,13,COMPLETED,sbm_k8_r3_rep0_q01_sqrt2-grid,2.3877314814814814,2063,sqrt2-grid,864,0.17834066692739725
0.9035087719298246,0.6046254329164666,11259830/18622819,sbm_k8_r3_rep0,True,1,4400,0.9035087719298246,1.0041202078573406,0.5011389521640092,1.0,1,results/m4/dev_ablations_v12_002/raw/sbm_k8_r3_rep0_q01_fixed-grid.json.gz,f01aa7b8b6a0f9a00b7f659de921e4fe4ad477bde2994ce50e0b076029dee7ec,0.824,13,COMPLETED,sbm_k8_r3_rep0_q01_fixed-grid,1.9144646924829156,16809,fixed-grid,8780,1.0041202078573406
0.9979959919839679,0.5390650269183683,480266963/890925842,sbm_k8_r3_rep0,True,1,4361,0.2222222222222222,2.1723385001532733,0.4152937815446148,1.0,1,results/m4/dev_ablations_v12_002/raw/sbm_k8_r3_rep0_q01_ZR-budgetM.json.gz,ca50a2320c0b494c801ac1e9518922058dd0adbccbd99ae81c005ff67bbf012c,0.996,13,COMPLETED,sbm_k8_r3_rep0_q01_ZR-budgetM,8.079421007523093,84842,ZR-budgetM,10501,2.1723385001532733
0.9669421487603306,0.5627457370467304,118095956/209856687,sbm_k8_r3_rep0,True,1,4414,0.3536067892503536,0.7418597498908639,0.44612896705073785,1.0,1,results/m4/dev_ablations_v12_002/raw/sbm_k8_r3_rep0_q01_ordering-bfs.json.gz,72cccdb8efafab7ccba5a1edfbbd7b06ed6c54e8683c65dc0817cc2cda43c302,0.936,13,COMPLETED,sbm_k8_r3_rep0_q01_ordering-bfs,5.029310693349505,49760,ordering-bfs,9894,0.7418597498908639
0.9361702127659575,0.579937471691639,115012141/198318175,sbm_k8_r3_rep0,True,1,4392,0.3536067892503536,0.8640202502720058,0.4697326203208556,1.0,1,results/m4/dev_ablations_v12_002/raw/sbm_k8_r3_rep0_q01_ordering-random.json.gz,1714423e57105929d2680365bb7fd6405e0b1ca5606dabf093dcbef841290e06,0.88,13,COMPLETED,sbm_k8_r3_rep0_q01_ordering-random,5.32192513368984,49760,ordering-random,9350,0.8640202502720058
1.0,0.5387501449603711,481449103/893640786,sbm_k8_r3_rep0,True,1,4367,0.3536067892503536,1.3837744579650462,0.4146017279027817,1.0,1,results/m4/dev_ablations_v12_002/raw/sbm_k8_r3_rep0_q01_multi-start.json.gz,bb7c3138c2f9a81357bf5f0d05e9aecf691668d8dd17d2977a48a2edf96e8105,1.0,13,COMPLETED,sbm_k8_r3_rep0_q01_multi-start,4.724200132915598,49760,multi-start,10533,1.3837744579650462
0.9979959919839679,0.5390650269183683,480266963/890925842,sbm_k8_r3_rep0,True,1,4361,0.3536067892503536,2.274032207671553,0.4152937815446148,1.0,1,results/m4/dev_ablations_v12_002/raw/sbm_k8_r3_rep0_q01_diffusion-TL-star.json.gz,4bbaffa818f7f6cb9bd89e7be89b0496da44cd05fe53f327b01e461f6b7b538d,0.996,13,COMPLETED,sbm_k8_r3_rep0_q01_diffusion-TL-star,4.738596324159603,49760,diffusion-TL-star,10501,2.274032207671553
0.706766917293233,0.7506564873392025,758323463/1010213694,sbm_k8_r3_rep0,True,1,7267,0.3536067892503536,0.5966522498056293,0.6103132611069119,0.6666666666666666,1,results/m4/dev_ablations_v12_002/raw/sbm_k8_r3_rep0_q01_no-refinement.json.gz,c6272ccbbb7beacfa5e485428634f47077b2e551a0598ff48593a1413893ddf7,0.752,13,COMPLETED,sbm_k8_r3_rep0_q01_no-refinement,4.179054337784496,49760,no-refinement,11907,0.5966522498056293
0.3536067892503536,0.954500288705472,365470473/382891946,sbm_k8_r3_rep0,True,1,18337,0.3536067892503536,0.8427611249499023,0.5209522997812438,0.21477663230240548,1,results/m4/dev_ablations_v12_002/raw/sbm_k8_r3_rep0_q01_hull-best.json.gz,57a21eff4e6346a1899a063fc1baaa5b2f7fc82f6eed14d4465405c82e223890,1.0,13,COMPLETED,sbm_k8_r3_rep0_q01_hull-best,1.002356827750136,49760,hull-best,49643,0.8427611249499023
0.9979959919839679,0.5390650269183683,480266963/890925842,sbm_k8_r3_rep0,True,1,4361,0.3536067892503536,0.8175619579851627,0.4152937815446148,1.0,1,results/m4/dev_ablations_v12_002/raw/sbm_k8_r3_rep0_q01_conductance-sweep.json.gz,8c3a0eb8407bce7e59c78e9cf77cb8d87c4081c4f2f35559f257c039eb862456,0.996,13,COMPLETED,sbm_k8_r3_rep0_q01_conductance-sweep,4.738596324159603,49760,conductance-sweep,10501,0.8175619579851627
0.9539748953974896,0.5612186075977821,14180993/25268216,sbm_k8_r3_rep1,True,1,4290,0.9539748953974896,0.6240972909145057,0.4476210350584307,1.0,0,results/m4/dev_ablations_v12_002/raw/sbm_k8_r3_rep1_q00_R-cap-0.25.json.gz,bcfe19f28fe09fc96e9f331e3f5d6c4aac087f35a71fa264532db7d2fc033cf0,0.912,146,COMPLETED,sbm_k8_r3_rep1_q00_R-cap-0.25,4.729757929883139,45330,R-cap-0.25,9584,0.6240972909145057
0.973305954825462,0.5481619441465637,115086473/209949768,sbm_k8_r3_rep1,True,1,4282,0.973305954825462,0.9220609171316028,0.4301788225838859,1.0,0,results/m4/dev_ablations_v12_002/raw/sbm_k8_r3_rep1_q00_R-cap-0.5.json.gz,7bd3b20959e38a69e38b7314ce03746d3686f5ea1b3b74b71a7fcc1380df606a,0.948,146,COMPLETED,sbm_k8_r3_rep1_q00_R-cap-0.5,4.553948161543098,45330,R-cap-0.5,9954,0.9220609171316028
0.9959839357429718,0.532654341368132,465702665/874305584,sbm_k8_r3_rep1,True,1,4247,0.9959839357429718,1.5271545830182731,0.40982341020939883,1.0,0,results/m4/dev_ablations_v12_002/raw/sbm_k8_r3_rep1_q00_R-cap-1.json.gz,80879298e656e7ac7d14b77ee39f179b34329d5fdf3d01c903b9f5cd07fb7772,0.992,146,COMPLETED,sbm_k8_r3_rep1_q00_R-cap-1,4.3742159606291615,45330,R-cap-1,10363,1.5271545830182731
0.8888888888888888,0.6059061355805089,430371609/710294192,sbm_k8_r3_rep1,True,1,4261,0.8888888888888888,0.9492543749511242,0.5061171160470365,1.0,0,results/m4/dev_ablations_v12_002/raw/sbm_k8_r3_rep1_q00_supp-jstar.json.gz,d169184002c4bd4361efa353f4b85ba719f779756ed239cedb226caff71de601,0.8,146,COMPLETED,sbm_k8_r3_rep1_q00_supp-jstar,5.384249910915786,45330,supp-jstar,8419,0.9492543749511242
1.0,0.5304485803119049,14600629/27525060,sbm_k8_r3_rep1,True,1,4246,0.2222222222222222,2.165948917157948,0.4067049808429119,1.0,0,results/m4/dev_ablations_v12_002/raw/sbm_k8_r3_rep1_q00_supp-jstar+2.json.gz,856bb1d1077312261f20766c33de887da54cb23b839288471199a73ab875da87,1.0,146,COMPLETED,sbm_k8_r3_rep1_q00_supp-jstar+2,8.081226053639847,84368,supp-jstar+2,10440,2.165948917157948
1.0,0.5304485803119049,14600629/27525060,sbm_k8_r3_rep1,True,1,4246,0.2222222222222222,0.6937265410088003,0.4067049808429119,1.0,0,results/m4/dev_ablations_v12_002/raw/sbm_k8_r3_rep1_q00_full.json.gz,80555812eba7333b3dc5830eb68a086a0c64751d5f4b06bc91f6918c01397b39,1.0,146,COMPLETED,sbm_k8_r3_rep1_q00_full,8.081226053639847,84368,full,10440,0.6937265410088003
1.0,0.5304485803119049,14600629/27525060,sbm_k8_r3_rep1,True,1,4246,1.0,0.9896222911775112,0.4067049808429119,1.0,0,results/m4/dev_ablations_v12_002/raw/sbm_k8_r3_rep1_q00_patience-2.json.gz,619e9863162cc5e1b23e9a9727d17885cfa72d301f45e4763acb1444d810204e,1.0,146,COMPLETED,sbm_k8_r3_rep1_q00_patience-2,4.341954022988506,45330,patience-2,10440,0.9896222911775112
0.983739837398374,0.5401188018447897,462203761/855744624,sbm_k8_r3_rep1,True,1,4259,0.983739837398374,2.052605708129704,0.4198954944296559,1.0,0,results/m4/dev_ablations_v12_002/raw/sbm_k8_r3_rep1_q00_ZR-mact.json.gz,4a41e9727603002dd5255a932fdb3ee19db41c4dd13c28a801959ac99c7aeefe,0.968,146,COMPLETED,sbm_k8_r3_rep1_q00_ZR-mact,2.080548161293503,21103,ZR-mact,10143,2.052605708129704
0.9858012170385395,0.5393051152689271,115729489/214590008,sbm_k8_r3_rep1,True,1,4260,0.9858012170385395,2.145206750370562,0.4187143699626499,1.0,0,results/m4/dev_ablations_v12_002/raw/sbm_k8_r3_rep1_q00_sqrt2-grid.json.gz,4d2a3b170b44f2d8536e54adab82826cd404e2f71b9d75e7daf593b5fad4ee8f,0.972,146,COMPLETED,sbm_k8_r3_rep1_q00_sqrt2-grid,2.142815018675054,21801,sqrt2-grid,10174,2.145206750370562
0.9669421487603306,0.5542767153732093,5740185/10356172,sbm_k8_r3_rep1,True,1,4300,0.9669421487603306,1.5876394170336425,0.4378818737270876,1.0,0,results/m4/dev_ablations_v12_002/raw/sbm_k8_r3_rep1_q00_fixed-grid.json.gz,c11639b788a0ab3c89f08dbcc1bc6ab1a924b80d9bb58cac5093ed6a258b1969,0.936,146,COMPLETED,sbm_k8_r3_rep1_q00_fixed-grid,1.7929735234215887,17607,fixed-grid,9820,1.5876394170336425
1.0,0.5304485803119049,14600629/27525060,sbm_k8_r3_rep1,True,1,4246,0.2222222222222222,2.1498792083002627,0.4067049808429119,1.0,0,results/m4/dev_ablations_v12_002/raw/sbm_k8_r3_rep1_q00_ZR-budgetM.json.gz,32e2e6bac9e325b917eda190fdbd131ce074de20a97f3a0c6ece224c1bdba849,1.0,146,COMPLETED,sbm_k8_r3_rep1_q00_ZR-budgetM,8.081226053639847,84368,ZR-budgetM,10440,2.1498792083002627
0.9711934156378601,0.5519672717796463,461352889/835833776,sbm_k8_r3_rep1,True,1,4305,1.0,0.9863699581474066,0.43454123347128293,1.0,0,results/m4/dev_ablations_v12_002/raw/sbm_k8_r3_rep1_q00_ordering-bfs.json.gz,67e1f0ba067b4d924b6965d36c7b61a80a97bf60c1e143837e7c08277789de0b,0.944,146,COMPLETED,sbm_k8_r3_rep1_q00_ordering-bfs,4.575552639547794,45330,ordering-bfs,9907,0.9863699581474066
0.9561586638830898,0.561362115409629,22614877/40285720,sbm_k8_r3_rep1,True,1,4280,1.0,1.0157732502557337,0.4481675392670157,1.0,0,results/m4/dev_ablations_v12_002/raw/sbm_k8_r3_rep1_q00_ordering-random.json.gz,c52de0811529095a540b8e41ec1027a292d31eb1347ec52291e66d65df19fb43,0.916,146,COMPLETED,sbm_k8_r3_rep1_q00_ordering-random,4.7465968586387435,45330,ordering-random,9550,1.0157732502557337
1.0,0.5304485803119049,14600629/27525060,sbm_k8_r3_rep1,True,1,4246,1.0,1.3298441246151924,0.4067049808429119,1.0,0,results/m4/dev_ablations_v12_002/raw/sbm_k8_r3_rep1_q00_multi-start.json.gz,3e0008306da355d60957a67aeb5c0a31d4197cba51d9cea1bbe2632d88f621c6,1.0,146,COMPLETED,sbm_k8_r3_rep1_q00_multi-start,4.341954022988506,45330,multi-start,10440,1.3298441246151924
1.0,0.5304485803119049,14600629/27525060,sbm_k8_r3_rep1,True,1,4246,1.0,2.3811462079174817,0.4067049808429119,1.0,0,results/m4/dev_ablations_v12_002/raw/sbm_k8_r3_rep1_q00_diffusion-TL-star.json.gz,75647f47680d279a36f5a3685b332401d91702c749ee7134385e8b33e2e1f860,1.0,146,COMPLETED,sbm_k8_r3_rep1_q00_diffusion-TL-star,4.341954022988506,45330,diffusion-TL-star,10440,2.3811462079174817
0.7758620689655172,0.692614927492001,130338233/188182824,sbm_k8_r3_rep1,True,1,5236,1.0,0.8685342920944095,0.5868639318538444,0.8411214953271028,0,results/m4/dev_ablations_v12_002/raw/sbm_k8_r3_rep1_q00_no-refinement.json.gz,ec308ee655cb06da723216dd61eb05f144ac6baf9b9e4089f204c5eec97c7bd8,0.72,146,COMPLETED,sbm_k8_r3_rep1_q00_no-refinement,5.080699394754539,45330,no-refinement,8922,0.8685342920944095
1.0,0.5304485803119049,14600629/27525060,sbm_k8_r3_rep1,True,1,4246,1.0,1.018619874957949,0.4067049808429119,1.0,0,results/m4/dev_ablations_v12_002/raw/sbm_k8_r3_rep1_q00_hull-best.json.gz,3ca7e96e476b9ddd0f7614ba98627ae46cc9ae90bcbc3489d04529ee4eb98ac1,1.0,146,COMPLETED,sbm_k8_r3_rep1_q00_hull-best,4.341954022988506,45330,hull-best,10440,1.018619874957949
1.0,0.5304485803119049,14600629/27525060,sbm_k8_r3_rep1,True,1,4246,1.0,0.9975787498988211,0.4067049808429119,1.0,0,results/m4/dev_ablations_v12_002/raw/sbm_k8_r3_rep1_q00_conductance-sweep.json.gz,1eafdbe9e2717c21649bb472f53752f613f9f026f3bcf20d93542928a38833e1,1.0,146,COMPLETED,sbm_k8_r3_rep1_q00_conductance-sweep,4.341954022988506,45330,conductance-sweep,10440,0.9975787498988211
0.9035087719298246,0.5920928057207079,144216291/243570416,sbm_k8_r3_rep1,True,1,4239,0.9035087719298246,0.8446409581229091,0.48943540006927605,1.0,1,results/m4/dev_ablations_v12_002/raw/sbm_k8_r3_rep1_q01_R-cap-0.25.json.gz,73cd5465f4499ff598c79347c4b20b75e0366d179c8c2f9429a1d995567e2bb5,0.824,8,COMPLETED,sbm_k8_r3_rep1_q01_R-cap-0.25,5.320863641611823,46084,R-cap-0.25,8661,0.8446409581229091
0.9561586638830898,0.5633006132209086,114082673/202525384,sbm_k8_r3_rep1,True,1,4316,0.9561586638830898,1.1772581250406802,0.44948968964799,1.0,1,results/m4/dev_ablations_v12_002/raw/sbm_k8_r3_rep1_q01_R-cap-0.5.json.gz,be7aa185d624b8598d7068754e1970764e3cb152cd64bae88819dd48adff296c,0.916,8,COMPLETED,sbm_k8_r3_rep1_q01_R-cap-0.5,4.799416788169132,46084,R-cap-0.5,9602,1.1772581250406802
0.9858012170385395,0.5392430894282831,28877863/53552588,sbm_k8_r3_rep1,True,1,4254,0.9858012170385395,2.062851249706,0.41886569515557304,1.0,1,results/m4/dev_ablations_v12_002/raw/sbm_k8_r3_rep1_q01_R-cap-1.json.gz,c440b4efe4769ba890246a11da922b03d3908d146144c7308ce3aedbbb658b9a,0.972,8,COMPLETED,sbm_k8_r3_rep1_q01_R-cap-1,4.5376132335565185,46084,R-cap-1,10156,2.062851249706
0.8344988344988346,0.6361719793913848,405174137/636894032,sbm_k8_r3_rep1,True,1,4127,0.8344988344988346,0.9211247921921313,0.5466949264803285,1.0,1,results/m4/dev_ablations_v12_002/raw/sbm_k8_r3_rep1_q01_supp-jstar.json.gz,63231770705a296e5c0fc78f84e309997d3e658fefd79df30b798b965f939ada,0.716,8,COMPLETED,sbm_k8_r3_rep1_q01_supp-jstar,6.104649622466552,46084,supp-jstar,7549,0.9211247921921313
1.0,0.5304485803119049,14600629/27525060,sbm_k8_r3_rep1,True,1,4246,0.2222222222222222,2.387396791949868,0.4067049808429119,1.0,1,results/m4/dev_ablations_v12_002/raw/sbm_k8_r3_rep1_q01_supp-jstar+2.json.gz,d42f0ad244de9967c0e1e7dc7bc69adb0815cea0a7cc1f70e3a5bbe4e053667e,1.0,8,COMPLETED,sbm_k8_r3_rep1_q01_supp-jstar+2,8.081226053639847,84368,supp-jstar+2,10440,2.387396791949868
1.0,0.5304485803119049,14600629/27525060,sbm_k8_r3_rep1,True,1,4246,0.2222222222222222,0.8775681252591312,0.4067049808429119,1.0,1,results/m4/dev_ablations_v12_002/raw/sbm_k8_r3_rep1_q01_full.json.gz,eea4af1b5b67477b51c1d84fab468873a6e2b8d3c80402bad5ab55b63f5a0b8c,1.0,8,COMPLETED,sbm_k8_r3_rep1_q01_full,8.081226053639847,84368,full,10440,0.8775681252591312
1.0,0.5304485803119049,14600629/27525060,sbm_k8_r3_rep1,True,1,4246,0.3762227238525207,1.2505747503601015,0.4067049808429119,1.0,1,results/m4/dev_ablations_v12_002/raw/sbm_k8_r3_rep1_q01_patience-2.json.gz,82cb99268dedc1ba37a76cc4cbf6b453bdaf84c7898ef958205048f806b23abd,1.0,8,COMPLETED,sbm_k8_r3_rep1_q01_patience-2,4.414176245210728,46084,patience-2,10440,1.2505747503601015
1.0,0.5304485803119049,14600629/27525060,sbm_k8_r3_rep1,True,1,4246,0.35919540229885055,1.057443665806204,0.4067049808429119,1.0,1,results/m4/dev_ablations_v12_002/raw/sbm_k8_r3_rep1_q01_ZR-mact.json.gz,31b85a1dcdfd71a8394c4a969558016db47fcb1384dab33c0cdd593fe6c42cc1,1.0,8,COMPLETED,sbm_k8_r3_rep1_q01_ZR-mact,4.672892720306513,48785,ZR-mact,10440,1.057443665806204
0.9754098360655737,0.5486143524857664,115459169/210455976,sbm_k8_r3_rep1,True,1,4294,0.9754098360655737,2.7810744591988623,0.43034676287833235,1.0,1,results/m4/dev_ablations_v12_002/raw/sbm_k8_r3_rep1_q01_sqrt2-grid.json.gz,137d60c1e40036820d7ef08a773ae183431f42a56ebc52123da2f008b72b7827,0.952,8,COMPLETED,sbm_k8_r3_rep1_q01_sqrt2-grid,2.4515935057125677,24462,sqrt2-grid,9978,2.7810744591988623
0.9339019189765458,0.5779076307932438,4656285/8057144,sbm_k8_r3_rep1,True,1,4302,0.9339019189765458,1.8447923343628645,0.46924083769633507,1.0,1,results/m4/dev_ablations_v12_002/raw/sbm_k8_r3_rep1_q01_fixed-grid.json.gz,93692f88000c2b21b8dba74a089649b615ed1e12fdff0f804851aa51f77b54af,0.876,8,COMPLETED,sbm_k8_r3_rep1_q01_fixed-grid,1.9082678883071553,17495,fixed-grid,9168,1.8447923343628645
0.9959839357429718,0.531703070794947,116251385/218639672,sbm_k8_r3_rep1,True,1,4238,0.2222222222222222,2.3536589997820556,0.4088365811306193,1.0,1,results/m4/dev_ablations_v12_002/raw/sbm_k8_r3_rep1_q01_ZR-budgetM.json.gz,b7e5b3ccc29dbca0698328e47c8a5e6040f6278267d67db7e2482ae61c1f6dad,0.992,8,COMPLETED,sbm_k8_r3_rep1_q01_ZR-budgetM,8.1389156858962,84368,ZR-budgetM,10366,2.3536589997820556
0.9711934156378601,0.5530782754281865,461254937/833977680,sbm_k8_r3_rep1,True,1,4309,0.3762227238525207,1.309253124985844,0.4359129994941831,1.0,1,results/m4/dev_ablations_v12_002/raw/sbm_k8_r3_rep1_q01_ordering-bfs.json.gz,ab45052a64a5d573239c2329b2bec370e3f8e4e82815dd7ed857767ac6ec70aa,0.944,8,COMPLETED,sbm_k8_r3_rep1_q01_ordering-bfs,4.662013151239251,46084,ordering-bfs,9885,1.309253124985844
0.9106753812636166,0.5874951586820482,86789701/147728368,sbm_k8_r3_rep1,True,1,4235,0.3762227238525207,1.2125269998796284,0.48372358652198744,1.0,1,results/m4/dev_ablations_v12_002/raw/sbm_k8_r3_rep1_q01_ordering-random.json.gz,422e4da19f968ce7792b94444fb2f6417efea0524c7a187c1a8829ef20dc3d24,0.836,8,COMPLETED,sbm_k8_r3_rep1_q01_ordering-random,5.263735008566534,46084,ordering-random,8755,1.2125269998796284
1.0,0.5304485803119049,14600629/27525060,sbm_k8_r3_rep1,True,1,4246,0.3762227238525207,1.7644130839034915,0.4067049808429119,1.0,1,results/m4/dev_ablations_v12_002/raw/sbm_k8_r3_rep1_q01_multi-start.json.gz,e17890aaa983c909085352942e207eb55399378503c34546a295766a0d4ca03e,1.0,8,COMPLETED,sbm_k8_r3_rep1_q01_multi-start,4.414176245210728,46084,multi-start,10440,1.7644130839034915
1.0,0.5304485803119049,14600629/27525060,sbm_k8_r3_rep1,True,1,4246,0.3762227238525207,2.622669625096023,0.4067049808429119,1.0,1,results/m4/dev_ablations_v12_002/raw/sbm_k8_r3_rep1_q01_diffusion-TL-star.json.gz,ff579bc3410349dbafd2a28d61035ce5ebbe997c91d93c82a51f493c774e7f8e,1.0,8,COMPLETED,sbm_k8_r3_rep1_q01_diffusion-TL-star,4.414176245210728,46084,diffusion-TL-star,10440,2.622669625096023
0.6511627906976745,0.7695862060527459,12579887/16346300,sbm_k8_r3_rep1,True,1,6132,0.3762227238525207,1.0275104157626629,0.6593548387096774,0.6905829596412556,1,results/m4/dev_ablations_v12_002/raw/sbm_k8_r3_rep1_q01_no-refinement.json.gz,19b2a1b7657ec8b86631a622a4430b9f1d6e8509ae8a6362825352f0fa8efcbd,0.616,8,COMPLETED,sbm_k8_r3_rep1_q01_no-refinement,4.955268817204301,46084,no-refinement,9300,1.0275104157626629
0.3762227238525207,0.9437640317937278,70188101/74370392,sbm_k8_r3_rep1,True,1,18356,0.3762227238525207,1.2541209170594811,0.47640799377108745,0.23169601482854496,1,results/m4/dev_ablations_v12_002/raw/sbm_k8_r3_rep1_q01_hull-best.json.gz,9463d2b971f62a2398c10eb9765b64f374cfe1635875b060a42036e9644f0df7,1.0,8,COMPLETED,sbm_k8_r3_rep1_q01_hull-best,1.0053667262969588,46084,hull-best,45838,1.2541209170594811
1.0,0.5304485803119049,14600629/27525060,sbm_k8_r3_rep1,True,1,4246,0.3762227238525207,1.2417834582738578,0.4067049808429119,1.0,1,results/m4/dev_ablations_v12_002/raw/sbm_k8_r3_rep1_q01_conductance-sweep.json.gz,144c540f9aa4984f220fb33304d65b6275d6e7cb0e2fff486423b897f89d2eb3,1.0,8,COMPLETED,sbm_k8_r3_rep1_q01_conductance-sweep,4.414176245210728,46084,conductance-sweep,10440,1.2417834582738578
0.8038277511961722,0.6551635163651931,406534633/620508656,sbm_k8_r3_rep2,True,1,4137,0.8038277511961722,0.8192315408959985,0.5703846684130705,1.0,0,results/m4/dev_ablations_v12_002/raw/sbm_k8_r3_rep2_q00_R-cap-0.25.json.gz,fba9a06344cdab8df119982a1332035fada92a794b4d46a9f986493727f209e9,0.672,82,COMPLETED,sbm_k8_r3_rep2_q00_R-cap-0.25,6.6861988142837445,48495,R-cap-0.25,7253,0.8192315408959985
0.8452655889145496,0.6303741683324314,106376473/168751320,sbm_k8_r3_rep2,True,1,4246,0.8505747126436781,0.9282956658862531,0.538149556400507,1.0,0,results/m4/dev_ablations_v12_002/raw/sbm_k8_r3_rep2_q00_R-cap-0.5.json.gz,1973abcc27df444e19b8bc18a682c4e879660aa04b0204ba78427a1d77a9dc3d,0.732,82,COMPLETED,sbm_k8_r3_rep2_q00_R-cap-0.5,6.14638783269962,48495,R-cap-0.5,7890,0.9282956658862531
0.9154013015184381,0.5860826098803386,457031017/779806480,sbm_k8_r3_rep2,True,1,4371,0.9154013015184381,1.5963404579088092,0.4795392210641799,1.0,0,results/m4/dev_ablations_v12_002/raw/sbm_k8_r3_rep2_q00_R-cap-1.json.gz,ee070897b430cbe5ffdb10d9a217495528189c0e3bbd6d0ee076ae39ec251887,0.844,82,COMPLETED,sbm_k8_r3_rep2_q00_R-cap-1,5.320351069665387,48495,R-cap-1,9115,1.5963404579088092
0.6737400530503979,0.7171178193199338,331233313/461895248,sbm_k8_r3_rep2,True,1,3531,0.6807387862796834,0.6217310829088092,0.6540100018521948,1.0,0,results/m4/dev_ablations_v12_002/raw/sbm_k8_r3_rep2_q00_supp-jstar.json.gz,50f1ce07a4d68d25eee1bfd5a8e4327d0573327814c2ca23440bba8685f71b7c,0.508,82,COMPLETED,sbm_k8_r3_rep2_q00_supp-jstar,8.982218929431376,48495,supp-jstar,5399,0.6217310829088092
0.9858012170385395,0.5392478476318261,121124113/224616776,sbm_k8_r3_rep2,True,1,4374,0.2222222222222222,2.3361799591220915,0.4164920967434774,1.0,0,results/m4/dev_ablations_v12_002/raw/sbm_k8_r3_rep2_q00_supp-jstar+2.json.gz,48f4f3fbf2e3a5e882177c1a34d488f993a23e1d47c68d9ae6b251168033acad,0.972,82,COMPLETED,sbm_k8_r3_rep2_q00_supp-jstar+2,8.146257855646544,85552,supp-jstar+2,10502,2.3361799591220915
0.9858012170385395,0.5392478476318261,121124113/224616776,sbm_k8_r3_rep2,True,1,4374,0.2222222222222222,0.9181482908315957,0.4164920967434774,1.0,0,results/m4/dev_ablations_v12_002/raw/sbm_k8_r3_rep2_q00_full.json.gz,cbae612a088775cff53921d11355817dbeed4a8620e83da44867b582f082efef,0.972,82,COMPLETED,sbm_k8_r3_rep2_q00_full,8.146257855646544,85552,full,10502,0.9181482908315957
0.9858012170385395,0.5392478476318261,121124113/224616776,sbm_k8_r3_rep2,True,1,4374,0.36270939548434084,0.6579903750680387,0.4164920967434774,1.0,0,results/m4/dev_ablations_v12_002/raw/sbm_k8_r3_rep2_q00_patience-2.json.gz,5aa69675bd8526ea5929f60d246c5cba5bbc1b81c3f671e252e1670f1ce941ce,0.972,82,COMPLETED,sbm_k8_r3_rep2_q00_patience-2,4.617691868215578,48495,patience-2,10502,0.6579903750680387
0.9495798319327731,0.5717164924455551,287355/502618,sbm_k8_r3_rep2,True,1,4472,0.9495798319327731,1.6532614999450743,0.4574468085106383,1.0,0,results/m4/dev_ablations_v12_002/raw/sbm_k8_r3_rep2_q00_ZR-mact.json.gz,7280e2fe6da8aa0dded72df9d9d1d994ce683a193e56ef137ea62b631d2728e4,0.904,82,COMPLETED,sbm_k8_r3_rep2_q00_ZR-mact,2.568126022913257,25106,ZR-mact,9776,1.6532614999450743
0.9177489177489178,0.5857531484040153,114732233/195871304,sbm_k8_r3_rep2,True,1,4384,0.9200863930885529,1.5726347086019814,0.47870714129722647,1.0,0,results/m4/dev_ablations_v12_002/raw/sbm_k8_r3_rep2_q00_sqrt2-grid.json.gz,aaefdd0025b69f73a6c3b986a60394b2e9903bd7f3f5e67a218be5d00da52b97,0.848,82,COMPLETED,sbm_k8_r3_rep2_q00_sqrt2-grid,2.4676785324306616,22599,sqrt2-grid,9158,1.5726347086019814
0.8123515439429929,0.6554137489317191,416446425/635394704,sbm_k8_r3_rep2,True,1,4223,0.8151658767772512,1.3206682093441486,0.5686010502221623,1.0,0,results/m4/dev_ablations_v12_002/raw/sbm_k8_r3_rep2_q00_fixed-grid.json.gz,fe777d1b9d896baeef98b241302f56701398af667a239c99f93e87776d380411,0.684,82,COMPLETED,sbm_k8_r3_rep2_q00_fixed-grid,2.1739598761276424,16146,fixed-grid,7427,1.3206682093441486
0.98989898989899,0.5378707569166895,97139605/180600272,sbm_k8_r3_rep2,True,1,4375,0.2222222222222222,2.343041999731213,0.4144954997631454,1.0,0,results/m4/dev_ablations_v12_002/raw/sbm_k8_r3_rep2_q00_ZR-budgetM.json.gz,63d9d81ee9cd48a9281c10847c5345e92df7c2854dfd18c7f0a67acdf06beb4f,0.98,82,COMPLETED,sbm_k8_r3_rep2_q00_ZR-budgetM,8.105352913311227,85552,ZR-budgetM,10555,2.343041999731213
0.9539748953974896,0.5677163544764332,29955097/52764196,sbm_k8_r3_rep2,True,1,4464,0.36270939548434084,0.7019806248135865,0.4523713011755168,1.0,0,results/m4/dev_ablations_v12_002/raw/sbm_k8_r3_rep2_q00_ordering-bfs.json.gz,96d48baae15c9277c37af804f8e120a5250123e2a6bf6b0d1c0b9c85ad590e7e,0.912,82,COMPLETED,sbm_k8_r3_rep2_q00_ordering-bfs,4.914369679773004,48495,ordering-bfs,9868,0.7019806248135865
0.839907192575406,0.6367689046616666,422685905/663797968,sbm_k8_r3_rep2,True,1,4237,0.36270939548434084,0.6574607091024518,0.5460755251965459,1.0,0,results/m4/dev_ablations_v12_002/raw/sbm_k8_r3_rep2_q00_ordering-random.json.gz,af5cc848f3219a6f50a4158c6855ca367f6e526a3b701b2f98c09450556ac184,0.724,82,COMPLETED,sbm_k8_r3_rep2_q00_ordering-random,6.250161103234953,48495,ordering-random,7759,0.6574607091024518
0.9979959919839679,0.5352439432809927,15317153/28617144,sbm_k8_r3_rep2,True,1,4390,0.36270939548434084,1.1981694167479873,0.4101270553064275,1.0,0,results/m4/dev_ablations_v12_002/raw/sbm_k8_r3_rep2_q00_multi-start.json.gz,5caa7a31e123e4161366bcf0a7b7e28f47a71827b486d0b520914a69014f53cb,0.996,82,COMPLETED,sbm_k8_r3_rep2_q00_multi-start,4.53054932735426,48495,multi-start,10704,1.1981694167479873
0.9858012170385395,0.5392478476318261,121124113/224616776,sbm_k8_r3_rep2,True,1,4374,0.36270939548434084,2.045396416913718,0.4164920967434774,1.0,0,results/m4/dev_ablations_v12_002/raw/sbm_k8_r3_rep2_q00_diffusion-TL-star.json.gz,83d1b7a380d64cf608d07228d635bf9e3a962b24c6e48f9a538ef43e129c3095,0.972,82,COMPLETED,sbm_k8_r3_rep2_q00_diffusion-TL-star,4.617691868215578,48495,diffusion-TL-star,10502,2.045396416913718
0.5339168490153173,0.8243775706672289,617183089/748665552,sbm_k8_r3_rep2,True,1,6319,0.36270939548434084,0.4616720420308411,0.7220889041252428,0.5893719806763285,0,results/m4/dev_ablations_v12_002/raw/sbm_k8_r3_rep2_q00_no-refinement.json.gz,4fdcd2a8ef5c23d7c0220303ba09559ab59f1dc44ecf69a62d3ec3895737f4c1,0.488,82,COMPLETED,sbm_k8_r3_rep2_q00_no-refinement,5.541652382584847,48495,no-refinement,8751,0.4616720420308411
0.36270939548434084,0.9531669466570599,246776581/258901740,sbm_k8_r3_rep2,True,1,18748,0.36270939548434084,0.663143124897033,0.5049014327264892,0.22172751558325912,0,results/m4/dev_ablations_v12_002/raw/sbm_k8_r3_rep2_q00_hull-best.json.gz,a5e92da4a4a78d4eecdb088f2c3b08225cf90a83b02f3bd1c6b732d2631d3ec0,0.996,82,COMPLETED,sbm_k8_r3_rep2_q00_hull-best,1.001548946716233,48495,hull-best,48420,0.663143124897033
0.9858012170385395,0.5392478476318261,121124113/224616776,sbm_k8_r3_rep2,True,1,4374,0.36270939548434084,0.6700982498005033,0.4164920967434774,1.0,0,results/m4/dev_ablations_v12_002/raw/sbm_k8_r3_rep2_q00_conductance-sweep.json.gz,65015129cf7c10755806e3a8bc325cceac75024825d7d260a4b3f963183744af,0.972,82,COMPLETED,sbm_k8_r3_rep2_q00_conductance-sweep,4.617691868215578,48495,conductance-sweep,10502,0.6700982498005033
0.9200863930885529,0.5857717266029352,153198323/261532464,sbm_k8_r3_rep2,True,1,4389,0.9200863930885529,0.8201178340241313,0.4785737651292116,1.0,1,results/m4/dev_ablations_v12_002/raw/sbm_k8_r3_rep2_q01_R-cap-0.25.json.gz,69f9ae79adea6a27a9379a3ace083c507b720ac0efcac524aa7325eaaff6686b,0.852,13,COMPLETED,sbm_k8_r3_rep2_q01_R-cap-0.25,5.178715516301385,47494,R-cap-0.25,9171,0.8201178340241313
0.9626556016597511,0.557155637765193,476705457/855605552,sbm_k8_r3_rep2,True,1,4403,0.9626556016597511,1.0047584995627403,0.44025597440255976,1.0,1,results/m4/dev_ablations_v12_002/raw/sbm_k8_r3_rep2_q01_R-cap-0.5.json.gz,15412de02e07bffd3a956f0a053307dfe3301f98490d399d3889af2b1f762977,0.928,13,COMPLETED,sbm_k8_r3_rep2_q01_R-cap-0.5,4.748925107489251,47494,R-cap-0.5,10001,1.0047584995627403
0.983739837398374,0.5430465701392145,121280489/223333496,sbm_k8_r3_rep2,True,1,4396,0.983739837398374,1.8110894998535514,0.42099214709825705,1.0,1,results/m4/dev_ablations_v12_002/raw/sbm_k8_r3_rep2_q01_R-cap-1.json.gz,b3ef4543571706bda22adaeb06591b2ad684414569c1f5b55d1466606ab7400c,0.968,13,COMPLETED,sbm_k8_r3_rep2_q01_R-cap-1,4.548362382685309,47494,R-cap-1,10442,1.8110894998535514
0.8864142538975501,0.6117946640982599,28093633/45920036,sbm_k8_r3_rep2,True,1,4392,0.8864142538975501,1.274161874782294,0.5114112715416861,1.0,1,results/m4/dev_ablations_v12_002/raw/sbm_k8_r3_rep2_q01_supp-jstar.json.gz,628c8a8570204a304a2ada78bff0b928bf7557a4f0c627127d11b8f3b399bbcf,0.796,13,COMPLETED,sbm_k8_r3_rep2_q01_supp-jstar,5.530274802049371,47494,supp-jstar,8588,1.274161874782294
1.0,0.534356747095576,491027913/918914032,sbm_k8_r3_rep2,True,1,4391,0.2222222222222222,2.3679172080010176,0.40880737361511965,1.0,1,results/m4/dev_ablations_v12_002/raw/sbm_k8_r3_rep2_q01_supp-jstar+2.json.gz,81dcd64f2c25b39f17d5b5517c2c5a594305653a74fa69866a2049b2ce94ee62,1.0,13,COMPLETED,sbm_k8_r3_rep2_q01_supp-jstar+2,7.9649939484219345,85552,supp-jstar+2,10741,2.3679172080010176
1.0,0.534356747095576,491027913/918914032,sbm_k8_r3_rep2,True,1,4391,0.2222222222222222,0.9009574591182172,0.40880737361511965,1.0,1,results/m4/dev_ablations_v12_002/raw/sbm_k8_r3_rep2_q01_full.json.gz,e86d7ca0faae8d77e113231f5c97b1f032c3fd73a3edc5a9c01d40cff3044dcc,1.0,13,COMPLETED,sbm_k8_r3_rep2_q01_full,7.9649939484219345,85552,full,10741,0.9009574591182172
1.0,0.534356747095576,491027913/918914032,sbm_k8_r3_rep2,True,1,4391,0.373134328358209,0.8993747080676258,0.40880737361511965,1.0,1,results/m4/dev_ablations_v12_002/raw/sbm_k8_r3_rep2_q01_patience-2.json.gz,1cade3d9c639434f707180b00c446dc6ea756299927af011c0c757c48bbed244,1.0,13,COMPLETED,sbm_k8_r3_rep2_q01_patience-2,4.421748440554883,47494,patience-2,10741,0.8993747080676258
0.9816700610997964,0.5451903702055322,484658337/888970832,sbm_k8_r3_rep2,True,1,4403,0.9816700610997964,2.802402792032808,0.4237320758348571,1.0,1,results/m4/dev_ablations_v12_002/raw/sbm_k8_r3_rep2_q01_ZR-mact.json.gz,5c5981947852fddb778f2e84ffa135f05a8dff4214589ba718091bd5ae811744,0.964,13,COMPLETED,sbm_k8_r3_rep2_q01_ZR-mact,2.204985083245116,22912,ZR-mact,10391,2.802402792032808
0.9878542510121457,0.5410269857444671,15216503/28125220,sbm_k8_r3_rep2,True,1,4398,0.9878542510121457,2.8973195417784154,0.4180608365019011,1.0,1,results/m4/dev_ablations_v12_002/raw/sbm_k8_r3_rep2_q01_sqrt2-grid.json.gz,a8633692023b032fec354e107dff1a18c5565b8e0461ed0bc51df2bc832737bd,0.976,13,COMPLETED,sbm_k8_r3_rep2_q01_sqrt2-grid,2.27680608365019,23952,sqrt2-grid,10520,2.8973195417784154
0.9539748953974896,0.5658393762390602,118722313/209816280,sbm_k8_r3_rep2,True,1,4426,0.9539748953974896,1.9676085412502289,0.4511722731906218,1.0,1,results/m4/dev_ablations_v12_002/raw/sbm_k8_r3_rep2_q01_fixed-grid.json.gz,b8fea8c9d91dc89975aa060868f63adfe0a6880aa5bdde3c7683131bdda609b3,0.912,13,COMPLETED,sbm_k8_r3_rep2_q01_fixed-grid,1.8155963302752294,17811,fixed-grid,9810,1.9676085412502289
1.0,0.534356747095576,491027913/918914032,sbm_k8_r3_rep2,True,1,4391,0.2222222222222222,2.20181787526235,0.40880737361511965,1.0,1,results/m4/dev_ablations_v12_002/raw/sbm_k8_r3_rep2_q01_ZR-budgetM.json.gz,9d6be5839e7b350a1ce0981bf37070d6d2904480df24acb0d8e54f23180f8e01,1.0,13,COMPLETED,sbm_k8_r3_rep2_q01_ZR-budgetM,7.9649939484219345,85552,ZR-budgetM,10741,2.20181787526235
0.9754098360655737,0.553187639007337,7584041/13709708,sbm_k8_r3_rep2,True,1,4444,0.373134328358209,0.8966509997844696,0.4333073322932917,1.0,1,results/m4/dev_ablations_v12_002/raw/sbm_k8_r3_rep2_q01_ordering-bfs.json.gz,873d33557e842b0159e7b581739be0f4925ee1314750139b8b6b7e0a32581522,0.952,13,COMPLETED,sbm_k8_r3_rep2_q01_ordering-bfs,4.63085023400936,47494,ordering-bfs,10256,0.8966509997844696
0.9082969432314411,0.5979108323881094,984685/1646876,sbm_k8_r3_rep2,True,1,4408,0.373134328358209,0.8074233341030777,0.4935064935064935,1.0,1,results/m4/dev_ablations_v12_002/raw/sbm_k8_r3_rep2_q01_ordering-random.json.gz,8ff513e96fcd5bcd6c63344af59763f66d51b4d6d47474335362f784cb8c30d6,0.832,13,COMPLETED,sbm_k8_r3_rep2_q01_ordering-random,5.317286162113748,47494,ordering-random,8932,0.8074233341030777
1.0,0.534356747095576,491027913/918914032,sbm_k8_r3_rep2,True,1,4391,0.373134328358209,1.4088794169947505,0.40880737361511965,1.0,1,results/m4/dev_ablations_v12_002/raw/sbm_k8_r3_rep2_q01_multi-start.json.gz,bf03233aa864e569e6e77e966d7e2e25121b1870ba931c9f60a2970e904caa25,1.0,13,COMPLETED,sbm_k8_r3_rep2_q01_multi-start,4.421748440554883,47494,multi-start,10741,1.4088794169947505
1.0,0.534356747095576,491027913/918914032,sbm_k8_r3_rep2,True,1,4391,0.373134328358209,2.2834029169753194,0.40880737361511965,1.0,1,results/m4/dev_ablations_v12_002/raw/sbm_k8_r3_rep2_q01_diffusion-TL-star.json.gz,68c3bbfd682c042739fc3bc57596f77302294b18229d3e66acdd087274b672d6,1.0,13,COMPLETED,sbm_k8_r3_rep2_q01_diffusion-TL-star,4.421748440554883,47494,diffusion-TL-star,10741,2.2834029169753194
0.7221006564551422,0.7230601432965956,896959/1240504,sbm_k8_r3_rep2,True,1,5436,0.373134328358209,0.688773459289223,0.6206896551724138,0.7971014492753623,1,results/m4/dev_ablations_v12_002/raw/sbm_k8_r3_rep2_q01_no-refinement.json.gz,3e67355f52b2031b3dcec34c51df15a572111e46575a3ffb7f8a6b19fa25cec7,0.66,13,COMPLETED,sbm_k8_r3_rep2_q01_no-refinement,5.42292760904316,47494,no-refinement,8758,0.688773459289223
0.373134328358209,0.9504391916392501,962367865/1012550696,sbm_k8_r3_rep2,True,1,18798,0.373134328358209,0.8925086669623852,0.4919654540696153,0.22935779816513763,1,results/m4/dev_ablations_v12_002/raw/sbm_k8_r3_rep2_q01_hull-best.json.gz,b1e1651f5ba60e3e9038e7f98c56f9fc02102b5eb9820c4a7276691be49e4dda,1.0,13,COMPLETED,sbm_k8_r3_rep2_q01_hull-best,1.0032106797346965,47494,hull-best,47342,0.8925086669623852
1.0,0.534356747095576,491027913/918914032,sbm_k8_r3_rep2,True,1,4391,0.373134328358209,0.8839884586632252,0.40880737361511965,1.0,1,results/m4/dev_ablations_v12_002/raw/sbm_k8_r3_rep2_q01_conductance-sweep.json.gz,8900839e163edd9ac1761934e502442ec7e2d924f67015cc1daec849e49b7fc8,1.0,13,COMPLETED,sbm_k8_r3_rep2_q01_conductance-sweep,4.421748440554883,47494,conductance-sweep,10741,0.8839884586632252
