F1_difference,Z_difference,Z_difference_exact,ablation_F1,ablation_Z,ablation_completion_claim,ablation_status,ablation_task,ablation_touched_over_output,ablation_wrapper_seconds,case_id,main_F1,main_Z,main_completion_claim,main_status,main_task,main_touched_over_output,main_wrapper_seconds,pair_completed,query_index,seed,touched_over_output_difference,variant,wrapper_seconds_difference,wrapper_seconds_ratio
0.0,0.0,0,1.0,0.22698670081913533,True,COMPLETED,lfr_n1000_o00_m20_s11_q00_R-cap-0.25,21.161125319693095,0.11531645804643631,lfr_n1000_o00_m20_s11,1.0,0.22698670081913533,True,COMPLETED,lfr_n1000_o00_m20_s11_q00_main,21.161125319693095,0.6640271251089871,True,0,550,0.0,R-cap-0.25,-0.5487106670625508,0.1736622702385981
0.0,0.0,0,1.0,0.22698670081913533,True,COMPLETED,lfr_n1000_o00_m20_s11_q01_R-cap-0.25,7.5038363171355495,0.13506295857951045,lfr_n1000_o00_m20_s11,1.0,0.22698670081913533,True,COMPLETED,lfr_n1000_o00_m20_s11_q01_main,7.5038363171355495,0.34656883403658867,True,1,381,0.0,R-cap-0.25,-0.21150587545707822,0.3897146693959541
0.0,0.0,0,1.0,0.24107032012059945,True,COMPLETED,lfr_n1000_o00_m20_s12_q00_R-cap-0.25,4.908333333333333,0.1725004157051444,lfr_n1000_o00_m20_s12,1.0,0.24107032012059945,True,COMPLETED,lfr_n1000_o00_m20_s12_q00_main,4.908333333333333,0.4729446666315198,True,0,609,0.0,R-cap-0.25,-0.3004442509263754,0.36473699330146536
0.0,0.0,0,1.0,0.24107032012059945,True,COMPLETED,lfr_n1000_o00_m20_s12_q01_R-cap-0.25,3.4630952380952382,0.18468212522566319,lfr_n1000_o00_m20_s12,1.0,0.24107032012059945,True,COMPLETED,lfr_n1000_o00_m20_s12_q01_main,3.4630952380952382,0.41246987506747246,True,1,416,0.0,R-cap-0.25,-0.22778774984180927,0.44774694199292153
0.0,0.0,0,1.0,0.5228045340436144,True,COMPLETED,lfr_n1000_o00_m50_s11_q00_R-cap-0.25,6.289795918367347,0.18791829096153378,lfr_n1000_o00_m50_s11,1.0,0.5228045340436144,True,COMPLETED,lfr_n1000_o00_m50_s11_q00_main,6.289795918367347,0.36907995818182826,True,0,599,0.0,R-cap-0.25,-0.18116166722029448,0.5091533332973754
0.0,0.0,0,1.0,0.5228045340436144,True,COMPLETED,lfr_n1000_o00_m50_s11_q01_R-cap-0.25,12.83265306122449,0.1704927501268685,lfr_n1000_o00_m50_s11,1.0,0.5228045340436144,True,COMPLETED,lfr_n1000_o00_m50_s11_q01_main,12.83265306122449,0.5794138750061393,True,1,394,0.0,R-cap-0.25,-0.4089211248792708,0.294250375217649
-0.28358208955223885,0.14002752185307601,7636481/54535572,0.7164179104477612,0.6839209828036643,True,COMPLETED,lfr_n1000_o00_m50_s12_q00_R-cap-0.25,11.736263736263735,0.16375254187732935,lfr_n1000_o00_m50_s12,1.0,0.5438934609505883,True,COMPLETED,lfr_n1000_o00_m50_s12_q00_main,7.655913978494624,0.6270211250521243,True,0,523,4.0803497577691115,R-cap-0.25,-0.4632685831747949,0.2611595292961088
-0.07692307692307687,0.04580856497623718,841883/18378288,0.9230769230769231,0.5897020259268255,True,COMPLETED,lfr_n1000_o00_m50_s12_q01_R-cap-0.25,7.0040760869565215,0.3025743751786649,lfr_n1000_o00_m50_s12,1.0,0.5438934609505883,True,COMPLETED,lfr_n1000_o00_m50_s12_q01_main,6.158900836320191,0.5028406670317054,True,1,333,0.8451752506363306,R-cap-0.25,-0.20026629185304046,0.6017301205266018
-0.25786163522012584,0.19901956478923324,2695722577/13545012923,0.7421383647798742,0.6950215357748266,True,COMPLETED,sbm_k4_r0_rep0_q00_R-cap-0.25,1.939081053175013,0.21620704187080264,sbm_k4_r0_rep0,1.0,0.4960019709855934,True,COMPLETED,sbm_k4_r0_rep0_q00_main,1.1532084740558797,0.28551187505945563,True,0,13,0.7858725791191332,R-cap-0.25,-0.06930483318865299,0.7572611185639099
0.0,0.0,0,1.0,0.4960019709855934,True,COMPLETED,sbm_k4_r0_rep0_q01_R-cap-0.25,2.9829597789376727,0.3678858750499785,sbm_k4_r0_rep0,1.0,0.4960019709855934,True,COMPLETED,sbm_k4_r0_rep0_q01_main,2.9829597789376727,0.26039879210293293,True,1,97,0.0,R-cap-0.25,0.10748708294704556,1.4127787309572353
0.0,0.0,0,1.0,0.4868836118836119,True,COMPLETED,sbm_k4_r0_rep1_q00_R-cap-0.25,2.382173382173382,0.38173658261075616,sbm_k4_r0_rep1,1.0,0.4868836118836119,True,COMPLETED,sbm_k4_r0_rep1_q00_main,2.382173382173382,0.2870351248420775,True,0,55,0.0,R-cap-0.25,0.09470145776867867,1.3299298572632252
0.0,0.0,0,1.0,0.4868836118836119,True,COMPLETED,sbm_k4_r0_rep1_q01_R-cap-0.25,3.419261294261294,0.3026172909885645,sbm_k4_r0_rep1,1.0,0.4868836118836119,True,COMPLETED,sbm_k4_r0_rep1_q01_main,3.419261294261294,0.2144496669061482,True,1,67,0.0,R-cap-0.25,0.0881676240824163,1.411134348466962
-0.2195121951219512,0.17704874797276882,1777869119/10041692694,0.7804878048780488,0.6638399785907648,True,COMPLETED,sbm_k4_r0_rep2_q00_R-cap-0.25,1.7967479674796747,0.24877408426254988,sbm_k4_r0_rep2,1.0,0.48679123061799606,True,COMPLETED,sbm_k4_r0_rep2_q00_main,1.1506784474597664,0.34254141710698605,True,0,14,0.6460695200199082,R-cap-0.25,-0.09376733284443617,0.726259867678571
0.0,0.0,0,1.0,0.48679123061799606,True,COMPLETED,sbm_k4_r0_rep2_q01_R-cap-0.25,2.5763647838434838,0.41546666668727994,sbm_k4_r0_rep2,1.0,0.48679123061799606,True,COMPLETED,sbm_k4_r0_rep2_q01_main,2.5763647838434838,0.2517542503774166,True,1,88,0.0,R-cap-0.25,0.16371241630986333,1.6502866031633403
0.0,0.0,0,1.0,0.4191931368412593,True,COMPLETED,sbm_k4_r1_rep0_q00_R-cap-0.25,2.546175637393768,0.24983212491497397,sbm_k4_r1_rep0,1.0,0.4191931368412593,True,COMPLETED,sbm_k4_r1_rep0_q00_main,2.546175637393768,0.1908959997817874,True,0,27,0.0,R-cap-0.25,0.05893612513318658,1.308734207110449
0.0,0.0,0,1.0,0.4191931368412593,True,COMPLETED,sbm_k4_r1_rep0_q01_R-cap-0.25,3.631728045325779,0.20880020828917623,sbm_k4_r1_rep0,1.0,0.4191931368412593,True,COMPLETED,sbm_k4_r1_rep0_q01_main,3.631728045325779,0.21883841697126627,True,1,49,0.0,R-cap-0.25,-0.010038208682090044,0.9541295864728903
-0.08108108108108103,0.06767584714991,5362987261/79245218004,0.918918918918919,0.4887340169478121,True,COMPLETED,sbm_k4_r1_rep1_q00_R-cap-0.25,2.6811829704257395,0.209949417039752,sbm_k4_r1_rep1,1.0,0.4210581697979021,True,COMPLETED,sbm_k4_r1_rep1_q00_main,2.2878535773710484,0.20578404096886516,True,0,85,0.39332939305469106,R-cap-0.25,0.00416537607088685,1.0202414922521472
0.0,0.0,0,1.0,0.4210581697979021,True,COMPLETED,sbm_k4_r1_rep1_q01_R-cap-0.25,1.6209095951192456,0.2925240839831531,sbm_k4_r1_rep1,1.0,0.4210581697979021,True,COMPLETED,sbm_k4_r1_rep1_q01_main,1.6209095951192456,0.25448699994012713,True,1,2,0.0,R-cap-0.25,0.03803708404302597,1.1494657253689773
0.0,0.0,0,1.0,0.4176294591876948,True,COMPLETED,sbm_k4_r1_rep2_q00_R-cap-0.25,3.462416481069042,0.29626716719940305,sbm_k4_r1_rep2,1.0,0.4176294591876948,True,COMPLETED,sbm_k4_r1_rep2_q00_main,3.462416481069042,0.1682867077179253,True,0,70,0.0,R-cap-0.25,0.12798045948147774,1.7604906009332175
-0.45985401459854014,0.3390019595546077,1482566237/4373326452,0.5401459854014599,0.7566314187423024,True,COMPLETED,sbm_k4_r1_rep2_q01_R-cap-0.25,2.853982300884956,0.10736862476915121,sbm_k4_r1_rep2,1.0,0.4176294591876948,True,COMPLETED,sbm_k4_r1_rep2_q01_main,1.0773942093541202,0.19102470763027668,True,1,43,1.7765880915308356,R-cap-0.25,-0.08365608286112547,0.5620666881320943
-0.15107913669064743,0.13632157946641466,21832139047/160151746572,0.8489208633093526,0.5767263995180701,True,COMPLETED,sbm_k4_r2_rep0_q00_R-cap-0.25,1.5164238788917452,0.11655058432370424,sbm_k4_r2_rep0,1.0,0.44040482005165554,True,COMPLETED,sbm_k4_r2_rep0_q00_main,1.1111343658434492,0.23521258402615786,True,0,51,0.4052895130482961,R-cap-0.25,-0.11866199970245361,0.4955116870394261
-0.09589041095890416,0.08611466124689351,1941079393/22540637853,0.9041095890410958,0.5265194812985491,True,COMPLETED,sbm_k4_r2_rep0_q01_R-cap-0.25,1.4439370877727042,0.1128450408577919,sbm_k4_r2_rep0,1.0,0.44040482005165554,True,COMPLETED,sbm_k4_r2_rep0_q01_main,1.1912934282126413,0.28062945837154984,True,1,75,0.25264365956006296,R-cap-0.25,-0.16778441751375794,0.4021140243530189
0.0,0.0,0,1.0,0.45524621704949575,True,COMPLETED,sbm_k4_r2_rep1_q00_R-cap-0.25,3.8635299127102405,0.3159102499485016,sbm_k4_r2_rep1,1.0,0.45524621704949575,True,COMPLETED,sbm_k4_r2_rep1_q00_main,3.8635299127102405,0.20859991712495685,True,0,25,0.0,R-cap-0.25,0.10731033282354474,1.5144313300913874
-0.11111111111111116,0.10411088146961396,118168979/1135030050,0.8888888888888888,0.5593570985191096,True,COMPLETED,sbm_k4_r2_rep1_q01_R-cap-0.25,1.4631550944400107,0.10382287483662367,sbm_k4_r2_rep1,1.0,0.45524621704949575,True,COMPLETED,sbm_k4_r2_rep1_q01_main,1.17096018735363,0.28671474987640977,True,1,74,0.29219490708638074,R-cap-0.25,-0.1828918750397861,0.3621120813679003
-0.13475177304964536,0.12117030643147994,10646731/87865842,0.8652482269503546,0.5621457046603693,True,COMPLETED,sbm_k4_r2_rep2_q00_R-cap-0.25,1.501679731243001,0.11231504194438457,sbm_k4_r2_rep2,1.0,0.4409753982288893,True,COMPLETED,sbm_k4_r2_rep2_q00_main,1.1383701188455009,0.23804612504318357,True,0,38,0.36330961239750015,R-cap-0.25,-0.125731083098799,0.4718205008546545
-0.19402985074626866,0.16137381036858284,11019481/68285436,0.8059701492537313,0.6023492085974721,True,COMPLETED,sbm_k4_r2_rep2_q01_R-cap-0.25,1.8113992955491514,0.12976183323189616,sbm_k4_r2_rep2,1.0,0.4409753982288893,True,COMPLETED,sbm_k4_r2_rep2_q01_main,1.2005517826825127,0.25564691703766584,True,1,9,0.6108475128666386,R-cap-0.25,-0.12588508380576968,0.5075822338697621
-0.18764845605700708,0.11868286029273291,83265299323/701578131144,0.8123515439429929,0.5878225387178632,True,COMPLETED,sbm_k4_r3_rep0_q00_R-cap-0.25,2.6896677619569185,0.2589054172858596,sbm_k4_r3_rep0,1.0,0.4691396784251302,True,COMPLETED,sbm_k4_r3_rep0_q00_main,1.8559012470084393,1.1888657910749316,True,0,214,0.8337665149484792,R-cap-0.25,-0.929960373789072,0.21777514268601017
-0.27226463104325704,0.15594886120391072,91255149529/585160730412,0.727735368956743,0.625088539629041,True,COMPLETED,sbm_k4_r3_rep0_q01_R-cap-0.25,2.7960166338367256,0.1800927920266986,sbm_k4_r3_rep0,1.0,0.4691396784251302,True,COMPLETED,sbm_k4_r3_rep0_q01_main,1.6091447285552336,1.0591747919097543,True,1,148,1.186871905281492,R-cap-0.25,-0.8790819998830557,0.1700312294083026
0.0,0.0,0,1.0,0.46940336756016154,True,COMPLETED,sbm_k4_r3_rep1_q00_R-cap-0.25,2.88484540017814,0.8779504997655749,sbm_k4_r3_rep1,1.0,0.46940336756016154,True,COMPLETED,sbm_k4_r3_rep1_q00_main,2.88484540017814,0.6229464579373598,True,0,178,0.0,R-cap-0.25,0.2550040418282151,1.4093514596303507
-0.5015015015015015,0.26959351915495444,158637761/588433140,0.4984984984984985,0.738996886715116,True,COMPLETED,sbm_k4_r3_rep1_q01_R-cap-0.25,3.637037037037037,0.1525344578549266,sbm_k4_r3_rep1,1.0,0.46940336756016154,True,COMPLETED,sbm_k4_r3_rep1_q01_main,1.1870466980531875,0.9565160828642547,True,1,109,2.4499903389838495,R-cap-0.25,-0.8039816250093281,0.1594687853006793
-0.14416475972540044,0.09538314670026408,647019067/6783368859,0.8558352402745996,0.5672911250277036,True,COMPLETED,sbm_k4_r3_rep2_q00_R-cap-0.25,2.9927512355848434,0.32892362494021654,sbm_k4_r3_rep2,1.0,0.4719079783274395,True,COMPLETED,sbm_k4_r3_rep2_q00_main,2.2213255074590363,1.3769099158234894,True,0,77,0.771425728125807,R-cap-0.25,-1.0479862908832729,0.2388853629131554
-0.3567567567567568,0.21180864195057522,169898845/802133678,0.6432432432432432,0.6837166202780147,True,COMPLETED,sbm_k4_r3_rep2_q01_R-cap-0.25,3.7951496388028896,0.2819668338634074,sbm_k4_r3_rep2,1.0,0.4719079783274395,True,COMPLETED,sbm_k4_r3_rep2_q01_main,1.7987282954267547,1.3732666252180934,True,1,34,1.9964213433761349,R-cap-0.25,-1.091299791354686,0.2053256291862676
0.0,0.0,0,1.0,0.5366906476218919,True,COMPLETED,sbm_k8_r0_rep0_q00_R-cap-0.25,5.948900772430184,0.6823226674459875,sbm_k8_r0_rep0,1.0,0.5366906476218919,True,COMPLETED,sbm_k8_r0_rep0_q00_main,5.948900772430184,0.3513062088750303,True,0,3,0.0,R-cap-0.25,0.3310164585709572,1.9422448286096454
-0.2738853503184714,0.19072281311060227,238121905/1248523452,0.7261146496815286,0.7274134607324941,True,COMPLETED,sbm_k8_r0_rep0_q01_R-cap-0.25,2.3042224510813596,0.20790100004523993,sbm_k8_r0_rep0,1.0,0.5366906476218919,True,COMPLETED,sbm_k8_r0_rep0_q01_main,1.3294117647058823,0.49305333383381367,True,1,90,0.9748106863754773,R-cap-0.25,-0.28515233378857374,0.4216602663015642
0.0,0.0,0,1.0,0.5431351729033689,True,COMPLETED,sbm_k8_r0_rep1_q00_R-cap-0.25,7.5578783896786526,0.8371731252409518,sbm_k8_r0_rep1,1.0,0.5431351729033689,True,COMPLETED,sbm_k8_r0_rep1_q00_main,7.5578783896786526,0.5074036251753569,True,0,42,0.0,R-cap-0.25,0.3297695000655949,1.6499155380524286
-0.2195121951219512,0.1541038181661972,1629214527/10572187934,0.7804878048780488,0.6972389910695661,True,COMPLETED,sbm_k8_r0_rep1_q01_R-cap-0.25,2.0258893648724157,0.2885017083026469,sbm_k8_r0_rep1,1.0,0.5431351729033689,True,COMPLETED,sbm_k8_r0_rep1_q01_main,1.299366861784733,0.6330142500810325,True,1,61,0.7265225030876827,R-cap-0.25,-0.34451254177838564,0.4557586314458412
0.0,0.0,0,1.0,0.5291951077122627,True,COMPLETED,sbm_k8_r0_rep2_q00_R-cap-0.25,3.387735849056604,0.5078235422261059,sbm_k8_r0_rep2,1.0,0.5291951077122627,True,COMPLETED,sbm_k8_r0_rep2_q00_main,3.387735849056604,0.26275454135611653,True,0,82,0.0,R-cap-0.25,0.2450690008699894,1.9326917799599226
-0.33333333333333337,0.22944590732283138,17640402361/76882619380,0.6666666666666666,0.7586410150350942,True,COMPLETED,sbm_k8_r0_rep2_q01_R-cap-0.25,2.8373339547890937,0.15010720817372203,sbm_k8_r0_rep2,1.0,0.5291951077122627,True,COMPLETED,sbm_k8_r0_rep2_q01_main,1.4357311320754718,0.8518950832076371,True,1,26,1.401602822713622,R-cap-0.25,-0.701787875033915,0.17620386727497472
0.0,0.0,0,1.0,0.45513596031441655,True,COMPLETED,sbm_k8_r1_rep0_q00_R-cap-0.25,4.730682331676458,0.31433045817539096,sbm_k8_r1_rep0,1.0,0.45513596031441655,True,COMPLETED,sbm_k8_r1_rep0_q00_main,4.730682331676458,0.5524148340336978,True,0,38,0.0,R-cap-0.25,-0.23808437585830688,0.5690116173748812
0.0,0.0,0,1.0,0.45513596031441655,True,COMPLETED,sbm_k8_r1_rep0_q01_R-cap-0.25,4.273384545865341,0.4359670002013445,sbm_k8_r1_rep0,1.0,0.45513596031441655,True,COMPLETED,sbm_k8_r1_rep0_q01_main,4.273384545865341,0.8993909172713757,True,1,21,0.0,R-cap-0.25,-0.46342391707003117,0.4847358271351088
0.0,0.0,0,1.0,0.4420380976631889,True,COMPLETED,sbm_k8_r1_rep1_q00_R-cap-0.25,6.92186067827681,0.3780044997110963,sbm_k8_r1_rep1,1.0,0.4420380976631889,True,COMPLETED,sbm_k8_r1_rep1_q00_main,6.92186067827681,0.27132362499833107,True,0,5,0.0,R-cap-0.25,0.10668087471276522,1.3931868251923194
0.0,0.0,0,1.0,0.4420380976631889,True,COMPLETED,sbm_k8_r1_rep1_q01_R-cap-0.25,6.146883593033913,0.3988888328894973,sbm_k8_r1_rep1,1.0,0.4420380976631889,True,COMPLETED,sbm_k8_r1_rep1_q01_main,6.146883593033913,0.24172295769676566,True,1,18,0.0,R-cap-0.25,0.15716587519273162,1.6501901047805794
0.0,0.0,0,1.0,0.43151623949986406,True,COMPLETED,sbm_k8_r1_rep2_q00_R-cap-0.25,4.674771358465313,0.4080721247009933,sbm_k8_r1_rep2,1.0,0.43151623949986406,True,COMPLETED,sbm_k8_r1_rep2_q00_main,4.674771358465313,0.25562133407220244,True,0,32,0.0,R-cap-0.25,0.15245079062879086,1.5963930639127712
-0.015228426395939132,0.009185006694056447,3126949007/340440580084,0.9847715736040609,0.44070124619392054,True,COMPLETED,sbm_k8_r1_rep2_q01_R-cap-0.25,1.3647900323027227,0.32821979094296694,sbm_k8_r1_rep2,1.0,0.43151623949986406,True,COMPLETED,sbm_k8_r1_rep2_q01_main,1.3194289538255632,0.40016125002875924,True,1,82,0.04536107847715942,R-cap-0.25,-0.0719414590857923,0.8202188265839785
-0.2698412698412699,0.22274131585366777,9203165473/41317729662,0.7301587301587301,0.7118382943254952,True,COMPLETED,sbm_k8_r2_rep0_q00_R-cap-0.25,2.445185614849188,0.17265412490814924,sbm_k8_r2_rep0,1.0,0.4890969784718274,True,COMPLETED,sbm_k8_r2_rep0_q00_main,1.4143600067102835,0.45780312502756715,True,0,51,1.0308256081389044,R-cap-0.25,-0.2851490001194179,0.37713618686581196
-0.25984251968503935,0.21201932428606218,237127223/1118422690,0.7401574803149606,0.7011163027578896,True,COMPLETED,sbm_k8_r2_rep0_q01_R-cap-0.25,2.525714285714286,0.1775292088277638,sbm_k8_r2_rep0,1.0,0.4890969784718274,True,COMPLETED,sbm_k8_r2_rep0_q01_main,1.482972655594699,0.4549224581569433,True,1,56,1.0427416301195869,R-cap-0.25,-0.2773932493291795,0.39024059077452306
0.0,0.0,0,1.0,0.4863952713952714,True,COMPLETED,sbm_k8_r2_rep1_q00_R-cap-0.25,1.344155844155844,0.3899605004116893,sbm_k8_r2_rep1,1.0,0.4863952713952714,True,COMPLETED,sbm_k8_r2_rep1_q00_main,1.344155844155844,0.39997837506234646,True,0,36,0.0,R-cap-0.25,-0.010017874650657177,0.974953959325687
-0.24031007751937983,0.1903341870119981,1162523471/6107801700,0.7596899224806202,0.6767294584072695,True,COMPLETED,sbm_k8_r2_rep1_q01_R-cap-0.25,2.3282855597620333,0.19423154229298234,sbm_k8_r2_rep1,1.0,0.4863952713952714,True,COMPLETED,sbm_k8_r2_rep1_q01_main,1.4335664335664335,0.3989607081748545,True,1,5,0.8947191261955998,R-cap-0.25,-0.20472916588187218,0.48684378765403513
-0.29032258064516125,0.21971747398868896,109951223441/500420933506,0.7096774193548387,0.7187299250455669,True,COMPLETED,sbm_k8_r2_rep2_q00_R-cap-0.25,2.3763945977686434,0.20835891691967845,sbm_k8_r2_rep2,1.0,0.49901245105687797,True,COMPLETED,sbm_k8_r2_rep2_q00_main,1.3314689916104623,0.3289012503810227,True,0,17,1.044925606158181,R-cap-0.25,-0.12054233346134424,0.6334999233912932
-0.25984251968503935,0.20123197425751005,105431200567/523928669666,0.7401574803149606,0.700244425314388,True,COMPLETED,sbm_k8_r2_rep2_q01_R-cap-0.25,2.3342680874929895,0.21753687504678965,sbm_k8_r2_rep2,1.0,0.49901245105687797,True,COMPLETED,sbm_k8_r2_rep2_q01_main,1.3693041618687285,0.48019604198634624,True,1,30,0.964963925624261,R-cap-0.25,-0.2626591669395566,0.45301680152743745
-0.21072324328769376,0.13047887199893754,88340944269/677051716616,0.7562189054726368,0.6884493724433824,True,COMPLETED,sbm_k8_r3_rep0_q00_R-cap-0.25,4.898696866273658,0.6476935418322682,sbm_k8_r3_rep0,0.9669421487603306,0.5579705004444449,True,COMPLETED,sbm_k8_r3_rep0_q00_main,3.1883077544426492,1.470810541883111,True,0,148,1.710389111831009,R-cap-0.25,-0.8231170000508428,0.4403650391321047
-0.03749703148500738,0.023651485829474937,103009102864/4355290978617,0.9604989604989606,0.5627165127478433,True,COMPLETED,sbm_k8_r3_rep0_q01_R-cap-0.25,5.089495755344175,1.0777778751216829,sbm_k8_r3_rep0,0.9979959919839679,0.5390650269183683,True,COMPLETED,sbm_k8_r3_rep0_q01_main,4.738596324159603,0.8242152919992805,True,1,13,0.3508994311845717,R-cap-0.25,0.25356258312240243,1.3076412019817558
-0.046025104602510414,0.03077002728587727,1014642323/32975021880,0.9539748953974896,0.5612186075977821,True,COMPLETED,sbm_k8_r3_rep1_q00_R-cap-0.25,4.729757929883139,0.6240972909145057,sbm_k8_r3_rep1,1.0,0.5304485803119049,True,COMPLETED,sbm_k8_r3_rep1_q00_main,4.341954022988506,1.001250292174518,True,0,146,0.38780390689463307,R-cap-0.25,-0.3771530012600124,0.6233179613451992
-0.0964912280701754,0.06164422540880303,19594196063/317859392880,0.9035087719298246,0.5920928057207079,True,COMPLETED,sbm_k8_r3_rep1_q01_R-cap-0.25,5.320863641611823,0.8446409581229091,sbm_k8_r3_rep1,1.0,0.5304485803119049,True,COMPLETED,sbm_k8_r3_rep1_q01_main,4.414176245210728,1.2166581661440432,True,1,8,0.9066873964010957,R-cap-0.25,-0.37201720802113414,0.694230295432801
-0.1819734658423673,0.1159156687333671,377686974705/3258290952656,0.8038277511961722,0.6551635163651931,True,COMPLETED,sbm_k8_r3_rep2_q00_R-cap-0.25,6.6861988142837445,0.8192315408959985,sbm_k8_r3_rep2,0.9858012170385395,0.5392478476318261,True,COMPLETED,sbm_k8_r3_rep2_q00_main,4.617691868215578,0.6432015411555767,True,0,82,2.068506946068166,R-cap-0.25,0.17602999974042177,1.2736778264308355
-0.07991360691144711,0.051414979507359265,72215428651/1404560097912,0.9200863930885529,0.5857717266029352,True,COMPLETED,sbm_k8_r3_rep2_q01_R-cap-0.25,5.178715516301385,0.8201178340241313,sbm_k8_r3_rep2,1.0,0.534356747095576,True,COMPLETED,sbm_k8_r3_rep2_q01_main,4.421748440554883,0.8902656668797135,True,1,13,0.7569670757465019,R-cap-0.25,-0.07014783285558224,0.9212057305304798
0.0,0.0,0,1.0,0.22698670081913533,True,COMPLETED,lfr_n1000_o00_m20_s11_q00_R-cap-0.5,21.161125319693095,0.130900832824409,lfr_n1000_o00_m20_s11,1.0,0.22698670081913533,True,COMPLETED,lfr_n1000_o00_m20_s11_q00_main,21.161125319693095,0.6640271251089871,True,0,550,0.0,R-cap-0.5,-0.5331262922845781,0.1971317554277985
0.0,0.0,0,1.0,0.22698670081913533,True,COMPLETED,lfr_n1000_o00_m20_s11_q01_R-cap-0.5,7.5038363171355495,0.1360990828834474,lfr_n1000_o00_m20_s11,1.0,0.22698670081913533,True,COMPLETED,lfr_n1000_o00_m20_s11_q01_main,7.5038363171355495,0.34656883403658867,True,1,381,0.0,R-cap-0.5,-0.21046975115314126,0.39270433321502557
0.0,0.0,0,1.0,0.24107032012059945,True,COMPLETED,lfr_n1000_o00_m20_s12_q00_R-cap-0.5,4.908333333333333,0.19036900019273162,lfr_n1000_o00_m20_s12,1.0,0.24107032012059945,True,COMPLETED,lfr_n1000_o00_m20_s12_q00_main,4.908333333333333,0.4729446666315198,True,0,609,0.0,R-cap-0.5,-0.2825756664387882,0.40251854735694004
0.0,0.0,0,1.0,0.24107032012059945,True,COMPLETED,lfr_n1000_o00_m20_s12_q01_R-cap-0.5,3.4630952380952382,0.19686124986037612,lfr_n1000_o00_m20_s12,1.0,0.24107032012059945,True,COMPLETED,lfr_n1000_o00_m20_s12_q01_main,3.4630952380952382,0.41246987506747246,True,1,416,0.0,R-cap-0.5,-0.21560862520709634,0.4772742490058777
0.0,0.0,0,1.0,0.5228045340436144,True,COMPLETED,lfr_n1000_o00_m50_s11_q00_R-cap-0.5,6.289795918367347,0.21131525002419949,lfr_n1000_o00_m50_s11,1.0,0.5228045340436144,True,COMPLETED,lfr_n1000_o00_m50_s11_q00_main,6.289795918367347,0.36907995818182826,True,0,599,0.0,R-cap-0.5,-0.15776470815762877,0.5725459899399209
0.0,0.0,0,1.0,0.5228045340436144,True,COMPLETED,lfr_n1000_o00_m50_s11_q01_R-cap-0.5,12.83265306122449,0.19761970778927207,lfr_n1000_o00_m50_s11,1.0,0.5228045340436144,True,COMPLETED,lfr_n1000_o00_m50_s11_q01_main,12.83265306122449,0.5794138750061393,True,1,394,0.0,R-cap-0.5,-0.3817941672168672,0.3410683042189457
-0.22857142857142854,0.1164737383991797,20905633/179487954,0.7714285714285715,0.6603671993497681,True,COMPLETED,lfr_n1000_o00_m50_s12_q00_R-cap-0.5,10.697829716193656,0.19337658397853374,lfr_n1000_o00_m50_s12,1.0,0.5438934609505883,True,COMPLETED,lfr_n1000_o00_m50_s12_q00_main,7.655913978494624,0.6270211250521243,True,0,523,3.041915737699032,R-cap-0.5,-0.4336445410735905,0.30840521356032197
-0.050000000000000044,0.031635665591699814,7270777/229828482,0.95,0.5755291265422882,True,COMPLETED,lfr_n1000_o00_m50_s12_q01_R-cap-0.5,6.720990873533246,0.3007295001298189,lfr_n1000_o00_m50_s12,1.0,0.5438934609505883,True,COMPLETED,lfr_n1000_o00_m50_s12_q01_main,6.158900836320191,0.5028406670317054,True,1,333,0.5620900372130553,R-cap-0.5,-0.20211116690188646,0.5980612147085096
-0.1560693641618497,0.11463282869921869,1915828869/16712741810,0.8439306358381503,0.610634799684812,True,COMPLETED,sbm_k4_r0_rep0_q00_R-cap-0.5,1.5715481171548118,0.24528004182502627,sbm_k4_r0_rep0,1.0,0.4960019709855934,True,COMPLETED,sbm_k4_r0_rep0_q00_main,1.1532084740558797,0.28551187505945563,True,0,13,0.4183396430989321,R-cap-0.5,-0.04023183323442936,0.8590887569000365
0.0,0.0,0,1.0,0.4960019709855934,True,COMPLETED,sbm_k4_r0_rep0_q01_R-cap-0.5,2.9829597789376727,0.45177079178392887,sbm_k4_r0_rep0,1.0,0.4960019709855934,True,COMPLETED,sbm_k4_r0_rep0_q01_main,2.9829597789376727,0.26039879210293293,True,1,97,0.0,R-cap-0.5,0.19137199968099594,1.7349189223786745
0.0,0.0,0,1.0,0.4868836118836119,True,COMPLETED,sbm_k4_r0_rep1_q00_R-cap-0.5,2.382173382173382,0.327457666862756,sbm_k4_r0_rep1,1.0,0.4868836118836119,True,COMPLETED,sbm_k4_r0_rep1_q00_main,2.382173382173382,0.2870351248420775,True,0,55,0.0,R-cap-0.5,0.04042254202067852,1.140827858760904
0.0,0.0,0,1.0,0.4868836118836119,True,COMPLETED,sbm_k4_r0_rep1_q01_R-cap-0.5,3.419261294261294,0.17143420781940222,sbm_k4_r0_rep1,1.0,0.4868836118836119,True,COMPLETED,sbm_k4_r0_rep1_q01_main,3.419261294261294,0.2144496669061482,True,1,67,0.0,R-cap-0.5,-0.04301545908674598,0.7994146612241124
-0.11111111111111116,0.0897141676239987,4636246913/51677979474,0.8888888888888888,0.5765053982419948,True,COMPLETED,sbm_k4_r0_rep2_q00_R-cap-0.5,1.4401658767772512,0.2814014172181487,sbm_k4_r0_rep2,1.0,0.48679123061799606,True,COMPLETED,sbm_k4_r0_rep2_q00_main,1.1506784474597664,0.34254141710698605,True,0,14,0.2894874293174847,R-cap-0.5,-0.06113999988883734,0.8215106353993349
0.0,0.0,0,1.0,0.48679123061799606,True,COMPLETED,sbm_k4_r0_rep2_q01_R-cap-0.5,2.5763647838434838,0.30121437506750226,sbm_k4_r0_rep2,1.0,0.48679123061799606,True,COMPLETED,sbm_k4_r0_rep2_q01_main,2.5763647838434838,0.2517542503774166,True,1,88,0.0,R-cap-0.5,0.04946012469008565,1.1964619251350779
0.0,0.0,0,1.0,0.4191931368412593,True,COMPLETED,sbm_k4_r1_rep0_q00_R-cap-0.5,2.546175637393768,0.3708182917907834,sbm_k4_r1_rep0,1.0,0.4191931368412593,True,COMPLETED,sbm_k4_r1_rep0_q00_main,2.546175637393768,0.1908959997817874,True,0,27,0.0,R-cap-0.5,0.179922292008996,1.942514731658414
0.0,0.0,0,1.0,0.4191931368412593,True,COMPLETED,sbm_k4_r1_rep0_q01_R-cap-0.5,3.631728045325779,0.278306916821748,sbm_k4_r1_rep0,1.0,0.4191931368412593,True,COMPLETED,sbm_k4_r1_rep0_q01_main,3.631728045325779,0.21883841697126627,True,1,49,0.0,R-cap-0.5,0.05946849985048175,1.271746161727582
0.0,0.0,0,1.0,0.4210581697979021,True,COMPLETED,sbm_k4_r1_rep1_q00_R-cap-0.5,2.2878535773710484,0.29376083333045244,sbm_k4_r1_rep1,1.0,0.4210581697979021,True,COMPLETED,sbm_k4_r1_rep1_q00_main,2.2878535773710484,0.20578404096886516,True,0,85,0.0,R-cap-0.5,0.08797679236158729,1.4275199959500167
0.0,0.0,0,1.0,0.4210581697979021,True,COMPLETED,sbm_k4_r1_rep1_q01_R-cap-0.5,1.6209095951192456,0.26400966569781303,sbm_k4_r1_rep1,1.0,0.4210581697979021,True,COMPLETED,sbm_k4_r1_rep1_q01_main,1.6209095951192456,0.25448699994012713,True,1,2,0.0,R-cap-0.5,0.0095226657576859,1.037419065649429
0.0,0.0,0,1.0,0.4176294591876948,True,COMPLETED,sbm_k4_r1_rep2_q00_R-cap-0.5,3.462416481069042,0.25896512484177947,sbm_k4_r1_rep2,1.0,0.4176294591876948,True,COMPLETED,sbm_k4_r1_rep2_q00_main,3.462416481069042,0.1682867077179253,True,0,70,0.0,R-cap-0.5,0.09067841712385416,1.5388329140994623
-0.3605442176870748,0.27099222961131325,2989063571/11030071140,0.6394557823129252,0.6886216887990081,True,COMPLETED,sbm_k4_r1_rep2_q01_R-cap-0.5,2.263157894736842,0.11300399992614985,sbm_k4_r1_rep2,1.0,0.4176294591876948,True,COMPLETED,sbm_k4_r1_rep2_q01_main,1.0773942093541202,0.19102470763027668,True,1,43,1.1857636853827218,R-cap-0.5,-0.07802070770412683,0.5915674539068848
-0.06666666666666665,0.05938688199510481,472014028/7948119385,0.9333333333333333,0.4997917020467603,True,COMPLETED,sbm_k4_r2_rep0_q00_R-cap-0.5,1.2731414868105515,0.1422441671602428,sbm_k4_r2_rep0,1.0,0.44040482005165554,True,COMPLETED,sbm_k4_r2_rep0_q00_main,1.1111343658434492,0.23521258402615786,True,0,51,0.16200712096710235,R-cap-0.5,-0.09296841686591506,0.6047472661769827
0.0,0.0,0,1.0,0.44040482005165554,True,COMPLETED,sbm_k4_r2_rep0_q01_R-cap-0.5,1.1912934282126413,0.11320820869877934,sbm_k4_r2_rep0,1.0,0.44040482005165554,True,COMPLETED,sbm_k4_r2_rep0_q01_main,1.1912934282126413,0.28062945837154984,True,1,75,0.0,R-cap-0.5,-0.1674212496727705,0.40340814309270806
0.0,0.0,0,1.0,0.45524621704949575,True,COMPLETED,sbm_k4_r2_rep1_q00_R-cap-0.5,3.8635299127102405,0.26299816695973277,sbm_k4_r2_rep1,1.0,0.45524621704949575,True,COMPLETED,sbm_k4_r2_rep1_q00_main,3.8635299127102405,0.20859991712495685,True,0,25,0.0,R-cap-0.5,0.054398249834775925,1.2607779072231842
-0.019108280254777066,0.016430824481560392,7136812/434355075,0.9808917197452229,0.4716770415310561,True,COMPLETED,sbm_k4_r2_rep1_q01_R-cap-0.5,1.2165450121654502,0.11009662505239248,sbm_k4_r2_rep1,1.0,0.45524621704949575,True,COMPLETED,sbm_k4_r2_rep1_q01_main,1.17096018735363,0.28671474987640977,True,1,74,0.045584824811820246,R-cap-0.5,-0.1766181248240173,0.38399358630782104
-0.04575163398692805,0.042326735049190475,107224283/2533251924,0.954248366013072,0.48330213327807975,True,COMPLETED,sbm_k4_r2_rep2_q00_R-cap-0.5,1.250058261477511,0.11144658410921693,sbm_k4_r2_rep2,1.0,0.4409753982288893,True,COMPLETED,sbm_k4_r2_rep2_q00_main,1.1383701188455009,0.23804612504318357,True,0,38,0.11168814263201021,R-cap-0.5,-0.12659954093396664,0.4681722253995925
-0.12676056338028174,0.10454136871376654,13901858/132979491,0.8732394366197183,0.5455167669426558,True,COMPLETED,sbm_k4_r2_rep2_q01_R-cap-0.5,1.5696448390677025,0.16503787506371737,sbm_k4_r2_rep2,1.0,0.4409753982288893,True,COMPLETED,sbm_k4_r2_rep2_q01_main,1.2005517826825127,0.25564691703766584,True,1,9,0.36909305638518974,R-cap-0.5,-0.09060904197394848,0.6455695886189836
-0.08459869848156187,0.05660765459269175,4882775723/86256456978,0.9154013015184381,0.525747333017822,True,COMPLETED,sbm_k4_r3_rep0_q00_R-cap-0.5,2.187676317743133,0.316447916906327,sbm_k4_r3_rep0,1.0,0.4691396784251302,True,COMPLETED,sbm_k4_r3_rep0_q00_main,1.8559012470084393,1.1888657910749316,True,0,214,0.3317750707346936,R-cap-0.5,-0.8724178741686046,0.26617631635292127
-0.182033096926714,0.11072163861991101,9841153145/88881931912,0.817966903073286,0.5798613170450412,True,COMPLETED,sbm_k4_r3_rep0_q01_R-cap-0.5,2.300972622478386,0.20570337492972612,sbm_k4_r3_rep0,1.0,0.4691396784251302,True,COMPLETED,sbm_k4_r3_rep0_q01_main,1.6091447285552336,1.0591747919097543,True,1,148,0.6918278939231524,R-cap-0.5,-0.8534714169800282,0.19421098056802397
0.0,0.0,0,1.0,0.46940336756016154,True,COMPLETED,sbm_k4_r3_rep1_q00_R-cap-0.5,2.88484540017814,1.0605281246826053,sbm_k4_r3_rep1,1.0,0.46940336756016154,True,COMPLETED,sbm_k4_r3_rep1_q00_main,2.88484540017814,0.6229464579373598,True,0,178,0.0,R-cap-0.5,0.43758166674524546,1.7024386464835575
-0.4245014245014245,0.23889902771948474,326448955/1366472514,0.5754985754985755,0.7083023952796463,True,COMPLETED,sbm_k4_r3_rep1_q01_R-cap-0.5,2.9757575757575756,0.17008712515234947,sbm_k4_r3_rep1,1.0,0.46940336756016154,True,COMPLETED,sbm_k4_r3_rep1_q01_main,1.1870466980531875,0.9565160828642547,True,1,109,1.788710877704388,R-cap-0.5,-0.7864289577119052,0.17781940962563786
-0.048218029350104774,0.03324430939041074,276034186/8303201091,0.9517819706498952,0.5051522877178503,True,COMPLETED,sbm_k4_r3_rep2_q00_R-cap-0.5,2.4449528936742935,0.39012049976736307,sbm_k4_r3_rep2,1.0,0.4719079783274395,True,COMPLETED,sbm_k4_r3_rep2_q00_main,2.2213255074590363,1.3769099158234894,True,0,77,0.22362738621525713,R-cap-0.5,-0.9867894160561264,0.2833304454300799
-0.26262626262626265,0.1696207372956779,62553214/368782821,0.7373737373737373,0.6415287156231174,True,COMPLETED,sbm_k4_r3_rep2_q01_R-cap-0.5,3.0955387205387206,0.33984370809048414,sbm_k4_r3_rep2,1.0,0.4719079783274395,True,COMPLETED,sbm_k4_r3_rep2_q01_main,1.7987282954267547,1.3732666252180934,True,1,34,1.2968104251119659,R-cap-0.5,-1.0334229171276093,0.24747103137128404
0.0,0.0,0,1.0,0.5366906476218919,True,COMPLETED,sbm_k8_r0_rep0_q00_R-cap-0.5,5.948900772430184,0.6358617092482746,sbm_k8_r0_rep0,1.0,0.5366906476218919,True,COMPLETED,sbm_k8_r0_rep0_q00_main,5.948900772430184,0.3513062088750303,True,0,3,0.0,R-cap-0.5,0.2845555003732443,1.8099928016770943
-0.2738853503184714,0.19072281311060227,238121905/1248523452,0.7261146496815286,0.7274134607324941,True,COMPLETED,sbm_k8_r0_rep0_q01_R-cap-0.5,2.3042224510813596,0.2943314998410642,sbm_k8_r0_rep0,1.0,0.5366906476218919,True,COMPLETED,sbm_k8_r0_rep0_q01_main,1.3294117647058823,0.49305333383381367,True,1,90,0.9748106863754773,R-cap-0.5,-0.19872183399274945,0.5969567177498698
0.0,0.0,0,1.0,0.5431351729033689,True,COMPLETED,sbm_k8_r0_rep1_q00_R-cap-0.5,7.5578783896786526,0.8125748750753701,sbm_k8_r0_rep1,1.0,0.5431351729033689,True,COMPLETED,sbm_k8_r0_rep1_q00_main,7.5578783896786526,0.5074036251753569,True,0,42,0.0,R-cap-0.5,0.3051712499000132,1.601436873444779
-0.2195121951219512,0.1541038181661972,1629214527/10572187934,0.7804878048780488,0.6972389910695661,True,COMPLETED,sbm_k8_r0_rep1_q01_R-cap-0.5,2.0258893648724157,0.35098691703751683,sbm_k8_r0_rep1,1.0,0.5431351729033689,True,COMPLETED,sbm_k8_r0_rep1_q01_main,1.299366861784733,0.6330142500810325,True,1,61,0.7265225030876827,R-cap-0.5,-0.2820273330435157,0.5544692192831153
0.0,0.0,0,1.0,0.5291951077122627,True,COMPLETED,sbm_k8_r0_rep2_q00_R-cap-0.5,3.387735849056604,0.3935388750396669,sbm_k8_r0_rep2,1.0,0.5291951077122627,True,COMPLETED,sbm_k8_r0_rep2_q00_main,3.387735849056604,0.26275454135611653,True,0,82,0.0,R-cap-0.5,0.13078433368355036,1.4977433806036322
-0.33333333333333337,0.22944590732283138,17640402361/76882619380,0.6666666666666666,0.7586410150350942,True,COMPLETED,sbm_k8_r0_rep2_q01_R-cap-0.5,2.8373339547890937,0.22138770809397101,sbm_k8_r0_rep2,1.0,0.5291951077122627,True,COMPLETED,sbm_k8_r0_rep2_q01_main,1.4357311320754718,0.8518950832076371,True,1,26,1.401602822713622,R-cap-0.5,-0.6305073751136661,0.2598767294915951
0.0,0.0,0,1.0,0.45513596031441655,True,COMPLETED,sbm_k8_r1_rep0_q00_R-cap-0.5,4.730682331676458,0.3936425419524312,sbm_k8_r1_rep0,1.0,0.45513596031441655,True,COMPLETED,sbm_k8_r1_rep0_q00_main,4.730682331676458,0.5524148340336978,True,0,38,0.0,R-cap-0.5,-0.15877229208126664,0.7125850315750547
0.0,0.0,0,1.0,0.45513596031441655,True,COMPLETED,sbm_k8_r1_rep0_q01_R-cap-0.5,4.273384545865341,0.34645575005561113,sbm_k8_r1_rep0,1.0,0.45513596031441655,True,COMPLETED,sbm_k8_r1_rep0_q01_main,4.273384545865341,0.8993909172713757,True,1,21,0.0,R-cap-0.5,-0.5529351672157645,0.3852115286050572
0.0,0.0,0,1.0,0.4420380976631889,True,COMPLETED,sbm_k8_r1_rep1_q00_R-cap-0.5,6.92186067827681,0.4893863331526518,sbm_k8_r1_rep1,1.0,0.4420380976631889,True,COMPLETED,sbm_k8_r1_rep1_q00_main,6.92186067827681,0.27132362499833107,True,0,5,0.0,R-cap-0.5,0.21806270815432072,1.8036996710318243
0.0,0.0,0,1.0,0.4420380976631889,True,COMPLETED,sbm_k8_r1_rep1_q01_R-cap-0.5,6.146883593033913,0.486261916346848,sbm_k8_r1_rep1,1.0,0.4420380976631889,True,COMPLETED,sbm_k8_r1_rep1_q01_main,6.146883593033913,0.24172295769676566,True,1,18,0.0,R-cap-0.5,0.24453895865008235,2.0116497041908996
0.0,0.0,0,1.0,0.43151623949986406,True,COMPLETED,sbm_k8_r1_rep2_q00_R-cap-0.5,4.674771358465313,0.32712366664782166,sbm_k8_r1_rep2,1.0,0.43151623949986406,True,COMPLETED,sbm_k8_r1_rep2_q00_main,4.674771358465313,0.25562133407220244,True,0,32,0.0,R-cap-0.5,0.07150233257561922,1.279719737928536
0.0,0.0,0,1.0,0.43151623949986406,True,COMPLETED,sbm_k8_r1_rep2_q01_R-cap-0.5,1.3194289538255632,0.4008652912452817,sbm_k8_r1_rep2,1.0,0.43151623949986406,True,COMPLETED,sbm_k8_r1_rep2_q01_main,1.3194289538255632,0.40016125002875924,True,1,82,0.0,R-cap-0.5,0.0007040412165224552,1.0017593937855598
-0.2698412698412699,0.22274131585366777,9203165473/41317729662,0.7301587301587301,0.7118382943254952,True,COMPLETED,sbm_k8_r2_rep0_q00_R-cap-0.5,2.445185614849188,0.2577423327602446,sbm_k8_r2_rep0,1.0,0.4890969784718274,True,COMPLETED,sbm_k8_r2_rep0_q00_main,1.4143600067102835,0.45780312502756715,True,0,51,1.0308256081389044,R-cap-0.5,-0.20006079226732254,0.5629981943542312
-0.25984251968503935,0.21201932428606218,237127223/1118422690,0.7401574803149606,0.7011163027578896,True,COMPLETED,sbm_k8_r2_rep0_q01_R-cap-0.5,2.525714285714286,0.1892874171026051,sbm_k8_r2_rep0,1.0,0.4890969784718274,True,COMPLETED,sbm_k8_r2_rep0_q01_main,1.482972655594699,0.4549224581569433,True,1,56,1.0427416301195869,R-cap-0.5,-0.2656350410543382,0.4160872115865139
0.0,0.0,0,1.0,0.4863952713952714,True,COMPLETED,sbm_k8_r2_rep1_q00_R-cap-0.5,1.344155844155844,0.39048212487250566,sbm_k8_r2_rep1,1.0,0.4863952713952714,True,COMPLETED,sbm_k8_r2_rep1_q00_main,1.344155844155844,0.39997837506234646,True,0,36,0.0,R-cap-0.5,-0.009496250189840794,0.9762580909821423
-0.24031007751937983,0.1903341870119981,1162523471/6107801700,0.7596899224806202,0.6767294584072695,True,COMPLETED,sbm_k8_r2_rep1_q01_R-cap-0.5,2.3282855597620333,0.2460085842758417,sbm_k8_r2_rep1,1.0,0.4863952713952714,True,COMPLETED,sbm_k8_r2_rep1_q01_main,1.4335664335664335,0.3989607081748545,True,1,5,0.8947191261955998,R-cap-0.5,-0.1529521238990128,0.6166235903311619
-0.29032258064516125,0.21971747398868896,109951223441/500420933506,0.7096774193548387,0.7187299250455669,True,COMPLETED,sbm_k8_r2_rep2_q00_R-cap-0.5,2.3763945977686434,0.22842054115608335,sbm_k8_r2_rep2,1.0,0.49901245105687797,True,COMPLETED,sbm_k8_r2_rep2_q00_main,1.3314689916104623,0.3289012503810227,True,0,17,1.044925606158181,R-cap-0.5,-0.10048070922493935,0.6944958126229823
-0.25984251968503935,0.20123197425751005,105431200567/523928669666,0.7401574803149606,0.700244425314388,True,COMPLETED,sbm_k8_r2_rep2_q01_R-cap-0.5,2.3342680874929895,0.27191204112023115,sbm_k8_r2_rep2,1.0,0.49901245105687797,True,COMPLETED,sbm_k8_r2_rep2_q01_main,1.3693041618687285,0.48019604198634624,True,1,30,0.964963925624261,R-cap-0.5,-0.2082840008661151,0.5662521498416737
-0.1517762719830794,0.09574475165235635,146281734959/1527830324216,0.8151658767772512,0.6537152520968013,True,COMPLETED,sbm_k8_r3_rep0_q00_R-cap-0.5,4.34167468719923,0.8386939577758312,sbm_k8_r3_rep0,0.9669421487603306,0.5579705004444449,True,COMPLETED,sbm_k8_r3_rep0_q00_main,3.1883077544426492,1.470810541883111,True,0,148,1.153366932756581,R-cap-0.5,-0.6321165841072798,0.5702256911362853
-0.02469003715850593,0.018076195790526432,80579115699/4457747450447,0.973305954825462,0.5571412227088948,True,COMPLETED,sbm_k8_r3_rep0_q01_R-cap-0.5,4.972519236534426,1.326155750080943,sbm_k8_r3_rep0,0.9979959919839679,0.5390650269183683,True,COMPLETED,sbm_k8_r3_rep0_q01_main,4.738596324159603,0.8242152919992805,True,1,13,0.23392291237482254,R-cap-0.5,0.5019404580816627,1.6089919259616223
-0.026694045174537995,0.017713363834658807,59915879/3382524040,0.973305954825462,0.5481619441465637,True,COMPLETED,sbm_k8_r3_rep1_q00_R-cap-0.5,4.553948161543098,0.9220609171316028,sbm_k8_r3_rep1,1.0,0.5304485803119049,True,COMPLETED,sbm_k8_r3_rep1_q00_main,4.341954022988506,1.001250292174518,True,0,146,0.21199413855459248,R-cap-0.5,-0.07918937504291534,0.9209095111763397
-0.04384133611691021,0.032852032909003785,8682648607/264295626120,0.9561586638830898,0.5633006132209086,True,COMPLETED,sbm_k8_r3_rep1_q01_R-cap-0.5,4.799416788169132,1.1772581250406802,sbm_k8_r3_rep1,1.0,0.5304485803119049,True,COMPLETED,sbm_k8_r3_rep1_q01_main,4.414176245210728,1.2166581661440432,True,1,8,0.38524054295840404,R-cap-0.5,-0.03940004110336304,0.9676161783155299
-0.1405356281239899,0.09112632070060538,40374116969/443056590660,0.8452655889145496,0.6303741683324314,True,COMPLETED,sbm_k8_r3_rep2_q00_R-cap-0.5,6.14638783269962,0.9282956658862531,sbm_k8_r3_rep2,0.9858012170385395,0.5392478476318261,True,COMPLETED,sbm_k8_r3_rep2_q00_main,4.617691868215578,0.6432015411555767,True,0,82,1.5286959644840419,R-cap-0.5,0.2850941247306764,1.443242291084185
-0.03734439834024894,0.02279889066961703,52380788931/2297514808508,0.9626556016597511,0.557155637765193,True,COMPLETED,sbm_k8_r3_rep2_q01_R-cap-0.5,4.748925107489251,1.0047584995627403,sbm_k8_r3_rep2,1.0,0.534356747095576,True,COMPLETED,sbm_k8_r3_rep2_q01_main,4.421748440554883,0.8902656668797135,True,1,13,0.32717666693436787,R-cap-0.5,0.11449283268302679,1.1286052432913785
0.0,0.0,0,1.0,0.22698670081913533,True,COMPLETED,lfr_n1000_o00_m20_s11_q00_R-cap-1,21.161125319693095,0.13449166622012854,lfr_n1000_o00_m20_s11,1.0,0.22698670081913533,True,COMPLETED,lfr_n1000_o00_m20_s11_q00_main,21.161125319693095,0.6640271251089871,True,0,550,0.0,R-cap-1,-0.5295354588888586,0.20253941613914395
0.0,0.0,0,1.0,0.22698670081913533,True,COMPLETED,lfr_n1000_o00_m20_s11_q01_R-cap-1,7.5038363171355495,0.1622925424017012,lfr_n1000_o00_m20_s11,1.0,0.22698670081913533,True,COMPLETED,lfr_n1000_o00_m20_s11_q01_main,7.5038363171355495,0.34656883403658867,True,1,381,0.0,R-cap-1,-0.18427629163488746,0.4682837187390235
0.0,0.0,0,1.0,0.24107032012059945,True,COMPLETED,lfr_n1000_o00_m20_s12_q00_R-cap-1,4.908333333333333,0.28608670784160495,lfr_n1000_o00_m20_s12,1.0,0.24107032012059945,True,COMPLETED,lfr_n1000_o00_m20_s12_q00_main,4.908333333333333,0.4729446666315198,True,0,609,0.0,R-cap-1,-0.18685795878991485,0.6049052416199474
0.0,0.0,0,1.0,0.24107032012059945,True,COMPLETED,lfr_n1000_o00_m20_s12_q01_R-cap-1,3.4630952380952382,0.2687172503210604,lfr_n1000_o00_m20_s12,1.0,0.24107032012059945,True,COMPLETED,lfr_n1000_o00_m20_s12_q01_main,3.4630952380952382,0.41246987506747246,True,1,416,0.0,R-cap-1,-0.14375262474641204,0.6514833362729902
0.0,0.0,0,1.0,0.5228045340436144,True,COMPLETED,lfr_n1000_o00_m50_s11_q00_R-cap-1,6.289795918367347,0.2634637919254601,lfr_n1000_o00_m50_s11,1.0,0.5228045340436144,True,COMPLETED,lfr_n1000_o00_m50_s11_q00_main,6.289795918367347,0.36907995818182826,True,0,599,0.0,R-cap-1,-0.10561616625636816,0.7138393350409559
0.0,0.0,0,1.0,0.5228045340436144,True,COMPLETED,lfr_n1000_o00_m50_s11_q01_R-cap-1,12.83265306122449,0.20862641604617238,lfr_n1000_o00_m50_s11,1.0,0.5228045340436144,True,COMPLETED,lfr_n1000_o00_m50_s11_q01_main,12.83265306122449,0.5794138750061393,True,1,394,0.0,R-cap-1,-0.3707874589599669,0.36006458430765376
-0.10526315789473684,0.07981431582520748,5317333/66621294,0.8947368421052632,0.6237077767757958,True,COMPLETED,lfr_n1000_o00_m50_s12_q00_R-cap-1,9.6071964017991,0.22665225015953183,lfr_n1000_o00_m50_s12,1.0,0.5438934609505883,True,COMPLETED,lfr_n1000_o00_m50_s12_q00_main,7.655913978494624,0.6270211250521243,True,0,523,1.9512824233044768,R-cap-1,-0.40036887489259243,0.36147466345841256
-0.03703703703703709,0.01868850607124929,1489583/79705836,0.9629629629629629,0.5625819670218376,True,COMPLETED,lfr_n1000_o00_m50_s12_q01_R-cap-1,6.459899749373434,0.3722353749908507,lfr_n1000_o00_m50_s12,1.0,0.5438934609505883,True,COMPLETED,lfr_n1000_o00_m50_s12_q01_main,6.158900836320191,0.5028406670317054,True,1,333,0.30099891305324267,R-cap-1,-0.1306052920408547,0.740265056897994
0.0,0.0,0,1.0,0.4960019709855934,True,COMPLETED,sbm_k4_r0_rep0_q00_R-cap-1,1.1532084740558797,0.3060960406437516,sbm_k4_r0_rep0,1.0,0.4960019709855934,True,COMPLETED,sbm_k4_r0_rep0_q00_main,1.1532084740558797,0.28551187505945563,True,0,13,0.0,R-cap-1,0.020584165584295988,1.0720956547954774
0.0,0.0,0,1.0,0.4960019709855934,True,COMPLETED,sbm_k4_r0_rep0_q01_R-cap-1,2.9829597789376727,0.31437587505206466,sbm_k4_r0_rep0,1.0,0.4960019709855934,True,COMPLETED,sbm_k4_r0_rep0_q01_main,2.9829597789376727,0.26039879210293293,True,1,97,0.0,R-cap-1,0.05397708294913173,1.2072862263039805
0.0,0.0,0,1.0,0.4868836118836119,True,COMPLETED,sbm_k4_r0_rep1_q00_R-cap-1,2.382173382173382,0.24290237482637167,sbm_k4_r0_rep1,1.0,0.4868836118836119,True,COMPLETED,sbm_k4_r0_rep1_q00_main,2.382173382173382,0.2870351248420775,True,0,55,0.0,R-cap-1,-0.044132750015705824,0.8462461692101724
0.0,0.0,0,1.0,0.4868836118836119,True,COMPLETED,sbm_k4_r0_rep1_q01_R-cap-1,3.419261294261294,0.2050029169768095,sbm_k4_r0_rep1,1.0,0.4868836118836119,True,COMPLETED,sbm_k4_r0_rep1_q01_main,3.419261294261294,0.2144496669061482,True,1,67,0.0,R-cap-1,-0.009446749929338694,0.9559488710538638
0.0,0.0,0,1.0,0.48679123061799606,True,COMPLETED,sbm_k4_r0_rep2_q00_R-cap-1,1.1506784474597664,0.35011375043541193,sbm_k4_r0_rep2,1.0,0.48679123061799606,True,COMPLETED,sbm_k4_r0_rep2_q00_main,1.1506784474597664,0.34254141710698605,True,0,14,0.0,R-cap-1,0.007572333328425884,1.0221063291918968
0.0,0.0,0,1.0,0.48679123061799606,True,COMPLETED,sbm_k4_r0_rep2_q01_R-cap-1,2.5763647838434838,0.2869744999334216,sbm_k4_r0_rep2,1.0,0.48679123061799606,True,COMPLETED,sbm_k4_r0_rep2_q01_main,2.5763647838434838,0.2517542503774166,True,1,88,0.0,R-cap-1,0.035220249556005,1.139899324453131
0.0,0.0,0,1.0,0.4191931368412593,True,COMPLETED,sbm_k4_r1_rep0_q00_R-cap-1,2.546175637393768,0.2593842502683401,sbm_k4_r1_rep0,1.0,0.4191931368412593,True,COMPLETED,sbm_k4_r1_rep0_q00_main,2.546175637393768,0.1908959997817874,True,0,27,0.0,R-cap-1,0.06848825048655272,1.35877258069756
0.0,0.0,0,1.0,0.4191931368412593,True,COMPLETED,sbm_k4_r1_rep0_q01_R-cap-1,3.631728045325779,0.2648499170318246,sbm_k4_r1_rep0,1.0,0.4191931368412593,True,COMPLETED,sbm_k4_r1_rep0_q01_main,3.631728045325779,0.21883841697126627,True,1,49,0.0,R-cap-1,0.04601150006055832,1.2102533033155676
0.0,0.0,0,1.0,0.4210581697979021,True,COMPLETED,sbm_k4_r1_rep1_q00_R-cap-1,2.2878535773710484,0.2470287079922855,sbm_k4_r1_rep1,1.0,0.4210581697979021,True,COMPLETED,sbm_k4_r1_rep1_q00_main,2.2878535773710484,0.20578404096886516,True,0,85,0.0,R-cap-1,0.041244667023420334,1.2004269467604662
0.0,0.0,0,1.0,0.4210581697979021,True,COMPLETED,sbm_k4_r1_rep1_q01_R-cap-1,1.6209095951192456,0.25918595818802714,sbm_k4_r1_rep1,1.0,0.4210581697979021,True,COMPLETED,sbm_k4_r1_rep1_q01_main,1.6209095951192456,0.25448699994012713,True,1,2,0.0,R-cap-1,0.004698958247900009,1.0184644333463224
0.0,0.0,0,1.0,0.4176294591876948,True,COMPLETED,sbm_k4_r1_rep2_q00_R-cap-1,3.462416481069042,0.1790033751167357,sbm_k4_r1_rep2,1.0,0.4176294591876948,True,COMPLETED,sbm_k4_r1_rep2_q00_main,3.462416481069042,0.1682867077179253,True,0,70,0.0,R-cap-1,0.010716667398810387,1.0636810092973783
-0.2195121951219512,0.16891161939702587,629752017/3728293052,0.7804878048780488,0.5865410785847206,True,COMPLETED,sbm_k4_r1_rep2_q01_R-cap-1,1.6738754325259515,0.13536395831033587,sbm_k4_r1_rep2,1.0,0.4176294591876948,True,COMPLETED,sbm_k4_r1_rep2_q01_main,1.0773942093541202,0.19102470763027668,True,1,43,0.5964812231718313,R-cap-1,-0.055660749319940805,0.7086201569920959
0.0,0.0,0,1.0,0.44040482005165554,True,COMPLETED,sbm_k4_r2_rep0_q00_R-cap-1,1.1111343658434492,0.2475194172002375,sbm_k4_r2_rep0,1.0,0.44040482005165554,True,COMPLETED,sbm_k4_r2_rep0_q00_main,1.1111343658434492,0.23521258402615786,True,0,51,0.0,R-cap-1,0.012306833174079657,1.0523221715582658
0.0,0.0,0,1.0,0.44040482005165554,True,COMPLETED,sbm_k4_r2_rep0_q01_R-cap-1,1.1912934282126413,0.28183587500825524,sbm_k4_r2_rep0,1.0,0.44040482005165554,True,COMPLETED,sbm_k4_r2_rep0_q01_main,1.1912934282126413,0.28062945837154984,True,1,75,0.0,R-cap-1,0.0012064166367053986,1.0042989664866477
0.0,0.0,0,1.0,0.45524621704949575,True,COMPLETED,sbm_k4_r2_rep1_q00_R-cap-1,3.8635299127102405,0.2809838750399649,sbm_k4_r2_rep1,1.0,0.45524621704949575,True,COMPLETED,sbm_k4_r2_rep1_q00_main,3.8635299127102405,0.20859991712495685,True,0,25,0.0,R-cap-1,0.07238395791500807,1.346998977337312
0.0,0.0,0,1.0,0.45524621704949575,True,COMPLETED,sbm_k4_r2_rep1_q01_R-cap-1,1.17096018735363,0.2945237918756902,sbm_k4_r2_rep1,1.0,0.45524621704949575,True,COMPLETED,sbm_k4_r2_rep1_q01_main,1.17096018735363,0.28671474987640977,True,1,74,0.0,R-cap-1,0.007809041999280453,1.0272362757850673
0.0,0.0,0,1.0,0.4409753982288893,True,COMPLETED,sbm_k4_r2_rep2_q00_R-cap-1,1.1383701188455009,0.24458450032398105,sbm_k4_r2_rep2,1.0,0.4409753982288893,True,COMPLETED,sbm_k4_r2_rep2_q00_main,1.1383701188455009,0.23804612504318357,True,0,38,0.0,R-cap-1,0.0065383752807974815,1.0274668418971802
-0.019108280254777066,0.017833399530276187,1442363/80879868,0.9808917197452229,0.4588087977591655,True,COMPLETED,sbm_k4_r2_rep2_q01_R-cap-1,1.2512718425127185,0.1949905827641487,sbm_k4_r2_rep2,1.0,0.4409753982288893,True,COMPLETED,sbm_k4_r2_rep2_q01_main,1.2005517826825127,0.25564691703766584,True,1,9,0.05072005983020578,R-cap-1,-0.06065633427351713,0.7627339497132277
0.0,0.0,0,1.0,0.4691396784251302,True,COMPLETED,sbm_k4_r3_rep0_q00_R-cap-1,1.8559012470084393,0.7176135000772774,sbm_k4_r3_rep0,1.0,0.4691396784251302,True,COMPLETED,sbm_k4_r3_rep0_q00_main,1.8559012470084393,1.1888657910749316,True,0,214,0.0,R-cap-1,-0.4712522909976542,0.6036118672642065
-0.03305785123966942,0.020007035381878147,19199613583/959643106364,0.9669421487603306,0.48914671380700836,True,COMPLETED,sbm_k4_r3_rep0_q01_R-cap-1,1.7049245962898705,0.2635693750344217,sbm_k4_r3_rep0,1.0,0.4691396784251302,True,COMPLETED,sbm_k4_r3_rep0_q01_main,1.6091447285552336,1.0591747919097543,True,1,148,0.09577986773463687,R-cap-1,-0.7956054168753326,0.24884407847281811
0.0,0.0,0,1.0,0.46940336756016154,True,COMPLETED,sbm_k4_r3_rep1_q00_R-cap-1,2.88484540017814,1.0357585842721164,sbm_k4_r3_rep1,1.0,0.46940336756016154,True,COMPLETED,sbm_k4_r3_rep1_q00_main,2.88484540017814,0.6229464579373598,True,0,178,0.0,R-cap-1,0.4128121263347566,1.6626767374223785
-0.2953367875647669,0.18321416971188323,1700991007/9284167320,0.7046632124352331,0.6526175372720447,True,COMPLETED,sbm_k4_r3_rep1_q01_R-cap-1,2.189906103286385,0.21503974962979555,sbm_k4_r3_rep1,1.0,0.46940336756016154,True,COMPLETED,sbm_k4_r3_rep1_q01_main,1.1870466980531875,0.9565160828642547,True,1,109,1.0028594052331974,R-cap-1,-0.7414763332344592,0.22481561312159684
0.0,0.0,0,1.0,0.4719079783274395,True,COMPLETED,sbm_k4_r3_rep2_q00_R-cap-1,2.2213255074590363,0.6647772919386625,sbm_k4_r3_rep2,1.0,0.4719079783274395,True,COMPLETED,sbm_k4_r3_rep2_q00_main,2.2213255074590363,1.3769099158234894,True,0,77,0.0,R-cap-1,-0.7121326238848269,0.48280376537275405
-0.10619469026548678,0.07820840758170303,854963767/10931865172,0.8938053097345132,0.5501163859091425,True,COMPLETED,sbm_k4_r3_rep2_q01_R-cap-1,2.227775253672573,0.37846141681075096,sbm_k4_r3_rep2,1.0,0.4719079783274395,True,COMPLETED,sbm_k4_r3_rep2_q01_main,1.7987282954267547,1.3732666252180934,True,1,34,0.4290469582458183,R-cap-1,-0.9948052084073424,0.27559208813557684
0.0,0.0,0,1.0,0.5366906476218919,True,COMPLETED,sbm_k8_r0_rep0_q00_R-cap-1,5.948900772430184,0.5497027090750635,sbm_k8_r0_rep0,1.0,0.5366906476218919,True,COMPLETED,sbm_k8_r0_rep0_q00_main,5.948900772430184,0.3513062088750303,True,0,3,0.0,R-cap-1,0.1983965002000332,1.5647395212152613
-0.12994350282485878,0.08795041053686824,1630724537/18541409040,0.8700564971751412,0.62464105815876,True,COMPLETED,sbm_k8_r0_rep0_q01_R-cap-1,1.7239944521497919,0.35379683412611485,sbm_k8_r0_rep0,1.0,0.5366906476218919,True,COMPLETED,sbm_k8_r0_rep0_q01_main,1.3294117647058823,0.49305333383381367,True,1,90,0.39458268744390956,R-cap-1,-0.13925649970769882,0.7175630096142175
0.0,0.0,0,1.0,0.5431351729033689,True,COMPLETED,sbm_k8_r0_rep1_q00_R-cap-1,7.5578783896786526,0.9581571668386459,sbm_k8_r0_rep1,1.0,0.5431351729033689,True,COMPLETED,sbm_k8_r0_rep1_q00_main,7.5578783896786526,0.5074036251753569,True,0,42,0.0,R-cap-1,0.45075354166328907,1.8883530177923153
-0.02564102564102566,0.016689039344535504,14000990/838933249,0.9743589743589743,0.5598242122479044,True,COMPLETED,sbm_k8_r0_rep1_q01_R-cap-1,1.371453788929517,0.5821084999479353,sbm_k8_r0_rep1,1.0,0.5431351729033689,True,COMPLETED,sbm_k8_r0_rep1_q01_main,1.299366861784733,0.6330142500810325,True,1,61,0.07208692714478415,R-cap-1,-0.05090575013309717,0.9195819839338835
0.0,0.0,0,1.0,0.5291951077122627,True,COMPLETED,sbm_k8_r0_rep2_q00_R-cap-1,3.387735849056604,0.41702320892363787,sbm_k8_r0_rep2,1.0,0.5291951077122627,True,COMPLETED,sbm_k8_r0_rep2_q00_main,3.387735849056604,0.26275454135611653,True,0,82,0.0,R-cap-1,0.15426866756752133,1.5871208420273806
-0.33333333333333337,0.22944590732283138,17640402361/76882619380,0.6666666666666666,0.7586410150350942,True,COMPLETED,sbm_k8_r0_rep2_q01_R-cap-1,2.8373339547890937,0.3532921248115599,sbm_k8_r0_rep2,1.0,0.5291951077122627,True,COMPLETED,sbm_k8_r0_rep2_q01_main,1.4357311320754718,0.8518950832076371,True,1,26,1.401602822713622,R-cap-1,-0.49860295839607716,0.4147131868414013
0.0,0.0,0,1.0,0.45513596031441655,True,COMPLETED,sbm_k8_r1_rep0_q00_R-cap-1,4.730682331676458,0.634148791898042,sbm_k8_r1_rep0,1.0,0.45513596031441655,True,COMPLETED,sbm_k8_r1_rep0_q00_main,4.730682331676458,0.5524148340336978,True,0,38,0.0,R-cap-1,0.08173395786434412,1.1479575725139892
0.0,0.0,0,1.0,0.45513596031441655,True,COMPLETED,sbm_k8_r1_rep0_q01_R-cap-1,4.273384545865341,0.5052037918940187,sbm_k8_r1_rep0,1.0,0.45513596031441655,True,COMPLETED,sbm_k8_r1_rep0_q01_main,4.273384545865341,0.8993909172713757,True,1,21,0.0,R-cap-1,-0.394187125377357,0.5617176938218759
0.0,0.0,0,1.0,0.4420380976631889,True,COMPLETED,sbm_k8_r1_rep1_q00_R-cap-1,6.92186067827681,0.6575187081471086,sbm_k8_r1_rep1,1.0,0.4420380976631889,True,COMPLETED,sbm_k8_r1_rep1_q00_main,6.92186067827681,0.27132362499833107,True,0,5,0.0,R-cap-1,0.3861950831487775,2.4233743307504203
0.0,0.0,0,1.0,0.4420380976631889,True,COMPLETED,sbm_k8_r1_rep1_q01_R-cap-1,6.146883593033913,0.42300533317029476,sbm_k8_r1_rep1,1.0,0.4420380976631889,True,COMPLETED,sbm_k8_r1_rep1_q01_main,6.146883593033913,0.24172295769676566,True,1,18,0.0,R-cap-1,0.1812823754735291,1.7499592806610553
0.0,0.0,0,1.0,0.43151623949986406,True,COMPLETED,sbm_k8_r1_rep2_q00_R-cap-1,4.674771358465313,0.35058941692113876,sbm_k8_r1_rep2,1.0,0.43151623949986406,True,COMPLETED,sbm_k8_r1_rep2_q00_main,4.674771358465313,0.25562133407220244,True,0,32,0.0,R-cap-1,0.09496808284893632,1.3715186105010773
0.0,0.0,0,1.0,0.43151623949986406,True,COMPLETED,sbm_k8_r1_rep2_q01_R-cap-1,1.3194289538255632,0.41081054229289293,sbm_k8_r1_rep2,1.0,0.43151623949986406,True,COMPLETED,sbm_k8_r1_rep2_q01_main,1.3194289538255632,0.40016125002875924,True,1,82,0.0,R-cap-1,0.010649292264133692,1.0266125024933532
-0.08843537414965985,0.07428101543186512,348925807/4697375298,0.9115646258503401,0.5633779939036926,True,COMPLETED,sbm_k8_r2_rep0_q00_R-cap-1,1.68687474989996,0.2585282498039305,sbm_k8_r2_rep0,1.0,0.4890969784718274,True,COMPLETED,sbm_k8_r2_rep0_q00_main,1.4143600067102835,0.45780312502756715,True,0,51,0.2725147431896764,R-cap-1,-0.19927487522363663,0.5647149083754353
-0.09589041095890416,0.07391935580603357,2898282143/39208704018,0.9041095890410958,0.563016334277861,True,COMPLETED,sbm_k8_r2_rep0_q01_R-cap-1,1.8011409942950285,0.27623887499794364,sbm_k8_r2_rep0,1.0,0.4890969784718274,True,COMPLETED,sbm_k8_r2_rep0_q01_main,1.482972655594699,0.4549224581569433,True,1,56,0.31816833870032957,R-cap-1,-0.17868358315899968,0.607221890335087
0.0,0.0,0,1.0,0.4863952713952714,True,COMPLETED,sbm_k8_r2_rep1_q00_R-cap-1,1.344155844155844,0.39604187523946166,sbm_k8_r2_rep1,1.0,0.4863952713952714,True,COMPLETED,sbm_k8_r2_rep1_q00_main,1.344155844155844,0.39997837506234646,True,0,36,0.0,R-cap-1,-0.003936499822884798,0.9901582183730028
-0.05960264900662249,0.04573311313207475,67452841/1474923450,0.9403973509933775,0.5321283845273461,True,COMPLETED,sbm_k8_r2_rep1_q01_R-cap-1,1.606942889137738,0.28129745787009597,sbm_k8_r2_rep1,1.0,0.4863952713952714,True,COMPLETED,sbm_k8_r2_rep1_q01_main,1.4335664335664335,0.3989607081748545,True,1,5,0.17337645557130443,R-cap-1,-0.11766325030475855,0.7050755929248309
-0.08843537414965985,0.06397800931534692,47694907495/745489082974,0.9115646258503401,0.5629904603722249,True,COMPLETED,sbm_k8_r2_rep2_q00_R-cap-1,1.5951911706740245,0.31971666729077697,sbm_k8_r2_rep2,1.0,0.49901245105687797,True,COMPLETED,sbm_k8_r2_rep2_q00_main,1.3314689916104623,0.3289012503810227,True,0,17,0.2637221790635622,R-cap-1,-0.009184583090245724,0.9720749523463178
-0.06666666666666665,0.04900411702876041,9554199738/194967286777,0.9333333333333333,0.5480165680856384,True,COMPLETED,sbm_k8_r2_rep2_q01_R-cap-1,1.5681989449886964,0.43032091623172164,sbm_k8_r2_rep2,1.0,0.49901245105687797,True,COMPLETED,sbm_k8_r2_rep2_q01_main,1.3693041618687285,0.48019604198634624,True,1,30,0.1988947831199679,R-cap-1,-0.049875125754624605,0.8961359082671433
-0.09053765437830807,0.06421961209392686,27723052169/431691367560,0.8764044943820225,0.6221901125383718,True,COMPLETED,sbm_k8_r3_rep0_q00_R-cap-1,3.841484184914842,1.2539075003005564,sbm_k8_r3_rep0,0.9669421487603306,0.5579705004444449,True,COMPLETED,sbm_k8_r3_rep0_q00_main,3.1883077544426492,1.470810541883111,True,0,148,0.6531764304721928,R-cap-1,-0.21690304158255458,0.8525282248080376
-0.006060508113000185,0.0031778569736987156,14715343393/4630587063795,0.9919354838709677,0.5422428838920671,True,COMPLETED,sbm_k8_r3_rep0_q01_R-cap-1,4.786916786916787,1.7592819170095026,sbm_k8_r3_rep0,0.9979959919839679,0.5390650269183683,True,COMPLETED,sbm_k8_r3_rep0_q01_main,4.738596324159603,0.8242152919992805,True,1,13,0.04832046275718316,R-cap-1,0.9350666250102222,2.134493176827686
-0.004016064257028162,0.002205761056227131,2516704517/1140968787120,0.9959839357429718,0.532654341368132,True,COMPLETED,sbm_k8_r3_rep1_q00_R-cap-1,4.3742159606291615,1.5271545830182731,sbm_k8_r3_rep1,1.0,0.5304485803119049,True,COMPLETED,sbm_k8_r3_rep1_q00_main,4.341954022988506,1.001250292174518,True,0,146,0.03226193764065588,R-cap-1,0.525904290843755,1.5252475779074128
-0.014198782961460488,0.008794509116378232,153653546/17471531835,0.9858012170385395,0.5392430894282831,True,COMPLETED,sbm_k8_r3_rep1_q01_R-cap-1,4.5376132335565185,2.062851249706,sbm_k8_r3_rep1,1.0,0.5304485803119049,True,COMPLETED,sbm_k8_r3_rep1_q01_main,4.414176245210728,1.2166581661440432,True,1,8,0.12343698834579087,R-cap-1,0.8461930835619569,1.695506023884916
-0.07039991552010139,0.046834762248512476,191777290277/4094763826480,0.9154013015184381,0.5860826098803386,True,COMPLETED,sbm_k8_r3_rep2_q00_R-cap-1,5.320351069665387,1.5963404579088092,sbm_k8_r3_rep2,0.9858012170385395,0.5392478476318261,True,COMPLETED,sbm_k8_r3_rep2_q00_main,4.617691868215578,0.6432015411555767,True,0,82,0.7026592014498085,R-cap-1,0.9531389167532325,2.4818666557309887
-0.016260162601625994,0.00868982304363862,1812640475/208593485264,0.983739837398374,0.5430465701392145,True,COMPLETED,sbm_k8_r3_rep2_q01_R-cap-1,4.548362382685309,1.8110894998535514,sbm_k8_r3_rep2,1.0,0.534356747095576,True,COMPLETED,sbm_k8_r3_rep2_q01_main,4.421748440554883,0.8902656668797135,True,1,13,0.12661394213042598,R-cap-1,0.9208238329738379,2.034324772066329
0.0,0.0,0,1.0,0.22698670081913533,True,COMPLETED,lfr_n1000_o00_m20_s11_q00_supp-jstar,21.161125319693095,0.4000606248155236,lfr_n1000_o00_m20_s11,1.0,0.22698670081913533,True,COMPLETED,lfr_n1000_o00_m20_s11_q00_main,21.161125319693095,0.6640271251089871,True,0,550,0.0,supp-jstar,-0.26396650029346347,0.602476329185892
0.0,0.0,0,1.0,0.22698670081913533,True,COMPLETED,lfr_n1000_o00_m20_s11_q01_supp-jstar,7.5038363171355495,0.20103695802390575,lfr_n1000_o00_m20_s11,1.0,0.22698670081913533,True,COMPLETED,lfr_n1000_o00_m20_s11_q01_main,7.5038363171355495,0.34656883403658867,True,1,381,0.0,supp-jstar,-0.14553187601268291,0.5800780055216432
0.0,0.0,0,1.0,0.24107032012059945,True,COMPLETED,lfr_n1000_o00_m20_s12_q00_supp-jstar,4.908333333333333,0.2241041250526905,lfr_n1000_o00_m20_s12,1.0,0.24107032012059945,True,COMPLETED,lfr_n1000_o00_m20_s12_q00_main,4.908333333333333,0.4729446666315198,True,0,609,0.0,supp-jstar,-0.2488405415788293,0.47384850885165875
0.0,0.0,0,1.0,0.24107032012059945,True,COMPLETED,lfr_n1000_o00_m20_s12_q01_supp-jstar,3.4630952380952382,0.18118658429011703,lfr_n1000_o00_m20_s12,1.0,0.24107032012059945,True,COMPLETED,lfr_n1000_o00_m20_s12_q01_main,3.4630952380952382,0.41246987506747246,True,1,416,0.0,supp-jstar,-0.23128329077735543,0.4392722844558727
0.0,0.0,0,1.0,0.5228045340436144,True,COMPLETED,lfr_n1000_o00_m50_s11_q00_supp-jstar,6.289795918367347,0.2071499158628285,lfr_n1000_o00_m50_s11,1.0,0.5228045340436144,True,COMPLETED,lfr_n1000_o00_m50_s11_q00_main,6.289795918367347,0.36907995818182826,True,0,599,0.0,supp-jstar,-0.16193004231899977,0.5612602669711356
0.0,0.0,0,1.0,0.5228045340436144,True,COMPLETED,lfr_n1000_o00_m50_s11_q01_supp-jstar,12.83265306122449,0.25118650030344725,lfr_n1000_o00_m50_s11,1.0,0.5228045340436144,True,COMPLETED,lfr_n1000_o00_m50_s11_q01_main,12.83265306122449,0.5794138750061393,True,1,394,0.0,supp-jstar,-0.32822737470269203,0.43351826930410625
-0.03703703703703709,0.0329975542715308,1287034/39003921,0.9629629629629629,0.5768910152221192,True,COMPLETED,lfr_n1000_o00_m50_s12_q00_supp-jstar,8.204865556978232,0.3110893750563264,lfr_n1000_o00_m50_s12,1.0,0.5438934609505883,True,COMPLETED,lfr_n1000_o00_m50_s12_q00_main,7.655913978494624,0.6270211250521243,True,0,523,0.5489515784836083,supp-jstar,-0.3159317499957979,0.4961385870858267
-0.07692307692307687,0.04580856497623718,841883/18378288,0.9230769230769231,0.5897020259268255,True,COMPLETED,lfr_n1000_o00_m50_s12_q01_supp-jstar,7.0040760869565215,0.36444129096344113,lfr_n1000_o00_m50_s12,1.0,0.5438934609505883,True,COMPLETED,lfr_n1000_o00_m50_s12_q01_main,6.158900836320191,0.5028406670317054,True,1,333,0.8451752506363306,supp-jstar,-0.13839937606826425,0.7247649501277552
-0.25786163522012584,0.19901956478923324,2695722577/13545012923,0.7421383647798742,0.6950215357748266,True,COMPLETED,sbm_k4_r0_rep0_q00_supp-jstar,1.939081053175013,0.21921345870941877,sbm_k4_r0_rep0,1.0,0.4960019709855934,True,COMPLETED,sbm_k4_r0_rep0_q00_main,1.1532084740558797,0.28551187505945563,True,0,13,0.7858725791191332,supp-jstar,-0.06629841635003686,0.7677910372861698
-0.005025125628140725,0.003339204864063925,75281437/22544719496,0.9949748743718593,0.4993411758496573,True,COMPLETED,sbm_k4_r0_rep0_q01_supp-jstar,3.0134925558312653,0.3252621660940349,sbm_k4_r0_rep0,1.0,0.4960019709855934,True,COMPLETED,sbm_k4_r0_rep0_q01_main,2.9829597789376727,0.26039879210293293,True,1,97,0.030532776893592573,supp-jstar,0.06486337399110198,1.2490924534145387
0.0,0.0,0,1.0,0.4868836118836119,True,COMPLETED,sbm_k4_r0_rep1_q00_supp-jstar,2.382173382173382,0.31555124977603555,sbm_k4_r0_rep1,1.0,0.4868836118836119,True,COMPLETED,sbm_k4_r0_rep1_q00_main,2.382173382173382,0.2870351248420775,True,0,55,0.0,supp-jstar,0.028516124933958054,1.0993471616048636
0.0,0.0,0,1.0,0.4868836118836119,True,COMPLETED,sbm_k4_r0_rep1_q01_supp-jstar,3.419261294261294,0.36789604229852557,sbm_k4_r0_rep1,1.0,0.4868836118836119,True,COMPLETED,sbm_k4_r0_rep1_q01_main,3.419261294261294,0.2144496669061482,True,1,67,0.0,supp-jstar,0.15344637539237738,1.715535620111416
-0.25786163522012584,0.21093025372970195,5872121989/27839164298,0.7421383647798742,0.697721484347698,True,COMPLETED,sbm_k4_r0_rep2_q00_supp-jstar,1.9442815249266863,0.2256543328985572,sbm_k4_r0_rep2,1.0,0.48679123061799606,True,COMPLETED,sbm_k4_r0_rep2_q00_main,1.1506784474597664,0.34254141710698605,True,0,14,0.7936030774669198,supp-jstar,-0.11688708420842886,0.6587651058501883
0.0,0.0,0,1.0,0.48679123061799606,True,COMPLETED,sbm_k4_r0_rep2_q01_supp-jstar,2.5763647838434838,0.23692412488162518,sbm_k4_r0_rep2,1.0,0.48679123061799606,True,COMPLETED,sbm_k4_r0_rep2_q01_main,2.5763647838434838,0.2517542503774166,True,1,88,0.0,supp-jstar,-0.014830125495791435,0.9410928495802597
0.0,0.0,0,1.0,0.4191931368412593,True,COMPLETED,sbm_k4_r1_rep0_q00_supp-jstar,2.546175637393768,0.1845355830155313,sbm_k4_r1_rep0,1.0,0.4191931368412593,True,COMPLETED,sbm_k4_r1_rep0_q00_main,2.546175637393768,0.1908959997817874,True,0,27,0.0,supp-jstar,-0.006360416766256094,0.9666812464717612
0.0,0.0,0,1.0,0.4191931368412593,True,COMPLETED,sbm_k4_r1_rep0_q01_supp-jstar,3.631728045325779,0.29006966669112444,sbm_k4_r1_rep0,1.0,0.4191931368412593,True,COMPLETED,sbm_k4_r1_rep0_q01_main,3.631728045325779,0.21883841697126627,True,1,49,0.0,supp-jstar,0.07123124971985817,1.3254970069044638
-0.20481927710843373,0.15193343627315217,9441831605/62144527476,0.7951807228915663,0.5729916060710543,True,COMPLETED,sbm_k4_r1_rep1_q00_supp-jstar,3.418980522171571,0.1600259579718113,sbm_k4_r1_rep1,1.0,0.4210581697979021,True,COMPLETED,sbm_k4_r1_rep1_q00_main,2.2878535773710484,0.20578404096886516,True,0,85,1.1311269448005223,supp-jstar,-0.04575808299705386,0.7776402738442822
-0.010101010101010055,0.006130778662858663,558781177/91143590028,0.98989898989899,0.4271889484607608,True,COMPLETED,sbm_k4_r1_rep1_q01_supp-jstar,1.651596496185363,0.1398257501423359,sbm_k4_r1_rep1,1.0,0.4210581697979021,True,COMPLETED,sbm_k4_r1_rep1_q01_main,1.6209095951192456,0.25448699994012713,True,1,2,0.03068690106611749,supp-jstar,-0.11466124979779124,0.5494416224610001
0.0,0.0,0,1.0,0.4176294591876948,True,COMPLETED,sbm_k4_r1_rep2_q00_supp-jstar,3.462416481069042,0.20923845935612917,sbm_k4_r1_rep2,1.0,0.4176294591876948,True,COMPLETED,sbm_k4_r1_rep2_q00_main,3.462416481069042,0.1682867077179253,True,0,70,0.0,supp-jstar,0.04095175163820386,1.2433451351775529
-0.5037593984962406,0.3710506585506159,67015219/180609352,0.49624060150375937,0.7886801177383107,True,COMPLETED,sbm_k4_r1_rep2_q01_supp-jstar,3.1412337662337664,0.10995525028556585,sbm_k4_r1_rep2,1.0,0.4176294591876948,True,COMPLETED,sbm_k4_r1_rep2_q01_main,1.0773942093541202,0.19102470763027668,True,1,43,2.063839556879646,supp-jstar,-0.08106945734471083,0.5756074784754094
-0.24031007751937983,0.2186983693843698,3654057172/16708204923,0.7596899224806202,0.6591031894360253,True,COMPLETED,sbm_k4_r2_rep0_q00_supp-jstar,1.8169062286105406,0.19164612516760826,sbm_k4_r2_rep0,1.0,0.44040482005165554,True,COMPLETED,sbm_k4_r2_rep0_q00_main,1.1111343658434492,0.23521258402615786,True,0,51,0.7057718627670915,supp-jstar,-0.043566458858549595,0.8147783672420155
-0.19402985074626866,0.1834882195121959,856146187/4665946344,0.8059701492537313,0.6238930395638514,True,COMPLETED,sbm_k4_r2_rep0_q01_supp-jstar,1.7438725490196079,0.16018820786848664,sbm_k4_r2_rep0,1.0,0.44040482005165554,True,COMPLETED,sbm_k4_r2_rep0_q01_main,1.1912934282126413,0.28062945837154984,True,1,75,0.5525791208069666,supp-jstar,-0.1204412505030632,0.5708175071784498
0.0,0.0,0,1.0,0.45524621704949575,True,COMPLETED,sbm_k4_r2_rep1_q00_supp-jstar,3.8635299127102405,0.22028000000864267,sbm_k4_r2_rep1,1.0,0.45524621704949575,True,COMPLETED,sbm_k4_r2_rep1_q00_main,3.8635299127102405,0.20859991712495685,True,0,25,0.0,supp-jstar,0.011680082883685827,1.0559927493963919
-0.21212121212121215,0.20252138771778147,653432569/3226486725,0.7878787878787878,0.6577676047672772,True,COMPLETED,sbm_k4_r2_rep1_q01_supp-jstar,1.8015067147068458,0.20964695792645216,sbm_k4_r2_rep1,1.0,0.45524621704949575,True,COMPLETED,sbm_k4_r2_rep1_q01_main,1.17096018735363,0.28671474987640977,True,1,74,0.6305465273532158,supp-jstar,-0.07706779194995761,0.7312039510238724
-0.23076923076923073,0.20837305230103573,15171967/72811560,0.7692307692307693,0.649348450529925,True,COMPLETED,sbm_k4_r2_rep2_q00_supp-jstar,1.8121621621621622,0.20135179115459323,sbm_k4_r2_rep2,1.0,0.4409753982288893,True,COMPLETED,sbm_k4_r2_rep2_q00_main,1.1383701188455009,0.23804612504318357,True,0,38,0.6737920433166613,supp-jstar,-0.036694333888590336,0.8458520008173471
-0.2698412698412699,0.23353558270623417,368253443/1576862244,0.7301587301587301,0.6745109809351235,True,COMPLETED,sbm_k4_r2_rep2_q01_supp-jstar,2.1179333582927744,0.156831500120461,sbm_k4_r2_rep2,1.0,0.4409753982288893,True,COMPLETED,sbm_k4_r2_rep2_q01_main,1.2005517826825127,0.25564691703766584,True,1,9,0.9173815756102617,supp-jstar,-0.09881541691720486,0.6134691626160083
-0.2987012987012987,0.17654955918408663,24301221649/137645326113,0.7012987012987013,0.6456892376092168,True,COMPLETED,sbm_k4_r3_rep0_q00_supp-jstar,3.4273086764363807,0.261571791023016,sbm_k4_r3_rep0,1.0,0.4691396784251302,True,COMPLETED,sbm_k4_r3_rep0_q00_main,1.8559012470084393,1.1888657910749316,True,0,214,1.5714074294279414,supp-jstar,-0.9272940000519156,0.22001793052394228
-0.37362637362637363,0.21536029001827928,5902464939/27407396872,0.6263736263736264,0.6844999684434095,True,COMPLETED,sbm_k4_r3_rep0_q01_supp-jstar,3.511544804837823,0.14057879196479917,sbm_k4_r3_rep0,1.0,0.4691396784251302,True,COMPLETED,sbm_k4_r3_rep0_q01_main,1.6091447285552336,1.0591747919097543,True,1,148,1.9024000762825892,supp-jstar,-0.9185959999449551,0.13272482789297446
-0.012145748987854255,0.010880038586737693,26011801/2390782054,0.9878542510121457,0.48028340614689924,True,COMPLETED,sbm_k4_r3_rep1_q00_supp-jstar,2.9524677692407866,0.7134727076627314,sbm_k4_r3_rep1,1.0,0.46940336756016154,True,COMPLETED,sbm_k4_r3_rep1_q00_main,2.88484540017814,0.6229464579373598,True,0,178,0.06762236906264674,supp-jstar,0.0905262497253716,1.1453194709945271
-0.5873015873015873,0.30940523081642174,2725569875/8809062044,0.4126984126984127,0.7788085983765833,True,COMPLETED,sbm_k4_r3_rep1_q01_supp-jstar,4.616031667491341,0.15745333395898342,sbm_k4_r3_rep1,1.0,0.46940336756016154,True,COMPLETED,sbm_k4_r3_rep1_q01_main,1.1870466980531875,0.9565160828642547,True,1,109,3.4289849694381536,supp-jstar,-0.7990627489052713,0.16461127709164575
-0.2690355329949239,0.17805610366967514,4678064840/26272982187,0.7309644670050761,0.6499640819971146,True,COMPLETED,sbm_k4_r3_rep2_q00_supp-jstar,3.8634623564440664,0.25159645779058337,sbm_k4_r3_rep2,1.0,0.4719079783274395,True,COMPLETED,sbm_k4_r3_rep2_q00_main,2.2213255074590363,1.3769099158234894,True,0,77,1.64213684898503,supp-jstar,-1.125313458032906,0.18272543098079944
-0.4764705882352941,0.2661911305353779,34399997101/129230440668,0.5235294117647059,0.7380991088628174,True,COMPLETED,sbm_k4_r3_rep2_q01_supp-jstar,5.088204773434797,0.2669676663354039,sbm_k4_r3_rep2,1.0,0.4719079783274395,True,COMPLETED,sbm_k4_r3_rep2_q01_main,1.7987282954267547,1.3732666252180934,True,1,34,3.2894764780080425,supp-jstar,-1.1062989588826895,0.1944033747219378
0.0,0.0,0,1.0,0.5366906476218919,True,COMPLETED,sbm_k8_r0_rep0_q00_supp-jstar,5.948900772430184,0.5945052918978035,sbm_k8_r0_rep0,1.0,0.5366906476218919,True,COMPLETED,sbm_k8_r0_rep0_q00_main,5.948900772430184,0.3513062088750303,True,0,3,0.0,supp-jstar,0.24319908302277327,1.6922709501820565
-0.2738853503184714,0.19072281311060227,238121905/1248523452,0.7261146496815286,0.7274134607324941,True,COMPLETED,sbm_k8_r0_rep0_q01_supp-jstar,2.3042224510813596,0.30713879177346826,sbm_k8_r0_rep0,1.0,0.5366906476218919,True,COMPLETED,sbm_k8_r0_rep0_q01_main,1.3294117647058823,0.49305333383381367,True,1,90,0.9748106863754773,supp-jstar,-0.1859145420603454,0.622932187447679
0.0,0.0,0,1.0,0.5431351729033689,True,COMPLETED,sbm_k8_r0_rep1_q00_supp-jstar,7.5578783896786526,0.6449800413101912,sbm_k8_r0_rep1,1.0,0.5431351729033689,True,COMPLETED,sbm_k8_r0_rep1_q00_main,7.5578783896786526,0.5074036251753569,True,0,42,0.0,supp-jstar,0.1375764161348343,1.2711380236735368
-0.2195121951219512,0.1541038181661972,1629214527/10572187934,0.7804878048780488,0.6972389910695661,True,COMPLETED,sbm_k8_r0_rep1_q01_supp-jstar,2.0258893648724157,0.36683208402246237,sbm_k8_r0_rep1,1.0,0.5431351729033689,True,COMPLETED,sbm_k8_r0_rep1_q01_main,1.299366861784733,0.6330142500810325,True,1,61,0.7265225030876827,supp-jstar,-0.26618216605857015,0.5795005151550758
0.0,0.0,0,1.0,0.5291951077122627,True,COMPLETED,sbm_k8_r0_rep2_q00_supp-jstar,3.387735849056604,0.699196457862854,sbm_k8_r0_rep2,1.0,0.5291951077122627,True,COMPLETED,sbm_k8_r0_rep2_q00_main,3.387735849056604,0.26275454135611653,True,0,82,0.0,supp-jstar,0.43644191650673747,2.661025207230268
-0.33333333333333337,0.22944590732283138,17640402361/76882619380,0.6666666666666666,0.7586410150350942,True,COMPLETED,sbm_k8_r0_rep2_q01_supp-jstar,2.8373339547890937,0.3389753750525415,sbm_k8_r0_rep2,1.0,0.5291951077122627,True,COMPLETED,sbm_k8_r0_rep2_q01_main,1.4357311320754718,0.8518950832076371,True,1,26,1.401602822713622,supp-jstar,-0.5129197081550956,0.39790742044923993
0.0,0.0,0,1.0,0.45513596031441655,True,COMPLETED,sbm_k8_r1_rep0_q00_supp-jstar,4.730682331676458,0.3308812500908971,sbm_k8_r1_rep0,1.0,0.45513596031441655,True,COMPLETED,sbm_k8_r1_rep0_q00_main,4.730682331676458,0.5524148340336978,True,0,38,0.0,supp-jstar,-0.22153358394280076,0.5989724201915856
0.0,0.0,0,1.0,0.45513596031441655,True,COMPLETED,sbm_k8_r1_rep0_q01_supp-jstar,4.273384545865341,0.26278699981048703,sbm_k8_r1_rep0,1.0,0.45513596031441655,True,COMPLETED,sbm_k8_r1_rep0_q01_main,4.273384545865341,0.8993909172713757,True,1,21,0.0,supp-jstar,-0.6366039174608886,0.29218329289753725
0.0,0.0,0,1.0,0.4420380976631889,True,COMPLETED,sbm_k8_r1_rep1_q00_supp-jstar,6.92186067827681,0.4295297502540052,sbm_k8_r1_rep1,1.0,0.4420380976631889,True,COMPLETED,sbm_k8_r1_rep1_q00_main,6.92186067827681,0.27132362499833107,True,0,5,0.0,supp-jstar,0.15820612525567412,1.5830901207244568
0.0,0.0,0,1.0,0.4420380976631889,True,COMPLETED,sbm_k8_r1_rep1_q01_supp-jstar,6.146883593033913,0.34498808393254876,sbm_k8_r1_rep1,1.0,0.4420380976631889,True,COMPLETED,sbm_k8_r1_rep1_q01_main,6.146883593033913,0.24172295769676566,True,1,18,0.0,supp-jstar,0.1032651262357831,1.4272044625787104
0.0,0.0,0,1.0,0.43151623949986406,True,COMPLETED,sbm_k8_r1_rep2_q00_supp-jstar,4.674771358465313,0.2843627496622503,sbm_k8_r1_rep2,1.0,0.43151623949986406,True,COMPLETED,sbm_k8_r1_rep2_q00_main,4.674771358465313,0.25562133407220244,True,0,32,0.0,supp-jstar,0.028741415590047836,1.1124374680789733
-0.13636363636363635,0.10770823605673259,14328031556/133026331881,0.8636363636363636,0.5392244755565967,True,COMPLETED,sbm_k8_r1_rep2_q01_supp-jstar,1.7463832299970474,0.2595379170961678,sbm_k8_r1_rep2,1.0,0.43151623949986406,True,COMPLETED,sbm_k8_r1_rep2_q01_main,1.3194289538255632,0.40016125002875924,True,1,82,0.4269542761714842,supp-jstar,-0.14062333293259144,0.6485833325378583
-0.17647058823529416,0.14673193024604328,29419932991/200501233383,0.8235294117647058,0.6358289087178707,True,COMPLETED,sbm_k8_r2_rep0_q00_supp-jstar,2.0155390867798233,0.2348745004273951,sbm_k8_r2_rep0,1.0,0.4890969784718274,True,COMPLETED,sbm_k8_r2_rep0_q00_main,1.4143600067102835,0.45780312502756715,True,0,51,0.6011790800695398,supp-jstar,-0.22292862460017204,0.5130469574956524
-0.11888111888111885,0.09410015796782899,7034793067/74758568093,0.8811188811188811,0.5831971364396564,True,COMPLETED,sbm_k8_r2_rep0_q01_supp-jstar,1.8892925838854455,0.23343220818787813,sbm_k8_r2_rep0,1.0,0.4890969784718274,True,COMPLETED,sbm_k8_r2_rep0_q01_main,1.482972655594699,0.4549224581569433,True,1,56,0.4063199282907466,supp-jstar,-0.2214902499690652,0.5131252678392645
-0.0062893081761006275,0.003957654899213341,366053/92492400,0.9937106918238994,0.49035292629448474,True,COMPLETED,sbm_k8_r2_rep1_q00_supp-jstar,1.3616124135604655,0.35263037495315075,sbm_k8_r2_rep1,1.0,0.4863952713952714,True,COMPLETED,sbm_k8_r2_rep1_q00_main,1.344155844155844,0.39997837506234646,True,0,36,0.01745656940462137,supp-jstar,-0.04734800010919571,0.8816236000213378
-0.08843537414965985,0.06905696653469462,919945711/13321548240,0.9115646258503401,0.555452237929966,True,COMPLETED,sbm_k8_r2_rep1_q01_supp-jstar,1.7079944455465186,0.2929636659100652,sbm_k8_r2_rep1,1.0,0.4863952713952714,True,COMPLETED,sbm_k8_r2_rep1_q01_main,1.4335664335664335,0.3989607081748545,True,1,5,0.27442801198008504,supp-jstar,-0.10599704226478934,0.7343170891446947
-0.2698412698412699,0.2028472847084224,105592038958/520549432593,0.7301587301587301,0.7018597357653004,True,COMPLETED,sbm_k8_r2_rep2_q00_supp-jstar,2.2845046570702796,0.21535712527111173,sbm_k8_r2_rep2,1.0,0.49901245105687797,True,COMPLETED,sbm_k8_r2_rep2_q00_main,1.3314689916104623,0.3289012503810227,True,0,17,0.9530356654598173,supp-jstar,-0.11354412510991096,0.6547774598656182
-0.21212121212121215,0.16615003527150313,95375027048/574029532357,0.7878787878787878,0.665162486328381,True,COMPLETED,sbm_k8_r2_rep2_q01_supp-jstar,2.13053493729204,0.2829952919855714,sbm_k8_r2_rep2,1.0,0.49901245105687797,True,COMPLETED,sbm_k8_r2_rep2_q01_main,1.3693041618687285,0.48019604198634624,True,1,30,0.7612307754233114,supp-jstar,-0.19720075000077486,0.5893328291814991
-0.36138659320477506,0.18925513714806144,1547811961/8178440936,0.6055555555555555,0.7472256375925064,True,COMPLETED,sbm_k8_r3_rep0_q00_supp-jstar,6.873530692207227,0.5145883332006633,sbm_k8_r3_rep0,0.9669421487603306,0.5579705004444449,True,COMPLETED,sbm_k8_r3_rep0_q00_main,3.1883077544426492,1.470810541883111,True,0,148,3.685222937764578,supp-jstar,-0.9562222086824477,0.3498671776868179
-0.1241221181100941,0.08595694851578338,63907067088/743477615149,0.8738738738738738,0.6250219754341517,True,COMPLETED,sbm_k8_r3_rep0_q01_supp-jstar,5.962852007189934,1.0747785838320851,sbm_k8_r3_rep0,0.9979959919839679,0.5390650269183683,True,COMPLETED,sbm_k8_r3_rep0_q01_main,4.738596324159603,0.8242152919992805,True,1,13,1.2242556830303304,supp-jstar,0.2505632918328047,1.3040022361451447
-0.11111111111111116,0.07545755526860401,69944167541/926933920560,0.8888888888888888,0.6059061355805089,True,COMPLETED,sbm_k8_r3_rep1_q00_supp-jstar,5.384249910915786,0.9492543749511242,sbm_k8_r3_rep1,1.0,0.5304485803119049,True,COMPLETED,sbm_k8_r3_rep1_q00_main,4.341954022988506,1.001250292174518,True,0,146,1.0422958879272803,supp-jstar,-0.05199591722339392,0.9480690116849114
-0.16550116550116545,0.10572339907947999,87871655501/831146711760,0.8344988344988346,0.6361719793913848,True,COMPLETED,sbm_k8_r3_rep1_q01_supp-jstar,6.104649622466552,0.9211247921921313,sbm_k8_r3_rep1,1.0,0.5304485803119049,True,COMPLETED,sbm_k8_r3_rep1_q01_main,4.414176245210728,1.2166581661440432,True,1,8,1.6904733772558247,supp-jstar,-0.2955333739519119,0.7570941599080814
-0.31206116398814165,0.17786997168810773,431407954389/2425411947248,0.6737400530503979,0.7171178193199338,True,COMPLETED,sbm_k8_r3_rep2_q00_supp-jstar,8.982218929431376,0.6217310829088092,sbm_k8_r3_rep2,0.9858012170385395,0.5392478476318261,True,COMPLETED,sbm_k8_r3_rep2_q00_main,4.617691868215578,0.6432015411555767,True,0,82,4.364527061215798,supp-jstar,-0.02147045824676752,0.9666193924097357
-0.11358574610244987,0.07743791700268389,152777919001/1972908426704,0.8864142538975501,0.6117946640982599,True,COMPLETED,sbm_k8_r3_rep2_q01_supp-jstar,5.530274802049371,1.274161874782294,sbm_k8_r3_rep2,1.0,0.534356747095576,True,COMPLETED,sbm_k8_r3_rep2_q01_main,4.421748440554883,0.8902656668797135,True,1,13,1.108526361494488,supp-jstar,0.3838962079025805,1.4312153351348433
0.0,0.0,0,1.0,0.22698670081913533,True,COMPLETED,lfr_n1000_o00_m20_s11_q00_supp-jstar+2,50.43989769820972,0.7790807504206896,lfr_n1000_o00_m20_s11,1.0,0.22698670081913533,True,COMPLETED,lfr_n1000_o00_m20_s11_q00_main,21.161125319693095,0.6640271251089871,True,0,550,29.278772378516624,supp-jstar+2,0.11505362531170249,1.173266453976287
0.0,0.0,0,1.0,0.22698670081913533,True,COMPLETED,lfr_n1000_o00_m20_s11_q01_supp-jstar+2,12.762148337595908,0.5408148327842355,lfr_n1000_o00_m20_s11,1.0,0.22698670081913533,True,COMPLETED,lfr_n1000_o00_m20_s11_q01_main,7.5038363171355495,0.34656883403658867,True,1,381,5.258312020460359,supp-jstar+2,0.1942459987476468,1.5604831700681414
0.0,0.0,0,1.0,0.24107032012059945,True,COMPLETED,lfr_n1000_o00_m20_s12_q00_supp-jstar+2,9.126190476190477,0.7984909159131348,lfr_n1000_o00_m20_s12,1.0,0.24107032012059945,True,COMPLETED,lfr_n1000_o00_m20_s12_q00_main,4.908333333333333,0.4729446666315198,True,0,609,4.217857142857143,supp-jstar+2,0.325546249281615,1.6883389796955979
0.0,0.0,0,1.0,0.24107032012059945,True,COMPLETED,lfr_n1000_o00_m20_s12_q01_supp-jstar+2,7.1119047619047615,0.7595932921394706,lfr_n1000_o00_m20_s12,1.0,0.24107032012059945,True,COMPLETED,lfr_n1000_o00_m20_s12_q01_main,3.4630952380952382,0.41246987506747246,True,1,416,3.6488095238095233,supp-jstar+2,0.3471234170719981,1.8415727742910077
0.0,0.0,0,1.0,0.5228045340436144,True,COMPLETED,lfr_n1000_o00_m50_s11_q00_supp-jstar+2,19.15714285714286,0.31461891578510404,lfr_n1000_o00_m50_s11,1.0,0.5228045340436144,True,COMPLETED,lfr_n1000_o00_m50_s11_q00_main,6.289795918367347,0.36907995818182826,True,0,599,12.867346938775512,supp-jstar+2,-0.054461042396724224,0.8524410735684167
0.0,0.0,0,1.0,0.5228045340436144,True,COMPLETED,lfr_n1000_o00_m50_s11_q01_supp-jstar+2,40.248979591836736,0.8909955830313265,lfr_n1000_o00_m50_s11,1.0,0.5228045340436144,True,COMPLETED,lfr_n1000_o00_m50_s11_q01_main,12.83265306122449,0.5794138750061393,True,1,394,27.416326530612245,supp-jstar+2,0.31158170802518725,1.537753273550596
0.0,0.0,0,1.0,0.5438934609505883,True,COMPLETED,lfr_n1000_o00_m50_s12_q00_supp-jstar+2,23.096774193548388,0.8896596250124276,lfr_n1000_o00_m50_s12,1.0,0.5438934609505883,True,COMPLETED,lfr_n1000_o00_m50_s12_q00_main,7.655913978494624,0.6270211250521243,True,0,523,15.440860215053764,supp-jstar+2,0.2626384999603033,1.4188670675784172
0.0,0.0,0,1.0,0.5438934609505883,True,COMPLETED,lfr_n1000_o00_m50_s12_q01_supp-jstar+2,23.096774193548388,0.8434614171274006,lfr_n1000_o00_m50_s12,1.0,0.5438934609505883,True,COMPLETED,lfr_n1000_o00_m50_s12_q01_main,6.158900836320191,0.5028406670317054,True,1,333,16.9378733572282,supp-jstar+2,0.34062075009569526,1.677393004242074
0.0,0.0,0,1.0,0.4960019709855934,True,COMPLETED,sbm_k4_r0_rep0_q00_supp-jstar+2,3.9551734725207246,1.9376818342134356,sbm_k4_r0_rep0,1.0,0.4960019709855934,True,COMPLETED,sbm_k4_r0_rep0_q00_main,1.1532084740558797,0.28551187505945563,True,0,13,2.801964998464845,supp-jstar+2,1.65216995915398,6.78669436712546
0.0,0.0,0,1.0,0.4960019709855934,True,COMPLETED,sbm_k4_r0_rep0_q01_supp-jstar+2,3.9551734725207246,1.9450412089936435,sbm_k4_r0_rep0,1.0,0.4960019709855934,True,COMPLETED,sbm_k4_r0_rep0_q01_main,2.9829597789376727,0.26039879210293293,True,1,97,0.9722136935830519,supp-jstar+2,1.6846424168907106,7.4694709345072114
0.0,0.0,0,1.0,0.4868836118836119,True,COMPLETED,sbm_k4_r0_rep1_q00_supp-jstar+2,3.9755799755799757,1.977036708034575,sbm_k4_r0_rep1,1.0,0.4868836118836119,True,COMPLETED,sbm_k4_r0_rep1_q00_main,2.382173382173382,0.2870351248420775,True,0,55,1.5934065934065935,supp-jstar+2,1.6900015831924975,6.887786674617998
0.0,0.0,0,1.0,0.4868836118836119,True,COMPLETED,sbm_k4_r0_rep1_q01_supp-jstar+2,3.9755799755799757,1.9475911660119891,sbm_k4_r0_rep1,1.0,0.4868836118836119,True,COMPLETED,sbm_k4_r0_rep1_q01_main,3.419261294261294,0.2144496669061482,True,1,67,0.5563186813186816,supp-jstar+2,1.733141499105841,9.081810170702356
0.0,0.0,0,1.0,0.48679123061799606,True,COMPLETED,sbm_k4_r0_rep2_q00_supp-jstar+2,4.06468917639634,1.9305357919074595,sbm_k4_r0_rep2,1.0,0.48679123061799606,True,COMPLETED,sbm_k4_r0_rep2_q00_main,1.1506784474597664,0.34254141710698605,True,0,14,2.9140107289365735,supp-jstar+2,1.5879943748004735,5.635919323894473
0.0,0.0,0,1.0,0.48679123061799606,True,COMPLETED,sbm_k4_r0_rep2_q01_supp-jstar+2,4.06468917639634,1.9430052498355508,sbm_k4_r0_rep2,1.0,0.48679123061799606,True,COMPLETED,sbm_k4_r0_rep2_q01_main,2.5763647838434838,0.2517542503774166,True,1,88,1.488324392552856,supp-jstar+2,1.6912509994581342,7.717864730874257
0.0,0.0,0,1.0,0.4191931368412593,True,COMPLETED,sbm_k4_r1_rep0_q00_supp-jstar+2,3.9943342776203967,1.086414959281683,sbm_k4_r1_rep0,1.0,0.4191931368412593,True,COMPLETED,sbm_k4_r1_rep0_q00_main,2.546175637393768,0.1908959997817874,True,0,27,1.4481586402266289,supp-jstar+2,0.8955189594998956,5.691135280590271
0.0,0.0,0,1.0,0.4191931368412593,True,COMPLETED,sbm_k4_r1_rep0_q01_supp-jstar+2,3.9943342776203967,1.073522750288248,sbm_k4_r1_rep0,1.0,0.4191931368412593,True,COMPLETED,sbm_k4_r1_rep0_q01_main,3.631728045325779,0.21883841697126627,True,1,49,0.36260623229461775,supp-jstar+2,0.8546843333169818,4.90554978941016
0.0,0.0,0,1.0,0.4210581697979021,True,COMPLETED,sbm_k4_r1_rep1_q00_supp-jstar+2,3.961175818080976,1.1120358342304826,sbm_k4_r1_rep1,1.0,0.4210581697979021,True,COMPLETED,sbm_k4_r1_rep1_q00_main,2.2878535773710484,0.20578404096886516,True,0,85,1.6733222407099277,supp-jstar+2,0.9062517932616174,5.403897352753084
0.0,0.0,0,1.0,0.4210581697979021,True,COMPLETED,sbm_k4_r1_rep1_q01_supp-jstar+2,3.961175818080976,1.0925477077253163,sbm_k4_r1_rep1,1.0,0.4210581697979021,True,COMPLETED,sbm_k4_r1_rep1_q01_main,1.6209095951192456,0.25448699994012713,True,1,2,2.3402662229617306,supp-jstar+2,0.8380607077851892,4.293137598314879
0.0,0.0,0,1.0,0.4176294591876948,True,COMPLETED,sbm_k4_r1_rep2_q00_supp-jstar+2,3.999443207126949,1.108483707997948,sbm_k4_r1_rep2,1.0,0.4176294591876948,True,COMPLETED,sbm_k4_r1_rep2_q00_main,3.462416481069042,0.1682867077179253,True,0,70,0.5370267260579067,supp-jstar+2,0.9401970002800226,6.586876189032939
0.0,0.0,0,1.0,0.4176294591876948,True,COMPLETED,sbm_k4_r1_rep2_q01_supp-jstar+2,3.999443207126949,1.0965620828792453,sbm_k4_r1_rep2,1.0,0.4176294591876948,True,COMPLETED,sbm_k4_r1_rep2_q01_main,1.0773942093541202,0.19102470763027668,True,1,43,2.9220489977728286,supp-jstar+2,0.9055373752489686,5.740420160734455
0.0,0.0,0,1.0,0.44040482005165554,True,COMPLETED,sbm_k4_r2_rep0_q00_supp-jstar+2,4.007534533277522,1.7514407080598176,sbm_k4_r2_rep0,1.0,0.44040482005165554,True,COMPLETED,sbm_k4_r2_rep0_q00_main,1.1111343658434492,0.23521258402615786,True,0,51,2.896400167434073,supp-jstar+2,1.5162281240336597,7.44620325188486
0.0,0.0,0,1.0,0.44040482005165554,True,COMPLETED,sbm_k4_r2_rep0_q01_supp-jstar+2,4.007534533277522,1.7701754160225391,sbm_k4_r2_rep0,1.0,0.44040482005165554,True,COMPLETED,sbm_k4_r2_rep0_q01_main,1.1912934282126413,0.28062945837154984,True,1,75,2.816241105064881,supp-jstar+2,1.4895459576509893,6.307874541377796
0.0,0.0,0,1.0,0.45524621704949575,True,COMPLETED,sbm_k4_r2_rep1_q00_supp-jstar+2,4.023845007451565,1.7285978747531772,sbm_k4_r2_rep1,1.0,0.45524621704949575,True,COMPLETED,sbm_k4_r2_rep1_q00_main,3.8635299127102405,0.20859991712495685,True,0,25,0.16031509474132477,supp-jstar+2,1.5199979576282203,8.286666162564684
0.0,0.0,0,1.0,0.45524621704949575,True,COMPLETED,sbm_k4_r2_rep1_q01_supp-jstar+2,4.023845007451565,1.7084936248138547,sbm_k4_r2_rep1,1.0,0.45524621704949575,True,COMPLETED,sbm_k4_r2_rep1_q01_main,1.17096018735363,0.28671474987640977,True,1,74,2.8528848200979353,supp-jstar+2,1.421778874937445,5.958861989312764
0.0,0.0,0,1.0,0.4409753982288893,True,COMPLETED,sbm_k4_r2_rep2_q00_supp-jstar+2,4.041595925297114,1.7306685419753194,sbm_k4_r2_rep2,1.0,0.4409753982288893,True,COMPLETED,sbm_k4_r2_rep2_q00_main,1.1383701188455009,0.23804612504318357,True,0,38,2.903225806451613,supp-jstar+2,1.4926224169321358,7.2703075576691765
0.0,0.0,0,1.0,0.4409753982288893,True,COMPLETED,sbm_k4_r2_rep2_q01_supp-jstar+2,4.041595925297114,1.7358737499453127,sbm_k4_r2_rep2,1.0,0.4409753982288893,True,COMPLETED,sbm_k4_r2_rep2_q01_main,1.2005517826825127,0.25564691703766584,True,1,9,2.841044142614601,supp-jstar+2,1.480226832907647,6.790121977843203
0.0,0.0,0,1.0,0.4691396784251302,True,COMPLETED,sbm_k4_r3_rep0_q00_supp-jstar+2,4.063987907796951,1.2993647502735257,sbm_k4_r3_rep0,1.0,0.4691396784251302,True,COMPLETED,sbm_k4_r3_rep0_q00_main,1.8559012470084393,1.1888657910749316,True,0,214,2.208086660788512,supp-jstar+2,0.1104989591985941,1.0929448555321664
0.0,0.0,0,1.0,0.4691396784251302,True,COMPLETED,sbm_k4_r3_rep0_q01_supp-jstar+2,4.063987907796951,1.2545674997381866,sbm_k4_r3_rep0,1.0,0.4691396784251302,True,COMPLETED,sbm_k4_r3_rep0_q01_main,1.6091447285552336,1.0591747919097543,True,1,148,2.454843179241718,supp-jstar+2,0.19539270782843232,1.184476357746513
0.0,0.0,0,1.0,0.46940336756016154,True,COMPLETED,sbm_k4_r3_rep1_q00_supp-jstar+2,4.093141621071383,1.2482175417244434,sbm_k4_r3_rep1,1.0,0.46940336756016154,True,COMPLETED,sbm_k4_r3_rep1_q00_main,2.88484540017814,0.6229464579373598,True,0,178,1.208296220893243,supp-jstar+2,0.6252710837870836,2.0037316623605514
0.0,0.0,0,1.0,0.46940336756016154,True,COMPLETED,sbm_k4_r3_rep1_q01_supp-jstar+2,4.093141621071383,1.302987250033766,sbm_k4_r3_rep1,1.0,0.46940336756016154,True,COMPLETED,sbm_k4_r3_rep1_q01_main,1.1870466980531875,0.9565160828642547,True,1,109,2.9060949230181956,supp-jstar+2,0.3464711671695113,1.3622219985387127
0.0,0.0,0,1.0,0.4719079783274395,True,COMPLETED,sbm_k4_r3_rep2_q00_supp-jstar+2,4.010271460014674,1.3109785420820117,sbm_k4_r3_rep2,1.0,0.4719079783274395,True,COMPLETED,sbm_k4_r3_rep2_q00_main,2.2213255074590363,1.3769099158234894,True,0,77,1.7889459525556375,supp-jstar+2,-0.06593137374147773,0.952116421718086
0.0,0.0,0,1.0,0.4719079783274395,True,COMPLETED,sbm_k4_r3_rep2_q01_supp-jstar+2,4.010271460014674,1.3129764581099153,sbm_k4_r3_rep2,1.0,0.4719079783274395,True,COMPLETED,sbm_k4_r3_rep2_q01_main,1.7987282954267547,1.3732666252180934,True,1,34,2.211543164587919,supp-jstar+2,-0.06029016710817814,0.9560972603564124
0.0,0.0,0,1.0,0.5366906476218919,True,COMPLETED,sbm_k8_r0_rep0_q00_supp-jstar+2,7.989542483660131,2.7340364172123373,sbm_k8_r0_rep0,1.0,0.5366906476218919,True,COMPLETED,sbm_k8_r0_rep0_q00_main,5.948900772430184,0.3513062088750303,True,0,3,2.040641711229947,supp-jstar+2,2.382730208337307,7.782488177386334
0.0,0.0,0,1.0,0.5366906476218919,True,COMPLETED,sbm_k8_r0_rep0_q01_supp-jstar+2,7.989542483660131,2.844433707650751,sbm_k8_r0_rep0,1.0,0.5366906476218919,True,COMPLETED,sbm_k8_r0_rep0_q01_main,1.3294117647058823,0.49305333383381367,True,1,90,6.660130718954249,supp-jstar+2,2.351380373816937,5.769018303828127
0.0,0.0,0,1.0,0.5431351729033689,True,COMPLETED,sbm_k8_r0_rep1_q00_supp-jstar+2,8.036793692509855,2.7588013750500977,sbm_k8_r0_rep1,1.0,0.5431351729033689,True,COMPLETED,sbm_k8_r0_rep1_q00_main,7.5578783896786526,0.5074036251753569,True,0,42,0.47891530283120254,supp-jstar+2,2.251397749874741,5.437094333129106
0.0,0.0,0,1.0,0.5431351729033689,True,COMPLETED,sbm_k8_r0_rep1_q01_supp-jstar+2,8.036793692509855,2.720786666031927,sbm_k8_r0_rep1,1.0,0.5431351729033689,True,COMPLETED,sbm_k8_r0_rep1_q01_main,1.299366861784733,0.6330142500810325,True,1,61,6.737426830725122,supp-jstar+2,2.0877724159508944,4.298144418839919
0.0,0.0,0,1.0,0.5291951077122627,True,COMPLETED,sbm_k8_r0_rep2_q00_supp-jstar+2,7.97311320754717,2.7482945416122675,sbm_k8_r0_rep2,1.0,0.5291951077122627,True,COMPLETED,sbm_k8_r0_rep2_q00_main,3.387735849056604,0.26275454135611653,True,0,82,4.585377358490566,supp-jstar+2,2.485540000256151,10.459551060194421
0.0,0.0,0,1.0,0.5291951077122627,True,COMPLETED,sbm_k8_r0_rep2_q01_supp-jstar+2,7.97311320754717,2.8610718329437077,sbm_k8_r0_rep2,1.0,0.5291951077122627,True,COMPLETED,sbm_k8_r0_rep2_q01_main,1.4357311320754718,0.8518950832076371,True,1,26,6.537382075471698,supp-jstar+2,2.0091767497360706,3.358479100702079
0.0,0.0,0,1.0,0.45513596031441655,True,COMPLETED,sbm_k8_r1_rep0_q00_supp-jstar+2,7.813827383642114,1.471142292022705,sbm_k8_r1_rep0,1.0,0.45513596031441655,True,COMPLETED,sbm_k8_r1_rep0_q00_main,4.730682331676458,0.5524148340336978,True,0,38,3.0831450519656567,supp-jstar+2,0.9187274579890072,2.6631114904726907
0.0,0.0,0,1.0,0.45513596031441655,True,COMPLETED,sbm_k8_r1_rep0_q01_supp-jstar+2,7.813827383642114,1.470371334347874,sbm_k8_r1_rep0,1.0,0.45513596031441655,True,COMPLETED,sbm_k8_r1_rep0_q01_main,4.273384545865341,0.8993909172713757,True,1,21,3.540442837776773,supp-jstar+2,0.5709804170764983,1.6348523274048306
0.0,0.0,0,1.0,0.4420380976631889,True,COMPLETED,sbm_k8_r1_rep1_q00_supp-jstar+2,7.948212648945921,1.4865672090090811,sbm_k8_r1_rep1,1.0,0.4420380976631889,True,COMPLETED,sbm_k8_r1_rep1_q00_main,6.92186067827681,0.27132362499833107,True,0,5,1.0263519706691104,supp-jstar+2,1.21524358401075,5.478944964774907
0.0,0.0,0,1.0,0.4420380976631889,True,COMPLETED,sbm_k8_r1_rep1_q01_supp-jstar+2,7.948212648945921,1.4722916670143604,sbm_k8_r1_rep1,1.0,0.4420380976631889,True,COMPLETED,sbm_k8_r1_rep1_q01_main,6.146883593033913,0.24172295769676566,True,1,18,1.8013290559120074,supp-jstar+2,1.2305687093175948,6.09082265517083
0.0,0.0,0,1.0,0.43151623949986406,True,COMPLETED,sbm_k8_r1_rep2_q00_supp-jstar+2,7.817086772250725,1.493784749880433,sbm_k8_r1_rep2,1.0,0.43151623949986406,True,COMPLETED,sbm_k8_r1_rep2_q00_main,4.674771358465313,0.25562133407220244,True,0,32,3.142315413785412,supp-jstar+2,1.2381634158082306,5.8437405285526784
0.0,0.0,0,1.0,0.43151623949986406,True,COMPLETED,sbm_k8_r1_rep2_q01_supp-jstar+2,7.817086772250725,1.4819296672940254,sbm_k8_r1_rep2,1.0,0.43151623949986406,True,COMPLETED,sbm_k8_r1_rep2_q01_main,1.3194289538255632,0.40016125002875924,True,1,82,6.4976578184251625,supp-jstar+2,1.0817684172652662,3.703331262553584
0.0,0.0,0,1.0,0.4890969784718274,True,COMPLETED,sbm_k8_r2_rep0_q00_supp-jstar+2,8.093608454957222,2.48568379227072,sbm_k8_r2_rep0,1.0,0.4890969784718274,True,COMPLETED,sbm_k8_r2_rep0_q00_main,1.4143600067102835,0.45780312502756715,True,0,51,6.6792484482469385,supp-jstar+2,2.027880667243153,5.429591141652957
0.0,0.0,0,1.0,0.4890969784718274,True,COMPLETED,sbm_k8_r2_rep0_q01_supp-jstar+2,8.093608454957222,2.5082084159366786,sbm_k8_r2_rep0,1.0,0.4890969784718274,True,COMPLETED,sbm_k8_r2_rep0_q01_main,1.482972655594699,0.4549224581569433,True,1,56,6.610635799362523,supp-jstar+2,2.0532859577797353,5.513485586309248
0.0,0.0,0,1.0,0.4863952713952714,True,COMPLETED,sbm_k8_r2_rep1_q00_supp-jstar+2,8.058608058608058,2.392997291870415,sbm_k8_r2_rep1,1.0,0.4863952713952714,True,COMPLETED,sbm_k8_r2_rep1_q00_main,1.344155844155844,0.39997837506234646,True,0,36,6.714452214452214,supp-jstar+2,1.9930189168080688,5.98281667477
0.0,0.0,0,1.0,0.4863952713952714,True,COMPLETED,sbm_k8_r2_rep1_q01_supp-jstar+2,8.058608058608058,2.3826397079974413,sbm_k8_r2_rep1,1.0,0.4863952713952714,True,COMPLETED,sbm_k8_r2_rep1_q01_main,1.4335664335664335,0.3989607081748545,True,1,5,6.625041625041625,supp-jstar+2,1.9836789998225868,5.972116198854324
0.0,0.0,0,1.0,0.49901245105687797,True,COMPLETED,sbm_k8_r2_rep2_q00_supp-jstar+2,7.9516367823655205,2.464876417070627,sbm_k8_r2_rep2,1.0,0.49901245105687797,True,COMPLETED,sbm_k8_r2_rep2_q00_main,1.3314689916104623,0.3289012503810227,True,0,17,6.620167790755058,supp-jstar+2,2.1359751666896045,7.49427499656854
0.0,0.0,0,1.0,0.49901245105687797,True,COMPLETED,sbm_k8_r2_rep2_q01_supp-jstar+2,7.9516367823655205,2.3792591667734087,sbm_k8_r2_rep2,1.0,0.49901245105687797,True,COMPLETED,sbm_k8_r2_rep2_q01_main,1.3693041618687285,0.48019604198634624,True,1,30,6.582332620496792,supp-jstar+2,1.8990631247870624,4.954766301137192
0.02499333511063717,-0.01651848966322157,-12016676383/727468226696,0.9919354838709677,0.5414520107812233,True,COMPLETED,sbm_k8_r3_rep0_q00_supp-jstar+2,8.166522283184136,2.3707215837202966,sbm_k8_r3_rep0,0.9669421487603306,0.5579705004444449,True,COMPLETED,sbm_k8_r3_rep0_q00_main,3.1883077544426492,1.470810541883111,True,0,148,4.978214528741487,supp-jstar+2,0.8999110418371856,1.6118470164654992
0.0,0.0,0,0.9979959919839679,0.5390650269183683,True,COMPLETED,sbm_k8_r3_rep0_q01_supp-jstar+2,8.079421007523093,2.3495783749967813,sbm_k8_r3_rep0,0.9979959919839679,0.5390650269183683,True,COMPLETED,sbm_k8_r3_rep0_q01_main,4.738596324159603,0.8242152919992805,True,1,13,3.34082468336349,supp-jstar+2,1.525363082997501,2.850685249114296
0.0,0.0,0,1.0,0.5304485803119049,True,COMPLETED,sbm_k8_r3_rep1_q00_supp-jstar+2,8.081226053639847,2.165948917157948,sbm_k8_r3_rep1,1.0,0.5304485803119049,True,COMPLETED,sbm_k8_r3_rep1_q00_main,4.341954022988506,1.001250292174518,True,0,146,3.7392720306513416,supp-jstar+2,1.16469862498343,2.163244229825825
0.0,0.0,0,1.0,0.5304485803119049,True,COMPLETED,sbm_k8_r3_rep1_q01_supp-jstar+2,8.081226053639847,2.387396791949868,sbm_k8_r3_rep1,1.0,0.5304485803119049,True,COMPLETED,sbm_k8_r3_rep1_q01_main,4.414176245210728,1.2166581661440432,True,1,8,3.6670498084291197,supp-jstar+2,1.170738625805825,1.9622576483551242
0.0,0.0,0,0.9858012170385395,0.5392478476318261,True,COMPLETED,sbm_k8_r3_rep2_q00_supp-jstar+2,8.146257855646544,2.3361799591220915,sbm_k8_r3_rep2,0.9858012170385395,0.5392478476318261,True,COMPLETED,sbm_k8_r3_rep2_q00_main,4.617691868215578,0.6432015411555767,True,0,82,3.528565987430966,supp-jstar+2,1.6929784179665148,3.6321118803989614
0.0,0.0,0,1.0,0.534356747095576,True,COMPLETED,sbm_k8_r3_rep2_q01_supp-jstar+2,7.9649939484219345,2.3679172080010176,sbm_k8_r3_rep2,1.0,0.534356747095576,True,COMPLETED,sbm_k8_r3_rep2_q01_main,4.421748440554883,0.8902656668797135,True,1,13,3.5432455078670513,supp-jstar+2,1.477651541121304,2.659787180494465
0.0,0.0,0,1.0,0.22698670081913533,True,COMPLETED,lfr_n1000_o00_m20_s11_q00_full,50.43989769820972,0.20118695916607976,lfr_n1000_o00_m20_s11,1.0,0.22698670081913533,True,COMPLETED,lfr_n1000_o00_m20_s11_q00_main,21.161125319693095,0.6640271251089871,True,0,550,29.278772378516624,full,-0.46284016594290733,0.3029800313248632
0.0,0.0,0,1.0,0.22698670081913533,True,COMPLETED,lfr_n1000_o00_m20_s11_q01_full,50.43989769820972,0.23672870825976133,lfr_n1000_o00_m20_s11,1.0,0.22698670081913533,True,COMPLETED,lfr_n1000_o00_m20_s11_q01_main,7.5038363171355495,0.34656883403658867,True,1,381,42.93606138107417,full,-0.10984012577682734,0.6830640409944333
0.0,0.0,0,1.0,0.24107032012059945,True,COMPLETED,lfr_n1000_o00_m20_s12_q00_full,23.014285714285716,0.2291626250371337,lfr_n1000_o00_m20_s12,1.0,0.24107032012059945,True,COMPLETED,lfr_n1000_o00_m20_s12_q00_main,4.908333333333333,0.4729446666315198,True,0,609,18.10595238095238,full,-0.2437820415943861,0.4845442632207092
0.0,0.0,0,1.0,0.24107032012059945,True,COMPLETED,lfr_n1000_o00_m20_s12_q01_full,23.014285714285716,0.22852954221889377,lfr_n1000_o00_m20_s12,1.0,0.24107032012059945,True,COMPLETED,lfr_n1000_o00_m20_s12_q01_main,3.4630952380952382,0.41246987506747246,True,1,416,19.551190476190477,full,-0.1839403328485787,0.5540514738961495
0.0,0.0,0,1.0,0.5228045340436144,True,COMPLETED,lfr_n1000_o00_m50_s11_q00_full,40.248979591836736,0.27220791717991233,lfr_n1000_o00_m50_s11,1.0,0.5228045340436144,True,COMPLETED,lfr_n1000_o00_m50_s11_q00_main,6.289795918367347,0.36907995818182826,True,0,599,33.95918367346939,full,-0.09687204100191593,0.7375310177254555
0.0,0.0,0,1.0,0.5228045340436144,True,COMPLETED,lfr_n1000_o00_m50_s11_q01_full,40.248979591836736,0.2620960408821702,lfr_n1000_o00_m50_s11,1.0,0.5228045340436144,True,COMPLETED,lfr_n1000_o00_m50_s11_q01_main,12.83265306122449,0.5794138750061393,True,1,394,27.416326530612245,full,-0.3173178341239691,0.45234684944228015
0.0,0.0,0,1.0,0.5438934609505883,True,COMPLETED,lfr_n1000_o00_m50_s12_q00_full,23.096774193548388,0.2664318750612438,lfr_n1000_o00_m50_s12,1.0,0.5438934609505883,True,COMPLETED,lfr_n1000_o00_m50_s12_q00_main,7.655913978494624,0.6270211250521243,True,0,523,15.440860215053764,full,-0.3605892499908805,0.42491690377911157
0.0,0.0,0,1.0,0.5438934609505883,True,COMPLETED,lfr_n1000_o00_m50_s12_q01_full,23.096774193548388,0.27219604095444083,lfr_n1000_o00_m50_s12,1.0,0.5438934609505883,True,COMPLETED,lfr_n1000_o00_m50_s12_q01_main,6.158900836320191,0.5028406670317054,True,1,333,16.9378733572282,full,-0.23064462607726455,0.5413166810099673
0.0,0.0,0,1.0,0.4960019709855934,True,COMPLETED,sbm_k4_r0_rep0_q00_full,3.9551734725207246,0.25302229216322303,sbm_k4_r0_rep0,1.0,0.4960019709855934,True,COMPLETED,sbm_k4_r0_rep0_q00_main,1.1532084740558797,0.28551187505945563,True,0,13,2.801964998464845,full,-0.032489582896232605,0.8862058438393607
0.0,0.0,0,1.0,0.4960019709855934,True,COMPLETED,sbm_k4_r0_rep0_q01_full,3.9551734725207246,0.2706353752873838,sbm_k4_r0_rep0,1.0,0.4960019709855934,True,COMPLETED,sbm_k4_r0_rep0_q01_main,2.9829597789376727,0.26039879210293293,True,1,97,0.9722136935830519,full,0.010236583184450865,1.0393111776816708
0.0,0.0,0,1.0,0.4868836118836119,True,COMPLETED,sbm_k4_r0_rep1_q00_full,3.9755799755799757,0.2529294593259692,sbm_k4_r0_rep1,1.0,0.4868836118836119,True,COMPLETED,sbm_k4_r0_rep1_q00_main,2.382173382173382,0.2870351248420775,True,0,55,1.5934065934065935,full,-0.034105665516108274,0.881179470509497
0.0,0.0,0,1.0,0.4868836118836119,True,COMPLETED,sbm_k4_r0_rep1_q01_full,3.9755799755799757,0.25981633411720395,sbm_k4_r0_rep1,1.0,0.4868836118836119,True,COMPLETED,sbm_k4_r0_rep1_q01_main,3.419261294261294,0.2144496669061482,True,1,67,0.5563186813186816,full,0.045366667211055756,1.2115492547298292
0.0,0.0,0,1.0,0.48679123061799606,True,COMPLETED,sbm_k4_r0_rep2_q00_full,4.06468917639634,0.2504919162020087,sbm_k4_r0_rep2,1.0,0.48679123061799606,True,COMPLETED,sbm_k4_r0_rep2_q00_main,1.1506784474597664,0.34254141710698605,True,0,14,2.9140107289365735,full,-0.09204950090497732,0.731274828946517
0.0,0.0,0,1.0,0.48679123061799606,True,COMPLETED,sbm_k4_r0_rep2_q01_full,4.06468917639634,0.26125208381563425,sbm_k4_r0_rep2,1.0,0.48679123061799606,True,COMPLETED,sbm_k4_r0_rep2_q01_main,2.5763647838434838,0.2517542503774166,True,1,88,1.488324392552856,full,0.00949783343821764,1.0377266061009058
0.0,0.0,0,1.0,0.4191931368412593,True,COMPLETED,sbm_k4_r1_rep0_q00_full,3.9943342776203967,0.18352070823311806,sbm_k4_r1_rep0,1.0,0.4191931368412593,True,COMPLETED,sbm_k4_r1_rep0_q00_main,2.546175637393768,0.1908959997817874,True,0,27,1.4481586402266289,full,-0.007375291548669338,0.9613648711492121
0.0,0.0,0,1.0,0.4191931368412593,True,COMPLETED,sbm_k4_r1_rep0_q01_full,3.9943342776203967,0.20042366674169898,sbm_k4_r1_rep0,1.0,0.4191931368412593,True,COMPLETED,sbm_k4_r1_rep0_q01_main,3.631728045325779,0.21883841697126627,True,1,49,0.36260623229461775,full,-0.01841475022956729,0.9158522964823623
0.0,0.0,0,1.0,0.4210581697979021,True,COMPLETED,sbm_k4_r1_rep1_q00_full,3.961175818080976,0.19235479179769754,sbm_k4_r1_rep1,1.0,0.4210581697979021,True,COMPLETED,sbm_k4_r1_rep1_q00_main,2.2878535773710484,0.20578404096886516,True,0,85,1.6733222407099277,full,-0.013429249171167612,0.934741056167716
0.0,0.0,0,1.0,0.4210581697979021,True,COMPLETED,sbm_k4_r1_rep1_q01_full,3.961175818080976,0.18526324955746531,sbm_k4_r1_rep1,1.0,0.4210581697979021,True,COMPLETED,sbm_k4_r1_rep1_q01_main,1.6209095951192456,0.25448699994012713,True,1,2,2.3402662229617306,full,-0.06922375038266182,0.7279870861814237
0.0,0.0,0,1.0,0.4176294591876948,True,COMPLETED,sbm_k4_r1_rep2_q00_full,3.999443207126949,0.18951820768415928,sbm_k4_r1_rep2,1.0,0.4176294591876948,True,COMPLETED,sbm_k4_r1_rep2_q00_main,3.462416481069042,0.1682867077179253,True,0,70,0.5370267260579067,full,0.02123149996623397,1.1261626675935765
0.0,0.0,0,1.0,0.4176294591876948,True,COMPLETED,sbm_k4_r1_rep2_q01_full,3.999443207126949,0.180673916824162,sbm_k4_r1_rep2,1.0,0.4176294591876948,True,COMPLETED,sbm_k4_r1_rep2_q01_main,1.0773942093541202,0.19102470763027668,True,1,43,2.9220489977728286,full,-0.010350790806114674,0.9458143873925023
0.0,0.0,0,1.0,0.44040482005165554,True,COMPLETED,sbm_k4_r2_rep0_q00_full,4.007534533277522,0.2094784160144627,sbm_k4_r2_rep0,1.0,0.44040482005165554,True,COMPLETED,sbm_k4_r2_rep0_q00_main,1.1111343658434492,0.23521258402615786,True,0,51,2.896400167434073,full,-0.025734168011695147,0.8905918740774802
0.0,0.0,0,1.0,0.44040482005165554,True,COMPLETED,sbm_k4_r2_rep0_q01_full,4.007534533277522,0.2159235831350088,sbm_k4_r2_rep0,1.0,0.44040482005165554,True,COMPLETED,sbm_k4_r2_rep0_q01_main,1.1912934282126413,0.28062945837154984,True,1,75,2.816241105064881,full,-0.06470587523654103,0.7694259340697182
0.0,0.0,0,1.0,0.45524621704949575,True,COMPLETED,sbm_k4_r2_rep1_q00_full,4.023845007451565,0.22513320809230208,sbm_k4_r2_rep1,1.0,0.45524621704949575,True,COMPLETED,sbm_k4_r2_rep1_q00_main,3.8635299127102405,0.20859991712495685,True,0,25,0.16031509474132477,full,0.016533290967345238,1.0792583774491213
0.0,0.0,0,1.0,0.45524621704949575,True,COMPLETED,sbm_k4_r2_rep1_q01_full,4.023845007451565,0.21058850036934018,sbm_k4_r2_rep1,1.0,0.45524621704949575,True,COMPLETED,sbm_k4_r2_rep1_q01_main,1.17096018735363,0.28671474987640977,True,1,74,2.8528848200979353,full,-0.07612624950706959,0.7344878505905807
0.0,0.0,0,1.0,0.4409753982288893,True,COMPLETED,sbm_k4_r2_rep2_q00_full,4.041595925297114,0.2048729588277638,sbm_k4_r2_rep2,1.0,0.4409753982288893,True,COMPLETED,sbm_k4_r2_rep2_q00_main,1.1383701188455009,0.23804612504318357,True,0,38,2.903225806451613,full,-0.03317316621541977,0.8606439562525882
0.0,0.0,0,1.0,0.4409753982288893,True,COMPLETED,sbm_k4_r2_rep2_q01_full,4.041595925297114,0.20178824989125133,sbm_k4_r2_rep2,1.0,0.4409753982288893,True,COMPLETED,sbm_k4_r2_rep2_q01_main,1.2005517826825127,0.25564691703766584,True,1,9,2.841044142614601,full,-0.05385866714641452,0.7893240107469036
0.0,0.0,0,1.0,0.4691396784251302,True,COMPLETED,sbm_k4_r3_rep0_q00_full,4.063987907796951,0.3755586249753833,sbm_k4_r3_rep0,1.0,0.4691396784251302,True,COMPLETED,sbm_k4_r3_rep0_q00_main,1.8559012470084393,1.1888657910749316,True,0,214,2.208086660788512,full,-0.8133071660995483,0.3158965694822593
0.0,0.0,0,1.0,0.4691396784251302,True,COMPLETED,sbm_k4_r3_rep0_q01_full,4.063987907796951,0.3067791252397001,sbm_k4_r3_rep0,1.0,0.4691396784251302,True,COMPLETED,sbm_k4_r3_rep0_q01_main,1.6091447285552336,1.0591747919097543,True,1,148,2.454843179241718,full,-0.7523956666700542,0.2896397531200297
0.0,0.0,0,1.0,0.46940336756016154,True,COMPLETED,sbm_k4_r3_rep1_q00_full,4.093141621071383,0.3297134577296674,sbm_k4_r3_rep1,1.0,0.46940336756016154,True,COMPLETED,sbm_k4_r3_rep1_q00_main,2.88484540017814,0.6229464579373598,True,0,178,1.208296220893243,full,-0.2932330002076924,0.5292805722363088
0.0,0.0,0,1.0,0.46940336756016154,True,COMPLETED,sbm_k4_r3_rep1_q01_full,4.093141621071383,0.374889874830842,sbm_k4_r3_rep1,1.0,0.46940336756016154,True,COMPLETED,sbm_k4_r3_rep1_q01_main,1.1870466980531875,0.9565160828642547,True,1,109,2.9060949230181956,full,-0.5816262080334127,0.3919326413291945
0.0,0.0,0,1.0,0.4719079783274395,True,COMPLETED,sbm_k4_r3_rep2_q00_full,4.010271460014674,0.39095620810985565,sbm_k4_r3_rep2,1.0,0.4719079783274395,True,COMPLETED,sbm_k4_r3_rep2_q00_main,2.2213255074590363,1.3769099158234894,True,0,77,1.7889459525556375,full,-0.9859537077136338,0.2839373902511525
0.0,0.0,0,1.0,0.4719079783274395,True,COMPLETED,sbm_k4_r3_rep2_q01_full,4.010271460014674,0.381221666932106,sbm_k4_r3_rep2,1.0,0.4719079783274395,True,COMPLETED,sbm_k4_r3_rep2_q01_main,1.7987282954267547,1.3732666252180934,True,1,34,2.211543164587919,full,-0.9920449582859874,0.27760207663356185
0.0,0.0,0,1.0,0.5366906476218919,True,COMPLETED,sbm_k8_r0_rep0_q00_full,7.989542483660131,0.5341197499074042,sbm_k8_r0_rep0,1.0,0.5366906476218919,True,COMPLETED,sbm_k8_r0_rep0_q00_main,5.948900772430184,0.3513062088750303,True,0,3,2.040641711229947,full,0.1828135410323739,1.5203823229250295
0.0,0.0,0,1.0,0.5366906476218919,True,COMPLETED,sbm_k8_r0_rep0_q01_full,7.989542483660131,0.6637077499181032,sbm_k8_r0_rep0,1.0,0.5366906476218919,True,COMPLETED,sbm_k8_r0_rep0_q01_main,1.3294117647058823,0.49305333383381367,True,1,90,6.660130718954249,full,0.17065441608428955,1.3461175584339717
0.0,0.0,0,1.0,0.5431351729033689,True,COMPLETED,sbm_k8_r0_rep1_q00_full,8.036793692509855,0.5635730409994721,sbm_k8_r0_rep1,1.0,0.5431351729033689,True,COMPLETED,sbm_k8_r0_rep1_q00_main,7.5578783896786526,0.5074036251753569,True,0,42,0.47891530283120254,full,0.056169415824115276,1.11069967386359
0.0,0.0,0,1.0,0.5431351729033689,True,COMPLETED,sbm_k8_r0_rep1_q01_full,8.036793692509855,0.5506443330086768,sbm_k8_r0_rep1,1.0,0.5431351729033689,True,COMPLETED,sbm_k8_r0_rep1_q01_main,1.299366861784733,0.6330142500810325,True,1,61,6.737426830725122,full,-0.08236991707235575,0.8698766780340071
0.0,0.0,0,1.0,0.5291951077122627,True,COMPLETED,sbm_k8_r0_rep2_q00_full,7.97311320754717,0.5482863332144916,sbm_k8_r0_rep2,1.0,0.5291951077122627,True,COMPLETED,sbm_k8_r0_rep2_q00_main,3.387735849056604,0.26275454135611653,True,0,82,4.585377358490566,full,0.2855317918583751,2.086686419898593
0.0,0.0,0,1.0,0.5291951077122627,True,COMPLETED,sbm_k8_r0_rep2_q01_full,7.97311320754717,0.68649858282879,sbm_k8_r0_rep2,1.0,0.5291951077122627,True,COMPLETED,sbm_k8_r0_rep2_q01_main,1.4357311320754718,0.8518950832076371,True,1,26,6.537382075471698,full,-0.16539650037884712,0.8058487440072076
0.0,0.0,0,1.0,0.45513596031441655,True,COMPLETED,sbm_k8_r1_rep0_q00_full,7.813827383642114,0.31279941694810987,sbm_k8_r1_rep0,1.0,0.45513596031441655,True,COMPLETED,sbm_k8_r1_rep0_q00_main,4.730682331676458,0.5524148340336978,True,0,38,3.0831450519656567,full,-0.23961541708558798,0.566240074807674
0.0,0.0,0,1.0,0.45513596031441655,True,COMPLETED,sbm_k8_r1_rep0_q01_full,7.813827383642114,0.3142749578692019,sbm_k8_r1_rep0,1.0,0.45513596031441655,True,COMPLETED,sbm_k8_r1_rep0_q01_main,4.273384545865341,0.8993909172713757,True,1,21,3.540442837776773,full,-0.5851159594021738,0.34943087797980826
0.0,0.0,0,1.0,0.4420380976631889,True,COMPLETED,sbm_k8_r1_rep1_q00_full,7.948212648945921,0.37158395908772945,sbm_k8_r1_rep1,1.0,0.4420380976631889,True,COMPLETED,sbm_k8_r1_rep1_q00_main,6.92186067827681,0.27132362499833107,True,0,5,1.0263519706691104,full,0.10026033408939838,1.369523052369712
0.0,0.0,0,1.0,0.4420380976631889,True,COMPLETED,sbm_k8_r1_rep1_q01_full,7.948212648945921,0.3372816666960716,sbm_k8_r1_rep1,1.0,0.4420380976631889,True,COMPLETED,sbm_k8_r1_rep1_q01_main,6.146883593033913,0.24172295769676566,True,1,18,1.8013290559120074,full,0.09555870899930596,1.3953232655674417
0.0,0.0,0,1.0,0.43151623949986406,True,COMPLETED,sbm_k8_r1_rep2_q00_full,7.817086772250725,0.3327245828695595,sbm_k8_r1_rep2,1.0,0.43151623949986406,True,COMPLETED,sbm_k8_r1_rep2_q00_main,4.674771358465313,0.25562133407220244,True,0,32,3.142315413785412,full,0.07710324879735708,1.3016307268609224
0.0,0.0,0,1.0,0.43151623949986406,True,COMPLETED,sbm_k8_r1_rep2_q01_full,7.817086772250725,0.3392133340239525,sbm_k8_r1_rep2,1.0,0.43151623949986406,True,COMPLETED,sbm_k8_r1_rep2_q01_main,1.3194289538255632,0.40016125002875924,True,1,82,6.4976578184251625,full,-0.06094791600480676,0.8476916093189271
0.0,0.0,0,1.0,0.4890969784718274,True,COMPLETED,sbm_k8_r2_rep0_q00_full,8.093608454957222,0.5006283749826252,sbm_k8_r2_rep0,1.0,0.4890969784718274,True,COMPLETED,sbm_k8_r2_rep0_q00_main,1.4143600067102835,0.45780312502756715,True,0,51,6.6792484482469385,full,0.0428252499550581,1.0935451236871294
0.0,0.0,0,1.0,0.4890969784718274,True,COMPLETED,sbm_k8_r2_rep0_q01_full,8.093608454957222,0.520006958860904,sbm_k8_r2_rep0,1.0,0.4890969784718274,True,COMPLETED,sbm_k8_r2_rep0_q01_main,1.482972655594699,0.4549224581569433,True,1,56,6.610635799362523,full,0.06508450070396066,1.1430672404427815
0.0,0.0,0,1.0,0.4863952713952714,True,COMPLETED,sbm_k8_r2_rep1_q00_full,8.058608058608058,0.40215941704809666,sbm_k8_r2_rep1,1.0,0.4863952713952714,True,COMPLETED,sbm_k8_r2_rep1_q00_main,1.344155844155844,0.39997837506234646,True,0,36,6.714452214452214,full,0.0021810419857501984,1.005452899760919
0.0,0.0,0,1.0,0.4863952713952714,True,COMPLETED,sbm_k8_r2_rep1_q01_full,8.058608058608058,0.3975049592554569,sbm_k8_r2_rep1,1.0,0.4863952713952714,True,COMPLETED,sbm_k8_r2_rep1_q01_main,1.4335664335664335,0.3989607081748545,True,1,5,6.625041625041625,full,-0.0014557489193975925,0.9963511471441454
0.0,0.0,0,1.0,0.49901245105687797,True,COMPLETED,sbm_k8_r2_rep2_q00_full,7.9516367823655205,0.5000996659509838,sbm_k8_r2_rep2,1.0,0.49901245105687797,True,COMPLETED,sbm_k8_r2_rep2_q00_main,1.3314689916104623,0.3289012503810227,True,0,17,6.620167790755058,full,0.17119841556996107,1.5205161590952683
0.0,0.0,0,1.0,0.49901245105687797,True,COMPLETED,sbm_k8_r2_rep2_q01_full,7.9516367823655205,0.394378500059247,sbm_k8_r2_rep2,1.0,0.49901245105687797,True,COMPLETED,sbm_k8_r2_rep2_q01_main,1.3693041618687285,0.48019604198634624,True,1,30,6.582332620496792,full,-0.08581754192709923,0.8212864446526627
0.02499333511063717,-0.01651848966322157,-12016676383/727468226696,0.9919354838709677,0.5414520107812233,True,COMPLETED,sbm_k8_r3_rep0_q00_full,8.166522283184136,0.8899279166944325,sbm_k8_r3_rep0,0.9669421487603306,0.5579705004444449,True,COMPLETED,sbm_k8_r3_rep0_q00_main,3.1883077544426492,1.470810541883111,True,0,148,4.978214528741487,full,-0.5808826251886785,0.6050595174243436
0.0,0.0,0,0.9979959919839679,0.5390650269183683,True,COMPLETED,sbm_k8_r3_rep0_q01_full,8.079421007523093,0.8597761248238385,sbm_k8_r3_rep0,0.9979959919839679,0.5390650269183683,True,COMPLETED,sbm_k8_r3_rep0_q01_main,4.738596324159603,0.8242152919992805,True,1,13,3.34082468336349,full,0.03556083282455802,1.043145077711794
0.0,0.0,0,1.0,0.5304485803119049,True,COMPLETED,sbm_k8_r3_rep1_q00_full,8.081226053639847,0.6937265410088003,sbm_k8_r3_rep1,1.0,0.5304485803119049,True,COMPLETED,sbm_k8_r3_rep1_q00_main,4.341954022988506,1.001250292174518,True,0,146,3.7392720306513416,full,-0.30752375116571784,0.6928602632436321
0.0,0.0,0,1.0,0.5304485803119049,True,COMPLETED,sbm_k8_r3_rep1_q01_full,8.081226053639847,0.8775681252591312,sbm_k8_r3_rep1,1.0,0.5304485803119049,True,COMPLETED,sbm_k8_r3_rep1_q01_main,4.414176245210728,1.2166581661440432,True,1,8,3.6670498084291197,full,-0.339090040884912,0.7212939095624611
0.0,0.0,0,0.9858012170385395,0.5392478476318261,True,COMPLETED,sbm_k8_r3_rep2_q00_full,8.146257855646544,0.9181482908315957,sbm_k8_r3_rep2,0.9858012170385395,0.5392478476318261,True,COMPLETED,sbm_k8_r3_rep2_q00_main,4.617691868215578,0.6432015411555767,True,0,82,3.528565987430966,full,0.27494674967601895,1.4274659373204381
0.0,0.0,0,1.0,0.534356747095576,True,COMPLETED,sbm_k8_r3_rep2_q01_full,7.9649939484219345,0.9009574591182172,sbm_k8_r3_rep2,1.0,0.534356747095576,True,COMPLETED,sbm_k8_r3_rep2_q01_main,4.421748440554883,0.8902656668797135,True,1,13,3.5432455078670513,full,0.010691792238503695,1.0120096647958774
0.0,0.0,0,1.0,0.22698670081913533,True,COMPLETED,lfr_n1000_o00_m20_s11_q00_patience-2,21.161125319693095,0.6982348333112895,lfr_n1000_o00_m20_s11,1.0,0.22698670081913533,True,COMPLETED,lfr_n1000_o00_m20_s11_q00_main,21.161125319693095,0.6640271251089871,True,0,550,0.0,patience-2,0.034207708202302456,1.0515155283704531
0.0,0.0,0,1.0,0.22698670081913533,True,COMPLETED,lfr_n1000_o00_m20_s11_q01_patience-2,7.5038363171355495,0.30883491691201925,lfr_n1000_o00_m20_s11,1.0,0.22698670081913533,True,COMPLETED,lfr_n1000_o00_m20_s11_q01_main,7.5038363171355495,0.34656883403658867,True,1,381,0.0,patience-2,-0.037733917124569416,0.8911214355743665
0.0,0.0,0,1.0,0.24107032012059945,True,COMPLETED,lfr_n1000_o00_m20_s12_q00_patience-2,4.908333333333333,0.5177430408075452,lfr_n1000_o00_m20_s12,1.0,0.24107032012059945,True,COMPLETED,lfr_n1000_o00_m20_s12_q00_main,4.908333333333333,0.4729446666315198,True,0,609,0.0,patience-2,0.04479837417602539,1.0947222314506586
0.0,0.0,0,1.0,0.24107032012059945,True,COMPLETED,lfr_n1000_o00_m20_s12_q01_patience-2,3.4630952380952382,0.41462108399719,lfr_n1000_o00_m20_s12,1.0,0.24107032012059945,True,COMPLETED,lfr_n1000_o00_m20_s12_q01_main,3.4630952380952382,0.41246987506747246,True,1,416,0.0,patience-2,0.0021512089297175407,1.0052154328346177
0.0,0.0,0,1.0,0.5228045340436144,True,COMPLETED,lfr_n1000_o00_m50_s11_q00_patience-2,6.289795918367347,0.38892062520608306,lfr_n1000_o00_m50_s11,1.0,0.5228045340436144,True,COMPLETED,lfr_n1000_o00_m50_s11_q00_main,6.289795918367347,0.36907995818182826,True,0,599,0.0,patience-2,0.0198406670242548,1.053757096760264
0.0,0.0,0,1.0,0.5228045340436144,True,COMPLETED,lfr_n1000_o00_m50_s11_q01_patience-2,12.83265306122449,0.6100488337688148,lfr_n1000_o00_m50_s11,1.0,0.5228045340436144,True,COMPLETED,lfr_n1000_o00_m50_s11_q01_main,12.83265306122449,0.5794138750061393,True,1,394,0.0,patience-2,0.030634958762675524,1.0528723250929242
-0.7551020408163265,0.23599120370276627,3146765/13334247,0.24489795918367346,0.7798846646533546,True,COMPLETED,lfr_n1000_o00_m50_s12_q00_patience-2,4.46067415730337,0.13009391678497195,lfr_n1000_o00_m50_s12,1.0,0.5438934609505883,True,COMPLETED,lfr_n1000_o00_m50_s12_q00_main,7.655913978494624,0.6270211250521243,True,0,523,-3.1952398211912536,patience-2,-0.4969272082671523,0.20747932021294696
-0.7551020408163265,0.31378432022423275,12599245/40152564,0.24489795918367346,0.8576777811748211,True,COMPLETED,lfr_n1000_o00_m50_s12_q01_patience-2,2.58955223880597,0.12331570778042078,lfr_n1000_o00_m50_s12,1.0,0.5438934609505883,True,COMPLETED,lfr_n1000_o00_m50_s12_q01_main,6.158900836320191,0.5028406670317054,True,1,333,-3.569348597514221,patience-2,-0.3795249592512846,0.2452381357863512
0.0,0.0,0,1.0,0.4960019709855934,True,COMPLETED,sbm_k4_r0_rep0_q00_patience-2,1.1532084740558797,0.30317800026386976,sbm_k4_r0_rep0,1.0,0.4960019709855934,True,COMPLETED,sbm_k4_r0_rep0_q00_main,1.1532084740558797,0.28551187505945563,True,0,13,0.0,patience-2,0.01766612520441413,1.0618752729662655
0.0,0.0,0,1.0,0.4960019709855934,True,COMPLETED,sbm_k4_r0_rep0_q01_patience-2,2.9829597789376727,0.28915700037032366,sbm_k4_r0_rep0,1.0,0.4960019709855934,True,COMPLETED,sbm_k4_r0_rep0_q01_main,2.9829597789376727,0.26039879210293293,True,1,97,0.0,patience-2,0.028758208267390728,1.110439100101597
0.0,0.0,0,1.0,0.4868836118836119,True,COMPLETED,sbm_k4_r0_rep1_q00_patience-2,2.382173382173382,0.3053242499008775,sbm_k4_r0_rep1,1.0,0.4868836118836119,True,COMPLETED,sbm_k4_r0_rep1_q00_main,2.382173382173382,0.2870351248420775,True,0,55,0.0,patience-2,0.018289125058799982,1.063717376292753
0.0,0.0,0,1.0,0.4868836118836119,True,COMPLETED,sbm_k4_r0_rep1_q01_patience-2,3.419261294261294,0.23519220808520913,sbm_k4_r0_rep1,1.0,0.4868836118836119,True,COMPLETED,sbm_k4_r0_rep1_q01_main,3.419261294261294,0.2144496669061482,True,1,67,0.0,patience-2,0.020742541179060936,1.0967245203889204
0.0,0.0,0,1.0,0.48679123061799606,True,COMPLETED,sbm_k4_r0_rep2_q00_patience-2,1.1506784474597664,0.344136375002563,sbm_k4_r0_rep2,1.0,0.48679123061799606,True,COMPLETED,sbm_k4_r0_rep2_q00_main,1.1506784474597664,0.34254141710698605,True,0,14,0.0,patience-2,0.0015949578955769539,1.0046562483131165
0.0,0.0,0,1.0,0.48679123061799606,True,COMPLETED,sbm_k4_r0_rep2_q01_patience-2,2.5763647838434838,0.2762852921150625,sbm_k4_r0_rep2,1.0,0.48679123061799606,True,COMPLETED,sbm_k4_r0_rep2_q01_main,2.5763647838434838,0.2517542503774166,True,1,88,0.0,patience-2,0.024531041737645864,1.0974404273249418
0.0,0.0,0,1.0,0.4191931368412593,True,COMPLETED,sbm_k4_r1_rep0_q00_patience-2,2.546175637393768,0.20687529118731618,sbm_k4_r1_rep0,1.0,0.4191931368412593,True,COMPLETED,sbm_k4_r1_rep0_q00_main,2.546175637393768,0.1908959997817874,True,0,27,0.0,patience-2,0.015979291405528784,1.0837067902093007
0.0,0.0,0,1.0,0.4191931368412593,True,COMPLETED,sbm_k4_r1_rep0_q01_patience-2,3.631728045325779,0.22163570811972022,sbm_k4_r1_rep0,1.0,0.4191931368412593,True,COMPLETED,sbm_k4_r1_rep0_q01_main,3.631728045325779,0.21883841697126627,True,1,49,0.0,patience-2,0.002797291148453951,1.0127824501162483
0.0,0.0,0,1.0,0.4210581697979021,True,COMPLETED,sbm_k4_r1_rep1_q00_patience-2,2.2878535773710484,0.21108416700735688,sbm_k4_r1_rep1,1.0,0.4210581697979021,True,COMPLETED,sbm_k4_r1_rep1_q00_main,2.2878535773710484,0.20578404096886516,True,0,85,0.0,patience-2,0.005300126038491726,1.025755768102997
0.0,0.0,0,1.0,0.4210581697979021,True,COMPLETED,sbm_k4_r1_rep1_q01_patience-2,1.6209095951192456,0.25801737513393164,sbm_k4_r1_rep1,1.0,0.4210581697979021,True,COMPLETED,sbm_k4_r1_rep1_q01_main,1.6209095951192456,0.25448699994012713,True,1,2,0.0,patience-2,0.0035303751938045025,1.013872516846185
0.0,0.0,0,1.0,0.4176294591876948,True,COMPLETED,sbm_k4_r1_rep2_q00_patience-2,3.462416481069042,0.17634574975818396,sbm_k4_r1_rep2,1.0,0.4176294591876948,True,COMPLETED,sbm_k4_r1_rep2_q00_main,3.462416481069042,0.1682867077179253,True,0,70,0.0,patience-2,0.008059042040258646,1.0478887616826331
0.0,0.0,0,1.0,0.4176294591876948,True,COMPLETED,sbm_k4_r1_rep2_q01_patience-2,1.0773942093541202,0.2067301250062883,sbm_k4_r1_rep2,1.0,0.4176294591876948,True,COMPLETED,sbm_k4_r1_rep2_q01_main,1.0773942093541202,0.19102470763027668,True,1,43,0.0,patience-2,0.01570541737601161,1.082216680610809
0.0,0.0,0,1.0,0.44040482005165554,True,COMPLETED,sbm_k4_r2_rep0_q00_patience-2,1.1111343658434492,0.26329475035890937,sbm_k4_r2_rep0,1.0,0.44040482005165554,True,COMPLETED,sbm_k4_r2_rep0_q00_main,1.1111343658434492,0.23521258402615786,True,0,51,0.0,patience-2,0.028082166332751513,1.1193905778851887
0.0,0.0,0,1.0,0.44040482005165554,True,COMPLETED,sbm_k4_r2_rep0_q01_patience-2,1.1912934282126413,0.29717516619712114,sbm_k4_r2_rep0,1.0,0.44040482005165554,True,COMPLETED,sbm_k4_r2_rep0_q01_main,1.1912934282126413,0.28062945837154984,True,1,75,0.0,patience-2,0.0165457078255713,1.058959269356765
0.0,0.0,0,1.0,0.45524621704949575,True,COMPLETED,sbm_k4_r2_rep1_q00_patience-2,3.8635299127102405,0.22256337478756905,sbm_k4_r2_rep1,1.0,0.45524621704949575,True,COMPLETED,sbm_k4_r2_rep1_q00_main,3.8635299127102405,0.20859991712495685,True,0,25,0.0,patience-2,0.0139634576626122,1.0669389415636619
0.0,0.0,0,1.0,0.45524621704949575,True,COMPLETED,sbm_k4_r2_rep1_q01_patience-2,1.17096018735363,0.3063659160397947,sbm_k4_r2_rep1,1.0,0.45524621704949575,True,COMPLETED,sbm_k4_r2_rep1_q01_main,1.17096018735363,0.28671474987640977,True,1,74,0.0,patience-2,0.019651166163384914,1.0685390834334672
0.0,0.0,0,1.0,0.4409753982288893,True,COMPLETED,sbm_k4_r2_rep2_q00_patience-2,1.1383701188455009,0.24388112500309944,sbm_k4_r2_rep2,1.0,0.4409753982288893,True,COMPLETED,sbm_k4_r2_rep2_q00_main,1.1383701188455009,0.23804612504318357,True,0,38,0.0,patience-2,0.005834999959915876,1.024512056051563
0.0,0.0,0,1.0,0.4409753982288893,True,COMPLETED,sbm_k4_r2_rep2_q01_patience-2,1.2005517826825127,0.2521198750473559,sbm_k4_r2_rep2,1.0,0.4409753982288893,True,COMPLETED,sbm_k4_r2_rep2_q01_main,1.2005517826825127,0.25564691703766584,True,1,9,0.0,patience-2,-0.0035270419903099537,0.9862034636240488
0.0,0.0,0,1.0,0.4691396784251302,True,COMPLETED,sbm_k4_r3_rep0_q00_patience-2,1.8559012470084393,1.2025201250799,sbm_k4_r3_rep0,1.0,0.4691396784251302,True,COMPLETED,sbm_k4_r3_rep0_q00_main,1.8559012470084393,1.1888657910749316,True,0,214,0.0,patience-2,0.013654334004968405,1.0114851769707518
0.0,0.0,0,1.0,0.4691396784251302,True,COMPLETED,sbm_k4_r3_rep0_q01_patience-2,1.6091447285552336,1.055360083002597,sbm_k4_r3_rep0,1.0,0.4691396784251302,True,COMPLETED,sbm_k4_r3_rep0_q01_main,1.6091447285552336,1.0591747919097543,True,1,148,0.0,patience-2,-0.0038147089071571827,0.996398414184047
0.0,0.0,0,1.0,0.46940336756016154,True,COMPLETED,sbm_k4_r3_rep1_q00_patience-2,2.88484540017814,0.5850030826404691,sbm_k4_r3_rep1,1.0,0.46940336756016154,True,COMPLETED,sbm_k4_r3_rep1_q00_main,2.88484540017814,0.6229464579373598,True,0,178,0.0,patience-2,-0.037943375296890736,0.9390904710775222
0.0,0.0,0,1.0,0.46940336756016154,True,COMPLETED,sbm_k4_r3_rep1_q01_patience-2,1.1870466980531875,0.965470208786428,sbm_k4_r3_rep1,1.0,0.46940336756016154,True,COMPLETED,sbm_k4_r3_rep1_q01_main,1.1870466980531875,0.9565160828642547,True,1,109,0.0,patience-2,0.008954125922173262,1.0093611870020631
0.0,0.0,0,1.0,0.4719079783274395,True,COMPLETED,sbm_k4_r3_rep2_q00_patience-2,2.2213255074590363,1.380059374962002,sbm_k4_r3_rep2,1.0,0.4719079783274395,True,COMPLETED,sbm_k4_r3_rep2_q00_main,2.2213255074590363,1.3769099158234894,True,0,77,0.0,patience-2,0.0031494591385126114,1.0022873385559352
0.0,0.0,0,1.0,0.4719079783274395,True,COMPLETED,sbm_k4_r3_rep2_q01_patience-2,1.7987282954267547,1.379167125094682,sbm_k4_r3_rep2,1.0,0.4719079783274395,True,COMPLETED,sbm_k4_r3_rep2_q01_main,1.7987282954267547,1.3732666252180934,True,1,34,0.0,patience-2,0.005900499876588583,1.0042966891994856
0.0,0.0,0,1.0,0.5366906476218919,True,COMPLETED,sbm_k8_r0_rep0_q00_patience-2,5.948900772430184,0.37155504198744893,sbm_k8_r0_rep0,1.0,0.5366906476218919,True,COMPLETED,sbm_k8_r0_rep0_q00_main,5.948900772430184,0.3513062088750303,True,0,3,0.0,patience-2,0.02024883311241865,1.0576386998034006
0.0,0.0,0,1.0,0.5366906476218919,True,COMPLETED,sbm_k8_r0_rep0_q01_patience-2,1.3294117647058823,0.4963390417397022,sbm_k8_r0_rep0,1.0,0.5366906476218919,True,COMPLETED,sbm_k8_r0_rep0_q01_main,1.3294117647058823,0.49305333383381367,True,1,90,0.0,patience-2,0.0032857079058885574,1.0066640009922254
0.0,0.0,0,1.0,0.5431351729033689,True,COMPLETED,sbm_k8_r0_rep1_q00_patience-2,7.5578783896786526,0.5066264579072595,sbm_k8_r0_rep1,1.0,0.5431351729033689,True,COMPLETED,sbm_k8_r0_rep1_q00_main,7.5578783896786526,0.5074036251753569,True,0,42,0.0,patience-2,-0.0007771672680974007,0.9984683450619242
0.0,0.0,0,1.0,0.5431351729033689,True,COMPLETED,sbm_k8_r0_rep1_q01_patience-2,1.299366861784733,0.6413593334145844,sbm_k8_r0_rep1,1.0,0.5431351729033689,True,COMPLETED,sbm_k8_r0_rep1_q01_main,1.299366861784733,0.6330142500810325,True,1,61,0.0,patience-2,0.008345083333551884,1.0131830892155802
0.0,0.0,0,1.0,0.5291951077122627,True,COMPLETED,sbm_k8_r0_rep2_q00_patience-2,3.387735849056604,0.25583795784041286,sbm_k8_r0_rep2,1.0,0.5291951077122627,True,COMPLETED,sbm_k8_r0_rep2_q00_main,3.387735849056604,0.26275454135611653,True,0,82,0.0,patience-2,-0.006916583515703678,0.9736766356919804
0.0,0.0,0,1.0,0.5291951077122627,True,COMPLETED,sbm_k8_r0_rep2_q01_patience-2,1.4357311320754718,0.8546307082287967,sbm_k8_r0_rep2,1.0,0.5291951077122627,True,COMPLETED,sbm_k8_r0_rep2_q01_main,1.4357311320754718,0.8518950832076371,True,1,26,0.0,patience-2,0.002735625021159649,1.0032112229253152
0.0,0.0,0,1.0,0.45513596031441655,True,COMPLETED,sbm_k8_r1_rep0_q00_patience-2,4.730682331676458,0.5605311254039407,sbm_k8_r1_rep0,1.0,0.45513596031441655,True,COMPLETED,sbm_k8_r1_rep0_q00_main,4.730682331676458,0.5524148340336978,True,0,38,0.0,patience-2,0.008116291370242834,1.0146923849075127
0.0,0.0,0,1.0,0.45513596031441655,True,COMPLETED,sbm_k8_r1_rep0_q01_patience-2,4.273384545865341,0.8991138329729438,sbm_k8_r1_rep0,1.0,0.45513596031441655,True,COMPLETED,sbm_k8_r1_rep0_q01_main,4.273384545865341,0.8993909172713757,True,1,21,0.0,patience-2,-0.0002770842984318733,0.9996919200615539
0.0,0.0,0,1.0,0.4420380976631889,True,COMPLETED,sbm_k8_r1_rep1_q00_patience-2,6.92186067827681,0.27665533404797316,sbm_k8_r1_rep1,1.0,0.4420380976631889,True,COMPLETED,sbm_k8_r1_rep1_q00_main,6.92186067827681,0.27132362499833107,True,0,5,0.0,patience-2,0.005331709049642086,1.019650736457892
0.0,0.0,0,1.0,0.4420380976631889,True,COMPLETED,sbm_k8_r1_rep1_q01_patience-2,6.146883593033913,0.2565976670011878,sbm_k8_r1_rep1,1.0,0.4420380976631889,True,COMPLETED,sbm_k8_r1_rep1_q01_main,6.146883593033913,0.24172295769676566,True,1,18,0.0,patience-2,0.01487470930442214,1.0615361877339016
0.0,0.0,0,1.0,0.43151623949986406,True,COMPLETED,sbm_k8_r1_rep2_q00_patience-2,4.674771358465313,0.24360029213130474,sbm_k8_r1_rep2,1.0,0.43151623949986406,True,COMPLETED,sbm_k8_r1_rep2_q00_main,4.674771358465313,0.25562133407220244,True,0,32,0.0,patience-2,-0.012021041940897703,0.9529732446451349
0.0,0.0,0,1.0,0.43151623949986406,True,COMPLETED,sbm_k8_r1_rep2_q01_patience-2,1.3194289538255632,0.4002889581024647,sbm_k8_r1_rep2,1.0,0.43151623949986406,True,COMPLETED,sbm_k8_r1_rep2_q01_main,1.3194289538255632,0.40016125002875924,True,1,82,0.0,patience-2,0.0001277080737054348,1.0003191415303112
0.0,0.0,0,1.0,0.4890969784718274,True,COMPLETED,sbm_k8_r2_rep0_q00_patience-2,1.4143600067102835,0.4727000421844423,sbm_k8_r2_rep0,1.0,0.4890969784718274,True,COMPLETED,sbm_k8_r2_rep0_q00_main,1.4143600067102835,0.45780312502756715,True,0,51,0.0,patience-2,0.014896917156875134,1.0325400075763531
0.0,0.0,0,1.0,0.4890969784718274,True,COMPLETED,sbm_k8_r2_rep0_q01_patience-2,1.482972655594699,0.44614312518388033,sbm_k8_r2_rep0,1.0,0.4890969784718274,True,COMPLETED,sbm_k8_r2_rep0_q01_main,1.482972655594699,0.4549224581569433,True,1,56,0.0,patience-2,-0.008779332973062992,0.9807014738102153
0.0,0.0,0,1.0,0.4863952713952714,True,COMPLETED,sbm_k8_r2_rep1_q00_patience-2,1.344155844155844,0.39333633286878467,sbm_k8_r2_rep1,1.0,0.4863952713952714,True,COMPLETED,sbm_k8_r2_rep1_q00_main,1.344155844155844,0.39997837506234646,True,0,36,0.0,patience-2,-0.006642042193561792,0.9833939967566335
0.0,0.0,0,1.0,0.4863952713952714,True,COMPLETED,sbm_k8_r2_rep1_q01_patience-2,1.4335664335664335,0.3965963339433074,sbm_k8_r2_rep1,1.0,0.4863952713952714,True,COMPLETED,sbm_k8_r2_rep1_q01_main,1.4335664335664335,0.3989607081748545,True,1,5,0.0,patience-2,-0.0023643742315471172,0.9940736664460931
0.0,0.0,0,1.0,0.49901245105687797,True,COMPLETED,sbm_k8_r2_rep2_q00_patience-2,1.3314689916104623,0.32643862487748265,sbm_k8_r2_rep2,1.0,0.49901245105687797,True,COMPLETED,sbm_k8_r2_rep2_q00_main,1.3314689916104623,0.3289012503810227,True,0,17,0.0,patience-2,-0.002462625503540039,0.9925125687400483
0.0,0.0,0,1.0,0.49901245105687797,True,COMPLETED,sbm_k8_r2_rep2_q01_patience-2,1.3693041618687285,0.4792311252094805,sbm_k8_r2_rep2,1.0,0.49901245105687797,True,COMPLETED,sbm_k8_r2_rep2_q01_main,1.3693041618687285,0.48019604198634624,True,1,30,0.0,patience-2,-0.0009649167768657207,0.9979905774048567
0.0,0.0,0,0.9669421487603306,0.5579705004444449,True,COMPLETED,sbm_k8_r3_rep0_q00_patience-2,3.1883077544426492,1.4731416669674218,sbm_k8_r3_rep0,0.9669421487603306,0.5579705004444449,True,COMPLETED,sbm_k8_r3_rep0_q00_main,3.1883077544426492,1.470810541883111,True,0,148,0.0,patience-2,0.00233112508431077,1.0015849254665568
0.0,0.0,0,0.9979959919839679,0.5390650269183683,True,COMPLETED,sbm_k8_r3_rep0_q01_patience-2,4.738596324159603,0.8274203329347074,sbm_k8_r3_rep0,0.9979959919839679,0.5390650269183683,True,COMPLETED,sbm_k8_r3_rep0_q01_main,4.738596324159603,0.8242152919992805,True,1,13,0.0,patience-2,0.0032050409354269505,1.0038885967859836
0.0,0.0,0,1.0,0.5304485803119049,True,COMPLETED,sbm_k8_r3_rep1_q00_patience-2,4.341954022988506,0.9896222911775112,sbm_k8_r3_rep1,1.0,0.5304485803119049,True,COMPLETED,sbm_k8_r3_rep1_q00_main,4.341954022988506,1.001250292174518,True,0,146,0.0,patience-2,-0.011628000997006893,0.9883865192470974
0.0,0.0,0,1.0,0.5304485803119049,True,COMPLETED,sbm_k8_r3_rep1_q01_patience-2,4.414176245210728,1.2505747503601015,sbm_k8_r3_rep1,1.0,0.5304485803119049,True,COMPLETED,sbm_k8_r3_rep1_q01_main,4.414176245210728,1.2166581661440432,True,1,8,0.0,patience-2,0.033916584216058254,1.027876839329119
0.0,0.0,0,0.9858012170385395,0.5392478476318261,True,COMPLETED,sbm_k8_r3_rep2_q00_patience-2,4.617691868215578,0.6579903750680387,sbm_k8_r3_rep2,0.9858012170385395,0.5392478476318261,True,COMPLETED,sbm_k8_r3_rep2_q00_main,4.617691868215578,0.6432015411555767,True,0,82,0.0,patience-2,0.014788833912461996,1.0229925349461886
0.0,0.0,0,1.0,0.534356747095576,True,COMPLETED,sbm_k8_r3_rep2_q01_patience-2,4.421748440554883,0.8993747080676258,sbm_k8_r3_rep2,1.0,0.534356747095576,True,COMPLETED,sbm_k8_r3_rep2_q01_main,4.421748440554883,0.8902656668797135,True,1,13,0.0,patience-2,0.009109041187912226,1.010231823518297
0.0,0.0,0,1.0,0.22698670081913533,True,COMPLETED,lfr_n1000_o00_m20_s11_q00_ZR-mact,17.514066496163682,0.722354041878134,lfr_n1000_o00_m20_s11,1.0,0.22698670081913533,True,COMPLETED,lfr_n1000_o00_m20_s11_q00_main,21.161125319693095,0.6640271251089871,True,0,550,-3.647058823529413,ZR-mact,0.05832691676914692,1.0878381538398356
0.0,0.0,0,1.0,0.22698670081913533,True,COMPLETED,lfr_n1000_o00_m20_s11_q01_ZR-mact,7.5038363171355495,0.3102114158682525,lfr_n1000_o00_m20_s11,1.0,0.22698670081913533,True,COMPLETED,lfr_n1000_o00_m20_s11_q01_main,7.5038363171355495,0.34656883403658867,True,1,381,0.0,ZR-mact,-0.03635741816833615,0.8950932265175993
0.0,0.0,0,1.0,0.24107032012059945,True,COMPLETED,lfr_n1000_o00_m20_s12_q00_ZR-mact,4.908333333333333,0.5770635418593884,lfr_n1000_o00_m20_s12,1.0,0.24107032012059945,True,COMPLETED,lfr_n1000_o00_m20_s12_q00_main,4.908333333333333,0.4729446666315198,True,0,609,0.0,ZR-mact,0.10411887522786856,1.2201502259649954
0.0,0.0,0,1.0,0.24107032012059945,True,COMPLETED,lfr_n1000_o00_m20_s12_q01_ZR-mact,3.4630952380952382,0.4389647920615971,lfr_n1000_o00_m20_s12,1.0,0.24107032012059945,True,COMPLETED,lfr_n1000_o00_m20_s12_q01_main,3.4630952380952382,0.41246987506747246,True,1,416,0.0,ZR-mact,0.02649491699412465,1.0642347928798208
0.0,0.0,0,1.0,0.5228045340436144,True,COMPLETED,lfr_n1000_o00_m50_s11_q00_ZR-mact,6.289795918367347,0.3884863331913948,lfr_n1000_o00_m50_s11,1.0,0.5228045340436144,True,COMPLETED,lfr_n1000_o00_m50_s11_q00_main,6.289795918367347,0.36907995818182826,True,0,599,0.0,ZR-mact,0.019406375009566545,1.0525804086062185
0.0,0.0,0,1.0,0.5228045340436144,True,COMPLETED,lfr_n1000_o00_m50_s11_q01_ZR-mact,39.85306122448979,0.33360495790839195,lfr_n1000_o00_m50_s11,1.0,0.5228045340436144,True,COMPLETED,lfr_n1000_o00_m50_s11_q01_main,12.83265306122449,0.5794138750061393,True,1,394,27.0204081632653,ZR-mact,-0.24580891709774733,0.5757628049636492
0.0,0.0,0,1.0,0.5438934609505883,True,COMPLETED,lfr_n1000_o00_m50_s12_q00_ZR-mact,7.033452807646356,0.4753214167430997,lfr_n1000_o00_m50_s12,1.0,0.5438934609505883,True,COMPLETED,lfr_n1000_o00_m50_s12_q00_main,7.655913978494624,0.6270211250521243,True,0,523,-0.6224611708482684,ZR-mact,-0.15169970830902457,0.7580628431037092
0.0,0.0,0,1.0,0.5438934609505883,True,COMPLETED,lfr_n1000_o00_m50_s12_q01_ZR-mact,6.158900836320191,0.5183475422672927,lfr_n1000_o00_m50_s12,1.0,0.5438934609505883,True,COMPLETED,lfr_n1000_o00_m50_s12_q01_main,6.158900836320191,0.5028406670317054,True,1,333,0.0,ZR-mact,0.015506875235587358,1.0308385463871195
0.0,0.0,0,1.0,0.4960019709855934,True,COMPLETED,sbm_k4_r0_rep0_q00_ZR-mact,1.1532084740558797,0.29289304185658693,sbm_k4_r0_rep0,1.0,0.4960019709855934,True,COMPLETED,sbm_k4_r0_rep0_q00_main,1.1532084740558797,0.28551187505945563,True,0,13,0.0,ZR-mact,0.0073811667971313,1.0258523985932082
0.0,0.0,0,1.0,0.4960019709855934,True,COMPLETED,sbm_k4_r0_rep0_q01_ZR-mact,1.1662572919864906,0.30871870927512646,sbm_k4_r0_rep0,1.0,0.4960019709855934,True,COMPLETED,sbm_k4_r0_rep0_q01_main,2.9829597789376727,0.26039879210293293,True,1,97,-1.816702486951182,ZR-mact,0.04831991717219353,1.185561218552401
0.0,0.0,0,1.0,0.4868836118836119,True,COMPLETED,sbm_k4_r0_rep1_q00_ZR-mact,3.124084249084249,0.2706237081438303,sbm_k4_r0_rep1,1.0,0.4868836118836119,True,COMPLETED,sbm_k4_r0_rep1_q00_main,2.382173382173382,0.2870351248420775,True,0,55,0.7419108669108669,ZR-mact,-0.016411416698247194,0.9428243609304732
0.0,0.0,0,1.0,0.4868836118836119,True,COMPLETED,sbm_k4_r0_rep1_q01_ZR-mact,1.1274420024420024,0.3452865411527455,sbm_k4_r0_rep1,1.0,0.4868836118836119,True,COMPLETED,sbm_k4_r0_rep1_q01_main,3.419261294261294,0.2144496669061482,True,1,67,-2.2918192918192917,ZR-mact,0.1308368742465973,1.6101052808063199
0.0,0.0,0,1.0,0.48679123061799606,True,COMPLETED,sbm_k4_r0_rep2_q00_ZR-mact,1.1506784474597664,0.338724791072309,sbm_k4_r0_rep2,1.0,0.48679123061799606,True,COMPLETED,sbm_k4_r0_rep2_q00_main,1.1506784474597664,0.34254141710698605,True,0,14,0.0,ZR-mact,-0.0038166260346770287,0.9888579136884782
0.0,0.0,0,1.0,0.48679123061799606,True,COMPLETED,sbm_k4_r0_rep2_q01_ZR-mact,3.7264121173871882,0.2378762080334127,sbm_k4_r0_rep2,1.0,0.48679123061799606,True,COMPLETED,sbm_k4_r0_rep2_q01_main,2.5763647838434838,0.2517542503774166,True,1,88,1.1500473335437045,ZR-mact,-0.013878042344003916,0.9448746453209879
0.0,0.0,0,1.0,0.4191931368412593,True,COMPLETED,sbm_k4_r1_rep0_q00_ZR-mact,1.0855524079320114,0.2121372907422483,sbm_k4_r1_rep0,1.0,0.4191931368412593,True,COMPLETED,sbm_k4_r1_rep0_q00_main,2.546175637393768,0.1908959997817874,True,0,27,-1.4606232294617565,ZR-mact,0.0212412909604609,1.1112715352062996
0.0,0.0,0,1.0,0.4191931368412593,True,COMPLETED,sbm_k4_r1_rep0_q01_ZR-mact,1.1453257790368272,0.28811199963092804,sbm_k4_r1_rep0,1.0,0.4191931368412593,True,COMPLETED,sbm_k4_r1_rep0_q01_main,3.631728045325779,0.21883841697126627,True,1,49,-2.486402266288952,ZR-mact,0.06927358265966177,1.3165512875591558
0.0,0.0,0,1.0,0.4210581697979021,True,COMPLETED,sbm_k4_r1_rep1_q00_ZR-mact,3.4988907376594565,0.16476408392190933,sbm_k4_r1_rep1,1.0,0.4210581697979021,True,COMPLETED,sbm_k4_r1_rep1_q00_main,2.2878535773710484,0.20578404096886516,True,0,85,1.211037160288408,ZR-mact,-0.041019957046955824,0.80066502312897
0.0,0.0,0,1.0,0.4210581697979021,True,COMPLETED,sbm_k4_r1_rep1_q01_ZR-mact,1.7731558513588463,0.38696729205548763,sbm_k4_r1_rep1,1.0,0.4210581697979021,True,COMPLETED,sbm_k4_r1_rep1_q01_main,1.6209095951192456,0.25448699994012713,True,1,2,0.15224625623960075,ZR-mact,0.1324802921153605,1.5205778375576315
0.0,0.0,0,1.0,0.4176294591876948,True,COMPLETED,sbm_k4_r1_rep2_q00_ZR-mact,1.0851893095768375,0.2163632079027593,sbm_k4_r1_rep2,1.0,0.4176294591876948,True,COMPLETED,sbm_k4_r1_rep2_q00_main,3.462416481069042,0.1682867077179253,True,0,70,-2.377227171492205,ZR-mact,0.048076500184834,1.2856821007243049
0.0,0.0,0,1.0,0.4176294591876948,True,COMPLETED,sbm_k4_r1_rep2_q01_ZR-mact,1.102728285077951,0.2107046670280397,sbm_k4_r1_rep2,1.0,0.4176294591876948,True,COMPLETED,sbm_k4_r1_rep2_q01_main,1.0773942093541202,0.19102470763027668,True,1,43,0.02533407572383073,ZR-mact,0.019679959397763014,1.1030231096380112
0.0,0.0,0,1.0,0.44040482005165554,True,COMPLETED,sbm_k4_r2_rep0_q00_ZR-mact,1.1111343658434492,0.23839004104956985,sbm_k4_r2_rep0,1.0,0.44040482005165554,True,COMPLETED,sbm_k4_r2_rep0_q00_main,1.1111343658434492,0.23521258402615786,True,0,51,0.0,ZR-mact,0.003177457023411989,1.0135088734157975
0.0,0.0,0,1.0,0.44040482005165554,True,COMPLETED,sbm_k4_r2_rep0_q01_ZR-mact,1.1912934282126413,0.28749299980700016,sbm_k4_r2_rep0,1.0,0.44040482005165554,True,COMPLETED,sbm_k4_r2_rep0_q01_main,1.1912934282126413,0.28062945837154984,True,1,75,0.0,ZR-mact,0.0068635414354503155,1.024457665546869
0.0,0.0,0,1.0,0.45524621704949575,True,COMPLETED,sbm_k4_r2_rep1_q00_ZR-mact,1.06685118160528,0.20431604189798236,sbm_k4_r2_rep1,1.0,0.45524621704949575,True,COMPLETED,sbm_k4_r2_rep1_q00_main,3.8635299127102405,0.20859991712495685,True,0,25,-2.7966787311049606,ZR-mact,-0.004283875226974487,0.979463677234309
0.0,0.0,0,1.0,0.45524621704949575,True,COMPLETED,sbm_k4_r2_rep1_q01_ZR-mact,1.196934213327656,0.29701933404430747,sbm_k4_r2_rep1,1.0,0.45524621704949575,True,COMPLETED,sbm_k4_r2_rep1_q01_main,1.17096018735363,0.28671474987640977,True,1,74,0.025974025974025983,ZR-mact,0.010304584167897701,1.0359401955160645
0.0,0.0,0,1.0,0.4409753982288893,True,COMPLETED,sbm_k4_r2_rep2_q00_ZR-mact,1.1383701188455009,0.23638237500563264,sbm_k4_r2_rep2,1.0,0.4409753982288893,True,COMPLETED,sbm_k4_r2_rep2_q00_main,1.1383701188455009,0.23804612504318357,True,0,38,0.0,ZR-mact,-0.0016637500375509262,0.9930108081480045
0.0,0.0,0,1.0,0.4409753982288893,True,COMPLETED,sbm_k4_r2_rep2_q01_ZR-mact,1.2005517826825127,0.2476202081888914,sbm_k4_r2_rep2,1.0,0.4409753982288893,True,COMPLETED,sbm_k4_r2_rep2_q01_main,1.2005517826825127,0.25564691703766584,True,1,9,0.0,ZR-mact,-0.008026708848774433,0.9686023639878598
0.0,0.0,0,1.0,0.4691396784251302,True,COMPLETED,sbm_k4_r3_rep0_q00_ZR-mact,1.6866104043330394,1.1464225831441581,sbm_k4_r3_rep0,1.0,0.4691396784251302,True,COMPLETED,sbm_k4_r3_rep0_q00_main,1.8559012470084393,1.1888657910749316,True,0,214,-0.16929084267539984,ZR-mact,-0.0424432079307735,0.9642994118853417
0.0,0.0,0,1.0,0.4691396784251302,True,COMPLETED,sbm_k4_r3_rep0_q01_ZR-mact,1.835873535709787,1.5239730421453714,sbm_k4_r3_rep0,1.0,0.4691396784251302,True,COMPLETED,sbm_k4_r3_rep0_q01_main,1.6091447285552336,1.0591747919097543,True,1,148,0.22672880715455346,ZR-mact,0.46479825023561716,1.438830544104584
0.0,0.0,0,1.0,0.46940336756016154,True,COMPLETED,sbm_k4_r3_rep1_q00_ZR-mact,2.582262374347881,0.5792402923107147,sbm_k4_r3_rep1,1.0,0.46940336756016154,True,COMPLETED,sbm_k4_r3_rep1_q00_main,2.88484540017814,0.6229464579373598,True,0,178,-0.30258302583025865,ZR-mact,-0.04370616562664509,0.9298396113024533
0.0,0.0,0,1.0,0.46940336756016154,True,COMPLETED,sbm_k4_r3_rep1_q01_ZR-mact,2.195699198371294,0.8599854577332735,sbm_k4_r3_rep1,1.0,0.46940336756016154,True,COMPLETED,sbm_k4_r3_rep1_q01_main,1.1870466980531875,0.9565160828642547,True,1,109,1.0086525003181064,ZR-mact,-0.0965306251309812,0.8990810224100744
0.0,0.0,0,1.0,0.4719079783274395,True,COMPLETED,sbm_k4_r3_rep2_q00_ZR-mact,1.8795549033993642,1.158495333045721,sbm_k4_r3_rep2,1.0,0.4719079783274395,True,COMPLETED,sbm_k4_r3_rep2_q00_main,2.2213255074590363,1.3769099158234894,True,0,77,-0.3417706040596722,ZR-mact,-0.21841458277776837,0.8413733678087858
-0.008064516129032251,0.0029998146245556008,120014629/40007348460,0.9919354838709677,0.4749077929519951,True,COMPLETED,sbm_k4_r3_rep2_q01_ZR-mact,1.5370577281191806,1.403962291777134,sbm_k4_r3_rep2,1.0,0.4719079783274395,True,COMPLETED,sbm_k4_r3_rep2_q01_main,1.7987282954267547,1.3732666252180934,True,1,34,-0.2616705673075741,ZR-mact,0.030695666559040546,1.0223522992515497
0.0,0.0,0,1.0,0.5366906476218919,True,COMPLETED,sbm_k8_r0_rep0_q00_ZR-mact,1.6657159833630422,0.6310967919416726,sbm_k8_r0_rep0,1.0,0.5366906476218919,True,COMPLETED,sbm_k8_r0_rep0_q00_main,5.948900772430184,0.3513062088750303,True,0,3,-4.283184789067142,ZR-mact,0.2797905830666423,1.7964293712957742
0.0,0.0,0,1.0,0.5366906476218919,True,COMPLETED,sbm_k8_r0_rep0_q01_ZR-mact,2.149851455733809,0.30383158288896084,sbm_k8_r0_rep0,1.0,0.5366906476218919,True,COMPLETED,sbm_k8_r0_rep0_q01_main,1.3294117647058823,0.49305333383381367,True,1,90,0.8204396910279266,ZR-mact,-0.18922175094485283,0.6162245786403483
0.0,0.0,0,1.0,0.5431351729033689,True,COMPLETED,sbm_k8_r0_rep1_q00_ZR-mact,1.7689642814478557,0.743558291811496,sbm_k8_r0_rep1,1.0,0.5431351729033689,True,COMPLETED,sbm_k8_r0_rep1_q00_main,7.5578783896786526,0.5074036251753569,True,0,42,-5.788914108230797,ZR-mact,0.23615466663613915,1.4654177757490892
0.0,0.0,0,1.0,0.5431351729033689,True,COMPLETED,sbm_k8_r0_rep1_q01_ZR-mact,1.719149444510811,0.6039085001684725,sbm_k8_r0_rep1,1.0,0.5431351729033689,True,COMPLETED,sbm_k8_r0_rep1_q01_main,1.299366861784733,0.6330142500810325,True,1,61,0.41978258272607816,ZR-mact,-0.029105749912559986,0.9540203875207641
0.0,0.0,0,1.0,0.5291951077122627,True,COMPLETED,sbm_k8_r0_rep2_q00_ZR-mact,1.3406839622641509,0.7251764577813447,sbm_k8_r0_rep2,1.0,0.5291951077122627,True,COMPLETED,sbm_k8_r0_rep2_q00_main,3.387735849056604,0.26275454135611653,True,0,82,-2.047051886792453,ZR-mact,0.4624219164252281,2.7599007577132544
0.0,0.0,0,1.0,0.5291951077122627,True,COMPLETED,sbm_k8_r0_rep2_q01_ZR-mact,2.0983490566037735,0.64721345808357,sbm_k8_r0_rep2,1.0,0.5291951077122627,True,COMPLETED,sbm_k8_r0_rep2_q01_main,1.4357311320754718,0.8518950832076371,True,1,26,0.6626179245283017,ZR-mact,-0.20468162512406707,0.759733763982555
0.0,0.0,0,1.0,0.45513596031441655,True,COMPLETED,sbm_k8_r1_rep0_q00_ZR-mact,2.04405784003615,0.5518226251006126,sbm_k8_r1_rep0,1.0,0.45513596031441655,True,COMPLETED,sbm_k8_r1_rep0_q00_main,4.730682331676458,0.5524148340336978,True,0,38,-2.6866244916403077,ZR-mact,-0.0005922089330852032,0.9989279633771582
0.0,0.0,0,1.0,0.45513596031441655,True,COMPLETED,sbm_k8_r1_rep0_q01_ZR-mact,1.7939448712155446,0.4613162907771766,sbm_k8_r1_rep0,1.0,0.45513596031441655,True,COMPLETED,sbm_k8_r1_rep0_q01_main,4.273384545865341,0.8993909172713757,True,1,21,-2.4794396746497966,ZR-mact,-0.43807462649419904,0.5129207799615597
0.0,0.0,0,1.0,0.4420380976631889,True,COMPLETED,sbm_k8_r1_rep1_q00_ZR-mact,2.082493125572869,0.4657917497679591,sbm_k8_r1_rep1,1.0,0.4420380976631889,True,COMPLETED,sbm_k8_r1_rep1_q00_main,6.92186067827681,0.27132362499833107,True,0,5,-4.8393675527039415,ZR-mact,0.19446812476962805,1.7167386355346839
0.0,0.0,0,1.0,0.4420380976631889,True,COMPLETED,sbm_k8_r1_rep1_q01_ZR-mact,1.9564619615032082,0.4793214579112828,sbm_k8_r1_rep1,1.0,0.4420380976631889,True,COMPLETED,sbm_k8_r1_rep1_q01_main,6.146883593033913,0.24172295769676566,True,1,18,-4.190421631530706,ZR-mact,0.23759850021451712,1.9829372537819823
0.0,0.0,0,1.0,0.43151623949986406,True,COMPLETED,sbm_k8_r1_rep2_q00_ZR-mact,2.902743698416239,0.3669353751465678,sbm_k8_r1_rep2,1.0,0.43151623949986406,True,COMPLETED,sbm_k8_r1_rep2_q00_main,4.674771358465313,0.25562133407220244,True,0,32,-1.772027660049074,ZR-mact,0.11131404107436538,1.435464596405415
0.0,0.0,0,1.0,0.43151623949986406,True,COMPLETED,sbm_k8_r1_rep2_q01_ZR-mact,3.490965871068481,0.35890091676265,sbm_k8_r1_rep2,1.0,0.43151623949986406,True,COMPLETED,sbm_k8_r1_rep2_q01_main,1.3194289538255632,0.40016125002875924,True,1,82,2.1715369172429178,ZR-mact,-0.04126033326610923,0.8968907327654942
0.0,0.0,0,1.0,0.4890969784718274,True,COMPLETED,sbm_k8_r2_rep0_q00_ZR-mact,2.2169099144438853,0.20112066669389606,sbm_k8_r2_rep0,1.0,0.4890969784718274,True,COMPLETED,sbm_k8_r2_rep0_q00_main,1.4143600067102835,0.45780312502756715,True,0,51,0.8025499077336018,ZR-mact,-0.2566824583336711,0.4393169371261617
0.0,0.0,0,1.0,0.4890969784718274,True,COMPLETED,sbm_k8_r2_rep0_q01_ZR-mact,2.3673880221439356,0.2595572089776397,sbm_k8_r2_rep0,1.0,0.4890969784718274,True,COMPLETED,sbm_k8_r2_rep0_q01_main,1.482972655594699,0.4549224581569433,True,1,56,0.8844153665492367,ZR-mact,-0.19536524917930365,0.5705526388589399
0.0,0.0,0,1.0,0.4863952713952714,True,COMPLETED,sbm_k8_r2_rep1_q00_ZR-mact,1.9472194472194473,0.3885386670008302,sbm_k8_r2_rep1,1.0,0.4863952713952714,True,COMPLETED,sbm_k8_r2_rep1_q00_main,1.344155844155844,0.39997837506234646,True,0,36,0.6030636030636032,ZR-mact,-0.011439708061516285,0.9713991836190315
0.0,0.0,0,1.0,0.4863952713952714,True,COMPLETED,sbm_k8_r2_rep1_q01_ZR-mact,1.9362304362304363,0.5670964173041284,sbm_k8_r2_rep1,1.0,0.4863952713952714,True,COMPLETED,sbm_k8_r2_rep1_q01_main,1.4335664335664335,0.3989607081748545,True,1,5,0.5026640026640028,ZR-mact,0.1681357091292739,1.4214342557653177
0.0,0.0,0,1.0,0.49901245105687797,True,COMPLETED,sbm_k8_r2_rep2_q00_ZR-mact,1.8539233426550419,0.295412375126034,sbm_k8_r2_rep2,1.0,0.49901245105687797,True,COMPLETED,sbm_k8_r2_rep2_q00_main,1.3314689916104623,0.3289012503810227,True,0,17,0.5224543510445796,ZR-mact,-0.03348887525498867,0.8981795441148589
0.0,0.0,0,1.0,0.49901245105687797,True,COMPLETED,sbm_k8_r2_rep2_q01_ZR-mact,1.5094587925645666,0.4252625829540193,sbm_k8_r2_rep2,1.0,0.49901245105687797,True,COMPLETED,sbm_k8_r2_rep2_q01_main,1.3693041618687285,0.48019604198634624,True,1,30,0.1401546306958381,ZR-mact,-0.05493345903232694,0.8856020161992737
0.027021633935846445,-0.016828033012017345,-6133302323/364469354120,0.993963782696177,0.5411424674324276,True,COMPLETED,sbm_k8_r3_rep0_q00_ZR-mact,3.9398655139289147,1.3357420000247657,sbm_k8_r3_rep0,0.9669421487603306,0.5579705004444449,True,COMPLETED,sbm_k8_r3_rep0_q00_main,3.1883077544426492,1.470810541883111,True,0,148,0.7515577594862655,ZR-mact,-0.13506854185834527,0.908167273750014
0.0,0.0,0,0.9979959919839679,0.5390650269183683,True,COMPLETED,sbm_k8_r3_rep0_q01_ZR-mact,5.747357394533854,0.6271941671147943,sbm_k8_r3_rep0,0.9979959919839679,0.5390650269183683,True,COMPLETED,sbm_k8_r3_rep0_q01_main,4.738596324159603,0.8242152919992805,True,1,13,1.0087610703742502,ZR-mact,-0.1970211248844862,0.76095914890565
-0.016260162601625994,0.00967022153288476,1199909813/124082970480,0.983739837398374,0.5401188018447897,True,COMPLETED,sbm_k8_r3_rep1_q00_ZR-mact,2.080548161293503,2.052605708129704,sbm_k8_r3_rep1,1.0,0.5304485803119049,True,COMPLETED,sbm_k8_r3_rep1_q00_main,4.341954022988506,1.001250292174518,True,0,146,-2.261405861695003,ZR-mact,1.051355415955186,2.0500425559645525
0.0,0.0,0,1.0,0.5304485803119049,True,COMPLETED,sbm_k8_r3_rep1_q01_ZR-mact,4.672892720306513,1.057443665806204,sbm_k8_r3_rep1,1.0,0.5304485803119049,True,COMPLETED,sbm_k8_r3_rep1_q01_main,4.414176245210728,1.2166581661440432,True,1,8,0.25871647509578555,ZR-mact,-0.15921450033783913,0.8691378525469994
-0.036221385105766446,0.03246864481372903,342771109/10556988472,0.9495798319327731,0.5717164924455551,True,COMPLETED,sbm_k8_r3_rep2_q00_ZR-mact,2.568126022913257,1.6532614999450743,sbm_k8_r3_rep2,0.9858012170385395,0.5392478476318261,True,COMPLETED,sbm_k8_r3_rep2_q00_main,4.617691868215578,0.6432015411555767,True,0,82,-2.0495658453023213,ZR-mact,1.0100599587894976,2.5703630886437594
-0.018329938900203624,0.010833623109956267,51722076867/4774217853256,0.9816700610997964,0.5451903702055322,True,COMPLETED,sbm_k8_r3_rep2_q01_ZR-mact,2.204985083245116,2.802402792032808,sbm_k8_r3_rep2,1.0,0.534356747095576,True,COMPLETED,sbm_k8_r3_rep2_q01_main,4.421748440554883,0.8902656668797135,True,1,13,-2.2167633573097674,ZR-mact,1.9121371251530945,3.1478275488876615
0.0,0.0,0,1.0,0.22698670081913533,True,COMPLETED,lfr_n1000_o00_m20_s11_q00_sqrt2-grid,11.457800511508951,0.6386668747290969,lfr_n1000_o00_m20_s11,1.0,0.22698670081913533,True,COMPLETED,lfr_n1000_o00_m20_s11_q00_main,21.161125319693095,0.6640271251089871,True,0,550,-9.703324808184144,sqrt2-grid,-0.025360250379890203,0.9618084120046635
0.0,0.0,0,1.0,0.22698670081913533,True,COMPLETED,lfr_n1000_o00_m20_s11_q01_sqrt2-grid,8.414322250639387,0.3320947918109596,lfr_n1000_o00_m20_s11,1.0,0.22698670081913533,True,COMPLETED,lfr_n1000_o00_m20_s11_q01_main,7.5038363171355495,0.34656883403658867,True,1,381,0.9104859335038373,sqrt2-grid,-0.014474042225629091,0.958236168968093
0.0,0.0,0,1.0,0.24107032012059945,True,COMPLETED,lfr_n1000_o00_m20_s12_q00_sqrt2-grid,4.908333333333333,0.4056765423156321,lfr_n1000_o00_m20_s12,1.0,0.24107032012059945,True,COMPLETED,lfr_n1000_o00_m20_s12_q00_main,4.908333333333333,0.4729446666315198,True,0,609,0.0,sqrt2-grid,-0.06726812431588769,0.8577674534422912
0.0,0.0,0,1.0,0.24107032012059945,True,COMPLETED,lfr_n1000_o00_m20_s12_q01_sqrt2-grid,5.105952380952381,0.26169545808807015,lfr_n1000_o00_m20_s12,1.0,0.24107032012059945,True,COMPLETED,lfr_n1000_o00_m20_s12_q01_main,3.4630952380952382,0.41246987506747246,True,1,416,1.6428571428571428,sqrt2-grid,-0.1507744169794023,0.6344595663992713
0.0,0.0,0,1.0,0.5228045340436144,True,COMPLETED,lfr_n1000_o00_m50_s11_q00_sqrt2-grid,6.289795918367347,0.20522437524050474,lfr_n1000_o00_m50_s11,1.0,0.5228045340436144,True,COMPLETED,lfr_n1000_o00_m50_s11_q00_main,6.289795918367347,0.36907995818182826,True,0,599,0.0,sqrt2-grid,-0.16385558294132352,0.5560431301972794
0.0,0.0,0,1.0,0.5228045340436144,True,COMPLETED,lfr_n1000_o00_m50_s11_q01_sqrt2-grid,7.46530612244898,0.3973377076908946,lfr_n1000_o00_m50_s11,1.0,0.5228045340436144,True,COMPLETED,lfr_n1000_o00_m50_s11_q01_main,12.83265306122449,0.5794138750061393,True,1,394,-5.367346938775509,sqrt2-grid,-0.18207616731524467,0.6857580131070982
-0.7551020408163265,0.23599120370276627,3146765/13334247,0.24489795918367346,0.7798846646533546,True,COMPLETED,lfr_n1000_o00_m50_s12_q00_sqrt2-grid,4.157303370786517,0.12852795887738466,lfr_n1000_o00_m50_s12,1.0,0.5438934609505883,True,COMPLETED,lfr_n1000_o00_m50_s12_q00_main,7.655913978494624,0.6270211250521243,True,0,523,-3.498610607708107,sqrt2-grid,-0.4984931661747396,0.20498186383544914
-0.7916666666666666,0.31523906543054137,755681/2397168,0.20833333333333334,0.8591325263811297,True,COMPLETED,lfr_n1000_o00_m50_s12_q01_sqrt2-grid,3.6145833333333335,0.11331679206341505,lfr_n1000_o00_m50_s12,1.0,0.5438934609505883,True,COMPLETED,lfr_n1000_o00_m50_s12_q01_main,6.158900836320191,0.5028406670317054,True,1,333,-2.5443175029868574,sqrt2-grid,-0.38952387496829033,0.2253532768785985
0.0,0.0,0,1.0,0.4960019709855934,True,COMPLETED,sbm_k4_r0_rep0_q00_sqrt2-grid,1.1532084740558797,0.2946114591322839,sbm_k4_r0_rep0,1.0,0.4960019709855934,True,COMPLETED,sbm_k4_r0_rep0_q00_main,1.1532084740558797,0.28551187505945563,True,0,13,0.0,sqrt2-grid,0.009099584072828293,1.0318711229469295
0.0,0.0,0,1.0,0.4960019709855934,True,COMPLETED,sbm_k4_r0_rep0_q01_sqrt2-grid,1.2198342032545286,0.457654666621238,sbm_k4_r0_rep0,1.0,0.4960019709855934,True,COMPLETED,sbm_k4_r0_rep0_q01_main,2.9829597789376727,0.26039879210293293,True,1,97,-1.763125575683144,sqrt2-grid,0.19725587451830506,1.7575145526801517
0.0,0.0,0,1.0,0.4868836118836119,True,COMPLETED,sbm_k4_r0_rep1_q00_sqrt2-grid,1.1207264957264957,0.312460208311677,sbm_k4_r0_rep1,1.0,0.4868836118836119,True,COMPLETED,sbm_k4_r0_rep1_q00_main,2.382173382173382,0.2870351248420775,True,0,55,-1.2614468864468864,sqrt2-grid,0.025425083469599485,1.0885783002466614
0.0,0.0,0,1.0,0.4868836118836119,True,COMPLETED,sbm_k4_r0_rep1_q01_sqrt2-grid,1.1674297924297925,0.3146678749471903,sbm_k4_r0_rep1,1.0,0.4868836118836119,True,COMPLETED,sbm_k4_r0_rep1_q01_main,3.419261294261294,0.2144496669061482,True,1,67,-2.251831501831502,sqrt2-grid,0.10021820804104209,1.4673274129397533
0.0,0.0,0,1.0,0.48679123061799606,True,COMPLETED,sbm_k4_r0_rep2_q00_sqrt2-grid,1.1506784474597664,0.3462760830298066,sbm_k4_r0_rep2,1.0,0.48679123061799606,True,COMPLETED,sbm_k4_r0_rep2_q00_main,1.1506784474597664,0.34254141710698605,True,0,14,0.0,sqrt2-grid,0.003734665922820568,1.0109028156488713
0.0,0.0,0,1.0,0.48679123061799606,True,COMPLETED,sbm_k4_r0_rep2_q01_sqrt2-grid,1.1726096560429158,0.31697483314201236,sbm_k4_r0_rep2,1.0,0.48679123061799606,True,COMPLETED,sbm_k4_r0_rep2_q01_main,2.5763647838434838,0.2517542503774166,True,1,88,-1.403755127800568,sqrt2-grid,0.06522058276459575,1.2590644752444915
0.0,0.0,0,1.0,0.4191931368412593,True,COMPLETED,sbm_k4_r1_rep0_q00_sqrt2-grid,1.275070821529745,0.2919620838947594,sbm_k4_r1_rep0,1.0,0.4191931368412593,True,COMPLETED,sbm_k4_r1_rep0_q00_main,2.546175637393768,0.1908959997817874,True,0,27,-1.2711048158640228,sqrt2-grid,0.10106608411297202,1.529430078307038
0.0,0.0,0,1.0,0.4191931368412593,True,COMPLETED,sbm_k4_r1_rep0_q01_sqrt2-grid,1.4776203966005665,0.22144674975425005,sbm_k4_r1_rep0,1.0,0.4191931368412593,True,COMPLETED,sbm_k4_r1_rep0_q01_main,3.631728045325779,0.21883841697126627,True,1,49,-2.1541076487252124,sqrt2-grid,0.00260833278298378,1.011918989449308
0.0,0.0,0,1.0,0.4210581697979021,True,COMPLETED,sbm_k4_r1_rep1_q00_sqrt2-grid,1.163616195230172,0.25059358309954405,sbm_k4_r1_rep1,1.0,0.4210581697979021,True,COMPLETED,sbm_k4_r1_rep1_q00_main,2.2878535773710484,0.20578404096886516,True,0,85,-1.1242373821408764,sqrt2-grid,0.04480954213067889,1.2177503266031136
0.0,0.0,0,1.0,0.4210581697979021,True,COMPLETED,sbm_k4_r1_rep1_q01_sqrt2-grid,1.0632279534109816,0.21642862493172288,sbm_k4_r1_rep1,1.0,0.4210581697979021,True,COMPLETED,sbm_k4_r1_rep1_q01_main,1.6209095951192456,0.25448699994012713,True,1,2,-0.557681641708264,sqrt2-grid,-0.038058375008404255,0.8504506123402837
0.0,0.0,0,1.0,0.4176294591876948,True,COMPLETED,sbm_k4_r1_rep2_q00_sqrt2-grid,1.4974944320712695,0.25036925030872226,sbm_k4_r1_rep2,1.0,0.4176294591876948,True,COMPLETED,sbm_k4_r1_rep2_q00_main,3.462416481069042,0.1682867077179253,True,0,70,-1.9649220489977726,sqrt2-grid,0.08208254259079695,1.4877541649241843
0.0,0.0,0,1.0,0.4176294591876948,True,COMPLETED,sbm_k4_r1_rep2_q01_sqrt2-grid,1.0773942093541202,0.2073838748037815,sbm_k4_r1_rep2,1.0,0.4176294591876948,True,COMPLETED,sbm_k4_r1_rep2_q01_main,1.0773942093541202,0.19102470763027668,True,1,43,0.0,sqrt2-grid,0.01635916717350483,1.0856390117092474
0.0,0.0,0,1.0,0.44040482005165554,True,COMPLETED,sbm_k4_r2_rep0_q00_sqrt2-grid,1.1111343658434492,0.257381958886981,sbm_k4_r2_rep0,1.0,0.44040482005165554,True,COMPLETED,sbm_k4_r2_rep0_q00_main,1.1111343658434492,0.23521258402615786,True,0,51,0.0,sqrt2-grid,0.022169374860823154,1.0942525033369717
0.0,0.0,0,1.0,0.44040482005165554,True,COMPLETED,sbm_k4_r2_rep0_q01_sqrt2-grid,1.1912934282126413,0.2924905000254512,sbm_k4_r2_rep0,1.0,0.44040482005165554,True,COMPLETED,sbm_k4_r2_rep0_q01_main,1.1912934282126413,0.28062945837154984,True,1,75,0.0,sqrt2-grid,0.011861041653901339,1.0422658466531958
0.0,0.0,0,1.0,0.45524621704949575,True,COMPLETED,sbm_k4_r2_rep1_q00_sqrt2-grid,1.2635724930806898,0.3463945840485394,sbm_k4_r2_rep1,1.0,0.45524621704949575,True,COMPLETED,sbm_k4_r2_rep1_q00_main,3.8635299127102405,0.20859991712495685,True,0,25,-2.5999574196295505,sqrt2-grid,0.13779466692358255,1.6605691355142769
0.0,0.0,0,1.0,0.45524621704949575,True,COMPLETED,sbm_k4_r2_rep1_q01_sqrt2-grid,1.17096018735363,0.307690791785717,sbm_k4_r2_rep1,1.0,0.45524621704949575,True,COMPLETED,sbm_k4_r2_rep1_q01_main,1.17096018735363,0.28671474987640977,True,1,74,0.0,sqrt2-grid,0.02097604190930724,1.0731599679414787
0.0,0.0,0,1.0,0.4409753982288893,True,COMPLETED,sbm_k4_r2_rep2_q00_sqrt2-grid,1.1383701188455009,0.25416587479412556,sbm_k4_r2_rep2,1.0,0.4409753982288893,True,COMPLETED,sbm_k4_r2_rep2_q00_main,1.1383701188455009,0.23804612504318357,True,0,38,0.0,sqrt2-grid,0.016119749750941992,1.06771691724878
0.0,0.0,0,1.0,0.4409753982288893,True,COMPLETED,sbm_k4_r2_rep2_q01_sqrt2-grid,1.2005517826825127,0.2596757081337273,sbm_k4_r2_rep2,1.0,0.4409753982288893,True,COMPLETED,sbm_k4_r2_rep2_q01_main,1.2005517826825127,0.25564691703766584,True,1,9,0.0,sqrt2-grid,0.004028791096061468,1.0157592007865595
0.0,0.0,0,1.0,0.4691396784251302,True,COMPLETED,sbm_k4_r3_rep0_q00_sqrt2-grid,1.8559012470084393,1.163923209067434,sbm_k4_r3_rep0,1.0,0.4691396784251302,True,COMPLETED,sbm_k4_r3_rep0_q00_main,1.8559012470084393,1.1888657910749316,True,0,214,0.0,sqrt2-grid,-0.02494258200749755,0.9790198505207679
0.0,0.0,0,1.0,0.4691396784251302,True,COMPLETED,sbm_k4_r3_rep0_q01_sqrt2-grid,1.6091447285552336,1.099409000016749,sbm_k4_r3_rep0,1.0,0.4691396784251302,True,COMPLETED,sbm_k4_r3_rep0_q01_main,1.6091447285552336,1.0591747919097543,True,1,148,0.0,sqrt2-grid,0.04023420810699463,1.0379863724234317
0.0,0.0,0,1.0,0.46940336756016154,True,COMPLETED,sbm_k4_r3_rep1_q00_sqrt2-grid,1.6129278534164653,1.0999386669136584,sbm_k4_r3_rep1,1.0,0.46940336756016154,True,COMPLETED,sbm_k4_r3_rep1_q00_main,2.88484540017814,0.6229464579373598,True,0,178,-1.2719175467616746,sqrt2-grid,0.47699220897629857,1.7657033809224458
0.0,0.0,0,1.0,0.46940336756016154,True,COMPLETED,sbm_k4_r3_rep1_q01_sqrt2-grid,1.1870466980531875,0.9430276248604059,sbm_k4_r3_rep1,1.0,0.46940336756016154,True,COMPLETED,sbm_k4_r3_rep1_q01_main,1.1870466980531875,0.9565160828642547,True,1,109,0.0,sqrt2-grid,-0.013488458003848791,0.9858983468804224
-0.010101010101010055,0.006683283816198087,2398059205/358814509596,0.98989898989899,0.47859126214363756,True,COMPLETED,sbm_k4_r3_rep2_q00_sqrt2-grid,1.350442257381338,0.9402038329280913,sbm_k4_r3_rep2,1.0,0.4719079783274395,True,COMPLETED,sbm_k4_r3_rep2_q00_main,2.2213255074590363,1.3769099158234894,True,0,77,-0.8708832500776984,sqrt2-grid,-0.43670608289539814,0.6828361261134378
0.0,0.0,0,1.0,0.4719079783274395,True,COMPLETED,sbm_k4_r3_rep2_q01_sqrt2-grid,1.7987282954267547,1.3476523333229125,sbm_k4_r3_rep2,1.0,0.4719079783274395,True,COMPLETED,sbm_k4_r3_rep2_q01_main,1.7987282954267547,1.3732666252180934,True,1,34,0.0,sqrt2-grid,-0.02561429189518094,0.9813479105770061
0.0,0.0,0,1.0,0.5366906476218919,True,COMPLETED,sbm_k8_r0_rep0_q00_sqrt2-grid,1.6172311348781938,0.6746238339692354,sbm_k8_r0_rep0,1.0,0.5366906476218919,True,COMPLETED,sbm_k8_r0_rep0_q00_main,5.948900772430184,0.3513062088750303,True,0,3,-4.33166963755199,sqrt2-grid,0.32331762509420514,1.9203299484217728
0.0,0.0,0,1.0,0.5366906476218919,True,COMPLETED,sbm_k8_r0_rep0_q01_sqrt2-grid,1.3294117647058823,0.5395637918263674,sbm_k8_r0_rep0,1.0,0.5366906476218919,True,COMPLETED,sbm_k8_r0_rep0_q01_main,1.3294117647058823,0.49305333383381367,True,1,90,0.0,sqrt2-grid,0.04651045799255371,1.0943314947916574
0.0,0.0,0,1.0,0.5431351729033689,True,COMPLETED,sbm_k8_r0_rep1_q00_sqrt2-grid,1.7689642814478557,0.7620702921412885,sbm_k8_r0_rep1,1.0,0.5431351729033689,True,COMPLETED,sbm_k8_r0_rep1_q00_main,7.5578783896786526,0.5074036251753569,True,0,42,-5.788914108230797,sqrt2-grid,0.25466666696593165,1.5019015519999876
0.0,0.0,0,1.0,0.5431351729033689,True,COMPLETED,sbm_k8_r0_rep1_q01_sqrt2-grid,1.299366861784733,0.6162952920421958,sbm_k8_r0_rep1,1.0,0.5431351729033689,True,COMPLETED,sbm_k8_r0_rep1_q01_main,1.299366861784733,0.6330142500810325,True,1,61,0.0,sqrt2-grid,-0.016718958038836718,0.9735883385931731
0.0,0.0,0,1.0,0.5291951077122627,True,COMPLETED,sbm_k8_r0_rep2_q00_sqrt2-grid,1.3311320754716982,0.6952869999222457,sbm_k8_r0_rep2,1.0,0.5291951077122627,True,COMPLETED,sbm_k8_r0_rep2_q00_main,3.387735849056604,0.26275454135611653,True,0,82,-2.0566037735849054,sqrt2-grid,0.4325324585661292,2.646146461765276
0.0,0.0,0,1.0,0.5291951077122627,True,COMPLETED,sbm_k8_r0_rep2_q01_sqrt2-grid,1.4357311320754718,0.8482112088240683,sbm_k8_r0_rep2,1.0,0.5291951077122627,True,COMPLETED,sbm_k8_r0_rep2_q01_main,1.4357311320754718,0.8518950832076371,True,1,26,0.0,sqrt2-grid,-0.0036838743835687637,0.9956756712696382
0.0,0.0,0,1.0,0.45513596031441655,True,COMPLETED,sbm_k8_r1_rep0_q00_sqrt2-grid,2.04405784003615,0.5303699998185039,sbm_k8_r1_rep0,1.0,0.45513596031441655,True,COMPLETED,sbm_k8_r1_rep0_q00_main,4.730682331676458,0.5524148340336978,True,0,38,-2.6866244916403077,sqrt2-grid,-0.022044834215193987,0.9600936961554345
0.0,0.0,0,1.0,0.45513596031441655,True,COMPLETED,sbm_k8_r1_rep0_q01_sqrt2-grid,1.8813827383642114,0.4041115832515061,sbm_k8_r1_rep0,1.0,0.45513596031441655,True,COMPLETED,sbm_k8_r1_rep0_q01_main,4.273384545865341,0.8993909172713757,True,1,21,-2.39200180750113,sqrt2-grid,-0.49527933401986957,0.449316949383393
0.0,0.0,0,1.0,0.4420380976631889,True,COMPLETED,sbm_k8_r1_rep1_q00_sqrt2-grid,1.3810724106324472,0.4154033325612545,sbm_k8_r1_rep1,1.0,0.4420380976631889,True,COMPLETED,sbm_k8_r1_rep1_q00_main,6.92186067827681,0.27132362499833107,True,0,5,-5.540788267644363,sqrt2-grid,0.14407970756292343,1.5310252933698998
0.0,0.0,0,1.0,0.4420380976631889,True,COMPLETED,sbm_k8_r1_rep1_q01_sqrt2-grid,1.3010999083409716,0.3248534593731165,sbm_k8_r1_rep1,1.0,0.4420380976631889,True,COMPLETED,sbm_k8_r1_rep1_q01_main,6.146883593033913,0.24172295769676566,True,1,18,-4.845783684692941,sqrt2-grid,0.08313050167635083,1.3439081768171792
0.0,0.0,0,1.0,0.43151623949986406,True,COMPLETED,sbm_k8_r1_rep2_q00_sqrt2-grid,1.1490073611420923,0.2960453750565648,sbm_k8_r1_rep2,1.0,0.43151623949986406,True,COMPLETED,sbm_k8_r1_rep2_q00_main,4.674771358465313,0.25562133407220244,True,0,32,-3.525763997323221,sqrt2-grid,0.040424040984362364,1.1581403255369298
0.0,0.0,0,1.0,0.43151623949986406,True,COMPLETED,sbm_k8_r1_rep2_q01_sqrt2-grid,1.3194289538255632,0.4255886669270694,sbm_k8_r1_rep2,1.0,0.43151623949986406,True,COMPLETED,sbm_k8_r1_rep2_q01_main,1.3194289538255632,0.40016125002875924,True,1,82,0.0,sqrt2-grid,0.025427416898310184,1.063542926498962
0.0,0.0,0,1.0,0.4890969784718274,True,COMPLETED,sbm_k8_r2_rep0_q00_sqrt2-grid,1.4143600067102835,0.49272854067385197,sbm_k8_r2_rep0,1.0,0.4890969784718274,True,COMPLETED,sbm_k8_r2_rep0_q00_main,1.4143600067102835,0.45780312502756715,True,0,51,0.0,sqrt2-grid,0.03492541564628482,1.0762891595468724
0.0,0.0,0,1.0,0.4890969784718274,True,COMPLETED,sbm_k8_r2_rep0_q01_sqrt2-grid,1.482972655594699,0.4547025002539158,sbm_k8_r2_rep0,1.0,0.4890969784718274,True,COMPLETED,sbm_k8_r2_rep0_q01_main,1.482972655594699,0.4549224581569433,True,1,56,0.0,sqrt2-grid,-0.00021995790302753448,0.9995164936373582
0.0,0.0,0,1.0,0.4863952713952714,True,COMPLETED,sbm_k8_r2_rep1_q00_sqrt2-grid,1.344155844155844,0.39422116708010435,sbm_k8_r2_rep1,1.0,0.4863952713952714,True,COMPLETED,sbm_k8_r2_rep1_q00_main,1.344155844155844,0.39997837506234646,True,0,36,0.0,sqrt2-grid,-0.005757207982242107,0.9856062018819275
0.0,0.0,0,1.0,0.4863952713952714,True,COMPLETED,sbm_k8_r2_rep1_q01_sqrt2-grid,1.4335664335664335,0.40600312501192093,sbm_k8_r2_rep1,1.0,0.4863952713952714,True,COMPLETED,sbm_k8_r2_rep1_q01_main,1.4335664335664335,0.3989607081748545,True,1,5,0.0,sqrt2-grid,0.007042416837066412,1.0176519057961464
0.0,0.0,0,1.0,0.49901245105687797,True,COMPLETED,sbm_k8_r2_rep2_q00_sqrt2-grid,1.3314689916104623,0.3545975419692695,sbm_k8_r2_rep2,1.0,0.49901245105687797,True,COMPLETED,sbm_k8_r2_rep2_q00_main,1.3314689916104623,0.3289012503810227,True,0,17,0.0,sqrt2-grid,0.025696291588246822,1.0781276798384878
0.0,0.0,0,1.0,0.49901245105687797,True,COMPLETED,sbm_k8_r2_rep2_q01_sqrt2-grid,1.3693041618687285,0.4951461246237159,sbm_k8_r2_rep2,1.0,0.49901245105687797,True,COMPLETED,sbm_k8_r2_rep2_q01_main,1.3693041618687285,0.48019604198634624,True,1,30,0.0,sqrt2-grid,0.014950082637369633,1.031133290011155
0.0,0.0,0,0.9669421487603306,0.5579705004444449,True,COMPLETED,sbm_k8_r3_rep0_q00_sqrt2-grid,3.1883077544426492,1.481116957962513,sbm_k8_r3_rep0,0.9669421487603306,0.5579705004444449,True,COMPLETED,sbm_k8_r3_rep0_q00_main,3.1883077544426492,1.470810541883111,True,0,148,0.0,sqrt2-grid,0.01030641607940197,1.007007303650548
-0.872070066058042,0.36232231224890293,69725299201/192439981872,0.1259259259259259,0.9013873391672713,True,COMPLETED,sbm_k8_r3_rep0_q01_sqrt2-grid,2.3877314814814814,0.17834066692739725,sbm_k8_r3_rep0,0.9979959919839679,0.5390650269183683,True,COMPLETED,sbm_k8_r3_rep0_q01_main,4.738596324159603,0.8242152919992805,True,1,13,-2.350864842678122,sqrt2-grid,-0.6458746250718832,0.21637631412394728
-0.014198782961460488,0.008856534957022292,2480183699/280039960440,0.9858012170385395,0.5393051152689271,True,COMPLETED,sbm_k8_r3_rep1_q00_sqrt2-grid,2.142815018675054,2.145206750370562,sbm_k8_r3_rep1,1.0,0.5304485803119049,True,COMPLETED,sbm_k8_r3_rep1_q00_main,4.341954022988506,1.001250292174518,True,0,146,-2.1991390043134516,sqrt2-grid,1.143956458196044,2.142527964422958
-0.024590163934426257,0.018165772173861568,1663046461/91548349560,0.9754098360655737,0.5486143524857664,True,COMPLETED,sbm_k8_r3_rep1_q01_sqrt2-grid,2.4515935057125677,2.7810744591988623,sbm_k8_r3_rep1,1.0,0.5304485803119049,True,COMPLETED,sbm_k8_r3_rep1_q01_main,4.414176245210728,1.2166581661440432,True,1,8,-1.9625827394981599,sqrt2-grid,1.564416293054819,2.285830594482365
-0.06805229928962175,0.046505300772189284,5978955257/128565027163,0.9177489177489178,0.5857531484040153,True,COMPLETED,sbm_k8_r3_rep2_q00_sqrt2-grid,2.4676785324306616,1.5726347086019814,sbm_k8_r3_rep2,0.9858012170385395,0.5392478476318261,True,COMPLETED,sbm_k8_r3_rep2_q00_main,4.617691868215578,0.6432015411555767,True,0,82,-2.1500133357849167,sqrt2-grid,0.9294331674464047,2.445010790516117
-0.012145748987854255,0.0066702386488911,8060129297/1208371952080,0.9878542510121457,0.5410269857444671,True,COMPLETED,sbm_k8_r3_rep2_q01_sqrt2-grid,2.27680608365019,2.8973195417784154,sbm_k8_r3_rep2,1.0,0.534356747095576,True,COMPLETED,sbm_k8_r3_rep2_q01_main,4.421748440554883,0.8902656668797135,True,1,13,-2.1449423569046933,sqrt2-grid,2.007053874898702,3.25444375714635
0.0,0.0,0,1.0,0.22698670081913533,True,COMPLETED,lfr_n1000_o00_m20_s11_q00_fixed-grid,45.15856777493606,0.5400106660090387,lfr_n1000_o00_m20_s11,1.0,0.22698670081913533,True,COMPLETED,lfr_n1000_o00_m20_s11_q00_main,21.161125319693095,0.6640271251089871,True,0,550,23.997442455242965,fixed-grid,-0.1240164590999484,0.8132358537618573
0.0,0.0,0,1.0,0.22698670081913533,True,COMPLETED,lfr_n1000_o00_m20_s11_q01_fixed-grid,10.0153452685422,0.44363512471318245,lfr_n1000_o00_m20_s11,1.0,0.22698670081913533,True,COMPLETED,lfr_n1000_o00_m20_s11_q01_main,7.5038363171355495,0.34656883403658867,True,1,381,2.5115089514066504,fixed-grid,0.09706629067659378,1.2800779560759525
0.0,0.0,0,1.0,0.24107032012059945,True,COMPLETED,lfr_n1000_o00_m20_s12_q00_fixed-grid,6.064285714285714,0.6543930834159255,lfr_n1000_o00_m20_s12,1.0,0.24107032012059945,True,COMPLETED,lfr_n1000_o00_m20_s12_q00_main,4.908333333333333,0.4729446666315198,True,0,609,1.1559523809523808,fixed-grid,0.1814484167844057,1.3836567564589446
0.0,0.0,0,1.0,0.24107032012059945,True,COMPLETED,lfr_n1000_o00_m20_s12_q01_fixed-grid,6.535714285714286,0.33379808301106095,lfr_n1000_o00_m20_s12,1.0,0.24107032012059945,True,COMPLETED,lfr_n1000_o00_m20_s12_q01_main,3.4630952380952382,0.41246987506747246,True,1,416,3.0726190476190474,fixed-grid,-0.0786717920564115,0.8092665748170281
0.0,0.0,0,1.0,0.5228045340436144,True,COMPLETED,lfr_n1000_o00_m50_s11_q00_fixed-grid,9.575510204081633,0.24472766602411866,lfr_n1000_o00_m50_s11,1.0,0.5228045340436144,True,COMPLETED,lfr_n1000_o00_m50_s11_q00_main,6.289795918367347,0.36907995818182826,True,0,599,3.2857142857142856,fixed-grid,-0.1243522921577096,0.6630749261750835
0.0,0.0,0,1.0,0.5228045340436144,True,COMPLETED,lfr_n1000_o00_m50_s11_q01_fixed-grid,34.78775510204082,0.24011600017547607,lfr_n1000_o00_m50_s11,1.0,0.5228045340436144,True,COMPLETED,lfr_n1000_o00_m50_s11_q01_main,12.83265306122449,0.5794138750061393,True,1,394,21.955102040816328,fixed-grid,-0.3392978748306632,0.414411891970885
-0.7551020408163265,0.23599120370276627,3146765/13334247,0.24489795918367346,0.7798846646533546,True,COMPLETED,lfr_n1000_o00_m50_s12_q00_fixed-grid,7.348314606741573,0.12339750025421381,lfr_n1000_o00_m50_s12,1.0,0.5438934609505883,True,COMPLETED,lfr_n1000_o00_m50_s12_q00_main,7.655913978494624,0.6270211250521243,True,0,523,-0.3075993717530512,fixed-grid,-0.5036236247979105,0.19679958987658633
0.0,0.0,0,1.0,0.5438934609505883,True,COMPLETED,lfr_n1000_o00_m50_s12_q01_fixed-grid,22.15531660692951,0.26576612517237663,lfr_n1000_o00_m50_s12,1.0,0.5438934609505883,True,COMPLETED,lfr_n1000_o00_m50_s12_q01_main,6.158900836320191,0.5028406670317054,True,1,333,15.99641577060932,fixed-grid,-0.23707454185932875,0.5285294977059193
0.0,0.0,0,1.0,0.4960019709855934,True,COMPLETED,sbm_k4_r0_rep0_q00_fixed-grid,1.3636782315013816,0.3363405419513583,sbm_k4_r0_rep0,1.0,0.4960019709855934,True,COMPLETED,sbm_k4_r0_rep0_q00_main,1.1532084740558797,0.28551187505945563,True,0,13,0.2104697574455019,fixed-grid,0.050828666891902685,1.1780264547011154
0.0,0.0,0,1.0,0.4960019709855934,True,COMPLETED,sbm_k4_r0_rep0_q01_fixed-grid,1.3303653669020572,0.3113758750259876,sbm_k4_r0_rep0,1.0,0.4960019709855934,True,COMPLETED,sbm_k4_r0_rep0_q01_main,2.9829597789376727,0.26039879210293293,True,1,97,-1.6525944120356155,fixed-grid,0.050977082923054695,1.1957654354360598
0.0,0.0,0,1.0,0.4868836118836119,True,COMPLETED,sbm_k4_r0_rep1_q00_fixed-grid,1.282814407814408,0.3671611249446869,sbm_k4_r0_rep1,1.0,0.4868836118836119,True,COMPLETED,sbm_k4_r0_rep1_q00_main,2.382173382173382,0.2870351248420775,True,0,55,-1.0993589743589742,fixed-grid,0.0801260001026094,1.2791505051749104
0.0,0.0,0,1.0,0.4868836118836119,True,COMPLETED,sbm_k4_r0_rep1_q01_fixed-grid,1.2666361416361416,0.3909267922863364,sbm_k4_r0_rep1,1.0,0.4868836118836119,True,COMPLETED,sbm_k4_r0_rep1_q01_main,3.419261294261294,0.2144496669061482,True,1,67,-2.1526251526251525,fixed-grid,0.17647712538018823,1.8229302844169104
0.0,0.0,0,1.0,0.48679123061799606,True,COMPLETED,sbm_k4_r0_rep2_q00_fixed-grid,1.2544966866519407,0.37764633307233453,sbm_k4_r0_rep2,1.0,0.48679123061799606,True,COMPLETED,sbm_k4_r0_rep2_q00_main,1.1506784474597664,0.34254141710698605,True,0,14,0.10381823919217426,fixed-grid,0.03510491596534848,1.102483712077317
0.0,0.0,0,1.0,0.48679123061799606,True,COMPLETED,sbm_k4_r0_rep2_q01_fixed-grid,1.330072578100347,0.29780520871281624,sbm_k4_r0_rep2,1.0,0.48679123061799606,True,COMPLETED,sbm_k4_r0_rep2_q01_main,2.5763647838434838,0.2517542503774166,True,1,88,-1.2462922057431367,fixed-grid,0.04605095833539963,1.1829202814505118
0.0,0.0,0,1.0,0.4191931368412593,True,COMPLETED,sbm_k4_r1_rep0_q00_fixed-grid,1.4881019830028328,0.2920025419443846,sbm_k4_r1_rep0,1.0,0.4191931368412593,True,COMPLETED,sbm_k4_r1_rep0_q00_main,2.546175637393768,0.1908959997817874,True,0,27,-1.058073654390935,fixed-grid,0.10110654216259718,1.529642015957232
0.0,0.0,0,1.0,0.4191931368412593,True,COMPLETED,sbm_k4_r1_rep0_q01_fixed-grid,1.4226628895184137,0.22107449965551496,sbm_k4_r1_rep0,1.0,0.4191931368412593,True,COMPLETED,sbm_k4_r1_rep0_q01_main,3.631728045325779,0.21883841697126627,True,1,49,-2.209065155807365,fixed-grid,0.002236082684248686,1.010217962253594
0.0,0.0,0,1.0,0.4210581697979021,True,COMPLETED,sbm_k4_r1_rep1_q00_fixed-grid,1.3496949528563504,0.24507924960926175,sbm_k4_r1_rep1,1.0,0.4210581697979021,True,COMPLETED,sbm_k4_r1_rep1_q00_main,2.2878535773710484,0.20578404096886516,True,0,85,-0.938158624514698,fixed-grid,0.039295208640396595,1.1909536252441555
0.0,0.0,0,1.0,0.4210581697979021,True,COMPLETED,sbm_k4_r1_rep1_q01_fixed-grid,1.4026622296173046,0.2836077497340739,sbm_k4_r1_rep1,1.0,0.4210581697979021,True,COMPLETED,sbm_k4_r1_rep1_q01_main,1.6209095951192456,0.25448699994012713,True,1,2,-0.21824736550194102,fixed-grid,0.029120749793946743,1.114429223499817
0.0,0.0,0,1.0,0.4176294591876948,True,COMPLETED,sbm_k4_r1_rep2_q00_fixed-grid,1.4212138084632517,0.23729558289051056,sbm_k4_r1_rep2,1.0,0.4176294591876948,True,COMPLETED,sbm_k4_r1_rep2_q00_main,3.462416481069042,0.1682867077179253,True,0,70,-2.0412026726057904,fixed-grid,0.06900887517258525,1.410067295916531
0.0,0.0,0,1.0,0.4176294591876948,True,COMPLETED,sbm_k4_r1_rep2_q01_fixed-grid,1.4738307349665924,0.2774584577418864,sbm_k4_r1_rep2,1.0,0.4176294591876948,True,COMPLETED,sbm_k4_r1_rep2_q01_main,1.0773942093541202,0.19102470763027668,True,1,43,0.3964365256124722,fixed-grid,0.0864337501116097,1.452474191343352
0.0,0.0,0,1.0,0.44040482005165554,True,COMPLETED,sbm_k4_r2_rep0_q00_fixed-grid,1.1111343658434492,0.24784404085949063,sbm_k4_r2_rep0,1.0,0.44040482005165554,True,COMPLETED,sbm_k4_r2_rep0_q00_main,1.1111343658434492,0.23521258402615786,True,0,51,0.0,fixed-grid,0.012631456833332777,1.0537023003494066
0.0,0.0,0,1.0,0.44040482005165554,True,COMPLETED,sbm_k4_r2_rep0_q01_fixed-grid,1.1546672247802428,0.2195470416918397,sbm_k4_r2_rep0,1.0,0.44040482005165554,True,COMPLETED,sbm_k4_r2_rep0_q01_main,1.1912934282126413,0.28062945837154984,True,1,75,-0.03662620343239853,fixed-grid,-0.06108241667971015,0.7823378306961709
0.0,0.0,0,1.0,0.45524621704949575,True,COMPLETED,sbm_k4_r2_rep1_q00_fixed-grid,1.06685118160528,0.20567108411341906,sbm_k4_r2_rep1,1.0,0.45524621704949575,True,COMPLETED,sbm_k4_r2_rep1_q00_main,3.8635299127102405,0.20859991712495685,True,0,25,-2.7966787311049606,fixed-grid,-0.0029288330115377903,0.9859595677126596
0.0,0.0,0,1.0,0.45524621704949575,True,COMPLETED,sbm_k4_r2_rep1_q01_fixed-grid,1.1594634873323397,0.28492920799180865,sbm_k4_r2_rep1,1.0,0.45524621704949575,True,COMPLETED,sbm_k4_r2_rep1_q01_main,1.17096018735363,0.28671474987640977,True,1,74,-0.011496700021290218,fixed-grid,-0.0017855418846011162,0.9937724100857358
0.0,0.0,0,1.0,0.4409753982288893,True,COMPLETED,sbm_k4_r2_rep2_q00_fixed-grid,1.1383701188455009,0.23794658295810223,sbm_k4_r2_rep2,1.0,0.4409753982288893,True,COMPLETED,sbm_k4_r2_rep2_q00_main,1.1383701188455009,0.23804612504318357,True,0,38,0.0,fixed-grid,-9.954208508133888e-05,0.9995818369861585
0.0,0.0,0,1.0,0.4409753982288893,True,COMPLETED,sbm_k4_r2_rep2_q01_fixed-grid,1.2005517826825127,0.24832387501373887,sbm_k4_r2_rep2,1.0,0.4409753982288893,True,COMPLETED,sbm_k4_r2_rep2_q01_main,1.2005517826825127,0.25564691703766584,True,1,9,0.0,fixed-grid,-0.007323042023926973,0.9713548588467897
0.0,0.0,0,1.0,0.4691396784251302,True,COMPLETED,sbm_k4_r3_rep0_q00_fixed-grid,1.4563547046227485,1.3287274581380188,sbm_k4_r3_rep0,1.0,0.4691396784251302,True,COMPLETED,sbm_k4_r3_rep0_q00_main,1.8559012470084393,1.1888657910749316,True,0,214,-0.39954654238569076,fixed-grid,0.13986166706308722,1.1176429401140637
0.0,0.0,0,1.0,0.4691396784251302,True,COMPLETED,sbm_k4_r3_rep0_q01_fixed-grid,1.6091447285552336,1.0579485418274999,sbm_k4_r3_rep0,1.0,0.4691396784251302,True,COMPLETED,sbm_k4_r3_rep0_q01_main,1.6091447285552336,1.0591747919097543,True,1,148,0.0,fixed-grid,-0.0012262500822544098,0.9988422590004777
0.0,0.0,0,1.0,0.46940336756016154,True,COMPLETED,sbm_k4_r3_rep1_q00_fixed-grid,1.460872884590915,1.3431627079844475,sbm_k4_r3_rep1,1.0,0.46940336756016154,True,COMPLETED,sbm_k4_r3_rep1_q00_main,2.88484540017814,0.6229464579373598,True,0,178,-1.423972515587225,fixed-grid,0.7202162500470877,2.156144706933238
0.0,0.0,0,1.0,0.46940336756016154,True,COMPLETED,sbm_k4_r3_rep1_q01_fixed-grid,1.3597149764601095,1.1819407497532666,sbm_k4_r3_rep1,1.0,0.46940336756016154,True,COMPLETED,sbm_k4_r3_rep1_q01_main,1.1870466980531875,0.9565160828642547,True,1,109,0.172668278406922,fixed-grid,0.22542466688901186,1.235672636276
-0.002004008016032066,0.0008864876092627933,4484437/5058657282,0.9979959919839679,0.47279446593670227,True,COMPLETED,sbm_k4_r3_rep2_q00_fixed-grid,1.4247668139420717,0.6277394159696996,sbm_k4_r3_rep2,1.0,0.4719079783274395,True,COMPLETED,sbm_k4_r3_rep2_q00_main,2.2213255074590363,1.3769099158234894,True,0,77,-0.7965586935169646,fixed-grid,-0.7491704998537898,0.4559044921934977
-0.012145748987854255,0.005124859557035458,1828336009/356758265988,0.9878542510121457,0.477032837884475,True,COMPLETED,sbm_k4_r3_rep2_q01_fixed-grid,1.5010650294449317,1.220904208254069,sbm_k4_r3_rep2,1.0,0.4719079783274395,True,COMPLETED,sbm_k4_r3_rep2_q01_main,1.7987282954267547,1.3732666252180934,True,1,34,-0.297663265981823,fixed-grid,-0.1523624169640243,0.8890511032846028
0.0,0.0,0,1.0,0.5366906476218919,True,COMPLETED,sbm_k8_r0_rep0_q00_fixed-grid,1.3077837195484254,0.6666436670348048,sbm_k8_r0_rep0,1.0,0.5366906476218919,True,COMPLETED,sbm_k8_r0_rep0_q00_main,5.948900772430184,0.3513062088750303,True,0,3,-4.641117052881759,fixed-grid,0.31533745815977454,1.8976142470398214
0.0,0.0,0,1.0,0.5366906476218919,True,COMPLETED,sbm_k8_r0_rep0_q01_fixed-grid,1.3666072489601901,0.6237400420941412,sbm_k8_r0_rep0,1.0,0.5366906476218919,True,COMPLETED,sbm_k8_r0_rep0_q01_main,1.3294117647058823,0.49305333383381367,True,1,90,0.03719548425430785,fixed-grid,0.13068670826032758,1.2650559265955115
0.0,0.0,0,1.0,0.5431351729033689,True,COMPLETED,sbm_k8_r0_rep1_q00_fixed-grid,1.4521562537331263,0.6408284171484411,sbm_k8_r0_rep1,1.0,0.5431351729033689,True,COMPLETED,sbm_k8_r0_rep1_q00_main,7.5578783896786526,0.5074036251753569,True,0,42,-6.105722135945526,fixed-grid,0.1334247919730842,1.2629559296644226
0.0,0.0,0,1.0,0.5431351729033689,True,COMPLETED,sbm_k8_r0_rep1_q01_fixed-grid,1.299366861784733,0.637184000108391,sbm_k8_r0_rep1,1.0,0.5431351729033689,True,COMPLETED,sbm_k8_r0_rep1_q01_main,1.299366861784733,0.6330142500810325,True,1,61,0.0,fixed-grid,0.004169750027358532,1.0065871345342143
0.0,0.0,0,1.0,0.5291951077122627,True,COMPLETED,sbm_k8_r0_rep2_q00_fixed-grid,1.3204009433962265,0.6635912922210991,sbm_k8_r0_rep2,1.0,0.5291951077122627,True,COMPLETED,sbm_k8_r0_rep2_q00_main,3.387735849056604,0.26275454135611653,True,0,82,-2.0673349056603776,fixed-grid,0.4008367508649826,2.5255178799049585
0.0,0.0,0,1.0,0.5291951077122627,True,COMPLETED,sbm_k8_r0_rep2_q01_fixed-grid,1.4357311320754718,0.8659835830330849,sbm_k8_r0_rep2,1.0,0.5291951077122627,True,COMPLETED,sbm_k8_r0_rep2_q01_main,1.4357311320754718,0.8518950832076371,True,1,26,0.0,fixed-grid,0.014088499825447798,1.016537834415478
0.0,0.0,0,1.0,0.45513596031441655,True,COMPLETED,sbm_k8_r1_rep0_q00_fixed-grid,1.6760054225033891,0.3872687080875039,sbm_k8_r1_rep0,1.0,0.45513596031441655,True,COMPLETED,sbm_k8_r1_rep0_q00_main,4.730682331676458,0.5524148340336978,True,0,38,-3.0546769091730686,fixed-grid,-0.16514612594619393,0.7010469021255141
0.0,0.0,0,1.0,0.45513596031441655,True,COMPLETED,sbm_k8_r1_rep0_q01_fixed-grid,1.7650248531405333,0.36027133418247104,sbm_k8_r1_rep0,1.0,0.45513596031441655,True,COMPLETED,sbm_k8_r1_rep0_q01_main,4.273384545865341,0.8993909172713757,True,1,21,-2.508359692724808,fixed-grid,-0.5391195830889046,0.4005725733538461
0.0,0.0,0,1.0,0.4420380976631889,True,COMPLETED,sbm_k8_r1_rep1_q00_fixed-grid,1.6743813015582034,0.5237832078710198,sbm_k8_r1_rep1,1.0,0.4420380976631889,True,COMPLETED,sbm_k8_r1_rep1_q00_main,6.92186067827681,0.27132362499833107,True,0,5,-5.247479376718607,fixed-grid,0.25245958287268877,1.9304740155754652
0.0,0.0,0,1.0,0.4420380976631889,True,COMPLETED,sbm_k8_r1_rep1_q01_fixed-grid,1.722960586617782,0.5040925834327936,sbm_k8_r1_rep1,1.0,0.4420380976631889,True,COMPLETED,sbm_k8_r1_rep1_q01_main,6.146883593033913,0.24172295769676566,True,1,18,-4.423923006416132,fixed-grid,0.26236962573602796,2.085414592953818
0.0,0.0,0,1.0,0.43151623949986406,True,COMPLETED,sbm_k8_r1_rep2_q00_fixed-grid,1.5362480481820209,0.47248200001195073,sbm_k8_r1_rep2,1.0,0.43151623949986406,True,COMPLETED,sbm_k8_r1_rep2_q00_main,4.674771358465313,0.25562133407220244,True,0,32,-3.1385233102832926,fixed-grid,0.2168606659397483,1.8483668498439731
0.0,0.0,0,1.0,0.43151623949986406,True,COMPLETED,sbm_k8_r1_rep2_q01_fixed-grid,1.530671425384787,0.46906966669484973,sbm_k8_r1_rep2,1.0,0.43151623949986406,True,COMPLETED,sbm_k8_r1_rep2_q01_main,1.3194289538255632,0.40016125002875924,True,1,82,0.21124247155922382,fixed-grid,0.06890841666609049,1.1722016228736243
0.0,0.0,0,1.0,0.4890969784718274,True,COMPLETED,sbm_k8_r2_rep0_q00_fixed-grid,2.8315718839120954,0.18542554089799523,sbm_k8_r2_rep0,1.0,0.4890969784718274,True,COMPLETED,sbm_k8_r2_rep0_q00_main,1.4143600067102835,0.45780312502756715,True,0,51,1.4172118772018119,fixed-grid,-0.2723775841295719,0.4050333664428997
0.0,0.0,0,1.0,0.4890969784718274,True,COMPLETED,sbm_k8_r2_rep0_q01_fixed-grid,2.8235195437007214,0.27070362493395805,sbm_k8_r2_rep0,1.0,0.4890969784718274,True,COMPLETED,sbm_k8_r2_rep0_q01_main,1.482972655594699,0.4549224581569433,True,1,56,1.3405468881060225,fixed-grid,-0.18421883322298527,0.5950544319809514
0.0,0.0,0,1.0,0.4863952713952714,True,COMPLETED,sbm_k8_r2_rep1_q00_fixed-grid,2.9755244755244754,0.5471936659887433,sbm_k8_r2_rep1,1.0,0.4863952713952714,True,COMPLETED,sbm_k8_r2_rep1_q00_main,1.344155844155844,0.39997837506234646,True,0,36,1.6313686313686313,fixed-grid,0.14721529092639685,1.368058125401029
0.0,0.0,0,1.0,0.4863952713952714,True,COMPLETED,sbm_k8_r2_rep1_q01_fixed-grid,3.128871128871129,0.3928277497179806,sbm_k8_r2_rep1,1.0,0.4863952713952714,True,COMPLETED,sbm_k8_r2_rep1_q01_main,1.4335664335664335,0.3989607081748545,True,1,5,1.6953046953046955,fixed-grid,-0.006132958456873894,0.9846276629973647
0.0,0.0,0,1.0,0.49901245105687797,True,COMPLETED,sbm_k8_r2_rep2_q00_fixed-grid,2.9039315676920547,0.24809370888397098,sbm_k8_r2_rep2,1.0,0.49901245105687797,True,COMPLETED,sbm_k8_r2_rep2_q00_main,1.3314689916104623,0.3289012503810227,True,0,17,1.5724625760815925,fixed-grid,-0.08080754149705172,0.7543106284836604
0.0,0.0,0,1.0,0.49901245105687797,True,COMPLETED,sbm_k8_r2_rep2_q01_fixed-grid,2.6282283270274718,0.2972023328766227,sbm_k8_r2_rep2,1.0,0.49901245105687797,True,COMPLETED,sbm_k8_r2_rep2_q01_main,1.3693041618687285,0.48019604198634624,True,1,30,1.2589241651587433,fixed-grid,-0.18299370910972357,0.6189187475332695
-0.06103405248024307,0.048271038668420516,88798071011/1839572411544,0.9059080962800875,0.6062415391128654,True,COMPLETED,sbm_k8_r3_rep0_q00_fixed-grid,1.9263446385748544,1.8608819167129695,sbm_k8_r3_rep0,0.9669421487603306,0.5579705004444449,True,COMPLETED,sbm_k8_r3_rep0_q00_main,3.1883077544426492,1.470810541883111,True,0,148,-1.2619631158677949,fixed-grid,0.39007137482985854,1.2652084437268458
-0.09448722005414334,0.06556040599809826,25641752903/391116444638,0.9035087719298246,0.6046254329164666,True,COMPLETED,sbm_k8_r3_rep0_q01_fixed-grid,1.9144646924829156,1.0041202078573406,sbm_k8_r3_rep0,0.9979959919839679,0.5390650269183683,True,COMPLETED,sbm_k8_r3_rep0_q01_main,4.738596324159603,0.8242152919992805,True,1,13,-2.824131631676688,fixed-grid,0.17990491585806012,1.2182741786089273
-0.03305785123966942,0.02382813506130447,161016293/6757402230,0.9669421487603306,0.5542767153732093,True,COMPLETED,sbm_k8_r3_rep1_q00_fixed-grid,1.7929735234215887,1.5876394170336425,sbm_k8_r3_rep1,1.0,0.5304485803119049,True,COMPLETED,sbm_k8_r3_rep1_q00_main,4.341954022988506,1.001250292174518,True,0,146,-2.548980499566917,fixed-grid,0.5863891248591244,1.5856568826418047
-0.06609808102345416,0.047459050481339,499011647/10514572920,0.9339019189765458,0.5779076307932438,True,COMPLETED,sbm_k8_r3_rep1_q01_fixed-grid,1.9082678883071553,1.8447923343628645,sbm_k8_r3_rep1,1.0,0.5304485803119049,True,COMPLETED,sbm_k8_r3_rep1_q01_main,4.414176245210728,1.2166581661440432,True,1,8,-2.5059083569035723,fixed-grid,0.6281341682188213,1.5162782659073155
-0.1734496730955466,0.1161659012998931,387582603173/3336457590704,0.8123515439429929,0.6554137489317191,True,COMPLETED,sbm_k8_r3_rep2_q00_fixed-grid,2.1739598761276424,1.3206682093441486,sbm_k8_r3_rep2,0.9858012170385395,0.5392478476318261,True,COMPLETED,sbm_k8_r3_rep2_q00_main,4.617691868215578,0.6432015411555767,True,0,82,-2.443731992087936,fixed-grid,0.6774666681885719,2.0532727688609613
-0.046025104602510414,0.03148262914348422,141900814601/4507273326960,0.9539748953974896,0.5658393762390602,True,COMPLETED,sbm_k8_r3_rep2_q01_fixed-grid,1.8155963302752294,1.9676085412502289,sbm_k8_r3_rep2,1.0,0.534356747095576,True,COMPLETED,sbm_k8_r3_rep2_q01_main,4.421748440554883,0.8902656668797135,True,1,13,-2.6061521102796537,fixed-grid,1.0773428743705153,2.21013638338597
0.0,0.0,0,1.0,0.22698670081913533,True,COMPLETED,lfr_n1000_o00_m20_s11_q00_ZR-budgetM,21.161125319693095,0.7204002919606864,lfr_n1000_o00_m20_s11,1.0,0.22698670081913533,True,COMPLETED,lfr_n1000_o00_m20_s11_q00_main,21.161125319693095,0.6640271251089871,True,0,550,0.0,ZR-budgetM,0.05637316685169935,1.0848958795808934
0.0,0.0,0,1.0,0.22698670081913533,True,COMPLETED,lfr_n1000_o00_m20_s11_q01_ZR-budgetM,12.762148337595908,0.2966387909837067,lfr_n1000_o00_m20_s11,1.0,0.22698670081913533,True,COMPLETED,lfr_n1000_o00_m20_s11_q01_main,7.5038363171355495,0.34656883403658867,True,1,381,5.258312020460359,ZR-budgetM,-0.049930043052881956,0.8559303718360012
0.0,0.0,0,1.0,0.24107032012059945,True,COMPLETED,lfr_n1000_o00_m20_s12_q00_ZR-budgetM,9.126190476190477,0.5010592080652714,lfr_n1000_o00_m20_s12,1.0,0.24107032012059945,True,COMPLETED,lfr_n1000_o00_m20_s12_q00_main,4.908333333333333,0.4729446666315198,True,0,609,4.217857142857143,ZR-budgetM,0.028114541433751583,1.0594457310069556
0.0,0.0,0,1.0,0.24107032012059945,True,COMPLETED,lfr_n1000_o00_m20_s12_q01_ZR-budgetM,7.1119047619047615,0.4556438750587404,lfr_n1000_o00_m20_s12,1.0,0.24107032012059945,True,COMPLETED,lfr_n1000_o00_m20_s12_q01_main,3.4630952380952382,0.41246987506747246,True,1,416,3.6488095238095233,ZR-budgetM,0.04317399999126792,1.1046718866055503
0.0,0.0,0,1.0,0.5228045340436144,True,COMPLETED,lfr_n1000_o00_m50_s11_q00_ZR-budgetM,19.15714285714286,0.4004569170065224,lfr_n1000_o00_m50_s11,1.0,0.5228045340436144,True,COMPLETED,lfr_n1000_o00_m50_s11_q00_main,6.289795918367347,0.36907995818182826,True,0,599,12.867346938775512,ZR-budgetM,0.03137695882469416,1.085013987156778
0.0,0.0,0,1.0,0.5228045340436144,True,COMPLETED,lfr_n1000_o00_m50_s11_q01_ZR-budgetM,40.248979591836736,0.8736563329584897,lfr_n1000_o00_m50_s11,1.0,0.5228045340436144,True,COMPLETED,lfr_n1000_o00_m50_s11_q01_main,12.83265306122449,0.5794138750061393,True,1,394,27.416326530612245,ZR-budgetM,0.2942424579523504,1.5078277732807706
0.0,0.0,0,1.0,0.5438934609505883,True,COMPLETED,lfr_n1000_o00_m50_s12_q00_ZR-budgetM,23.096774193548388,0.8557772496715188,lfr_n1000_o00_m50_s12,1.0,0.5438934609505883,True,COMPLETED,lfr_n1000_o00_m50_s12_q00_main,7.655913978494624,0.6270211250521243,True,0,523,15.440860215053764,ZR-budgetM,0.22875612461939454,1.3648300120675807
0.0,0.0,0,1.0,0.5438934609505883,True,COMPLETED,lfr_n1000_o00_m50_s12_q01_ZR-budgetM,23.096774193548388,0.8527193330228329,lfr_n1000_o00_m50_s12,1.0,0.5438934609505883,True,COMPLETED,lfr_n1000_o00_m50_s12_q01_main,6.158900836320191,0.5028406670317054,True,1,333,16.9378733572282,ZR-budgetM,0.3498786659911275,1.6958042356766398
0.0,0.0,0,1.0,0.4960019709855934,True,COMPLETED,sbm_k4_r0_rep0_q00_ZR-budgetM,3.9551734725207246,1.944587916135788,sbm_k4_r0_rep0,1.0,0.4960019709855934,True,COMPLETED,sbm_k4_r0_rep0_q00_main,1.1532084740558797,0.28551187505945563,True,0,13,2.801964998464845,ZR-budgetM,1.6590760410763323,6.8108827898343725
0.0,0.0,0,1.0,0.4960019709855934,True,COMPLETED,sbm_k4_r0_rep0_q01_ZR-budgetM,3.9551734725207246,1.9485514592379332,sbm_k4_r0_rep0,1.0,0.4960019709855934,True,COMPLETED,sbm_k4_r0_rep0_q01_main,2.9829597789376727,0.26039879210293293,True,1,97,0.9722136935830519,ZR-budgetM,1.6881526671350002,7.482951220709546
0.0,0.0,0,1.0,0.4868836118836119,True,COMPLETED,sbm_k4_r0_rep1_q00_ZR-budgetM,2.382173382173382,0.3089962499216199,sbm_k4_r0_rep1,1.0,0.4868836118836119,True,COMPLETED,sbm_k4_r0_rep1_q00_main,2.382173382173382,0.2870351248420775,True,0,55,0.0,ZR-budgetM,0.0219611250795424,1.076510235782555
0.0,0.0,0,1.0,0.4868836118836119,True,COMPLETED,sbm_k4_r0_rep1_q01_ZR-budgetM,3.9755799755799757,1.9556817910633981,sbm_k4_r0_rep1,1.0,0.4868836118836119,True,COMPLETED,sbm_k4_r0_rep1_q01_main,3.419261294261294,0.2144496669061482,True,1,67,0.5563186813186816,ZR-budgetM,1.74123212415725,9.119537555258983
0.0,0.0,0,1.0,0.48679123061799606,True,COMPLETED,sbm_k4_r0_rep2_q00_ZR-budgetM,4.06468917639634,1.935412499587983,sbm_k4_r0_rep2,1.0,0.48679123061799606,True,COMPLETED,sbm_k4_r0_rep2_q00_main,1.1506784474597664,0.34254141710698605,True,0,14,2.9140107289365735,ZR-budgetM,1.5928710824809968,5.650156164863109
0.0,0.0,0,1.0,0.48679123061799606,True,COMPLETED,sbm_k4_r0_rep2_q01_ZR-budgetM,2.5763647838434838,0.26623224979266524,sbm_k4_r0_rep2,1.0,0.48679123061799606,True,COMPLETED,sbm_k4_r0_rep2_q01_main,2.5763647838434838,0.2517542503774166,True,1,88,0.0,ZR-budgetM,0.014477999415248632,1.0575084607054062
0.0,0.0,0,1.0,0.4191931368412593,True,COMPLETED,sbm_k4_r1_rep0_q00_ZR-budgetM,2.546175637393768,0.20349770924076438,sbm_k4_r1_rep0,1.0,0.4191931368412593,True,COMPLETED,sbm_k4_r1_rep0_q00_main,2.546175637393768,0.1908959997817874,True,0,27,0.0,ZR-budgetM,0.012601709458976984,1.0660134810230804
0.0,0.0,0,1.0,0.4191931368412593,True,COMPLETED,sbm_k4_r1_rep0_q01_ZR-budgetM,3.631728045325779,0.22334966622292995,sbm_k4_r1_rep0,1.0,0.4191931368412593,True,COMPLETED,sbm_k4_r1_rep0_q01_main,3.631728045325779,0.21883841697126627,True,1,49,0.0,ZR-budgetM,0.004511249251663685,1.020614521499925
0.0,0.0,0,1.0,0.4210581697979021,True,COMPLETED,sbm_k4_r1_rep1_q00_ZR-budgetM,3.961175818080976,1.0972009999677539,sbm_k4_r1_rep1,1.0,0.4210581697979021,True,COMPLETED,sbm_k4_r1_rep1_q00_main,2.2878535773710484,0.20578404096886516,True,0,85,1.6733222407099277,ZR-budgetM,0.8914169589988887,5.331808019717909
0.0,0.0,0,1.0,0.4210581697979021,True,COMPLETED,sbm_k4_r1_rep1_q01_ZR-budgetM,3.961175818080976,1.0942911673337221,sbm_k4_r1_rep1,1.0,0.4210581697979021,True,COMPLETED,sbm_k4_r1_rep1_q01_main,1.6209095951192456,0.25448699994012713,True,1,2,2.3402662229617306,ZR-budgetM,0.839804167393595,4.299988477176338
0.0,0.0,0,1.0,0.4176294591876948,True,COMPLETED,sbm_k4_r1_rep2_q00_ZR-budgetM,3.999443207126949,1.109717917162925,sbm_k4_r1_rep2,1.0,0.4176294591876948,True,COMPLETED,sbm_k4_r1_rep2_q00_main,3.462416481069042,0.1682867077179253,True,0,70,0.5370267260579067,ZR-budgetM,0.9414312094449997,6.594210156056917
0.0,0.0,0,1.0,0.4176294591876948,True,COMPLETED,sbm_k4_r1_rep2_q01_ZR-budgetM,3.999443207126949,1.1219774996861815,sbm_k4_r1_rep2,1.0,0.4176294591876948,True,COMPLETED,sbm_k4_r1_rep2_q01_main,1.0773942093541202,0.19102470763027668,True,1,43,2.9220489977728286,ZR-budgetM,0.9309527920559049,5.8734679592220065
0.0,0.0,0,1.0,0.44040482005165554,True,COMPLETED,sbm_k4_r2_rep0_q00_ZR-budgetM,4.007534533277522,1.7618352081626654,sbm_k4_r2_rep0,1.0,0.44040482005165554,True,COMPLETED,sbm_k4_r2_rep0_q00_main,1.1111343658434492,0.23521258402615786,True,0,51,2.896400167434073,ZR-budgetM,1.5266226241365075,7.490395190619277
0.0,0.0,0,1.0,0.44040482005165554,True,COMPLETED,sbm_k4_r2_rep0_q01_ZR-budgetM,4.007534533277522,1.72398312529549,sbm_k4_r2_rep0,1.0,0.44040482005165554,True,COMPLETED,sbm_k4_r2_rep0_q01_main,1.1912934282126413,0.28062945837154984,True,1,75,2.816241105064881,ZR-budgetM,1.4433536669239402,6.143272111557719
0.0,0.0,0,1.0,0.45524621704949575,True,COMPLETED,sbm_k4_r2_rep1_q00_ZR-budgetM,4.023845007451565,1.6900666248984635,sbm_k4_r2_rep1,1.0,0.45524621704949575,True,COMPLETED,sbm_k4_r2_rep1_q00_main,3.8635299127102405,0.20859991712495685,True,0,25,0.16031509474132477,ZR-budgetM,1.4814667077735066,8.101952523241268
0.0,0.0,0,1.0,0.45524621704949575,True,COMPLETED,sbm_k4_r2_rep1_q01_ZR-budgetM,4.023845007451565,1.7207088749855757,sbm_k4_r2_rep1,1.0,0.45524621704949575,True,COMPLETED,sbm_k4_r2_rep1_q01_main,1.17096018735363,0.28671474987640977,True,1,74,2.8528848200979353,ZR-budgetM,1.433994125109166,6.0014661810293966
0.0,0.0,0,1.0,0.4409753982288893,True,COMPLETED,sbm_k4_r2_rep2_q00_ZR-budgetM,4.041595925297114,1.8157843751832843,sbm_k4_r2_rep2,1.0,0.4409753982288893,True,COMPLETED,sbm_k4_r2_rep2_q00_main,1.1383701188455009,0.23804612504318357,True,0,38,2.903225806451613,ZR-budgetM,1.5777382501401007,7.627867812819409
0.0,0.0,0,1.0,0.4409753982288893,True,COMPLETED,sbm_k4_r2_rep2_q01_ZR-budgetM,4.041595925297114,1.7488865829072893,sbm_k4_r2_rep2,1.0,0.4409753982288893,True,COMPLETED,sbm_k4_r2_rep2_q01_main,1.2005517826825127,0.25564691703766584,True,1,9,2.841044142614601,ZR-budgetM,1.4932396658696234,6.841023561608671
0.0,0.0,0,1.0,0.4691396784251302,True,COMPLETED,sbm_k4_r3_rep0_q00_ZR-budgetM,4.063987907796951,1.2353799170814455,sbm_k4_r3_rep0,1.0,0.4691396784251302,True,COMPLETED,sbm_k4_r3_rep0_q00_main,1.8559012470084393,1.1888657910749316,True,0,214,2.208086660788512,ZR-budgetM,0.046514126006513834,1.0391247913395316
0.0,0.0,0,1.0,0.4691396784251302,True,COMPLETED,sbm_k4_r3_rep0_q01_ZR-budgetM,4.063987907796951,1.2309787082485855,sbm_k4_r3_rep0,1.0,0.4691396784251302,True,COMPLETED,sbm_k4_r3_rep0_q01_main,1.6091447285552336,1.0591747919097543,True,1,148,2.454843179241718,ZR-budgetM,0.1718039163388312,1.162205443002527
0.0,0.0,0,1.0,0.46940336756016154,True,COMPLETED,sbm_k4_r3_rep1_q00_ZR-budgetM,4.093141621071383,1.2486187908798456,sbm_k4_r3_rep1,1.0,0.46940336756016154,True,COMPLETED,sbm_k4_r3_rep1_q00_main,2.88484540017814,0.6229464579373598,True,0,178,1.208296220893243,ZR-budgetM,0.6256723329424858,2.004375777356776
0.0,0.0,0,1.0,0.46940336756016154,True,COMPLETED,sbm_k4_r3_rep1_q01_ZR-budgetM,4.093141621071383,1.2327821250073612,sbm_k4_r3_rep1,1.0,0.46940336756016154,True,COMPLETED,sbm_k4_r3_rep1_q01_main,1.1870466980531875,0.9565160828642547,True,1,109,2.9060949230181956,ZR-budgetM,0.27626604214310646,1.2888252974438623
0.0,0.0,0,1.0,0.4719079783274395,True,COMPLETED,sbm_k4_r3_rep2_q00_ZR-budgetM,4.010271460014674,1.2621977501548827,sbm_k4_r3_rep2,1.0,0.4719079783274395,True,COMPLETED,sbm_k4_r3_rep2_q00_main,2.2213255074590363,1.3769099158234894,True,0,77,1.7889459525556375,ZR-budgetM,-0.11471216566860676,0.9166886923027199
0.0,0.0,0,1.0,0.4719079783274395,True,COMPLETED,sbm_k4_r3_rep2_q01_ZR-budgetM,4.010271460014674,1.2740594167262316,sbm_k4_r3_rep2,1.0,0.4719079783274395,True,COMPLETED,sbm_k4_r3_rep2_q01_main,1.7987282954267547,1.3732666252180934,True,1,34,2.211543164587919,ZR-budgetM,-0.09920720849186182,0.9277582323271664
0.0,0.0,0,1.0,0.5366906476218919,True,COMPLETED,sbm_k8_r0_rep0_q00_ZR-budgetM,5.948900772430184,0.3638282916508615,sbm_k8_r0_rep0,1.0,0.5366906476218919,True,COMPLETED,sbm_k8_r0_rep0_q00_main,5.948900772430184,0.3513062088750303,True,0,3,0.0,ZR-budgetM,0.012522082775831223,1.0356443537275644
0.0,0.0,0,1.0,0.5366906476218919,True,COMPLETED,sbm_k8_r0_rep0_q01_ZR-budgetM,7.989542483660131,2.7384508750401437,sbm_k8_r0_rep0,1.0,0.5366906476218919,True,COMPLETED,sbm_k8_r0_rep0_q01_main,1.3294117647058823,0.49305333383381367,True,1,90,6.660130718954249,ZR-budgetM,2.24539754120633,5.554066238122535
0.0,0.0,0,1.0,0.5431351729033689,True,COMPLETED,sbm_k8_r0_rep1_q00_ZR-budgetM,7.5578783896786526,0.5080820405855775,sbm_k8_r0_rep1,1.0,0.5431351729033689,True,COMPLETED,sbm_k8_r0_rep1_q00_main,7.5578783896786526,0.5074036251753569,True,0,42,0.0,ZR-budgetM,0.000678415410220623,1.0013370330375273
0.0,0.0,0,1.0,0.5431351729033689,True,COMPLETED,sbm_k8_r0_rep1_q01_ZR-budgetM,8.036793692509855,2.7534101670607924,sbm_k8_r0_rep1,1.0,0.5431351729033689,True,COMPLETED,sbm_k8_r0_rep1_q01_main,1.299366861784733,0.6330142500810325,True,1,61,6.737426830725122,ZR-budgetM,2.12039591697976,4.349681174963007
0.0,0.0,0,1.0,0.5291951077122627,True,COMPLETED,sbm_k8_r0_rep2_q00_ZR-budgetM,3.387735849056604,0.2766875419765711,sbm_k8_r0_rep2,1.0,0.5291951077122627,True,COMPLETED,sbm_k8_r0_rep2_q00_main,3.387735849056604,0.26275454135611653,True,0,82,0.0,ZR-budgetM,0.01393300062045455,1.0530266786200695
0.0,0.0,0,1.0,0.5291951077122627,True,COMPLETED,sbm_k8_r0_rep2_q01_ZR-budgetM,7.97311320754717,2.7216829587705433,sbm_k8_r0_rep2,1.0,0.5291951077122627,True,COMPLETED,sbm_k8_r0_rep2_q01_main,1.4357311320754718,0.8518950832076371,True,1,26,6.537382075471698,ZR-budgetM,1.8697878755629063,3.1948569869925785
0.0,0.0,0,1.0,0.45513596031441655,True,COMPLETED,sbm_k8_r1_rep0_q00_ZR-budgetM,4.730682331676458,0.5808592922985554,sbm_k8_r1_rep0,1.0,0.45513596031441655,True,COMPLETED,sbm_k8_r1_rep0_q00_main,4.730682331676458,0.5524148340336978,True,0,38,0.0,ZR-budgetM,0.02844445826485753,1.0514911195580283
0.0,0.0,0,1.0,0.45513596031441655,True,COMPLETED,sbm_k8_r1_rep0_q01_ZR-budgetM,4.273384545865341,0.9255751660093665,sbm_k8_r1_rep0,1.0,0.45513596031441655,True,COMPLETED,sbm_k8_r1_rep0_q01_main,4.273384545865341,0.8993909172713757,True,1,21,0.0,ZR-budgetM,0.026184248737990856,1.0291133123930472
0.0,0.0,0,1.0,0.4420380976631889,True,COMPLETED,sbm_k8_r1_rep1_q00_ZR-budgetM,6.92186067827681,0.2768563749268651,sbm_k8_r1_rep1,1.0,0.4420380976631889,True,COMPLETED,sbm_k8_r1_rep1_q00_main,6.92186067827681,0.27132362499833107,True,0,5,0.0,ZR-budgetM,0.005532749928534031,1.0203916998697333
0.0,0.0,0,1.0,0.4420380976631889,True,COMPLETED,sbm_k8_r1_rep1_q01_ZR-budgetM,6.146883593033913,0.24855262506753206,sbm_k8_r1_rep1,1.0,0.4420380976631889,True,COMPLETED,sbm_k8_r1_rep1_q01_main,6.146883593033913,0.24172295769676566,True,1,18,0.0,ZR-budgetM,0.006829667370766401,1.028254111383719
0.0,0.0,0,1.0,0.43151623949986406,True,COMPLETED,sbm_k8_r1_rep2_q00_ZR-budgetM,4.674771358465313,0.24197645811364055,sbm_k8_r1_rep2,1.0,0.43151623949986406,True,COMPLETED,sbm_k8_r1_rep2_q00_main,4.674771358465313,0.25562133407220244,True,0,32,0.0,ZR-budgetM,-0.013644875958561897,0.9466207466286527
0.0,0.0,0,1.0,0.43151623949986406,True,COMPLETED,sbm_k8_r1_rep2_q01_ZR-budgetM,7.817086772250725,1.4953750409185886,sbm_k8_r1_rep2,1.0,0.43151623949986406,True,COMPLETED,sbm_k8_r1_rep2_q01_main,1.3194289538255632,0.40016125002875924,True,1,82,6.4976578184251625,ZR-budgetM,1.0952137908898294,3.7369311516572816
0.0,0.0,0,1.0,0.4890969784718274,True,COMPLETED,sbm_k8_r2_rep0_q00_ZR-budgetM,8.093608454957222,2.424563332926482,sbm_k8_r2_rep0,1.0,0.4890969784718274,True,COMPLETED,sbm_k8_r2_rep0_q00_main,1.4143600067102835,0.45780312502756715,True,0,51,6.6792484482469385,ZR-budgetM,1.9667602078989148,5.296082967499368
0.0,0.0,0,1.0,0.4890969784718274,True,COMPLETED,sbm_k8_r2_rep0_q01_ZR-budgetM,8.093608454957222,2.382174000144005,sbm_k8_r2_rep0,1.0,0.4890969784718274,True,COMPLETED,sbm_k8_r2_rep0_q01_main,1.482972655594699,0.4549224581569433,True,1,56,6.610635799362523,ZR-budgetM,1.9272515419870615,5.23643965566145
0.0,0.0,0,1.0,0.4863952713952714,True,COMPLETED,sbm_k8_r2_rep1_q00_ZR-budgetM,8.058608058608058,2.384529707953334,sbm_k8_r2_rep1,1.0,0.4863952713952714,True,COMPLETED,sbm_k8_r2_rep1_q00_main,1.344155844155844,0.39997837506234646,True,0,36,6.714452214452214,ZR-budgetM,1.9845513328909874,5.9616465704718316
0.0,0.0,0,1.0,0.4863952713952714,True,COMPLETED,sbm_k8_r2_rep1_q01_ZR-budgetM,8.058608058608058,2.3922782498411834,sbm_k8_r2_rep1,1.0,0.4863952713952714,True,COMPLETED,sbm_k8_r2_rep1_q01_main,1.4335664335664335,0.3989607081748545,True,1,5,6.625041625041625,ZR-budgetM,1.993317541666329,5.996275324417931
0.0,0.0,0,1.0,0.49901245105687797,True,COMPLETED,sbm_k8_r2_rep2_q00_ZR-budgetM,7.9516367823655205,2.415242957882583,sbm_k8_r2_rep2,1.0,0.49901245105687797,True,COMPLETED,sbm_k8_r2_rep2_q00_main,1.3314689916104623,0.3289012503810227,True,0,17,6.620167790755058,ZR-budgetM,2.0863417075015604,7.343368123668101
0.0,0.0,0,1.0,0.49901245105687797,True,COMPLETED,sbm_k8_r2_rep2_q01_ZR-budgetM,7.9516367823655205,2.3864996251650155,sbm_k8_r2_rep2,1.0,0.49901245105687797,True,COMPLETED,sbm_k8_r2_rep2_q01_main,1.3693041618687285,0.48019604198634624,True,1,30,6.582332620496792,ZR-budgetM,1.9063035831786692,4.969844431231011
0.02904178698264126,-0.017609258222496097,-38622883649/2193328257272,0.9959839357429718,0.5403612422219488,True,COMPLETED,sbm_k8_r3_rep0_q00_ZR-budgetM,8.12585001436644,2.3612132919952273,sbm_k8_r3_rep0,0.9669421487603306,0.5579705004444449,True,COMPLETED,sbm_k8_r3_rep0_q00_main,3.1883077544426492,1.470810541883111,True,0,148,4.9375422599237915,ZR-budgetM,0.8904027501121163,1.6053823553454507
0.0,0.0,0,0.9979959919839679,0.5390650269183683,True,COMPLETED,sbm_k8_r3_rep0_q01_ZR-budgetM,8.079421007523093,2.1723385001532733,sbm_k8_r3_rep0,0.9979959919839679,0.5390650269183683,True,COMPLETED,sbm_k8_r3_rep0_q01_main,4.738596324159603,0.8242152919992805,True,1,13,3.34082468336349,ZR-budgetM,1.348123208153993,2.6356444987618235
0.0,0.0,0,1.0,0.5304485803119049,True,COMPLETED,sbm_k8_r3_rep1_q00_ZR-budgetM,8.081226053639847,2.1498792083002627,sbm_k8_r3_rep1,1.0,0.5304485803119049,True,COMPLETED,sbm_k8_r3_rep1_q00_main,4.341954022988506,1.001250292174518,True,0,146,3.7392720306513416,ZR-budgetM,1.1486289161257446,2.1471945877100813
-0.004016064257028162,0.0012544904830421792,357937211/285324771960,0.9959839357429718,0.531703070794947,True,COMPLETED,sbm_k8_r3_rep1_q01_ZR-budgetM,8.1389156858962,2.3536589997820556,sbm_k8_r3_rep1,1.0,0.5304485803119049,True,COMPLETED,sbm_k8_r3_rep1_q01_main,4.414176245210728,1.2166581661440432,True,1,8,3.7247394406854717,ZR-budgetM,1.1370008336380124,1.9345277624211499
0.004097772860450433,-0.0013770907151365675,-1305939231/948332028272,0.98989898989899,0.5378707569166895,True,COMPLETED,sbm_k8_r3_rep2_q00_ZR-budgetM,8.105352913311227,2.343041999731213,sbm_k8_r3_rep2,0.9858012170385395,0.5392478476318261,True,COMPLETED,sbm_k8_r3_rep2_q00_main,4.617691868215578,0.6432015411555767,True,0,82,3.487661045095649,ZR-budgetM,1.6998404585756361,3.6427804503106453
0.0,0.0,0,1.0,0.534356747095576,True,COMPLETED,sbm_k8_r3_rep2_q01_ZR-budgetM,7.9649939484219345,2.20181787526235,sbm_k8_r3_rep2,1.0,0.534356747095576,True,COMPLETED,sbm_k8_r3_rep2_q01_main,4.421748440554883,0.8902656668797135,True,1,13,3.5432455078670513,ZR-budgetM,1.3115522083826363,2.4732144091094597
0.0,0.0,0,1.0,0.22698670081913533,True,COMPLETED,lfr_n1000_o00_m20_s11_q00_ordering-bfs,21.161125319693095,0.7034005001187325,lfr_n1000_o00_m20_s11,1.0,0.22698670081913533,True,COMPLETED,lfr_n1000_o00_m20_s11_q00_main,21.161125319693095,0.6640271251089871,True,0,550,0.0,ordering-bfs,0.03937337500974536,1.0592948292636133
0.0,0.0,0,1.0,0.22698670081913533,True,COMPLETED,lfr_n1000_o00_m20_s11_q01_ordering-bfs,7.5038363171355495,0.30641820887103677,lfr_n1000_o00_m20_s11,1.0,0.22698670081913533,True,COMPLETED,lfr_n1000_o00_m20_s11_q01_main,7.5038363171355495,0.34656883403658867,True,1,381,0.0,ordering-bfs,-0.0401506251655519,0.884148194464269
0.0,0.0,0,1.0,0.24107032012059945,True,COMPLETED,lfr_n1000_o00_m20_s12_q00_ordering-bfs,4.908333333333333,0.5033184997737408,lfr_n1000_o00_m20_s12,1.0,0.24107032012059945,True,COMPLETED,lfr_n1000_o00_m20_s12_q00_main,4.908333333333333,0.4729446666315198,True,0,609,0.0,ordering-bfs,0.030373833142220974,1.0642228050874412
0.0,0.0,0,1.0,0.24107032012059945,True,COMPLETED,lfr_n1000_o00_m20_s12_q01_ordering-bfs,3.4630952380952382,0.43096470879390836,lfr_n1000_o00_m20_s12,1.0,0.24107032012059945,True,COMPLETED,lfr_n1000_o00_m20_s12_q01_main,3.4630952380952382,0.41246987506747246,True,1,416,0.0,ordering-bfs,0.0184948337264359,1.0448392351645328
0.0,0.0,0,1.0,0.5228045340436144,True,COMPLETED,lfr_n1000_o00_m50_s11_q00_ordering-bfs,6.289795918367347,0.3833622499369085,lfr_n1000_o00_m50_s11,1.0,0.5228045340436144,True,COMPLETED,lfr_n1000_o00_m50_s11_q00_main,6.289795918367347,0.36907995818182826,True,0,599,0.0,ordering-bfs,0.014282291755080223,1.0386970124995083
0.0,0.0,0,1.0,0.5228045340436144,True,COMPLETED,lfr_n1000_o00_m50_s11_q01_ordering-bfs,12.83265306122449,0.5942537919618189,lfr_n1000_o00_m50_s11,1.0,0.5228045340436144,True,COMPLETED,lfr_n1000_o00_m50_s11_q01_main,12.83265306122449,0.5794138750061393,True,1,394,0.0,ordering-bfs,0.014839916955679655,1.0256119461335345
0.0,0.0,0,1.0,0.5438934609505883,True,COMPLETED,lfr_n1000_o00_m50_s12_q00_ordering-bfs,7.655913978494624,0.5532072922214866,lfr_n1000_o00_m50_s12,1.0,0.5438934609505883,True,COMPLETED,lfr_n1000_o00_m50_s12_q00_main,7.655913978494624,0.6270211250521243,True,0,523,0.0,ordering-bfs,-0.0738138328306377,0.8822785550893496
0.0,0.0,0,1.0,0.5438934609505883,True,COMPLETED,lfr_n1000_o00_m50_s12_q01_ordering-bfs,6.158900836320191,0.5368820000439882,lfr_n1000_o00_m50_s12,1.0,0.5438934609505883,True,COMPLETED,lfr_n1000_o00_m50_s12_q01_main,6.158900836320191,0.5028406670317054,True,1,333,0.0,ordering-bfs,0.03404133301228285,1.067698050782628
0.0,0.0,0,1.0,0.4960019709855934,True,COMPLETED,sbm_k4_r0_rep0_q00_ordering-bfs,1.1532084740558797,0.2857982078567147,sbm_k4_r0_rep0,1.0,0.4960019709855934,True,COMPLETED,sbm_k4_r0_rep0_q00_main,1.1532084740558797,0.28551187505945563,True,0,13,0.0,ordering-bfs,0.00028633279725909233,1.0010028752646434
0.0,0.0,0,1.0,0.4960019709855934,True,COMPLETED,sbm_k4_r0_rep0_q01_ordering-bfs,2.9829597789376727,0.2598017076961696,sbm_k4_r0_rep0,1.0,0.4960019709855934,True,COMPLETED,sbm_k4_r0_rep0_q01_main,2.9829597789376727,0.26039879210293293,True,1,97,0.0,ordering-bfs,-0.0005970844067633152,0.9977070384929924
0.0,0.0,0,1.0,0.4868836118836119,True,COMPLETED,sbm_k4_r0_rep1_q00_ordering-bfs,2.382173382173382,0.310458124615252,sbm_k4_r0_rep1,1.0,0.4868836118836119,True,COMPLETED,sbm_k4_r0_rep1_q00_main,2.382173382173382,0.2870351248420775,True,0,55,0.0,ordering-bfs,0.023422999773174524,1.0816032525150416
0.0,0.0,0,1.0,0.4868836118836119,True,COMPLETED,sbm_k4_r0_rep1_q01_ordering-bfs,3.419261294261294,0.23055433295667171,sbm_k4_r0_rep1,1.0,0.4868836118836119,True,COMPLETED,sbm_k4_r0_rep1_q01_main,3.419261294261294,0.2144496669061482,True,1,67,0.0,ordering-bfs,0.01610466605052352,1.0750976501053349
0.0,0.0,0,1.0,0.48679123061799606,True,COMPLETED,sbm_k4_r0_rep2_q00_ordering-bfs,1.1506784474597664,0.36112183425575495,sbm_k4_r0_rep2,1.0,0.48679123061799606,True,COMPLETED,sbm_k4_r0_rep2_q00_main,1.1506784474597664,0.34254141710698605,True,0,14,0.0,ordering-bfs,0.018580417148768902,1.0542428337737788
0.0,0.0,0,1.0,0.48679123061799606,True,COMPLETED,sbm_k4_r0_rep2_q01_ordering-bfs,2.5763647838434838,0.26253183325752616,sbm_k4_r0_rep2,1.0,0.48679123061799606,True,COMPLETED,sbm_k4_r0_rep2_q01_main,2.5763647838434838,0.2517542503774166,True,1,88,0.0,ordering-bfs,0.010777582880109549,1.0428099341478938
0.0,0.0,0,1.0,0.4191931368412593,True,COMPLETED,sbm_k4_r1_rep0_q00_ordering-bfs,2.546175637393768,0.1961675421334803,sbm_k4_r1_rep0,1.0,0.4191931368412593,True,COMPLETED,sbm_k4_r1_rep0_q00_main,2.546175637393768,0.1908959997817874,True,0,27,0.0,ordering-bfs,0.005271542351692915,1.0276147345031788
0.0,0.0,0,1.0,0.4191931368412593,True,COMPLETED,sbm_k4_r1_rep0_q01_ordering-bfs,3.631728045325779,0.22036833316087723,sbm_k4_r1_rep0,1.0,0.4191931368412593,True,COMPLETED,sbm_k4_r1_rep0_q01_main,3.631728045325779,0.21883841697126627,True,1,49,0.0,ordering-bfs,0.001529916189610958,1.006991076844665
0.0,0.0,0,1.0,0.4210581697979021,True,COMPLETED,sbm_k4_r1_rep1_q00_ordering-bfs,2.2878535773710484,0.2074541673064232,sbm_k4_r1_rep1,1.0,0.4210581697979021,True,COMPLETED,sbm_k4_r1_rep1_q00_main,2.2878535773710484,0.20578404096886516,True,0,85,0.0,ordering-bfs,0.001670126337558031,1.0081159176858165
0.0,0.0,0,1.0,0.4210581697979021,True,COMPLETED,sbm_k4_r1_rep1_q01_ordering-bfs,1.6209095951192456,0.26432662503793836,sbm_k4_r1_rep1,1.0,0.4210581697979021,True,COMPLETED,sbm_k4_r1_rep1_q01_main,1.6209095951192456,0.25448699994012713,True,1,2,0.0,ordering-bfs,0.009839625097811222,1.0386645490737294
0.0,0.0,0,1.0,0.4176294591876948,True,COMPLETED,sbm_k4_r1_rep2_q00_ordering-bfs,3.462416481069042,0.172560625243932,sbm_k4_r1_rep2,1.0,0.4176294591876948,True,COMPLETED,sbm_k4_r1_rep2_q00_main,3.462416481069042,0.1682867077179253,True,0,70,0.0,ordering-bfs,0.004273917526006699,1.0253966435255863
0.0,0.0,0,1.0,0.4176294591876948,True,COMPLETED,sbm_k4_r1_rep2_q01_ordering-bfs,1.0773942093541202,0.20433158287778497,sbm_k4_r1_rep2,1.0,0.4176294591876948,True,COMPLETED,sbm_k4_r1_rep2_q01_main,1.0773942093541202,0.19102470763027668,True,1,43,0.0,ordering-bfs,0.013306875247508287,1.069660492679635
0.0,0.0,0,1.0,0.44040482005165554,True,COMPLETED,sbm_k4_r2_rep0_q00_ordering-bfs,1.1111343658434492,0.2401590831577778,sbm_k4_r2_rep0,1.0,0.44040482005165554,True,COMPLETED,sbm_k4_r2_rep0_q00_main,1.1111343658434492,0.23521258402615786,True,0,51,0.0,ordering-bfs,0.00494649913161993,1.0210299085488974
0.0,0.0,0,1.0,0.44040482005165554,True,COMPLETED,sbm_k4_r2_rep0_q01_ordering-bfs,1.1912934282126413,0.2831852501258254,sbm_k4_r2_rep0,1.0,0.44040482005165554,True,COMPLETED,sbm_k4_r2_rep0_q01_main,1.1912934282126413,0.28062945837154984,True,1,75,0.0,ordering-bfs,0.0025557917542755604,1.0091073537650197
0.0,0.0,0,1.0,0.45524621704949575,True,COMPLETED,sbm_k4_r2_rep1_q00_ordering-bfs,3.8635299127102405,0.21388562489300966,sbm_k4_r2_rep1,1.0,0.45524621704949575,True,COMPLETED,sbm_k4_r2_rep1_q00_main,3.8635299127102405,0.20859991712495685,True,0,25,0.0,ordering-bfs,0.005285707768052816,1.0253389734804474
0.0,0.0,0,1.0,0.45524621704949575,True,COMPLETED,sbm_k4_r2_rep1_q01_ordering-bfs,1.17096018735363,0.30381474969908595,sbm_k4_r2_rep1,1.0,0.45524621704949575,True,COMPLETED,sbm_k4_r2_rep1_q01_main,1.17096018735363,0.28671474987640977,True,1,74,0.0,ordering-bfs,0.017099999822676182,1.0596411584337648
0.0,0.0,0,1.0,0.4409753982288893,True,COMPLETED,sbm_k4_r2_rep2_q00_ordering-bfs,1.1383701188455009,0.22937416704371572,sbm_k4_r2_rep2,1.0,0.4409753982288893,True,COMPLETED,sbm_k4_r2_rep2_q00_main,1.1383701188455009,0.23804612504318357,True,0,38,0.0,ordering-bfs,-0.00867195799946785,0.9635702618646085
0.0,0.0,0,1.0,0.4409753982288893,True,COMPLETED,sbm_k4_r2_rep2_q01_ordering-bfs,1.2005517826825127,0.24166220892220736,sbm_k4_r2_rep2,1.0,0.4409753982288893,True,COMPLETED,sbm_k4_r2_rep2_q01_main,1.2005517826825127,0.25564691703766584,True,1,9,0.0,ordering-bfs,-0.013984708115458488,0.9452967855919888
-0.002004008016032066,0.00019063664229335294,64431729/337981870772,0.9979959919839679,0.46933031506742356,True,COMPLETED,sbm_k4_r3_rep0_q00_ordering-bfs,1.8610584817481368,1.1408435422927141,sbm_k4_r3_rep0,1.0,0.4691396784251302,True,COMPLETED,sbm_k4_r3_rep0_q00_main,1.8559012470084393,1.1888657910749316,True,0,214,0.005157234739697536,ordering-bfs,-0.0480222487822175,0.9596066695309675
0.0,0.0,0,1.0,0.4691396784251302,True,COMPLETED,sbm_k4_r3_rep0_q01_ordering-bfs,1.6091447285552336,1.0814232919365168,sbm_k4_r3_rep0,1.0,0.4691396784251302,True,COMPLETED,sbm_k4_r3_rep0_q01_main,1.6091447285552336,1.0591747919097543,True,1,148,0.0,ordering-bfs,0.022248500026762486,1.0210055037154417
-0.008064516129032251,0.00647510110780698,218251843/33706322012,0.9919354838709677,0.4758784686679685,True,COMPLETED,sbm_k4_r3_rep1_q00_ordering-bfs,2.9318505107978794,0.5991772087290883,sbm_k4_r3_rep1,1.0,0.46940336756016154,True,COMPLETED,sbm_k4_r3_rep1_q00_main,2.88484540017814,0.6229464579373598,True,0,178,0.047005110619739554,ordering-bfs,-0.023769249208271503,0.9618438327958811
0.0,0.0,0,1.0,0.46940336756016154,True,COMPLETED,sbm_k4_r3_rep1_q01_ordering-bfs,1.1870466980531875,0.9206922501325607,sbm_k4_r3_rep1,1.0,0.46940336756016154,True,COMPLETED,sbm_k4_r3_rep1_q01_main,1.1870466980531875,0.9565160828642547,True,1,109,0.0,ordering-bfs,-0.03582383273169398,0.9625475897651184
-0.006036217303822977,0.003436981635674431,155287928/45181483191,0.993963782696177,0.47534495996311393,True,COMPLETED,sbm_k4_r3_rep2_q00_ordering-bfs,2.2465990601038834,1.3698496245779097,sbm_k4_r3_rep2,1.0,0.4719079783274395,True,COMPLETED,sbm_k4_r3_rep2_q00_main,2.2213255074590363,1.3769099158234894,True,0,77,0.025273552644847097,ordering-bfs,-0.0070602912455797195,0.9948723651675083
0.0,0.0,0,1.0,0.4719079783274395,True,COMPLETED,sbm_k4_r3_rep2_q01_ordering-bfs,1.7987282954267547,1.3635577918030322,sbm_k4_r3_rep2,1.0,0.4719079783274395,True,COMPLETED,sbm_k4_r3_rep2_q01_main,1.7987282954267547,1.3732666252180934,True,1,34,0.0,ordering-bfs,-0.009708833415061235,0.9929301176939916
0.0,0.0,0,1.0,0.5366906476218919,True,COMPLETED,sbm_k8_r0_rep0_q00_ordering-bfs,5.948900772430184,0.36767354188486934,sbm_k8_r0_rep0,1.0,0.5366906476218919,True,COMPLETED,sbm_k8_r0_rep0_q00_main,5.948900772430184,0.3513062088750303,True,0,3,0.0,ordering-bfs,0.016367333009839058,1.046589933785262
0.0,0.0,0,1.0,0.5366906476218919,True,COMPLETED,sbm_k8_r0_rep0_q01_ordering-bfs,1.3294117647058823,0.5046181250363588,sbm_k8_r0_rep0,1.0,0.5366906476218919,True,COMPLETED,sbm_k8_r0_rep0_q01_main,1.3294117647058823,0.49305333383381367,True,1,90,0.0,ordering-bfs,0.011564791202545166,1.0234554568622858
0.0,0.0,0,1.0,0.5431351729033689,True,COMPLETED,sbm_k8_r0_rep1_q00_ordering-bfs,7.5578783896786526,0.5550292078405619,sbm_k8_r0_rep1,1.0,0.5431351729033689,True,COMPLETED,sbm_k8_r0_rep1_q00_main,7.5578783896786526,0.5074036251753569,True,0,42,0.0,ordering-bfs,0.047625582665205,1.0938613370149766
0.0,0.0,0,1.0,0.5431351729033689,True,COMPLETED,sbm_k8_r0_rep1_q01_ordering-bfs,1.299366861784733,0.6409605843946338,sbm_k8_r0_rep1,1.0,0.5431351729033689,True,COMPLETED,sbm_k8_r0_rep1_q01_main,1.299366861784733,0.6330142500810325,True,1,61,0.0,ordering-bfs,0.007946334313601255,1.0125531681357631
0.0,0.0,0,1.0,0.5291951077122627,True,COMPLETED,sbm_k8_r0_rep2_q00_ordering-bfs,3.387735849056604,0.25729962484911084,sbm_k8_r0_rep2,1.0,0.5291951077122627,True,COMPLETED,sbm_k8_r0_rep2_q00_main,3.387735849056604,0.26275454135611653,True,0,82,0.0,ordering-bfs,-0.0054549165070056915,0.979239496760543
0.0,0.0,0,1.0,0.5291951077122627,True,COMPLETED,sbm_k8_r0_rep2_q01_ordering-bfs,1.4357311320754718,0.8390218331478536,sbm_k8_r0_rep2,1.0,0.5291951077122627,True,COMPLETED,sbm_k8_r0_rep2_q01_main,1.4357311320754718,0.8518950832076371,True,1,26,0.0,ordering-bfs,-0.012873250059783459,0.9848886907395781
0.0,0.0,0,1.0,0.45513596031441655,True,COMPLETED,sbm_k8_r1_rep0_q00_ordering-bfs,4.730682331676458,0.56430449988693,sbm_k8_r1_rep0,1.0,0.45513596031441655,True,COMPLETED,sbm_k8_r1_rep0_q00_main,4.730682331676458,0.5524148340336978,True,0,38,0.0,ordering-bfs,0.011889665853232145,1.0215230749080624
0.0,0.0,0,1.0,0.45513596031441655,True,COMPLETED,sbm_k8_r1_rep0_q01_ordering-bfs,4.273384545865341,0.8974615829065442,sbm_k8_r1_rep0,1.0,0.45513596031441655,True,COMPLETED,sbm_k8_r1_rep0_q01_main,4.273384545865341,0.8993909172713757,True,1,21,0.0,ordering-bfs,-0.0019293343648314476,0.997854843397035
0.0,0.0,0,1.0,0.4420380976631889,True,COMPLETED,sbm_k8_r1_rep1_q00_ordering-bfs,6.92186067827681,0.29698633402585983,sbm_k8_r1_rep1,1.0,0.4420380976631889,True,COMPLETED,sbm_k8_r1_rep1_q00_main,6.92186067827681,0.27132362499833107,True,0,5,0.0,ordering-bfs,0.025662709027528763,1.0945833929046416
0.0,0.0,0,1.0,0.4420380976631889,True,COMPLETED,sbm_k8_r1_rep1_q01_ordering-bfs,6.146883593033913,0.2514729592949152,sbm_k8_r1_rep1,1.0,0.4420380976631889,True,COMPLETED,sbm_k8_r1_rep1_q01_main,6.146883593033913,0.24172295769676566,True,1,18,0.0,ordering-bfs,0.009750001598149538,1.0403354389299697
0.0,0.0,0,1.0,0.43151623949986406,True,COMPLETED,sbm_k8_r1_rep2_q00_ordering-bfs,4.674771358465313,0.25717195821926,sbm_k8_r1_rep2,1.0,0.43151623949986406,True,COMPLETED,sbm_k8_r1_rep2_q00_main,4.674771358465313,0.25562133407220244,True,0,32,0.0,ordering-bfs,0.0015506241470575333,1.0060660983273781
0.0,0.0,0,1.0,0.43151623949986406,True,COMPLETED,sbm_k8_r1_rep2_q01_ordering-bfs,1.3194289538255632,0.4095327500253916,sbm_k8_r1_rep2,1.0,0.43151623949986406,True,COMPLETED,sbm_k8_r1_rep2_q01_main,1.3194289538255632,0.40016125002875924,True,1,82,0.0,ordering-bfs,0.009371499996632338,1.0234193090809238
0.0,0.0,0,1.0,0.4890969784718274,True,COMPLETED,sbm_k8_r2_rep0_q00_ordering-bfs,1.4143600067102835,0.4701564582064748,sbm_k8_r2_rep0,1.0,0.4890969784718274,True,COMPLETED,sbm_k8_r2_rep0_q00_main,1.4143600067102835,0.45780312502756715,True,0,51,0.0,ordering-bfs,0.012353333178907633,1.026983942449418
0.0,0.0,0,1.0,0.4890969784718274,True,COMPLETED,sbm_k8_r2_rep0_q01_ordering-bfs,1.482972655594699,0.4497729577124119,sbm_k8_r2_rep0,1.0,0.4890969784718274,True,COMPLETED,sbm_k8_r2_rep0_q01_main,1.482972655594699,0.4549224581569433,True,1,56,0.0,ordering-bfs,-0.005149500444531441,0.988680487515622
0.0,0.0,0,1.0,0.4863952713952714,True,COMPLETED,sbm_k8_r2_rep1_q00_ordering-bfs,1.344155844155844,0.3821517080068588,sbm_k8_r2_rep1,1.0,0.4863952713952714,True,COMPLETED,sbm_k8_r2_rep1_q00_main,1.344155844155844,0.39997837506234646,True,0,36,0.0,ordering-bfs,-0.017826667055487633,0.9554309228524944
0.0,0.0,0,1.0,0.4863952713952714,True,COMPLETED,sbm_k8_r2_rep1_q01_ordering-bfs,1.4335664335664335,0.3890460841357708,sbm_k8_r2_rep1,1.0,0.4863952713952714,True,COMPLETED,sbm_k8_r2_rep1_q01_main,1.4335664335664335,0.3989607081748545,True,1,5,0.0,ordering-bfs,-0.00991462403908372,0.9751488709641593
0.0,0.0,0,1.0,0.49901245105687797,True,COMPLETED,sbm_k8_r2_rep2_q00_ordering-bfs,1.3314689916104623,0.33543479163199663,sbm_k8_r2_rep2,1.0,0.49901245105687797,True,COMPLETED,sbm_k8_r2_rep2_q00_main,1.3314689916104623,0.3289012503810227,True,0,17,0.0,ordering-bfs,0.00653354125097394,1.0198647504179599
0.0,0.0,0,1.0,0.49901245105687797,True,COMPLETED,sbm_k8_r2_rep2_q01_ordering-bfs,1.3693041618687285,0.47956683300435543,sbm_k8_r2_rep2,1.0,0.49901245105687797,True,COMPLETED,sbm_k8_r2_rep2_q01_main,1.3693041618687285,0.48019604198634624,True,1,30,0.0,ordering-bfs,-0.0006292089819908142,0.9986896831148627
0.0,0.0,0,0.9669421487603306,0.5579705004444449,True,COMPLETED,sbm_k8_r3_rep0_q00_ordering-bfs,3.1883077544426492,1.44504762487486,sbm_k8_r3_rep0,0.9669421487603306,0.5579705004444449,True,COMPLETED,sbm_k8_r3_rep0_q00_main,3.1883077544426492,1.470810541883111,True,0,148,0.0,ordering-bfs,-0.025762917008250952,0.9824838643220043
-0.031053843223637356,0.02368071012836201,104370601951/4407410140374,0.9669421487603306,0.5627457370467304,True,COMPLETED,sbm_k8_r3_rep0_q01_ordering-bfs,5.029310693349505,0.7418597498908639,sbm_k8_r3_rep0,0.9979959919839679,0.5390650269183683,True,COMPLETED,sbm_k8_r3_rep0_q01_main,4.738596324159603,0.8242152919992805,True,1,13,0.29071436918990123,ordering-bfs,-0.08235554210841656,0.9000800605037932
-0.028806584362139898,0.021518691467741432,23471794133/1090763077680,0.9711934156378601,0.5519672717796463,True,COMPLETED,sbm_k8_r3_rep1_q00_ordering-bfs,4.575552639547794,0.9863699581474066,sbm_k8_r3_rep1,1.0,0.5304485803119049,True,COMPLETED,sbm_k8_r3_rep1_q00_main,4.341954022988506,1.001250292174518,True,0,146,0.2335986165592887,ordering-bfs,-0.01488033402711153,0.9851382475057316
-0.028806584362139898,0.02262969511628166,328384295/14511211632,0.9711934156378601,0.5530782754281865,True,COMPLETED,sbm_k8_r3_rep1_q01_ordering-bfs,4.662013151239251,1.309253124985844,sbm_k8_r3_rep1,1.0,0.5304485803119049,True,COMPLETED,sbm_k8_r3_rep1_q01_main,4.414176245210728,1.2166581661440432,True,1,8,0.2478369060285237,ordering-bfs,0.09259495884180069,1.0761059773553834
-0.031826321641049926,0.028468506844607184,15775241923/554129586392,0.9539748953974896,0.5677163544764332,True,COMPLETED,sbm_k8_r3_rep2_q00_ordering-bfs,4.914369679773004,0.7019806248135865,sbm_k8_r3_rep2,0.9858012170385395,0.5392478476318261,True,COMPLETED,sbm_k8_r3_rep2_q00_main,4.617691868215578,0.6432015411555767,True,0,82,0.29667781155742556,ordering-bfs,0.05877908365800977,1.0913851722935974
-0.024590163934426257,0.018830891911761027,11091845291/589023894512,0.9754098360655737,0.553187639007337,True,COMPLETED,sbm_k8_r3_rep2_q01_ordering-bfs,4.63085023400936,0.8966509997844696,sbm_k8_r3_rep2,1.0,0.534356747095576,True,COMPLETED,sbm_k8_r3_rep2_q01_main,4.421748440554883,0.8902656668797135,True,1,13,0.20910179345447677,ordering-bfs,0.006385332904756069,1.0071723903799816
0.0,0.0,0,1.0,0.22698670081913533,True,COMPLETED,lfr_n1000_o00_m20_s11_q00_ordering-random,21.161125319693095,0.7083489997312427,lfr_n1000_o00_m20_s11,1.0,0.22698670081913533,True,COMPLETED,lfr_n1000_o00_m20_s11_q00_main,21.161125319693095,0.6640271251089871,True,0,550,0.0,ordering-random,0.044321874622255564,1.066747084488425
0.0,0.0,0,1.0,0.22698670081913533,True,COMPLETED,lfr_n1000_o00_m20_s11_q01_ordering-random,7.5038363171355495,0.2940515000373125,lfr_n1000_o00_m20_s11,1.0,0.22698670081913533,True,COMPLETED,lfr_n1000_o00_m20_s11_q01_main,7.5038363171355495,0.34656883403658867,True,1,381,0.0,ordering-random,-0.05251733399927616,0.848464925747675
0.0,0.0,0,1.0,0.24107032012059945,True,COMPLETED,lfr_n1000_o00_m20_s12_q00_ordering-random,4.908333333333333,0.5226029576733708,lfr_n1000_o00_m20_s12,1.0,0.24107032012059945,True,COMPLETED,lfr_n1000_o00_m20_s12_q00_main,4.908333333333333,0.4729446666315198,True,0,609,0.0,ordering-random,0.049658291041851044,1.1049980992396744
0.0,0.0,0,1.0,0.24107032012059945,True,COMPLETED,lfr_n1000_o00_m20_s12_q01_ordering-random,3.4630952380952382,0.43826108425855637,lfr_n1000_o00_m20_s12,1.0,0.24107032012059945,True,COMPLETED,lfr_n1000_o00_m20_s12_q01_main,3.4630952380952382,0.41246987506747246,True,1,416,0.0,ordering-random,0.025791209191083908,1.0625287099739464
0.0,0.0,0,1.0,0.5228045340436144,True,COMPLETED,lfr_n1000_o00_m50_s11_q00_ordering-random,6.289795918367347,0.41066758427768946,lfr_n1000_o00_m50_s11,1.0,0.5228045340436144,True,COMPLETED,lfr_n1000_o00_m50_s11_q00_main,6.289795918367347,0.36907995818182826,True,0,599,0.0,ordering-random,0.041587626095861197,1.112679177435511
0.0,0.0,0,1.0,0.5228045340436144,True,COMPLETED,lfr_n1000_o00_m50_s11_q01_ordering-random,12.83265306122449,0.5968189579434693,lfr_n1000_o00_m50_s11,1.0,0.5228045340436144,True,COMPLETED,lfr_n1000_o00_m50_s11_q01_main,12.83265306122449,0.5794138750061393,True,1,394,0.0,ordering-random,0.017405082937330008,1.0300391200282277
0.0,0.0,0,1.0,0.5438934609505883,True,COMPLETED,lfr_n1000_o00_m50_s12_q00_ordering-random,7.655913978494624,0.5611265418119729,lfr_n1000_o00_m50_s12,1.0,0.5438934609505883,True,COMPLETED,lfr_n1000_o00_m50_s12_q00_main,7.655913978494624,0.6270211250521243,True,0,523,0.0,ordering-random,-0.0658945832401514,0.8949085116794533
0.0,0.0,0,1.0,0.5438934609505883,True,COMPLETED,lfr_n1000_o00_m50_s12_q01_ordering-random,6.158900836320191,0.5252983751706779,lfr_n1000_o00_m50_s12,1.0,0.5438934609505883,True,COMPLETED,lfr_n1000_o00_m50_s12_q01_main,6.158900836320191,0.5028406670317054,True,1,333,0.0,ordering-random,0.02245770813897252,1.0446616783633305
0.0,0.0,0,1.0,0.4960019709855934,True,COMPLETED,sbm_k4_r0_rep0_q00_ordering-random,1.1532084740558797,0.2957147089764476,sbm_k4_r0_rep0,1.0,0.4960019709855934,True,COMPLETED,sbm_k4_r0_rep0_q00_main,1.1532084740558797,0.28551187505945563,True,0,13,0.0,ordering-random,0.010202833916991949,1.0357352348824975
-0.005025125628140725,0.003339204864063925,75281437/22544719496,0.9949748743718593,0.4993411758496573,True,COMPLETED,sbm_k4_r0_rep0_q01_ordering-random,3.0134925558312653,0.26973270904272795,sbm_k4_r0_rep0,1.0,0.4960019709855934,True,COMPLETED,sbm_k4_r0_rep0_q01_main,2.9829597789376727,0.26039879210293293,True,1,97,0.030532776893592573,ordering-random,0.009333916939795017,1.0358447013690655
0.0,0.0,0,1.0,0.4868836118836119,True,COMPLETED,sbm_k4_r0_rep1_q00_ordering-random,2.382173382173382,0.2976916660554707,sbm_k4_r0_rep1,1.0,0.4868836118836119,True,COMPLETED,sbm_k4_r0_rep1_q00_main,2.382173382173382,0.2870351248420775,True,0,55,0.0,ordering-random,0.010656541213393211,1.0371262618791213
0.0,0.0,0,1.0,0.4868836118836119,True,COMPLETED,sbm_k4_r0_rep1_q01_ordering-random,3.419261294261294,0.23295658407732844,sbm_k4_r0_rep1,1.0,0.4868836118836119,True,COMPLETED,sbm_k4_r0_rep1_q01_main,3.419261294261294,0.2144496669061482,True,1,67,0.0,ordering-random,0.018506917171180248,1.0862995845980008
0.0,0.0,0,1.0,0.48679123061799606,True,COMPLETED,sbm_k4_r0_rep2_q00_ordering-random,1.1506784474597664,0.36506537487730384,sbm_k4_r0_rep2,1.0,0.48679123061799606,True,COMPLETED,sbm_k4_r0_rep2_q00_main,1.1506784474597664,0.34254141710698605,True,0,14,0.0,ordering-random,0.022523957770317793,1.0657554288195255
0.0,0.0,0,1.0,0.48679123061799606,True,COMPLETED,sbm_k4_r0_rep2_q01_ordering-random,2.5763647838434838,0.26306054135784507,sbm_k4_r0_rep2,1.0,0.48679123061799606,True,COMPLETED,sbm_k4_r0_rep2_q01_main,2.5763647838434838,0.2517542503774166,True,1,88,0.0,ordering-random,0.011306290980428457,1.0449100301721963
0.0,0.0,0,1.0,0.4191931368412593,True,COMPLETED,sbm_k4_r1_rep0_q00_ordering-random,2.546175637393768,0.20279479213058949,sbm_k4_r1_rep0,1.0,0.4191931368412593,True,COMPLETED,sbm_k4_r1_rep0_q00_main,2.546175637393768,0.1908959997817874,True,0,27,0.0,ordering-random,0.01189879234880209,1.062331281757625
0.0,0.0,0,1.0,0.4191931368412593,True,COMPLETED,sbm_k4_r1_rep0_q01_ordering-random,3.631728045325779,0.23737520910799503,sbm_k4_r1_rep0,1.0,0.4191931368412593,True,COMPLETED,sbm_k4_r1_rep0_q01_main,3.631728045325779,0.21883841697126627,True,1,49,0.0,ordering-random,0.018536792136728764,1.0847053839690435
-0.005025125628140725,0.003229232386109429,4130569/1279117916,0.9949748743718593,0.4242874021840115,True,COMPLETED,sbm_k4_r1_rep1_q00_ordering-random,2.307046979865772,0.22185599990189075,sbm_k4_r1_rep1,1.0,0.4210581697979021,True,COMPLETED,sbm_k4_r1_rep1_q00_main,2.2878535773710484,0.20578404096886516,True,0,85,0.019193402494723344,ordering-random,0.0160719589330256,1.0781010949991854
0.0,0.0,0,1.0,0.4210581697979021,True,COMPLETED,sbm_k4_r1_rep1_q01_ordering-random,1.6209095951192456,0.2556975418701768,sbm_k4_r1_rep1,1.0,0.4210581697979021,True,COMPLETED,sbm_k4_r1_rep1_q01_main,1.6209095951192456,0.25448699994012713,True,1,2,0.0,ordering-random,0.0012105419300496578,1.0047567928040901
0.0,0.0,0,1.0,0.4176294591876948,True,COMPLETED,sbm_k4_r1_rep2_q00_ordering-random,3.462416481069042,0.16948387492448092,sbm_k4_r1_rep2,1.0,0.4176294591876948,True,COMPLETED,sbm_k4_r1_rep2_q00_main,3.462416481069042,0.1682867077179253,True,0,70,0.0,ordering-random,0.001197167206555605,1.0071138548183036
0.0,0.0,0,1.0,0.4176294591876948,True,COMPLETED,sbm_k4_r1_rep2_q01_ordering-random,1.0773942093541202,0.20185204222798347,sbm_k4_r1_rep2,1.0,0.4176294591876948,True,COMPLETED,sbm_k4_r1_rep2_q01_main,1.0773942093541202,0.19102470763027668,True,1,43,0.0,ordering-random,0.010827334597706795,1.0566802835718132
0.0,0.0,0,1.0,0.44040482005165554,True,COMPLETED,sbm_k4_r2_rep0_q00_ordering-random,1.1111343658434492,0.2583199171349406,sbm_k4_r2_rep0,1.0,0.44040482005165554,True,COMPLETED,sbm_k4_r2_rep0_q00_main,1.1111343658434492,0.23521258402615786,True,0,51,0.0,ordering-random,0.023107333108782768,1.0982402077016977
0.0,0.0,0,1.0,0.44040482005165554,True,COMPLETED,sbm_k4_r2_rep0_q01_ordering-random,1.1912934282126413,0.30008399998769164,sbm_k4_r2_rep0,1.0,0.44040482005165554,True,COMPLETED,sbm_k4_r2_rep0_q01_main,1.1912934282126413,0.28062945837154984,True,1,75,0.0,ordering-random,0.019454541616141796,1.0693246593890517
0.0,0.0,0,1.0,0.45524621704949575,True,COMPLETED,sbm_k4_r2_rep1_q00_ordering-random,3.8635299127102405,0.22156675020232797,sbm_k4_r2_rep1,1.0,0.45524621704949575,True,COMPLETED,sbm_k4_r2_rep1_q00_main,3.8635299127102405,0.20859991712495685,True,0,25,0.0,ordering-random,0.01296683307737112,1.0621612570900671
0.0,0.0,0,1.0,0.45524621704949575,True,COMPLETED,sbm_k4_r2_rep1_q01_ordering-random,1.17096018735363,0.3003834169358015,sbm_k4_r2_rep1,1.0,0.45524621704949575,True,COMPLETED,sbm_k4_r2_rep1_q01_main,1.17096018735363,0.28671474987640977,True,1,74,0.0,ordering-random,0.013668667059391737,1.0476734003579644
0.0,0.0,0,1.0,0.4409753982288893,True,COMPLETED,sbm_k4_r2_rep2_q00_ordering-random,1.1383701188455009,0.24187308317050338,sbm_k4_r2_rep2,1.0,0.4409753982288893,True,COMPLETED,sbm_k4_r2_rep2_q00_main,1.1383701188455009,0.23804612504318357,True,0,38,0.0,ordering-random,0.0038269581273198128,1.016076540320182
0.0,0.0,0,1.0,0.4409753982288893,True,COMPLETED,sbm_k4_r2_rep2_q01_ordering-random,1.2005517826825127,0.2525976672768593,sbm_k4_r2_rep2,1.0,0.4409753982288893,True,COMPLETED,sbm_k4_r2_rep2_q01_main,1.2005517826825127,0.25564691703766584,True,1,9,0.0,ordering-random,-0.0030492497608065605,0.9880724172380405
-0.004016064257028162,0.0003811157363280024,385259183/1010871885564,0.9959839357429718,0.4695207941614582,True,COMPLETED,sbm_k4_r3_rep0_q00_ordering-random,1.8667173444824527,1.143851667176932,sbm_k4_r3_rep0,1.0,0.4691396784251302,True,COMPLETED,sbm_k4_r3_rep0_q00_main,1.8559012470084393,1.1888657910749316,True,0,214,0.010816097474013464,ordering-random,-0.045014123897999525,0.9621369171895346
0.0,0.0,0,1.0,0.4691396784251302,True,COMPLETED,sbm_k4_r3_rep0_q01_ordering-random,1.6091447285552336,1.0657195830717683,sbm_k4_r3_rep0,1.0,0.4691396784251302,True,COMPLETED,sbm_k4_r3_rep0_q01_main,1.6091447285552336,1.0591747919097543,True,1,148,0.0,ordering-random,0.006544791162014008,1.0061791417356274
-0.02249488752556239,0.020008110609201362,21104973/1054820888,0.9775051124744376,0.4894114781693629,True,COMPLETED,sbm_k4_r3_rep1_q00_ordering-random,3.0221274326846173,0.5802167910151184,sbm_k4_r3_rep1,1.0,0.46940336756016154,True,COMPLETED,sbm_k4_r3_rep1_q00_main,2.88484540017814,0.6229464579373598,True,0,178,0.1372820325064774,ordering-random,-0.04272966692224145,0.9314071596719182
0.0,0.0,0,1.0,0.46940336756016154,True,COMPLETED,sbm_k4_r3_rep1_q01_ordering-random,1.1870466980531875,0.9469545418396592,sbm_k4_r3_rep1,1.0,0.46940336756016154,True,COMPLETED,sbm_k4_r3_rep1_q01_main,1.1870466980531875,0.9565160828642547,True,1,109,0.0,ordering-random,-0.009561541024595499,0.990003784362973
-0.016260162601625994,0.008343675807816503,2949075517/353450395836,0.983739837398374,0.480251654135256,True,COMPLETED,sbm_k4_r3_rep2_q00_ordering-random,2.297457948653092,1.3143845829181373,sbm_k4_r3_rep2,1.0,0.4719079783274395,True,COMPLETED,sbm_k4_r3_rep2_q00_main,2.2213255074590363,1.3769099158234894,True,0,77,0.07613244119405582,ordering-random,-0.06252533290535212,0.9545901063048431
0.0,0.0,0,1.0,0.4719079783274395,True,COMPLETED,sbm_k4_r3_rep2_q01_ordering-random,1.7987282954267547,1.3756647501140833,sbm_k4_r3_rep2,1.0,0.4719079783274395,True,COMPLETED,sbm_k4_r3_rep2_q01_main,1.7987282954267547,1.3732666252180934,True,1,34,0.0,ordering-random,0.002398124895989895,1.0017462922727107
0.0,0.0,0,1.0,0.5366906476218919,True,COMPLETED,sbm_k8_r0_rep0_q00_ordering-random,5.948900772430184,0.34977958304807544,sbm_k8_r0_rep0,1.0,0.5366906476218919,True,COMPLETED,sbm_k8_r0_rep0_q00_main,5.948900772430184,0.3513062088750303,True,0,3,0.0,ordering-random,-0.0015266258269548416,0.9956544297015316
0.0,0.0,0,1.0,0.5366906476218919,True,COMPLETED,sbm_k8_r0_rep0_q01_ordering-random,1.3294117647058823,0.48874649964272976,sbm_k8_r0_rep0,1.0,0.5366906476218919,True,COMPLETED,sbm_k8_r0_rep0_q01_main,1.3294117647058823,0.49305333383381367,True,1,90,0.0,ordering-random,-0.004306834191083908,0.9912649729845746
0.0,0.0,0,1.0,0.5431351729033689,True,COMPLETED,sbm_k8_r0_rep1_q00_ordering-random,7.5578783896786526,0.5140045001171529,sbm_k8_r0_rep1,1.0,0.5431351729033689,True,COMPLETED,sbm_k8_r0_rep1_q00_main,7.5578783896786526,0.5074036251753569,True,0,42,0.0,ordering-random,0.006600874941796064,1.013009120578346
0.0,0.0,0,1.0,0.5431351729033689,True,COMPLETED,sbm_k8_r0_rep1_q01_ordering-random,1.299366861784733,0.6348600829951465,sbm_k8_r0_rep1,1.0,0.5431351729033689,True,COMPLETED,sbm_k8_r0_rep1_q01_main,1.299366861784733,0.6330142500810325,True,1,61,0.0,ordering-random,0.0018458329141139984,1.0029159421195932
0.0,0.0,0,1.0,0.5291951077122627,True,COMPLETED,sbm_k8_r0_rep2_q00_ordering-random,3.387735849056604,0.2780720409937203,sbm_k8_r0_rep2,1.0,0.5291951077122627,True,COMPLETED,sbm_k8_r0_rep2_q00_main,3.387735849056604,0.26275454135611653,True,0,82,0.0,ordering-random,0.01531749963760376,1.0582958511717735
0.0,0.0,0,1.0,0.5291951077122627,True,COMPLETED,sbm_k8_r0_rep2_q01_ordering-random,1.4357311320754718,0.8388641658239067,sbm_k8_r0_rep2,1.0,0.5291951077122627,True,COMPLETED,sbm_k8_r0_rep2_q01_main,1.4357311320754718,0.8518950832076371,True,1,26,0.0,ordering-random,-0.013030917383730412,0.9847036124041647
0.0,0.0,0,1.0,0.45513596031441655,True,COMPLETED,sbm_k8_r1_rep0_q00_ordering-random,4.730682331676458,0.578475917223841,sbm_k8_r1_rep0,1.0,0.45513596031441655,True,COMPLETED,sbm_k8_r1_rep0_q00_main,4.730682331676458,0.5524148340336978,True,0,38,0.0,ordering-random,0.02606108319014311,1.0471766534577769
0.0,0.0,0,1.0,0.45513596031441655,True,COMPLETED,sbm_k8_r1_rep0_q01_ordering-random,4.273384545865341,0.9091032920405269,sbm_k8_r1_rep0,1.0,0.45513596031441655,True,COMPLETED,sbm_k8_r1_rep0_q01_main,4.273384545865341,0.8993909172713757,True,1,21,0.0,ordering-random,0.00971237476915121,1.0107988357260902
0.0,0.0,0,1.0,0.4420380976631889,True,COMPLETED,sbm_k8_r1_rep1_q00_ordering-random,6.92186067827681,0.2892669579014182,sbm_k8_r1_rep1,1.0,0.4420380976631889,True,COMPLETED,sbm_k8_r1_rep1_q00_main,6.92186067827681,0.27132362499833107,True,0,5,0.0,ordering-random,0.01794333290308714,1.0661325857753725
0.0,0.0,0,1.0,0.4420380976631889,True,COMPLETED,sbm_k8_r1_rep1_q01_ordering-random,6.146883593033913,0.2418663753196597,sbm_k8_r1_rep1,1.0,0.4420380976631889,True,COMPLETED,sbm_k8_r1_rep1_q01_main,6.146883593033913,0.24172295769676566,True,1,18,0.0,ordering-random,0.0001434176228940487,1.0005933140329764
0.0,0.0,0,1.0,0.43151623949986406,True,COMPLETED,sbm_k8_r1_rep2_q00_ordering-random,4.674771358465313,0.2408290416933596,sbm_k8_r1_rep2,1.0,0.43151623949986406,True,COMPLETED,sbm_k8_r1_rep2_q00_main,4.674771358465313,0.25562133407220244,True,0,32,0.0,ordering-random,-0.01479229237884283,0.9421320116627487
0.0,0.0,0,1.0,0.43151623949986406,True,COMPLETED,sbm_k8_r1_rep2_q01_ordering-random,1.3194289538255632,0.40864200005307794,sbm_k8_r1_rep2,1.0,0.43151623949986406,True,COMPLETED,sbm_k8_r1_rep2_q01_main,1.3194289538255632,0.40016125002875924,True,1,82,0.0,ordering-random,0.008480750024318695,1.021193331497513
0.0,0.0,0,1.0,0.4890969784718274,True,COMPLETED,sbm_k8_r2_rep0_q00_ordering-random,1.4143600067102835,0.4734696662053466,sbm_k8_r2_rep0,1.0,0.4890969784718274,True,COMPLETED,sbm_k8_r2_rep0_q00_main,1.4143600067102835,0.45780312502756715,True,0,51,0.0,ordering-random,0.015666541177779436,1.0342211320135397
0.0,0.0,0,1.0,0.4890969784718274,True,COMPLETED,sbm_k8_r2_rep0_q01_ordering-random,1.482972655594699,0.43919525016099215,sbm_k8_r2_rep0,1.0,0.4890969784718274,True,COMPLETED,sbm_k8_r2_rep0_q01_main,1.482972655594699,0.4549224581569433,True,1,56,0.0,ordering-random,-0.015727207995951176,0.965428816023575
0.0,0.0,0,1.0,0.4863952713952714,True,COMPLETED,sbm_k8_r2_rep1_q00_ordering-random,1.344155844155844,0.3980414168909192,sbm_k8_r2_rep1,1.0,0.4863952713952714,True,COMPLETED,sbm_k8_r2_rep1_q00_main,1.344155844155844,0.39997837506234646,True,0,36,0.0,ordering-random,-0.00193695817142725,0.99515734276603
0.0,0.0,0,1.0,0.4863952713952714,True,COMPLETED,sbm_k8_r2_rep1_q01_ordering-random,1.4335664335664335,0.38200700003653765,sbm_k8_r2_rep1,1.0,0.4863952713952714,True,COMPLETED,sbm_k8_r2_rep1_q01_main,1.4335664335664335,0.3989607081748545,True,1,5,0.0,ordering-random,-0.01695370813831687,0.9575053187170339
0.0,0.0,0,1.0,0.49901245105687797,True,COMPLETED,sbm_k8_r2_rep2_q00_ordering-random,1.3314689916104623,0.34103166637942195,sbm_k8_r2_rep2,1.0,0.49901245105687797,True,COMPLETED,sbm_k8_r2_rep2_q00_main,1.3314689916104623,0.3289012503810227,True,0,17,0.0,ordering-random,0.012130415998399258,1.0368816353976962
0.0,0.0,0,1.0,0.49901245105687797,True,COMPLETED,sbm_k8_r2_rep2_q01_ordering-random,1.3693041618687285,0.4774047499522567,sbm_k8_r2_rep2,1.0,0.49901245105687797,True,COMPLETED,sbm_k8_r2_rep2_q01_main,1.3693041618687285,0.48019604198634624,True,1,30,0.0,ordering-random,-0.0027912920340895653,0.9941871823379816
-0.004286547100579519,0.0016244256168531708,3347234215/2060564780728,0.9626556016597511,0.559594926061298,True,COMPLETED,sbm_k8_r3_rep0_q00_ordering-random,3.219186461412988,1.4495183750987053,sbm_k8_r3_rep0,0.9669421487603306,0.5579705004444449,True,COMPLETED,sbm_k8_r3_rep0_q00_main,3.1883077544426492,1.470810541883111,True,0,148,0.030878706970338676,ordering-random,-0.02129216678440571,0.9855235149748486
-0.06182577921801047,0.04087244477327059,170236933257/4165078311350,0.9361702127659575,0.579937471691639,True,COMPLETED,sbm_k8_r3_rep0_q01_ordering-random,5.32192513368984,0.8640202502720058,sbm_k8_r3_rep0,0.9979959919839679,0.5390650269183683,True,COMPLETED,sbm_k8_r3_rep0_q01_main,4.738596324159603,0.8242152919992805,True,1,13,0.5833288095302365,ordering-random,0.039804958272725344,1.0482943700015215
-0.04384133611691021,0.03091353509772416,325042619/10514572920,0.9561586638830898,0.561362115409629,True,COMPLETED,sbm_k8_r3_rep1_q00_ordering-random,4.7465968586387435,1.0157732502557337,sbm_k8_r3_rep1,1.0,0.5304485803119049,True,COMPLETED,sbm_k8_r3_rep1_q00_main,4.341954022988506,1.001250292174518,True,0,146,0.40464283565023784,ordering-random,0.01452295808121562,1.0145048228147575
-0.08932461873638342,0.057046578370143264,10997754289/192785520240,0.9106753812636166,0.5874951586820482,True,COMPLETED,sbm_k8_r3_rep1_q01_ordering-random,5.263735008566534,1.2125269998796284,sbm_k8_r3_rep1,1.0,0.5304485803119049,True,COMPLETED,sbm_k8_r3_rep1_q01_main,4.414176245210728,1.2166581661440432,True,1,8,0.8495587633558062,ordering-random,-0.004131166264414787,0.9966044971550985
-0.1458940244631335,0.09752105702984054,339919701621/3485603129968,0.839907192575406,0.6367689046616666,True,COMPLETED,sbm_k8_r3_rep2_q00_ordering-random,6.250161103234953,0.6574607091024518,sbm_k8_r3_rep2,0.9858012170385395,0.5392478476318261,True,COMPLETED,sbm_k8_r3_rep2_q00_main,4.617691868215578,0.6432015411555767,True,0,82,1.632469235019375,ordering-random,0.014259167946875095,1.022169051276303
-0.09170305676855894,0.0635540852925334,4496857039/70756380464,0.9082969432314411,0.5979108323881094,True,COMPLETED,sbm_k8_r3_rep2_q01_ordering-random,5.317286162113748,0.8074233341030777,sbm_k8_r3_rep2,1.0,0.534356747095576,True,COMPLETED,sbm_k8_r3_rep2_q01_main,4.421748440554883,0.8902656668797135,True,1,13,0.8955377215588651,ordering-random,-0.08284233277663589,0.9069465038823866
0.0,0.0,0,1.0,0.22698670081913533,True,COMPLETED,lfr_n1000_o00_m20_s11_q00_multi-start,21.161125319693095,0.8519200002774596,lfr_n1000_o00_m20_s11,1.0,0.22698670081913533,True,COMPLETED,lfr_n1000_o00_m20_s11_q00_main,21.161125319693095,0.6640271251089871,True,0,550,0.0,multi-start,0.18789287516847253,1.2829596383395234
0.0,0.0,0,1.0,0.22698670081913533,True,COMPLETED,lfr_n1000_o00_m20_s11_q01_multi-start,7.5038363171355495,0.3639573329128325,lfr_n1000_o00_m20_s11,1.0,0.22698670081913533,True,COMPLETED,lfr_n1000_o00_m20_s11_q01_main,7.5038363171355495,0.34656883403658867,True,1,381,0.0,multi-start,0.01738849887624383,1.050173290753571
0.0,0.0,0,1.0,0.24107032012059945,True,COMPLETED,lfr_n1000_o00_m20_s12_q00_multi-start,4.908333333333333,0.5363814579322934,lfr_n1000_o00_m20_s12,1.0,0.24107032012059945,True,COMPLETED,lfr_n1000_o00_m20_s12_q00_main,4.908333333333333,0.4729446666315198,True,0,609,0.0,multi-start,0.06343679130077362,1.1341315290699714
0.0,0.0,0,1.0,0.24107032012059945,True,COMPLETED,lfr_n1000_o00_m20_s12_q01_multi-start,3.4630952380952382,0.45544829219579697,lfr_n1000_o00_m20_s12,1.0,0.24107032012059945,True,COMPLETED,lfr_n1000_o00_m20_s12_q01_main,3.4630952380952382,0.41246987506747246,True,1,416,0.0,multi-start,0.04297841712832451,1.1041977117026887
0.0,0.0,0,1.0,0.5228045340436144,True,COMPLETED,lfr_n1000_o00_m50_s11_q00_multi-start,6.289795918367347,0.41692608315497637,lfr_n1000_o00_m50_s11,1.0,0.5228045340436144,True,COMPLETED,lfr_n1000_o00_m50_s11_q00_main,6.289795918367347,0.36907995818182826,True,0,599,0.0,multi-start,0.04784612497314811,1.1296362046014337
0.0,0.0,0,1.0,0.5228045340436144,True,COMPLETED,lfr_n1000_o00_m50_s11_q01_multi-start,12.83265306122449,0.6637148330919445,lfr_n1000_o00_m50_s11,1.0,0.5228045340436144,True,COMPLETED,lfr_n1000_o00_m50_s11_q01_main,12.83265306122449,0.5794138750061393,True,1,394,0.0,multi-start,0.08430095808580518,1.1454935094278023
0.0,0.0,0,1.0,0.5438934609505883,True,COMPLETED,lfr_n1000_o00_m50_s12_q00_multi-start,7.655913978494624,0.6238537500612438,lfr_n1000_o00_m50_s12,1.0,0.5438934609505883,True,COMPLETED,lfr_n1000_o00_m50_s12_q00_main,7.655913978494624,0.6270211250521243,True,0,523,0.0,multi-start,-0.0031673749908804893,0.9949485354411031
0.0,0.0,0,1.0,0.5438934609505883,True,COMPLETED,lfr_n1000_o00_m50_s12_q01_multi-start,6.158900836320191,0.5669863340444863,lfr_n1000_o00_m50_s12,1.0,0.5438934609505883,True,COMPLETED,lfr_n1000_o00_m50_s12_q01_main,6.158900836320191,0.5028406670317054,True,1,333,0.0,multi-start,0.0641456670127809,1.1275665856372281
0.0,0.0,0,1.0,0.4960019709855934,True,COMPLETED,sbm_k4_r0_rep0_q00_multi-start,1.1532084740558797,0.3328215410001576,sbm_k4_r0_rep0,1.0,0.4960019709855934,True,COMPLETED,sbm_k4_r0_rep0_q00_main,1.1532084740558797,0.28551187505945563,True,0,13,0.0,multi-start,0.04730966594070196,1.1657012197158176
0.0,0.0,0,1.0,0.4960019709855934,True,COMPLETED,sbm_k4_r0_rep0_q01_multi-start,2.9829597789376727,0.4511917079798877,sbm_k4_r0_rep0,1.0,0.4960019709855934,True,COMPLETED,sbm_k4_r0_rep0_q01_main,2.9829597789376727,0.26039879210293293,True,1,97,0.0,multi-start,0.1907929158769548,1.7326950879308853
0.0,0.0,0,1.0,0.4868836118836119,True,COMPLETED,sbm_k4_r0_rep1_q00_multi-start,2.382173382173382,0.38466095784679055,sbm_k4_r0_rep1,1.0,0.4868836118836119,True,COMPLETED,sbm_k4_r0_rep1_q00_main,2.382173382173382,0.2870351248420775,True,0,55,0.0,multi-start,0.09762583300471306,1.3401180711190848
0.0,0.0,0,1.0,0.4868836118836119,True,COMPLETED,sbm_k4_r0_rep1_q01_multi-start,3.419261294261294,0.5092138331383467,sbm_k4_r0_rep1,1.0,0.4868836118836119,True,COMPLETED,sbm_k4_r0_rep1_q01_main,3.419261294261294,0.2144496669061482,True,1,67,0.0,multi-start,0.2947641662321985,2.374514451268414
0.0,0.0,0,1.0,0.48679123061799606,True,COMPLETED,sbm_k4_r0_rep2_q00_multi-start,1.1506784474597664,0.41617433400824666,sbm_k4_r0_rep2,1.0,0.48679123061799606,True,COMPLETED,sbm_k4_r0_rep2_q00_main,1.1506784474597664,0.34254141710698605,True,0,14,0.0,multi-start,0.07363291690126061,1.2149606243914814
0.0,0.0,0,1.0,0.48679123061799606,True,COMPLETED,sbm_k4_r0_rep2_q01_multi-start,2.5763647838434838,0.3480141251347959,sbm_k4_r0_rep2,1.0,0.48679123061799606,True,COMPLETED,sbm_k4_r0_rep2_q01_main,2.5763647838434838,0.2517542503774166,True,1,88,0.0,multi-start,0.0962598747573793,1.382356502871636
0.0,0.0,0,1.0,0.4191931368412593,True,COMPLETED,sbm_k4_r1_rep0_q00_multi-start,2.546175637393768,0.26579400012269616,sbm_k4_r1_rep0,1.0,0.4191931368412593,True,COMPLETED,sbm_k4_r1_rep0_q00_main,2.546175637393768,0.1908959997817874,True,0,27,0.0,multi-start,0.07489800034090877,1.392349763360806
0.0,0.0,0,1.0,0.4191931368412593,True,COMPLETED,sbm_k4_r1_rep0_q01_multi-start,3.631728045325779,0.35804987512528896,sbm_k4_r1_rep0,1.0,0.4191931368412593,True,COMPLETED,sbm_k4_r1_rep0_q01_main,3.631728045325779,0.21883841697126627,True,1,49,0.0,multi-start,0.1392114581540227,1.6361381154219432
0.0,0.0,0,1.0,0.4210581697979021,True,COMPLETED,sbm_k4_r1_rep1_q00_multi-start,2.2878535773710484,0.2771744579076767,sbm_k4_r1_rep1,1.0,0.4210581697979021,True,COMPLETED,sbm_k4_r1_rep1_q00_main,2.2878535773710484,0.20578404096886516,True,0,85,0.0,multi-start,0.07139041693881154,1.3469191128850113
0.0,0.0,0,1.0,0.4210581697979021,True,COMPLETED,sbm_k4_r1_rep1_q01_multi-start,1.6209095951192456,0.30379583267495036,sbm_k4_r1_rep1,1.0,0.4210581697979021,True,COMPLETED,sbm_k4_r1_rep1_q01_main,1.6209095951192456,0.25448699994012713,True,1,2,0.0,multi-start,0.04930883273482323,1.1937577665909223
0.0,0.0,0,1.0,0.4176294591876948,True,COMPLETED,sbm_k4_r1_rep2_q00_multi-start,3.462416481069042,0.32185924984514713,sbm_k4_r1_rep2,1.0,0.4176294591876948,True,COMPLETED,sbm_k4_r1_rep2_q00_main,3.462416481069042,0.1682867077179253,True,0,70,0.0,multi-start,0.15357254212722182,1.9125648971910085
0.0,0.0,0,1.0,0.4176294591876948,True,COMPLETED,sbm_k4_r1_rep2_q01_multi-start,1.0773942093541202,0.23633883288130164,sbm_k4_r1_rep2,1.0,0.4176294591876948,True,COMPLETED,sbm_k4_r1_rep2_q01_main,1.0773942093541202,0.19102470763027668,True,1,43,0.0,multi-start,0.04531412525102496,1.2372160429567534
0.0,0.0,0,1.0,0.44040482005165554,True,COMPLETED,sbm_k4_r2_rep0_q00_multi-start,1.1111343658434492,0.2794570829719305,sbm_k4_r2_rep0,1.0,0.44040482005165554,True,COMPLETED,sbm_k4_r2_rep0_q00_main,1.1111343658434492,0.23521258402615786,True,0,51,0.0,multi-start,0.04424449894577265,1.1881043020251512
0.0,0.0,0,1.0,0.44040482005165554,True,COMPLETED,sbm_k4_r2_rep0_q01_multi-start,1.1912934282126413,0.325996124651283,sbm_k4_r2_rep0,1.0,0.44040482005165554,True,COMPLETED,sbm_k4_r2_rep0_q01_main,1.1912934282126413,0.28062945837154984,True,1,75,0.0,multi-start,0.04536666627973318,1.161660384989477
0.0,0.0,0,1.0,0.45524621704949575,True,COMPLETED,sbm_k4_r2_rep1_q00_multi-start,3.8635299127102405,0.45922533329576254,sbm_k4_r2_rep1,1.0,0.45524621704949575,True,COMPLETED,sbm_k4_r2_rep1_q00_main,3.8635299127102405,0.20859991712495685,True,0,25,0.0,multi-start,0.2506254161708057,2.2014646008736163
0.0,0.0,0,1.0,0.45524621704949575,True,COMPLETED,sbm_k4_r2_rep1_q01_multi-start,1.17096018735363,0.33757949993014336,sbm_k4_r2_rep1,1.0,0.45524621704949575,True,COMPLETED,sbm_k4_r2_rep1_q01_main,1.17096018735363,0.28671474987640977,True,1,74,0.0,multi-start,0.05086475005373359,1.17740541801794
0.0,0.0,0,1.0,0.4409753982288893,True,COMPLETED,sbm_k4_r2_rep2_q00_multi-start,1.1383701188455009,0.2658940418623388,sbm_k4_r2_rep2,1.0,0.4409753982288893,True,COMPLETED,sbm_k4_r2_rep2_q00_main,1.1383701188455009,0.23804612504318357,True,0,38,0.0,multi-start,0.027847916819155216,1.1169853817788606
0.0,0.0,0,1.0,0.4409753982288893,True,COMPLETED,sbm_k4_r2_rep2_q01_multi-start,1.2005517826825127,0.2878323746845126,sbm_k4_r2_rep2,1.0,0.4409753982288893,True,COMPLETED,sbm_k4_r2_rep2_q01_main,1.2005517826825127,0.25564691703766584,True,1,9,0.0,multi-start,0.03218545764684677,1.1258980863911796
0.0,0.0,0,1.0,0.4691396784251302,True,COMPLETED,sbm_k4_r3_rep0_q00_multi-start,1.8559012470084393,1.269429957959801,sbm_k4_r3_rep0,1.0,0.4691396784251302,True,COMPLETED,sbm_k4_r3_rep0_q00_main,1.8559012470084393,1.1888657910749316,True,0,214,0.0,multi-start,0.08056416688486934,1.067765569074055
0.0,0.0,0,1.0,0.4691396784251302,True,COMPLETED,sbm_k4_r3_rep0_q01_multi-start,1.6091447285552336,1.1241741660051048,sbm_k4_r3_rep0,1.0,0.4691396784251302,True,COMPLETED,sbm_k4_r3_rep0_q01_main,1.6091447285552336,1.0591747919097543,True,1,148,0.0,multi-start,0.0649993740953505,1.0613679390708994
0.0,0.0,0,1.0,0.46940336756016154,True,COMPLETED,sbm_k4_r3_rep1_q00_multi-start,2.88484540017814,0.7639650413766503,sbm_k4_r3_rep1,1.0,0.46940336756016154,True,COMPLETED,sbm_k4_r3_rep1_q00_main,2.88484540017814,0.6229464579373598,True,0,178,0.0,multi-start,0.14101858343929052,1.226373521580358
0.0,0.0,0,1.0,0.46940336756016154,True,COMPLETED,sbm_k4_r3_rep1_q01_multi-start,1.1870466980531875,1.019580750260502,sbm_k4_r3_rep1,1.0,0.46940336756016154,True,COMPLETED,sbm_k4_r3_rep1_q01_main,1.1870466980531875,0.9565160828642547,True,1,109,0.0,multi-start,0.06306466739624739,1.0659316330650734
0.0,0.0,0,1.0,0.4719079783274395,True,COMPLETED,sbm_k4_r3_rep2_q00_multi-start,2.2213255074590363,1.4938587499782443,sbm_k4_r3_rep2,1.0,0.4719079783274395,True,COMPLETED,sbm_k4_r3_rep2_q00_main,2.2213255074590363,1.3769099158234894,True,0,77,0.0,multi-start,0.11694883415475488,1.084935719331218
0.0,0.0,0,1.0,0.4719079783274395,True,COMPLETED,sbm_k4_r3_rep2_q01_multi-start,1.7987282954267547,1.4882391672581434,sbm_k4_r3_rep2,1.0,0.4719079783274395,True,COMPLETED,sbm_k4_r3_rep2_q01_main,1.7987282954267547,1.3732666252180934,True,1,34,0.0,multi-start,0.11497254204005003,1.0837219371160285
0.0,0.0,0,1.0,0.5366906476218919,True,COMPLETED,sbm_k8_r0_rep0_q00_multi-start,5.948900772430184,0.8677435419522226,sbm_k8_r0_rep0,1.0,0.5366906476218919,True,COMPLETED,sbm_k8_r0_rep0_q00_main,5.948900772430184,0.3513062088750303,True,0,3,0.0,multi-start,0.5164373330771923,2.47004897730374
0.0,0.0,0,1.0,0.5366906476218919,True,COMPLETED,sbm_k8_r0_rep0_q01_multi-start,1.3294117647058823,0.5690707075409591,sbm_k8_r0_rep0,1.0,0.5366906476218919,True,COMPLETED,sbm_k8_r0_rep0_q01_main,1.3294117647058823,0.49305333383381367,True,1,90,0.0,multi-start,0.07601737370714545,1.154176776609663
0.0,0.0,0,1.0,0.5431351729033689,True,COMPLETED,sbm_k8_r0_rep1_q00_multi-start,7.5578783896786526,1.2958855833858252,sbm_k8_r0_rep1,1.0,0.5431351729033689,True,COMPLETED,sbm_k8_r0_rep1_q00_main,7.5578783896786526,0.5074036251753569,True,0,42,0.0,multi-start,0.7884819582104683,2.553954128605155
0.0,0.0,0,1.0,0.5431351729033689,True,COMPLETED,sbm_k8_r0_rep1_q01_multi-start,1.299366861784733,0.7064694999717176,sbm_k8_r0_rep1,1.0,0.5431351729033689,True,COMPLETED,sbm_k8_r0_rep1_q01_main,1.299366861784733,0.6330142500810325,True,1,61,0.0,multi-start,0.07345524989068508,1.1160404365008876
0.0,0.0,0,1.0,0.5291951077122627,True,COMPLETED,sbm_k8_r0_rep2_q00_multi-start,3.387735849056604,0.426165749784559,sbm_k8_r0_rep2,1.0,0.5291951077122627,True,COMPLETED,sbm_k8_r0_rep2_q00_main,3.387735849056604,0.26275454135611653,True,0,82,0.0,multi-start,0.16341120842844248,1.621915829066368
0.0,0.0,0,1.0,0.5291951077122627,True,COMPLETED,sbm_k8_r0_rep2_q01_multi-start,1.4357311320754718,0.9184385002590716,sbm_k8_r0_rep2,1.0,0.5291951077122627,True,COMPLETED,sbm_k8_r0_rep2_q01_main,1.4357311320754718,0.8518950832076371,True,1,26,0.0,multi-start,0.06654341705143452,1.0781122210506004
0.0,0.0,0,1.0,0.45513596031441655,True,COMPLETED,sbm_k8_r1_rep0_q00_multi-start,4.730682331676458,0.748564874753356,sbm_k8_r1_rep0,1.0,0.45513596031441655,True,COMPLETED,sbm_k8_r1_rep0_q00_main,4.730682331676458,0.5524148340336978,True,0,38,0.0,multi-start,0.19615004071965814,1.3550774320946146
0.0,0.0,0,1.0,0.45513596031441655,True,COMPLETED,sbm_k8_r1_rep0_q01_multi-start,4.273384545865341,1.0496127079240978,sbm_k8_r1_rep0,1.0,0.45513596031441655,True,COMPLETED,sbm_k8_r1_rep0_q01_main,4.273384545865341,0.8993909172713757,True,1,21,0.0,multi-start,0.15022179065272212,1.1670261370978414
0.0,0.0,0,1.0,0.4420380976631889,True,COMPLETED,sbm_k8_r1_rep1_q00_multi-start,6.92186067827681,0.6286917086690664,sbm_k8_r1_rep1,1.0,0.4420380976631889,True,COMPLETED,sbm_k8_r1_rep1_q00_main,6.92186067827681,0.27132362499833107,True,0,5,0.0,multi-start,0.35736808367073536,2.3171285164457522
0.0,0.0,0,1.0,0.4420380976631889,True,COMPLETED,sbm_k8_r1_rep1_q01_multi-start,6.146883593033913,0.5799985830672085,sbm_k8_r1_rep1,1.0,0.4420380976631889,True,COMPLETED,sbm_k8_r1_rep1_q01_main,6.146883593033913,0.24172295769676566,True,1,18,0.0,multi-start,0.33827562537044287,2.399435240217438
0.0,0.0,0,1.0,0.43151623949986406,True,COMPLETED,sbm_k8_r1_rep2_q00_multi-start,4.674771358465313,0.39209604216739535,sbm_k8_r1_rep2,1.0,0.43151623949986406,True,COMPLETED,sbm_k8_r1_rep2_q00_main,4.674771358465313,0.25562133407220244,True,0,32,0.0,multi-start,0.1364747080951929,1.533894045231156
0.0,0.0,0,1.0,0.43151623949986406,True,COMPLETED,sbm_k8_r1_rep2_q01_multi-start,1.3194289538255632,0.477698833681643,sbm_k8_r1_rep2,1.0,0.43151623949986406,True,COMPLETED,sbm_k8_r1_rep2_q01_main,1.3194289538255632,0.40016125002875924,True,1,82,0.0,multi-start,0.07753758365288377,1.1937658472611008
0.0,0.0,0,1.0,0.4890969784718274,True,COMPLETED,sbm_k8_r2_rep0_q00_multi-start,1.4143600067102835,0.5387353748083115,sbm_k8_r2_rep0,1.0,0.4890969784718274,True,COMPLETED,sbm_k8_r2_rep0_q00_main,1.4143600067102835,0.45780312502756715,True,0,51,0.0,multi-start,0.08093224978074431,1.176783960956734
0.0,0.0,0,1.0,0.4890969784718274,True,COMPLETED,sbm_k8_r2_rep0_q01_multi-start,1.482972655594699,0.49292891658842564,sbm_k8_r2_rep0,1.0,0.4890969784718274,True,COMPLETED,sbm_k8_r2_rep0_q01_main,1.482972655594699,0.4549224581569433,True,1,56,0.0,multi-start,0.038006458431482315,1.0835449157323653
0.0,0.0,0,1.0,0.4863952713952714,True,COMPLETED,sbm_k8_r2_rep1_q00_multi-start,1.344155844155844,0.45299429073929787,sbm_k8_r2_rep1,1.0,0.4863952713952714,True,COMPLETED,sbm_k8_r2_rep1_q00_main,1.344155844155844,0.39997837506234646,True,0,36,0.0,multi-start,0.05301591567695141,1.132546954991473
0.0,0.0,0,1.0,0.4863952713952714,True,COMPLETED,sbm_k8_r2_rep1_q01_multi-start,1.4335664335664335,0.46361191710457206,sbm_k8_r2_rep1,1.0,0.4863952713952714,True,COMPLETED,sbm_k8_r2_rep1_q01_main,1.4335664335664335,0.3989607081748545,True,1,5,0.0,multi-start,0.06465120892971754,1.16204906299039
0.0,0.0,0,1.0,0.49901245105687797,True,COMPLETED,sbm_k8_r2_rep2_q00_multi-start,1.3314689916104623,0.3954277918674052,sbm_k8_r2_rep2,1.0,0.49901245105687797,True,COMPLETED,sbm_k8_r2_rep2_q00_main,1.3314689916104623,0.3289012503810227,True,0,17,0.0,multi-start,0.06652654148638248,1.202269044004282
0.0,0.0,0,1.0,0.49901245105687797,True,COMPLETED,sbm_k8_r2_rep2_q01_multi-start,1.3693041618687285,0.5308703752234578,sbm_k8_r2_rep2,1.0,0.49901245105687797,True,COMPLETED,sbm_k8_r2_rep2_q01_main,1.3693041618687285,0.48019604198634624,True,1,30,0.0,multi-start,0.05067433323711157,1.1055284275719883
0.0,0.0,0,0.9669421487603306,0.5579705004444449,True,COMPLETED,sbm_k8_r3_rep0_q00_multi-start,3.1883077544426492,1.654067249968648,sbm_k8_r3_rep0,0.9669421487603306,0.5579705004444449,True,COMPLETED,sbm_k8_r3_rep0_q00_main,3.1883077544426492,1.470810541883111,True,0,148,0.0,multi-start,0.18325670808553696,1.1245957265515036
0.002004008016032066,-0.00031488195799722895,-1477445338/4692060946893,1.0,0.5387501449603711,True,COMPLETED,sbm_k8_r3_rep0_q01_multi-start,4.724200132915598,1.3837744579650462,sbm_k8_r3_rep0,0.9979959919839679,0.5390650269183683,True,COMPLETED,sbm_k8_r3_rep0_q01_main,4.738596324159603,0.8242152919992805,True,1,13,-0.014396191244005152,multi-start,0.5595591659657657,1.678899277163926
0.0,0.0,0,1.0,0.5304485803119049,True,COMPLETED,sbm_k8_r3_rep1_q00_multi-start,4.341954022988506,1.3298441246151924,sbm_k8_r3_rep1,1.0,0.5304485803119049,True,COMPLETED,sbm_k8_r3_rep1_q00_main,4.341954022988506,1.001250292174518,True,0,146,0.0,multi-start,0.3285938324406743,1.328183507169854
0.0,0.0,0,1.0,0.5304485803119049,True,COMPLETED,sbm_k8_r3_rep1_q01_multi-start,4.414176245210728,1.7644130839034915,sbm_k8_r3_rep1,1.0,0.5304485803119049,True,COMPLETED,sbm_k8_r3_rep1_q01_main,4.414176245210728,1.2166581661440432,True,1,8,0.0,multi-start,0.5477549177594483,1.4502126669608841
0.012194774945428422,-0.004003904350833359,-300830597/75134311572,0.9979959919839679,0.5352439432809927,True,COMPLETED,sbm_k8_r3_rep2_q00_multi-start,4.53054932735426,1.1981694167479873,sbm_k8_r3_rep2,0.9858012170385395,0.5392478476318261,True,COMPLETED,sbm_k8_r3_rep2_q00_main,4.617691868215578,0.6432015411555767,True,0,82,-0.08714254086131845,multi-start,0.5549678755924106,1.8628211222805136
0.0,0.0,0,1.0,0.534356747095576,True,COMPLETED,sbm_k8_r3_rep2_q01_multi-start,4.421748440554883,1.4088794169947505,sbm_k8_r3_rep2,1.0,0.534356747095576,True,COMPLETED,sbm_k8_r3_rep2_q01_main,4.421748440554883,0.8902656668797135,True,1,13,0.0,multi-start,0.518613750115037,1.5825381899009123
0.0,0.0,0,1.0,0.22698670081913533,True,COMPLETED,lfr_n1000_o00_m20_s11_q00_diffusion-TL-star,21.161125319693095,1.0963617083616555,lfr_n1000_o00_m20_s11,1.0,0.22698670081913533,True,COMPLETED,lfr_n1000_o00_m20_s11_q00_main,21.161125319693095,0.6640271251089871,True,0,550,0.0,diffusion-TL-star,0.4323345832526684,1.65107970277827
0.0,0.0,0,1.0,0.22698670081913533,True,COMPLETED,lfr_n1000_o00_m20_s11_q01_diffusion-TL-star,7.5038363171355495,0.5047956248745322,lfr_n1000_o00_m20_s11,1.0,0.22698670081913533,True,COMPLETED,lfr_n1000_o00_m20_s11_q01_main,7.5038363171355495,0.34656883403658867,True,1,381,0.0,diffusion-TL-star,0.15822679083794355,1.4565522785041858
0.0,0.0,0,1.0,0.24107032012059945,True,COMPLETED,lfr_n1000_o00_m20_s12_q00_diffusion-TL-star,4.908333333333333,0.7326276665553451,lfr_n1000_o00_m20_s12,1.0,0.24107032012059945,True,COMPLETED,lfr_n1000_o00_m20_s12_q00_main,4.908333333333333,0.4729446666315198,True,0,609,0.0,diffusion-TL-star,0.25968299992382526,1.5490769179688186
0.0,0.0,0,1.0,0.24107032012059945,True,COMPLETED,lfr_n1000_o00_m20_s12_q01_diffusion-TL-star,3.4630952380952382,0.6231466671451926,lfr_n1000_o00_m20_s12,1.0,0.24107032012059945,True,COMPLETED,lfr_n1000_o00_m20_s12_q01_main,3.4630952380952382,0.41246987506747246,True,1,416,0.0,diffusion-TL-star,0.21067679207772017,1.5107689186834732
0.0,0.0,0,1.0,0.5228045340436144,True,COMPLETED,lfr_n1000_o00_m50_s11_q00_diffusion-TL-star,6.289795918367347,0.6363029996864498,lfr_n1000_o00_m50_s11,1.0,0.5228045340436144,True,COMPLETED,lfr_n1000_o00_m50_s11_q00_main,6.289795918367347,0.36907995818182826,True,0,599,0.0,diffusion-TL-star,0.2672230415046215,1.7240247962014057
0.0,0.0,0,1.0,0.5228045340436144,True,COMPLETED,lfr_n1000_o00_m50_s11_q01_diffusion-TL-star,12.83265306122449,0.9599560420028865,lfr_n1000_o00_m50_s11,1.0,0.5228045340436144,True,COMPLETED,lfr_n1000_o00_m50_s11_q01_main,12.83265306122449,0.5794138750061393,True,1,394,0.0,diffusion-TL-star,0.38054216699674726,1.6567708910883696
0.0,0.0,0,1.0,0.5438934609505883,True,COMPLETED,lfr_n1000_o00_m50_s12_q00_diffusion-TL-star,7.655913978494624,0.9327170830219984,lfr_n1000_o00_m50_s12,1.0,0.5438934609505883,True,COMPLETED,lfr_n1000_o00_m50_s12_q00_main,7.655913978494624,0.6270211250521243,True,0,523,0.0,diffusion-TL-star,0.30569595796987414,1.4875369357682513
0.0,0.0,0,1.0,0.5438934609505883,True,COMPLETED,lfr_n1000_o00_m50_s12_q01_diffusion-TL-star,6.158900836320191,0.8205012497492135,lfr_n1000_o00_m50_s12,1.0,0.5438934609505883,True,COMPLETED,lfr_n1000_o00_m50_s12_q01_main,6.158900836320191,0.5028406670317054,True,1,333,0.0,diffusion-TL-star,0.3176605827175081,1.631732084424824
0.0,0.0,0,1.0,0.4960019709855934,True,COMPLETED,sbm_k4_r0_rep0_q00_diffusion-TL-star,1.1532084740558797,0.5159126669168472,sbm_k4_r0_rep0,1.0,0.4960019709855934,True,COMPLETED,sbm_k4_r0_rep0_q00_main,1.1532084740558797,0.28551187505945563,True,0,13,0.0,diffusion-TL-star,0.2304007918573916,1.8069744623035817
0.0,0.0,0,1.0,0.4960019709855934,True,COMPLETED,sbm_k4_r0_rep0_q01_diffusion-TL-star,2.9829597789376727,0.7019659578800201,sbm_k4_r0_rep0,1.0,0.4960019709855934,True,COMPLETED,sbm_k4_r0_rep0_q01_main,2.9829597789376727,0.26039879210293293,True,1,97,0.0,diffusion-TL-star,0.4415671657770872,2.695734308946181
0.0,0.0,0,1.0,0.4868836118836119,True,COMPLETED,sbm_k4_r0_rep1_q00_diffusion-TL-star,2.382173382173382,0.7022415422834456,sbm_k4_r0_rep1,1.0,0.4868836118836119,True,COMPLETED,sbm_k4_r0_rep1_q00_main,2.382173382173382,0.2870351248420775,True,0,55,0.0,diffusion-TL-star,0.4152064174413681,2.44653521993104
0.0,0.0,0,1.0,0.4868836118836119,True,COMPLETED,sbm_k4_r0_rep1_q01_diffusion-TL-star,3.419261294261294,0.6952667078003287,sbm_k4_r0_rep1,1.0,0.4868836118836119,True,COMPLETED,sbm_k4_r0_rep1_q01_main,3.419261294261294,0.2144496669061482,True,1,67,0.0,diffusion-TL-star,0.48081704089418054,3.2420974013664727
0.0,0.0,0,1.0,0.48679123061799606,True,COMPLETED,sbm_k4_r0_rep2_q00_diffusion-TL-star,1.1506784474597664,0.5585041251033545,sbm_k4_r0_rep2,1.0,0.48679123061799606,True,COMPLETED,sbm_k4_r0_rep2_q00_main,1.1506784474597664,0.34254141710698605,True,0,14,0.0,diffusion-TL-star,0.2159627079963684,1.6304718121981632
0.0,0.0,0,1.0,0.48679123061799606,True,COMPLETED,sbm_k4_r0_rep2_q01_diffusion-TL-star,2.5763647838434838,0.6767134163528681,sbm_k4_r0_rep2,1.0,0.48679123061799606,True,COMPLETED,sbm_k4_r0_rep2_q01_main,2.5763647838434838,0.2517542503774166,True,1,88,0.0,diffusion-TL-star,0.42495916597545147,2.6879920213397597
0.0,0.0,0,1.0,0.4191931368412593,True,COMPLETED,sbm_k4_r1_rep0_q00_diffusion-TL-star,2.546175637393768,0.45766583317890763,sbm_k4_r1_rep0,1.0,0.4191931368412593,True,COMPLETED,sbm_k4_r1_rep0_q00_main,2.546175637393768,0.1908959997817874,True,0,27,0.0,diffusion-TL-star,0.26676983339712024,2.3974616215220013
0.0,0.0,0,1.0,0.4191931368412593,True,COMPLETED,sbm_k4_r1_rep0_q01_diffusion-TL-star,3.631728045325779,0.5288464170880616,sbm_k4_r1_rep0,1.0,0.4191931368412593,True,COMPLETED,sbm_k4_r1_rep0_q01_main,3.631728045325779,0.21883841697126627,True,1,49,0.0,diffusion-TL-star,0.3100080001167953,2.4166068481362655
0.0,0.0,0,1.0,0.4210581697979021,True,COMPLETED,sbm_k4_r1_rep1_q00_diffusion-TL-star,2.2878535773710484,0.47667287522926927,sbm_k4_r1_rep1,1.0,0.4210581697979021,True,COMPLETED,sbm_k4_r1_rep1_q00_main,2.2878535773710484,0.20578404096886516,True,0,85,0.0,diffusion-TL-star,0.2708888342604041,2.31637435529507
0.0,0.0,0,1.0,0.4210581697979021,True,COMPLETED,sbm_k4_r1_rep1_q01_diffusion-TL-star,1.6209095951192456,0.46669158432632685,sbm_k4_r1_rep1,1.0,0.4210581697979021,True,COMPLETED,sbm_k4_r1_rep1_q01_main,1.6209095951192456,0.25448699994012713,True,1,2,0.0,diffusion-TL-star,0.2122045843861997,1.8338523556650235
0.0,0.0,0,1.0,0.4176294591876948,True,COMPLETED,sbm_k4_r1_rep2_q00_diffusion-TL-star,3.462416481069042,0.4704086668789387,sbm_k4_r1_rep2,1.0,0.4176294591876948,True,COMPLETED,sbm_k4_r1_rep2_q00_main,3.462416481069042,0.1682867077179253,True,0,70,0.0,diffusion-TL-star,0.30212195916101336,2.795281179708006
0.0,0.0,0,1.0,0.4176294591876948,True,COMPLETED,sbm_k4_r1_rep2_q01_diffusion-TL-star,1.0773942093541202,0.3677486670203507,sbm_k4_r1_rep2,1.0,0.4176294591876948,True,COMPLETED,sbm_k4_r1_rep2_q01_main,1.0773942093541202,0.19102470763027668,True,1,43,0.0,diffusion-TL-star,0.17672395939007401,1.92513665683561
0.0,0.0,0,1.0,0.44040482005165554,True,COMPLETED,sbm_k4_r2_rep0_q00_diffusion-TL-star,1.1111343658434492,0.4090546672232449,sbm_k4_r2_rep0,1.0,0.44040482005165554,True,COMPLETED,sbm_k4_r2_rep0_q00_main,1.1111343658434492,0.23521258402615786,True,0,51,0.0,diffusion-TL-star,0.17384208319708705,1.739084959747537
0.0,0.0,0,1.0,0.44040482005165554,True,COMPLETED,sbm_k4_r2_rep0_q01_diffusion-TL-star,1.1912934282126413,0.45538933388888836,sbm_k4_r2_rep0,1.0,0.44040482005165554,True,COMPLETED,sbm_k4_r2_rep0_q01_main,1.1912934282126413,0.28062945837154984,True,1,75,0.0,diffusion-TL-star,0.17475987551733851,1.6227424466819824
0.0,0.0,0,1.0,0.45524621704949575,True,COMPLETED,sbm_k4_r2_rep1_q00_diffusion-TL-star,3.8635299127102405,0.5496778753586113,sbm_k4_r2_rep1,1.0,0.45524621704949575,True,COMPLETED,sbm_k4_r2_rep1_q00_main,3.8635299127102405,0.20859991712495685,True,0,25,0.0,diffusion-TL-star,0.3410779582336545,2.635081945067791
0.0,0.0,0,1.0,0.45524621704949575,True,COMPLETED,sbm_k4_r2_rep1_q01_diffusion-TL-star,1.17096018735363,0.47014737501740456,sbm_k4_r2_rep1,1.0,0.45524621704949575,True,COMPLETED,sbm_k4_r2_rep1_q01_main,1.17096018735363,0.28671474987640977,True,1,74,0.0,diffusion-TL-star,0.1834326251409948,1.6397739398481055
0.0,0.0,0,1.0,0.4409753982288893,True,COMPLETED,sbm_k4_r2_rep2_q00_diffusion-TL-star,1.1383701188455009,0.41985516622662544,sbm_k4_r2_rep2,1.0,0.4409753982288893,True,COMPLETED,sbm_k4_r2_rep2_q00_main,1.1383701188455009,0.23804612504318357,True,0,38,0.0,diffusion-TL-star,0.18180904118344188,1.763755516501099
0.0,0.0,0,1.0,0.4409753982288893,True,COMPLETED,sbm_k4_r2_rep2_q01_diffusion-TL-star,1.2005517826825127,0.41703204112127423,sbm_k4_r2_rep2,1.0,0.4409753982288893,True,COMPLETED,sbm_k4_r2_rep2_q01_main,1.2005517826825127,0.25564691703766584,True,1,9,0.0,diffusion-TL-star,0.1613851240836084,1.6312813232941537
0.0,0.0,0,1.0,0.4691396784251302,True,COMPLETED,sbm_k4_r3_rep0_q00_diffusion-TL-star,1.8559012470084393,1.667310249991715,sbm_k4_r3_rep0,1.0,0.4691396784251302,True,COMPLETED,sbm_k4_r3_rep0_q00_main,1.8559012470084393,1.1888657910749316,True,0,214,0.0,diffusion-TL-star,0.47844445891678333,1.4024377373027028
0.0,0.0,0,1.0,0.4691396784251302,True,COMPLETED,sbm_k4_r3_rep0_q01_diffusion-TL-star,1.6091447285552336,1.4870649999938905,sbm_k4_r3_rep0,1.0,0.4691396784251302,True,COMPLETED,sbm_k4_r3_rep0_q01_main,1.6091447285552336,1.0591747919097543,True,1,148,0.0,diffusion-TL-star,0.42789020808413625,1.4039845088388339
0.0,0.0,0,1.0,0.46940336756016154,True,COMPLETED,sbm_k4_r3_rep1_q00_diffusion-TL-star,2.88484540017814,1.2096965829841793,sbm_k4_r3_rep1,1.0,0.46940336756016154,True,COMPLETED,sbm_k4_r3_rep1_q00_main,2.88484540017814,0.6229464579373598,True,0,178,0.0,diffusion-TL-star,0.5867501250468194,1.9418949535239511
0.0,0.0,0,1.0,0.46940336756016154,True,COMPLETED,sbm_k4_r3_rep1_q01_diffusion-TL-star,1.1870466980531875,1.3139626253396273,sbm_k4_r3_rep1,1.0,0.46940336756016154,True,COMPLETED,sbm_k4_r3_rep1_q01_main,1.1870466980531875,0.9565160828642547,True,1,109,0.0,diffusion-TL-star,0.35744654247537255,1.373696322392208
0.0,0.0,0,1.0,0.4719079783274395,True,COMPLETED,sbm_k4_r3_rep2_q00_diffusion-TL-star,2.2213255074590363,1.9364104578271508,sbm_k4_r3_rep2,1.0,0.4719079783274395,True,COMPLETED,sbm_k4_r3_rep2_q00_main,2.2213255074590363,1.3769099158234894,True,0,77,0.0,diffusion-TL-star,0.5595005420036614,1.4063450597412834
0.0,0.0,0,1.0,0.4719079783274395,True,COMPLETED,sbm_k4_r3_rep2_q01_diffusion-TL-star,1.7987282954267547,1.8686182908713818,sbm_k4_r3_rep2,1.0,0.4719079783274395,True,COMPLETED,sbm_k4_r3_rep2_q01_main,1.7987282954267547,1.3732666252180934,True,1,34,0.0,diffusion-TL-star,0.49535166565328836,1.360710481531305
0.0,0.0,0,1.0,0.5366906476218919,True,COMPLETED,sbm_k8_r0_rep0_q00_diffusion-TL-star,5.948900772430184,1.4999309997074306,sbm_k8_r0_rep0,1.0,0.5366906476218919,True,COMPLETED,sbm_k8_r0_rep0_q00_main,5.948900772430184,0.3513062088750303,True,0,3,0.0,diffusion-TL-star,1.1486247908324003,4.269582950186341
0.0,0.0,0,1.0,0.5366906476218919,True,COMPLETED,sbm_k8_r0_rep0_q01_diffusion-TL-star,1.3294117647058823,1.0175079577602446,sbm_k8_r0_rep0,1.0,0.5366906476218919,True,COMPLETED,sbm_k8_r0_rep0_q01_main,1.3294117647058823,0.49305333383381367,True,1,90,0.0,diffusion-TL-star,0.5244546239264309,2.063687410545329
0.0,0.0,0,1.0,0.5431351729033689,True,COMPLETED,sbm_k8_r0_rep1_q00_diffusion-TL-star,7.5578783896786526,1.751917792018503,sbm_k8_r0_rep1,1.0,0.5431351729033689,True,COMPLETED,sbm_k8_r0_rep1_q00_main,7.5578783896786526,0.5074036251753569,True,0,42,0.0,diffusion-TL-star,1.244514166843146,3.4527104362193834
0.0,0.0,0,1.0,0.5431351729033689,True,COMPLETED,sbm_k8_r0_rep1_q01_diffusion-TL-star,1.299366861784733,1.1548322918824852,sbm_k8_r0_rep1,1.0,0.5431351729033689,True,COMPLETED,sbm_k8_r0_rep1_q01_main,1.299366861784733,0.6330142500810325,True,1,61,0.0,diffusion-TL-star,0.5218180418014526,1.8243385385631594
0.0,0.0,0,1.0,0.5291951077122627,True,COMPLETED,sbm_k8_r0_rep2_q00_diffusion-TL-star,3.387735849056604,1.13583333324641,sbm_k8_r0_rep2,1.0,0.5291951077122627,True,COMPLETED,sbm_k8_r0_rep2_q00_main,3.387735849056604,0.26275454135611653,True,0,82,0.0,diffusion-TL-star,0.8730787918902934,4.322792395458513
0.0,0.0,0,1.0,0.5291951077122627,True,COMPLETED,sbm_k8_r0_rep2_q01_diffusion-TL-star,1.4357311320754718,1.417053083423525,sbm_k8_r0_rep2,1.0,0.5291951077122627,True,COMPLETED,sbm_k8_r0_rep2_q01_main,1.4357311320754718,0.8518950832076371,True,1,26,0.0,diffusion-TL-star,0.565158000215888,1.6634126799839024
0.0,0.0,0,1.0,0.45513596031441655,True,COMPLETED,sbm_k8_r1_rep0_q00_diffusion-TL-star,4.730682331676458,1.1349534173496068,sbm_k8_r1_rep0,1.0,0.45513596031441655,True,COMPLETED,sbm_k8_r1_rep0_q00_main,4.730682331676458,0.5524148340336978,True,0,38,0.0,diffusion-TL-star,0.5825385833159089,2.054531028904943
0.0,0.0,0,1.0,0.45513596031441655,True,COMPLETED,sbm_k8_r1_rep0_q01_diffusion-TL-star,4.273384545865341,1.4477019580081105,sbm_k8_r1_rep0,1.0,0.45513596031441655,True,COMPLETED,sbm_k8_r1_rep0_q01_main,4.273384545865341,0.8993909172713757,True,1,21,0.0,diffusion-TL-star,0.5483110407367349,1.609647073599801
0.0,0.0,0,1.0,0.4420380976631889,True,COMPLETED,sbm_k8_r1_rep1_q00_diffusion-TL-star,6.92186067827681,0.9967958340421319,sbm_k8_r1_rep1,1.0,0.4420380976631889,True,COMPLETED,sbm_k8_r1_rep1_q00_main,6.92186067827681,0.27132362499833107,True,0,5,0.0,diffusion-TL-star,0.7254722090438008,3.6738261699410186
0.0,0.0,0,1.0,0.4420380976631889,True,COMPLETED,sbm_k8_r1_rep1_q01_diffusion-TL-star,6.146883593033913,0.9397538332268596,sbm_k8_r1_rep1,1.0,0.4420380976631889,True,COMPLETED,sbm_k8_r1_rep1_q01_main,6.146883593033913,0.24172295769676566,True,1,18,0.0,diffusion-TL-star,0.6980308755300939,3.8877309883232236
0.0,0.0,0,1.0,0.43151623949986406,True,COMPLETED,sbm_k8_r1_rep2_q00_diffusion-TL-star,4.674771358465313,0.8388411668129265,sbm_k8_r1_rep2,1.0,0.43151623949986406,True,COMPLETED,sbm_k8_r1_rep2_q00_main,4.674771358465313,0.25562133407220244,True,0,32,0.0,diffusion-TL-star,0.5832198327407241,3.2815772981451876
0.0,0.0,0,1.0,0.43151623949986406,True,COMPLETED,sbm_k8_r1_rep2_q01_diffusion-TL-star,1.3194289538255632,0.8087868331931531,sbm_k8_r1_rep2,1.0,0.43151623949986406,True,COMPLETED,sbm_k8_r1_rep2_q01_main,1.3194289538255632,0.40016125002875924,True,1,82,0.0,diffusion-TL-star,0.4086255831643939,2.0211523058142844
0.0,0.0,0,1.0,0.4890969784718274,True,COMPLETED,sbm_k8_r2_rep0_q00_diffusion-TL-star,1.4143600067102835,0.8741516252048314,sbm_k8_r2_rep0,1.0,0.4890969784718274,True,COMPLETED,sbm_k8_r2_rep0_q00_main,1.4143600067102835,0.45780312502756715,True,0,51,0.0,diffusion-TL-star,0.4163485001772642,1.9094487945057022
0.0,0.0,0,1.0,0.4890969784718274,True,COMPLETED,sbm_k8_r2_rep0_q01_diffusion-TL-star,1.482972655594699,0.8769203331321478,sbm_k8_r2_rep0,1.0,0.4890969784718274,True,COMPLETED,sbm_k8_r2_rep0_q01_main,1.482972655594699,0.4549224581569433,True,1,56,0.0,diffusion-TL-star,0.42199787497520447,1.9276259446167412
0.0,0.0,0,1.0,0.4863952713952714,True,COMPLETED,sbm_k8_r2_rep1_q00_diffusion-TL-star,1.344155844155844,0.8034612499177456,sbm_k8_r2_rep1,1.0,0.4863952713952714,True,COMPLETED,sbm_k8_r2_rep1_q00_main,1.344155844155844,0.39997837506234646,True,0,36,0.0,diffusion-TL-star,0.40348287485539913,2.0087617231619244
0.0,0.0,0,1.0,0.4863952713952714,True,COMPLETED,sbm_k8_r2_rep1_q01_diffusion-TL-star,1.4335664335664335,0.8234046250581741,sbm_k8_r2_rep1,1.0,0.4863952713952714,True,COMPLETED,sbm_k8_r2_rep1_q01_main,1.4335664335664335,0.3989607081748545,True,1,5,0.0,diffusion-TL-star,0.4244439168833196,2.063873981036991
0.0,0.0,0,1.0,0.49901245105687797,True,COMPLETED,sbm_k8_r2_rep2_q00_diffusion-TL-star,1.3314689916104623,0.7305209166370332,sbm_k8_r2_rep2,1.0,0.49901245105687797,True,COMPLETED,sbm_k8_r2_rep2_q00_main,1.3314689916104623,0.3289012503810227,True,0,17,0.0,diffusion-TL-star,0.40161966625601053,2.221094981520276
0.0,0.0,0,1.0,0.49901245105687797,True,COMPLETED,sbm_k8_r2_rep2_q01_diffusion-TL-star,1.3693041618687285,0.8925017090514302,sbm_k8_r2_rep2,1.0,0.49901245105687797,True,COMPLETED,sbm_k8_r2_rep2_q01_main,1.3693041618687285,0.48019604198634624,True,1,30,0.0,diffusion-TL-star,0.412305667065084,1.8586194616672982
0.0,0.0,0,0.9669421487603306,0.5579705004444449,True,COMPLETED,sbm_k8_r3_rep0_q00_diffusion-TL-star,3.1883077544426492,2.533349874895066,sbm_k8_r3_rep0,0.9669421487603306,0.5579705004444449,True,COMPLETED,sbm_k8_r3_rep0_q00_main,3.1883077544426492,1.470810541883111,True,0,148,0.0,diffusion-TL-star,1.062539333011955,1.7224175396863572
0.0,0.0,0,0.9979959919839679,0.5390650269183683,True,COMPLETED,sbm_k8_r3_rep0_q01_diffusion-TL-star,4.738596324159603,2.274032207671553,sbm_k8_r3_rep0,0.9979959919839679,0.5390650269183683,True,COMPLETED,sbm_k8_r3_rep0_q01_main,4.738596324159603,0.8242152919992805,True,1,13,0.0,diffusion-TL-star,1.4498169156722724,2.7590269553910898
0.0,0.0,0,1.0,0.5304485803119049,True,COMPLETED,sbm_k8_r3_rep1_q00_diffusion-TL-star,4.341954022988506,2.3811462079174817,sbm_k8_r3_rep1,1.0,0.5304485803119049,True,COMPLETED,sbm_k8_r3_rep1_q00_main,4.341954022988506,1.001250292174518,True,0,146,0.0,diffusion-TL-star,1.3798959157429636,2.378172797079641
0.0,0.0,0,1.0,0.5304485803119049,True,COMPLETED,sbm_k8_r3_rep1_q01_diffusion-TL-star,4.414176245210728,2.622669625096023,sbm_k8_r3_rep1,1.0,0.5304485803119049,True,COMPLETED,sbm_k8_r3_rep1_q01_main,4.414176245210728,1.2166581661440432,True,1,8,0.0,diffusion-TL-star,1.4060114589519799,2.1556339307761805
0.0,0.0,0,0.9858012170385395,0.5392478476318261,True,COMPLETED,sbm_k8_r3_rep2_q00_diffusion-TL-star,4.617691868215578,2.045396416913718,sbm_k8_r3_rep2,0.9858012170385395,0.5392478476318261,True,COMPLETED,sbm_k8_r3_rep2_q00_main,4.617691868215578,0.6432015411555767,True,0,82,0.0,diffusion-TL-star,1.4021948757581413,3.180024123137137
0.0,0.0,0,1.0,0.534356747095576,True,COMPLETED,sbm_k8_r3_rep2_q01_diffusion-TL-star,4.421748440554883,2.2834029169753194,sbm_k8_r3_rep2,1.0,0.534356747095576,True,COMPLETED,sbm_k8_r3_rep2_q01_main,4.421748440554883,0.8902656668797135,True,1,13,0.0,diffusion-TL-star,1.3931372500956059,2.5648556402027767
0.0,0.0,0,1.0,0.22698670081913533,True,COMPLETED,lfr_n1000_o00_m20_s11_q00_no-refinement,21.161125319693095,0.6745254169218242,lfr_n1000_o00_m20_s11,1.0,0.22698670081913533,True,COMPLETED,lfr_n1000_o00_m20_s11_q00_main,21.161125319693095,0.6640271251089871,True,0,550,0.0,no-refinement,0.010498291812837124,1.0158100345842258
-0.020408163265306145,0.017277224458643697,8926403/516657234,0.9795918367346939,0.24426392527777904,True,COMPLETED,lfr_n1000_o00_m20_s11_q01_no-refinement,7.298507462686567,0.28240545792505145,lfr_n1000_o00_m20_s11,1.0,0.22698670081913533,True,COMPLETED,lfr_n1000_o00_m20_s11_q01_main,7.5038363171355495,0.34656883403658867,True,1,381,-0.2053288544489824,no-refinement,-0.06416337611153722,0.8148610901788035
-0.023255813953488413,0.018900195087345924,17051/902160,0.9767441860465116,0.2599705152079454,True,COMPLETED,lfr_n1000_o00_m20_s12_q00_no-refinement,4.7719907407407405,0.5224742093123496,lfr_n1000_o00_m20_s12,1.0,0.24107032012059945,True,COMPLETED,lfr_n1000_o00_m20_s12_q00_main,4.908333333333333,0.4729446666315198,True,0,609,-0.13634259259259274,no-refinement,0.04952954268082976,1.1047258721270647
-0.023255813953488413,0.029334279211374183,124051/4228875,0.9767441860465116,0.27040459933197364,True,COMPLETED,lfr_n1000_o00_m20_s12_q01_no-refinement,3.3245714285714287,0.4231460839509964,lfr_n1000_o00_m20_s12,1.0,0.24107032012059945,True,COMPLETED,lfr_n1000_o00_m20_s12_q01_main,3.4630952380952382,0.41246987506747246,True,1,416,-0.1385238095238095,no-refinement,0.010676208883523941,1.0258836087890721
-0.1724137931034483,0.16390544048468186,6731771/41071065,0.8275862068965517,0.6867099745282963,True,COMPLETED,lfr_n1000_o00_m50_s11_q00_no-refinement,3.9411764705882355,0.39434975013136864,lfr_n1000_o00_m50_s11,1.0,0.5228045340436144,True,COMPLETED,lfr_n1000_o00_m50_s11_q00_main,6.289795918367347,0.36907995818182826,True,0,599,-2.348619447779112,no-refinement,0.025269791949540377,1.0684669849699375
-0.1578947368421053,0.15310113291368868,562963321/3677068290,0.8421052631578947,0.6759056669573031,True,COMPLETED,lfr_n1000_o00_m50_s11_q01_no-refinement,8.26281208935611,0.5913645001128316,lfr_n1000_o00_m50_s11,1.0,0.5228045340436144,True,COMPLETED,lfr_n1000_o00_m50_s11_q01_main,12.83265306122449,0.5794138750061393,True,1,394,-4.569840971868379,no-refinement,0.011950625106692314,1.02062536922604
-0.4545454545454546,0.22579363667367347,49458115/219041226,0.5454545454545454,0.7696870976242618,True,COMPLETED,lfr_n1000_o00_m50_s12_q00_no-refinement,8.766073871409029,0.531116624828428,lfr_n1000_o00_m50_s12,1.0,0.5438934609505883,True,COMPLETED,lfr_n1000_o00_m50_s12_q00_main,7.655913978494624,0.6270211250521243,True,0,523,1.110159892914405,no-refinement,-0.09590450022369623,0.8470474177154339
-0.4789915966386554,0.22763020849623955,31876097/140034564,0.5210084033613446,0.7715236694468279,True,COMPLETED,lfr_n1000_o00_m50_s12_q01_no-refinement,3.6768901569186876,0.49856229219585657,lfr_n1000_o00_m50_s12,1.0,0.5438934609505883,True,COMPLETED,lfr_n1000_o00_m50_s12_q01_main,6.158900836320191,0.5028406670317054,True,1,333,-2.4820106794015033,no-refinement,-0.004278374835848808,0.99149158945098
-0.30000000000000004,0.24086611743436523,4876116613/20244095205,0.7,0.7368680884199587,True,COMPLETED,sbm_k4_r0_rep0_q00_no-refinement,1.9461139896373056,0.2708117919974029,sbm_k4_r0_rep0,1.0,0.4960019709855934,True,COMPLETED,sbm_k4_r0_rep0_q00_main,1.1532084740558797,0.28551187505945563,True,0,13,0.792905515581426,no-refinement,-0.014700083062052727,0.9485132341378391
-0.08333333333333337,0.11751080736216886,219059357/1864163492,0.9166666666666666,0.6135127783477622,True,COMPLETED,sbm_k4_r0_rep0_q01_no-refinement,2.580135440180587,0.19146129209548235,sbm_k4_r0_rep0,1.0,0.4960019709855934,True,COMPLETED,sbm_k4_r0_rep0_q01_main,2.9829597789376727,0.26039879210293293,True,1,97,-0.4028243387570858,no-refinement,-0.06893750000745058,0.7352618287868237
-0.05213270142180093,0.08628173628173628,2107/24420,0.9478672985781991,0.5731653481653481,True,COMPLETED,sbm_k4_r0_rep1_q00_no-refinement,2.143956043956044,0.24659320944920182,sbm_k4_r0_rep1,1.0,0.4868836118836119,True,COMPLETED,sbm_k4_r0_rep1_q00_main,2.382173382173382,0.2870351248420775,True,0,55,-0.23821733821733826,no-refinement,-0.04044191539287567,0.8591046464605117
-0.06103286384976525,0.09303961157089964,4887345233/52529725248,0.9389671361502347,0.5799232234545115,True,COMPLETED,sbm_k4_r0_rep1_q01_no-refinement,3.0327602545011505,0.14174654195085168,sbm_k4_r0_rep1,1.0,0.4868836118836119,True,COMPLETED,sbm_k4_r0_rep1_q01_main,3.419261294261294,0.2144496669061482,True,1,67,-0.3865010397601436,no-refinement,-0.07270312495529652,0.6609781399795117
-0.2804878048780488,0.24612278129661824,7377934533/29976642122,0.7195121951219512,0.7329140119146142,True,COMPLETED,sbm_k4_r0_rep2_q00_no-refinement,1.8056449616241643,0.3221006658859551,sbm_k4_r0_rep2,1.0,0.48679123061799606,True,COMPLETED,sbm_k4_r0_rep2_q00_main,1.1506784474597664,0.34254141710698605,True,0,14,0.6549665141643979,no-refinement,-0.02044075122103095,0.9403261906438406
-0.07407407407407407,0.1191036658775182,71653185123/601603524082,0.9259259259259259,0.6058948964955142,True,COMPLETED,sbm_k4_r0_rep2_q01_no-refinement,2.2159044646492063,0.22285833302885294,sbm_k4_r0_rep2,1.0,0.48679123061799606,True,COMPLETED,sbm_k4_r0_rep2_q01_main,2.5763647838434838,0.2517542503774166,True,1,88,-0.36046031919427746,no-refinement,-0.02889591734856367,0.8852217299003118
-0.033816425120772986,0.06324996985129211,399079309/6309557300,0.966183574879227,0.4824431066925514,True,COMPLETED,sbm_k4_r1_rep0_q00_no-refinement,2.3633973179069154,0.16095208283513784,sbm_k4_r1_rep0,1.0,0.4191931368412593,True,COMPLETED,sbm_k4_r1_rep0_q00_main,2.546175637393768,0.1908959997817874,True,0,27,-0.18277831948685241,no-refinement,-0.02994391694664955,0.8431401549488814
-0.04761904761904767,0.09218291272261123,7983503/86605020,0.9523809523809523,0.5113760495638705,True,COMPLETED,sbm_k4_r1_rep0_q01_no-refinement,3.2745849297573435,0.1651030001230538,sbm_k4_r1_rep0,1.0,0.4191931368412593,True,COMPLETED,sbm_k4_r1_rep0_q01_main,3.631728045325779,0.21883841697126627,True,1,49,-0.3571431155684355,no-refinement,-0.05373541684821248,0.7544516287774646
-0.25,0.23221886897989244,2075260159/8936656044,0.75,0.6532770387777945,True,COMPLETED,sbm_k4_r1_rep1_q00_no-refinement,2.9719020172910664,0.17858483269810677,sbm_k4_r1_rep1,1.0,0.4210581697979021,True,COMPLETED,sbm_k4_r1_rep1_q00_main,2.2878535773710484,0.20578404096886516,True,0,85,0.684048439920018,no-refinement,-0.02719920827075839,0.8678264449337274
-0.020000000000000018,0.02038180689035108,236080123/11582884887,0.98,0.4414399766882532,True,COMPLETED,sbm_k4_r1_rep1_q01_no-refinement,1.6245136186770428,0.23070083279162645,sbm_k4_r1_rep1,1.0,0.4210581697979021,True,COMPLETED,sbm_k4_r1_rep1_q01_main,1.6209095951192456,0.25448699994012713,True,1,2,0.003604023557797209,no-refinement,-0.02378616714850068,0.9065328792665369
-0.029126213592232997,0.05925882324413659,2933303639/49499863116,0.970873786407767,0.47688828243183135,True,COMPLETED,sbm_k4_r1_rep2_q00_no-refinement,3.2413343758144384,0.11797133274376392,sbm_k4_r1_rep2,1.0,0.4176294591876948,True,COMPLETED,sbm_k4_r1_rep2_q00_main,3.462416481069042,0.1682867077179253,True,0,70,-0.2210821052546037,no-refinement,-0.050315374974161386,0.7010139680283141
-0.5074626865671642,0.38506370910467236,6244246891/16216139676,0.4925373134328358,0.8026931682923671,True,COMPLETED,sbm_k4_r1_rep2_q01_no-refinement,3.0787589498806684,0.19048887491226196,sbm_k4_r1_rep2,1.0,0.4176294591876948,True,COMPLETED,sbm_k4_r1_rep2_q01_main,1.0773942093541202,0.19102470763027668,True,1,43,2.0013647405265482,no-refinement,-0.0005358327180147171,0.9971949559579916
-0.25,0.22463386652542477,29337352131/130600753060,0.75,0.6650386865770803,True,COMPLETED,sbm_k4_r2_rep0_q00_no-refinement,1.8595446584938704,0.2202390842139721,sbm_k4_r2_rep0,1.0,0.44040482005165554,True,COMPLETED,sbm_k4_r2_rep0_q00_main,1.1111343658434492,0.23521258402615786,True,0,51,0.7484102926504212,no-refinement,-0.014973499812185764,0.9363405666657675
-0.20300751879699253,0.1874131151775698,27339720311/145879440108,0.7969924812030075,0.6278179352292254,True,COMPLETED,sbm_k4_r2_rep0_q01_no-refinement,1.7848855440576983,0.26020112494006753,sbm_k4_r2_rep0,1.0,0.44040482005165554,True,COMPLETED,sbm_k4_r2_rep0_q01_main,1.1912934282126413,0.28062945837154984,True,1,75,0.593592115845057,no-refinement,-0.020428333431482315,0.9272053135475341
-0.030303030303030276,0.05474736321149622,1739570117/31774500450,0.9696969696969697,0.509993580260992,True,COMPLETED,sbm_k4_r2_rep1_q00_no-refinement,3.621432847734983,0.1332632079720497,sbm_k4_r2_rep1,1.0,0.45524621704949575,True,COMPLETED,sbm_k4_r2_rep1_q00_main,3.8635299127102405,0.20859991712495685,True,0,25,-0.2420970649752574,no-refinement,-0.07533670915290713,0.6388459296089822
-0.21212121212121215,0.20252138771778147,653432569/3226486725,0.7878787878787878,0.6577676047672772,True,COMPLETED,sbm_k4_r2_rep1_q01_no-refinement,1.8015067147068458,0.2766785407438874,sbm_k4_r2_rep1,1.0,0.45524621704949575,True,COMPLETED,sbm_k4_r2_rep1_q01_main,1.17096018735363,0.28671474987640977,True,1,74,0.6305465273532158,no-refinement,-0.010036209132522345,0.9649958394646647
-0.24031007751937983,0.21250853880565246,18128593/85307598,0.7596899224806202,0.6534839370345418,True,COMPLETED,sbm_k4_r2_rep2_q00_no-refinement,1.8560553633217993,0.21705587534233928,sbm_k4_r2_rep2,1.0,0.4409753982288893,True,COMPLETED,sbm_k4_r2_rep2_q00_main,1.1383701188455009,0.23804612504318357,True,0,38,0.7176852444762984,no-refinement,-0.020990249700844288,0.9118227625127842
-0.2698412698412699,0.23353558270623417,368253443/1576862244,0.7301587301587301,0.6745109809351235,True,COMPLETED,sbm_k4_r2_rep2_q01_no-refinement,2.1179333582927744,0.21262570889666677,sbm_k4_r2_rep2,1.0,0.4409753982288893,True,COMPLETED,sbm_k4_r2_rep2_q01_main,1.2005517826825127,0.25564691703766584,True,1,9,0.9173815756102617,no-refinement,-0.04302120814099908,0.8317163037226828
-0.31155778894472363,0.21120814349404712,31993196333/151477096497,0.6884422110552764,0.6803478219191773,True,COMPLETED,sbm_k4_r3_rep0_q00_no-refinement,3.1143521454238003,1.0879144580103457,sbm_k4_r3_rep0,1.0,0.4691396784251302,True,COMPLETED,sbm_k4_r3_rep0_q00_main,1.8559012470084393,1.1888657910749316,True,0,214,1.258450898415361,no-refinement,-0.10095133306458592,0.9150860140627739
-0.3746630727762803,0.2283835050507096,56144454375/245834104186,0.6253369272237197,0.6975231834758399,True,COMPLETED,sbm_k4_r3_rep0_q01_no-refinement,3.3276895024746027,0.9917618748731911,sbm_k4_r3_rep0,1.0,0.4691396784251302,True,COMPLETED,sbm_k4_r3_rep0_q01_main,1.6091447285552336,1.0591747919097543,True,1,148,1.718544773919369,no-refinement,-0.06741291703656316,0.936353359661238
-0.04938271604938271,0.05095522765197379,411499132/8075700001,0.9506172839506173,0.5203585952121353,True,COMPLETED,sbm_k4_r3_rep1_q00_no-refinement,3.0592362704088516,0.5242930841632187,sbm_k4_r3_rep1,1.0,0.46940336756016154,True,COMPLETED,sbm_k4_r3_rep1_q00_main,2.88484540017814,0.6229464579373598,True,0,178,0.17439087023071176,no-refinement,-0.09865337377414107,0.8416342648438959
-0.5925925925925926,0.33949792695940023,56232071/165633032,0.4074074074074074,0.8089012945195617,True,COMPLETED,sbm_k4_r3_rep1_q01_no-refinement,4.024590163934426,0.8887991248629987,sbm_k4_r3_rep1,1.0,0.46940336756016154,True,COMPLETED,sbm_k4_r3_rep1_q01_main,1.1870466980531875,0.9565160828642547,True,1,109,2.8375434658812386,no-refinement,-0.06771695800125599,0.929204579813776
-0.29638554216867474,0.2256705953840077,757417357/3356296179,0.7036144578313253,0.6975785737114472,True,COMPLETED,sbm_k4_r3_rep2_q00_no-refinement,3.3603403625601183,1.272846084088087,sbm_k4_r3_rep2,1.0,0.4719079783274395,True,COMPLETED,sbm_k4_r3_rep2_q00_main,2.2213255074590363,1.3769099158234894,True,0,77,1.139014855101082,no-refinement,-0.10406383173540235,0.9244221931010173
-0.487603305785124,0.31083173403087155,50423043169/162219740292,0.512396694214876,0.7827397123583111,True,COMPLETED,sbm_k4_r3_rep2_q01_no-refinement,4.0534582529622485,1.2993554580025375,sbm_k4_r3_rep2,1.0,0.4719079783274395,True,COMPLETED,sbm_k4_r3_rep2_q01_main,1.7987282954267547,1.3732666252180934,True,1,34,2.2547299575354938,no-refinement,-0.0739111672155559,0.9461785746057741
-0.1228070175438597,0.12483107672705764,44942603/360027360,0.8771929824561403,0.6615217243489495,True,COMPLETED,sbm_k8_r0_rep0_q00_no-refinement,4.680254300673149,0.199842874892056,sbm_k8_r0_rep0,1.0,0.5366906476218919,True,COMPLETED,sbm_k8_r0_rep0_q00_main,5.948900772430184,0.3513062088750303,True,0,3,-1.2686464717570347,no-refinement,-0.1514633339829743,0.5688566550873169
-0.31612903225806455,0.2162265840817828,94181557/435568815,0.6838709677419355,0.7529172317036746,True,COMPLETED,sbm_k8_r0_rep0_q01_no-refinement,2.4282613414369436,0.4691254999488592,sbm_k8_r0_rep0,1.0,0.5366906476218919,True,COMPLETED,sbm_k8_r0_rep0_q01_main,1.3294117647058823,0.49305333383381367,True,1,90,1.0988495767310613,no-refinement,-0.023927833884954453,0.9514700900632801
-0.180327868852459,0.17506567372762427,9079360567/51862597468,0.819672131147541,0.7182008466309932,True,COMPLETED,sbm_k8_r0_rep1_q00_no-refinement,5.2045903257650545,0.26591545809060335,sbm_k8_r0_rep1,1.0,0.5431351729033689,True,COMPLETED,sbm_k8_r0_rep1_q00_main,7.5578783896786526,0.5074036251753569,True,0,42,-2.353288063913598,no-refinement,-0.2414881670847535,0.5240708676425083
-0.25153374233128833,0.1749141418274516,23323520487/133342680262,0.7484662576687117,0.7180493147308205,True,COMPLETED,sbm_k8_r0_rep1_q01_no-refinement,2.0881167210597043,0.5765529577620327,sbm_k8_r0_rep1,1.0,0.5431351729033689,True,COMPLETED,sbm_k8_r0_rep1_q01_main,1.299366861784733,0.6330142500810325,True,1,61,0.7887498592749713,no-refinement,-0.05646129231899977,0.9108056535666107
-0.13043478260869568,0.13687718172590804,27033390553/197501075140,0.8695652173913043,0.6660722894381708,True,COMPLETED,sbm_k8_r0_rep2_q00_no-refinement,2.606187063412864,0.20316875027492642,sbm_k8_r0_rep2,1.0,0.5291951077122627,True,COMPLETED,sbm_k8_r0_rep2_q00_main,3.387735849056604,0.26275454135611653,True,0,82,-0.7815487856437398,no-refinement,-0.05958579108119011,0.7732264082909521
-0.3931034482758621,0.26389335304244066,2212809163/8385240240,0.6068965517241379,0.7930884607547034,True,COMPLETED,sbm_k8_r0_rep2_q01_no-refinement,3.251869658119658,0.8111290829256177,sbm_k8_r0_rep2,1.0,0.5291951077122627,True,COMPLETED,sbm_k8_r0_rep2_q01_main,1.4357311320754718,0.8518950832076371,True,1,26,1.8161385260441862,no-refinement,-0.04076600028201938,0.9521466890869668
-0.05660377358490565,0.0697940560034855,1099933865/15759706886,0.9433962264150944,0.524930016317902,True,COMPLETED,sbm_k8_r1_rep0_q00_no-refinement,4.236746256576285,0.505586083047092,sbm_k8_r1_rep0,1.0,0.45513596031441655,True,COMPLETED,sbm_k8_r1_rep0_q00_main,4.730682331676458,0.5524148340336978,True,0,38,-0.4939360751001729,no-refinement,-0.04682875098660588,0.9152290125073844
-0.0430622009569378,0.05304780897491997,812673025/15319634132,0.9569377990430622,0.5081837692893365,True,COMPLETED,sbm_k8_r1_rep0_q01_no-refinement,3.937135720233139,0.835206083022058,sbm_k8_r1_rep0,1.0,0.45513596031441655,True,COMPLETED,sbm_k8_r1_rep0_q01_main,4.273384545865341,0.8993909172713757,True,1,21,-0.3362488256322025,no-refinement,-0.06418483424931765,0.9286352207735816
-0.04761904761904767,0.06388801675557683,3885207817/60812778582,0.9523809523809523,0.5059261144187658,True,COMPLETED,sbm_k8_r1_rep1_q00_no-refinement,6.265712507778469,0.16650191694498062,sbm_k8_r1_rep1,1.0,0.4420380976631889,True,COMPLETED,sbm_k8_r1_rep1_q00_main,6.92186067827681,0.27132362499833107,True,0,5,-0.6561481704983416,no-refinement,-0.10482170805335045,0.6136653855557355
-0.0430622009569378,0.05742034678202947,2590126867/45108171792,0.9569377990430622,0.4994584444452184,True,COMPLETED,sbm_k8_r1_rep1_q01_no-refinement,5.626048657718121,0.14994349982589483,sbm_k8_r1_rep1,1.0,0.4420380976631889,True,COMPLETED,sbm_k8_r1_rep1_q01_main,6.146883593033913,0.24172295769676566,True,1,18,-0.5208349353157926,no-refinement,-0.09177945787087083,0.620311373212612
-0.0430622009569378,0.059531189760442124,11501217169/193196494397,0.9569377990430622,0.4910474292603062,True,COMPLETED,sbm_k8_r1_rep2_q00_no-refinement,4.260418784305753,0.1811770829372108,sbm_k8_r1_rep2,1.0,0.43151623949986406,True,COMPLETED,sbm_k8_r1_rep2_q00_main,4.674771358465313,0.25562133407220244,True,0,32,-0.41435257415955995,no-refinement,-0.07444425113499165,0.7087713691613696
-0.19999999999999996,0.18710253091664633,3086394041/16495736460,0.8,0.6186187704165104,True,COMPLETED,sbm_k8_r1_rep2_q01_no-refinement,1.4824561403508771,0.3990326668135822,sbm_k8_r1_rep2,1.0,0.43151623949986406,True,COMPLETED,sbm_k8_r1_rep2_q01_main,1.3194289538255632,0.40016125002875924,True,1,82,0.1630271865253139,no-refinement,-0.0011285832151770592,0.9971796789042019
-0.3023255813953488,0.2514418716933796,43544644204/173179764813,0.6976744186046512,0.740538850165207,True,COMPLETED,sbm_k8_r2_rep0_q00_no-refinement,2.3335178522003877,0.454690707847476,sbm_k8_r2_rep0,1.0,0.4890969784718274,True,COMPLETED,sbm_k8_r2_rep0_q00_main,1.4143600067102835,0.45780312502756715,True,0,51,0.9191578454901042,no-refinement,-0.0031124171800911427,0.9932014068713407
-0.28125,0.22519929247703377,1158592793/5144744374,0.71875,0.7142962709488612,True,COMPLETED,sbm_k8_r2_rep0_q01_no-refinement,2.4957651044607565,0.4269743333570659,sbm_k8_r2_rep0,1.0,0.4890969784718274,True,COMPLETED,sbm_k8_r2_rep0_q01_main,1.482972655594699,0.4549224581569433,True,1,56,1.0127924488660576,no-refinement,-0.027948124799877405,0.9385650800509928
-0.13186813186813184,0.14161644169125487,320225783/2261218960,0.8681318681318682,0.6280117130865263,True,COMPLETED,sbm_k8_r2_rep1_q00_no-refinement,1.0483054148811843,0.3527529169805348,sbm_k8_r2_rep1,1.0,0.4863952713952714,True,COMPLETED,sbm_k8_r2_rep1_q00_main,1.344155844155844,0.39997837506234646,True,0,36,-0.29585042927465977,no-refinement,-0.047225458081811666,0.8819299716529665
-0.24031007751937983,0.1903341870119981,1162523471/6107801700,0.7596899224806202,0.6767294584072695,True,COMPLETED,sbm_k8_r2_rep1_q01_no-refinement,2.3282855597620333,0.3733265418559313,sbm_k8_r2_rep1,1.0,0.4863952713952714,True,COMPLETED,sbm_k8_r2_rep1_q01_main,1.4335664335664335,0.3989607081748545,True,1,5,0.8947191261955998,no-refinement,-0.025634166318923235,0.9357476418262011
-0.3228346456692913,0.24789756068563784,130281280527/525544826527,0.6771653543307087,0.7469100117425158,True,COMPLETED,sbm_k8_r2_rep2_q00_no-refinement,2.2627900475258595,0.3118888330645859,sbm_k8_r2_rep2,1.0,0.49901245105687797,True,COMPLETED,sbm_k8_r2_rep2_q00_main,1.3314689916104623,0.3289012503810227,True,0,17,0.9313210559153973,no-refinement,-0.017012417316436768,0.9482749995728859
-0.27692307692307694,0.22031084329519368,8124570647/36877761101,0.7230769230769231,0.7193232943520717,True,COMPLETED,sbm_k8_r2_rep2_q01_no-refinement,2.2108897742363878,0.4874315829947591,sbm_k8_r2_rep2,1.0,0.49901245105687797,True,COMPLETED,sbm_k8_r2_rep2_q01_main,1.3693041618687285,0.48019604198634624,True,1,30,0.8415856123676593,no-refinement,0.007235541008412838,1.0150678897278762
-0.40246526311556174,0.24525922459070282,171617480401/699739146152,0.5644768856447688,0.8032297250351477,True,COMPLETED,sbm_k8_r3_rep0_q00_no-refinement,4.739867907535275,1.3393672499805689,sbm_k8_r3_rep0,0.9669421487603306,0.5579705004444449,True,COMPLETED,sbm_k8_r3_rep0_q00_main,3.1883077544426492,1.470810541883111,True,0,148,1.5515601530926255,no-refinement,-0.13144329190254211,0.9106320711202869
-0.2912290746907349,0.21159146042083415,1122307978261/5304127000347,0.706766917293233,0.7506564873392025,True,COMPLETED,sbm_k8_r3_rep0_q01_no-refinement,4.179054337784496,0.5966522498056293,sbm_k8_r3_rep0,0.9979959919839679,0.5390650269183683,True,COMPLETED,sbm_k8_r3_rep0_q01_main,4.738596324159603,0.8242152919992805,True,1,13,-0.5595419863751072,no-refinement,-0.2275630421936512,0.7239033970825066
-0.22413793103448276,0.1621663471800962,13274860709/81859528440,0.7758620689655172,0.692614927492001,True,COMPLETED,sbm_k8_r3_rep1_q00_no-refinement,5.080699394754539,0.8685342920944095,sbm_k8_r3_rep1,1.0,0.5304485803119049,True,COMPLETED,sbm_k8_r3_rep1_q00_main,4.341954022988506,1.001250292174518,True,0,146,0.7387453717660337,no-refinement,-0.13271600008010864,0.8674497264895916
-0.34883720930232553,0.23913762574084102,255063253/1066596075,0.6511627906976745,0.7695862060527459,True,COMPLETED,sbm_k8_r3_rep1_q01_no-refinement,4.955268817204301,1.0275104157626629,sbm_k8_r3_rep1,1.0,0.5304485803119049,True,COMPLETED,sbm_k8_r3_rep1_q01_main,4.414176245210728,1.2166581661440432,True,1,8,0.5410925719935733,no-refinement,-0.18914775038138032,0.8445350093848902
-0.4518843680232222,0.28512972303540296,1120914174613/3931242813552,0.5339168490153173,0.8243775706672289,True,COMPLETED,sbm_k8_r3_rep2_q00_no-refinement,5.541652382584847,0.4616720420308411,sbm_k8_r3_rep2,0.9858012170385395,0.5392478476318261,True,COMPLETED,sbm_k8_r3_rep2_q00_main,4.617691868215578,0.6432015411555767,True,0,82,0.9239605143692691,no-refinement,-0.1815294991247356,0.7177719773516098
-0.2778993435448578,0.1887033962010196,5028663761/26648506928,0.7221006564551422,0.7230601432965956,True,COMPLETED,sbm_k8_r3_rep2_q01_no-refinement,5.42292760904316,0.688773459289223,sbm_k8_r3_rep2,1.0,0.534356747095576,True,COMPLETED,sbm_k8_r3_rep2_q01_main,4.421748440554883,0.8902656668797135,True,1,13,1.0011791684882771,no-refinement,-0.20149220759049058,0.7736718205738526
-0.7983193277310925,0.1435310044414966,755398454/5262963615,0.20168067226890757,0.37051770526063194,True,COMPLETED,lfr_n1000_o00_m20_s11_q00_hull-best,2.0205128205128204,0.6815782501362264,lfr_n1000_o00_m20_s11,1.0,0.22698670081913533,True,COMPLETED,lfr_n1000_o00_m20_s11_q00_main,21.161125319693095,0.6640271251089871,True,0,550,-19.140612499180275,hull-best,0.017551125027239323,1.0264313374613403
0.0,0.0,0,1.0,0.22698670081913533,True,COMPLETED,lfr_n1000_o00_m20_s11_q01_hull-best,7.5038363171355495,0.2998349582776427,lfr_n1000_o00_m20_s11,1.0,0.22698670081913533,True,COMPLETED,lfr_n1000_o00_m20_s11_q01_main,7.5038363171355495,0.34656883403658867,True,1,381,0.0,hull-best,-0.04673387575894594,0.8651526878091639
0.0,0.0,0,1.0,0.24107032012059945,True,COMPLETED,lfr_n1000_o00_m20_s12_q00_hull-best,4.908333333333333,0.519272499717772,lfr_n1000_o00_m20_s12,1.0,0.24107032012059945,True,COMPLETED,lfr_n1000_o00_m20_s12_q00_main,4.908333333333333,0.4729446666315198,True,0,609,0.0,hull-best,0.04632783308625221,1.0979561381169927
0.0,0.0,0,1.0,0.24107032012059945,True,COMPLETED,lfr_n1000_o00_m20_s12_q01_hull-best,3.4630952380952382,0.4477003328502178,lfr_n1000_o00_m20_s12,1.0,0.24107032012059945,True,COMPLETED,lfr_n1000_o00_m20_s12_q01_main,3.4630952380952382,0.41246987506747246,True,1,416,0.0,hull-best,0.03523045778274536,1.085413408135521
0.0,0.0,0,1.0,0.5228045340436144,True,COMPLETED,lfr_n1000_o00_m50_s11_q00_hull-best,6.289795918367347,0.3962161662057042,lfr_n1000_o00_m50_s11,1.0,0.5228045340436144,True,COMPLETED,lfr_n1000_o00_m50_s11_q00_main,6.289795918367347,0.36907995818182826,True,0,599,0.0,hull-best,0.027136208023875952,1.0735239273287964
0.0,0.0,0,1.0,0.5228045340436144,True,COMPLETED,lfr_n1000_o00_m50_s11_q01_hull-best,12.83265306122449,0.6103426245972514,lfr_n1000_o00_m50_s11,1.0,0.5228045340436144,True,COMPLETED,lfr_n1000_o00_m50_s11_q01_main,12.83265306122449,0.5794138750061393,True,1,394,0.0,hull-best,0.030928749591112137,1.0533793734069354
0.0,0.0,0,1.0,0.5438934609505883,True,COMPLETED,lfr_n1000_o00_m50_s12_q00_hull-best,7.655913978494624,0.5668625421822071,lfr_n1000_o00_m50_s12,1.0,0.5438934609505883,True,COMPLETED,lfr_n1000_o00_m50_s12_q00_main,7.655913978494624,0.6270211250521243,True,0,523,0.0,hull-best,-0.060158582869917154,0.9040565294113238
0.0,0.0,0,1.0,0.5438934609505883,True,COMPLETED,lfr_n1000_o00_m50_s12_q01_hull-best,6.158900836320191,0.526077541988343,lfr_n1000_o00_m50_s12,1.0,0.5438934609505883,True,COMPLETED,lfr_n1000_o00_m50_s12_q01_main,6.158900836320191,0.5028406670317054,True,1,333,0.0,hull-best,0.02323687495663762,1.0462112085997461
0.0,0.0,0,1.0,0.4960019709855934,True,COMPLETED,sbm_k4_r0_rep0_q00_hull-best,1.1532084740558797,0.2855928330682218,sbm_k4_r0_rep0,1.0,0.4960019709855934,True,COMPLETED,sbm_k4_r0_rep0_q00_main,1.1532084740558797,0.28551187505945563,True,0,13,0.0,hull-best,8.095800876617432e-05,1.0002835539108463
-0.3197278911564626,0.17740200041517926,62617142853/352967512804,0.6802721088435374,0.6734039714007727,True,COMPLETED,sbm_k4_r0_rep0_q01_hull-best,1.539820904984547,0.2706760000437498,sbm_k4_r0_rep0,1.0,0.4960019709855934,True,COMPLETED,sbm_k4_r0_rep0_q01_main,2.9829597789376727,0.26039879210293293,True,1,97,-1.4431388739531257,hull-best,0.01027720794081688,1.0394671874543657
0.0,0.0,0,1.0,0.4868836118836119,True,COMPLETED,sbm_k4_r0_rep1_q00_hull-best,2.382173382173382,0.3152989582158625,sbm_k4_r0_rep1,1.0,0.4868836118836119,True,COMPLETED,sbm_k4_r0_rep1_q00_main,2.382173382173382,0.2870351248420775,True,0,55,0.0,hull-best,0.02826383337378502,1.0984682045074985
-0.5475113122171946,0.5014241733940268,7261992419/14482732992,0.45248868778280543,0.9883077852776386,True,COMPLETED,sbm_k4_r0_rep1_q01_hull-best,1.0,0.22921933326870203,sbm_k4_r0_rep1,1.0,0.4868836118836119,True,COMPLETED,sbm_k4_r0_rep1_q01_main,3.419261294261294,0.2144496669061482,True,1,67,-2.419261294261294,hull-best,0.014769666362553835,1.0688724145653146
0.0,0.0,0,1.0,0.48679123061799606,True,COMPLETED,sbm_k4_r0_rep2_q00_hull-best,1.1506784474597664,0.37030095933005214,sbm_k4_r0_rep2,1.0,0.48679123061799606,True,COMPLETED,sbm_k4_r0_rep2_q00_main,1.1506784474597664,0.34254141710698605,True,0,14,0.0,hull-best,0.02775954222306609,1.081039958488862
0.0,0.0,0,1.0,0.48679123061799606,True,COMPLETED,sbm_k4_r0_rep2_q01_hull-best,2.5763647838434838,0.2689998331479728,sbm_k4_r0_rep2,1.0,0.48679123061799606,True,COMPLETED,sbm_k4_r0_rep2_q01_main,2.5763647838434838,0.2517542503774166,True,1,88,0.0,hull-best,0.01724558277055621,1.068501654866611
0.0,0.0,0,1.0,0.4191931368412593,True,COMPLETED,sbm_k4_r1_rep0_q00_hull-best,2.546175637393768,0.1949401251040399,sbm_k4_r1_rep0,1.0,0.4191931368412593,True,COMPLETED,sbm_k4_r1_rep0_q00_main,2.546175637393768,0.1908959997817874,True,0,27,0.0,hull-best,0.004044125322252512,1.0211849663003696
-0.4897959183673469,0.39354542608199083,2538106871/6449336475,0.5102040816326531,0.8127385629232502,True,COMPLETED,sbm_k4_r1_rep0_q01_hull-best,1.2367354813814393,0.2280292077921331,sbm_k4_r1_rep0,1.0,0.4191931368412593,True,COMPLETED,sbm_k4_r1_rep0_q01_main,3.631728045325779,0.21883841697126627,True,1,49,-2.3949925639443395,hull-best,0.009190790820866823,1.0419980684747576
0.0,0.0,0,1.0,0.4210581697979021,True,COMPLETED,sbm_k4_r1_rep1_q00_hull-best,2.2878535773710484,0.2158241248689592,sbm_k4_r1_rep1,1.0,0.4210581697979021,True,COMPLETED,sbm_k4_r1_rep1_q00_main,2.2878535773710484,0.20578404096886516,True,0,85,0.0,hull-best,0.010040083900094032,1.0487894194944547
0.0,0.0,0,1.0,0.4210581697979021,True,COMPLETED,sbm_k4_r1_rep1_q01_hull-best,1.6209095951192456,0.25685591576620936,sbm_k4_r1_rep1,1.0,0.4210581697979021,True,COMPLETED,sbm_k4_r1_rep1_q01_main,1.6209095951192456,0.25448699994012713,True,1,2,0.0,hull-best,0.0023689158260822296,1.009308592685047
-0.5485327313769752,0.567818574371302,91103996351/160445607916,0.45146726862302483,0.9854480335589967,True,COMPLETED,sbm_k4_r1_rep2_q00_hull-best,1.0,0.16902008326724172,sbm_k4_r1_rep2,1.0,0.4176294591876948,True,COMPLETED,sbm_k4_r1_rep2_q00_main,3.462416481069042,0.1682867077179253,True,0,70,-2.462416481069042,hull-best,0.0007333755493164062,1.0043578934977186
0.0,0.0,0,1.0,0.4176294591876948,True,COMPLETED,sbm_k4_r1_rep2_q01_hull-best,1.0773942093541202,0.21170437475666404,sbm_k4_r1_rep2,1.0,0.4176294591876948,True,COMPLETED,sbm_k4_r1_rep2_q01_main,1.0773942093541202,0.19102470763027668,True,1,43,0.0,hull-best,0.020679667126387358,1.108256504527217
0.0,0.0,0,1.0,0.44040482005165554,True,COMPLETED,sbm_k4_r2_rep0_q00_hull-best,1.1111343658434492,0.24678083416074514,sbm_k4_r2_rep0,1.0,0.44040482005165554,True,COMPLETED,sbm_k4_r2_rep0_q00_main,1.1111343658434492,0.23521258402615786,True,0,51,0.0,hull-best,0.011568250134587288,1.04918210555138
0.0,0.0,0,1.0,0.44040482005165554,True,COMPLETED,sbm_k4_r2_rep0_q01_hull-best,1.1912934282126413,0.28726008301600814,sbm_k4_r2_rep0,1.0,0.44040482005165554,True,COMPLETED,sbm_k4_r2_rep0_q01_main,1.1912934282126413,0.28062945837154984,True,1,75,0.0,hull-best,0.006630624644458294,1.0236276857138762
-0.5865633074935401,0.5434312765412066,119108977/219179466,0.4134366925064599,0.9986774935907023,True,COMPLETED,sbm_k4_r2_rep1_q00_hull-best,1.0,0.21205754205584526,sbm_k4_r2_rep1,1.0,0.45524621704949575,True,COMPLETED,sbm_k4_r2_rep1_q00_main,3.8635299127102405,0.20859991712495685,True,0,25,-2.8635299127102405,hull-best,0.0034576249308884144,1.0165753897630612
0.0,0.0,0,1.0,0.45524621704949575,True,COMPLETED,sbm_k4_r2_rep1_q01_hull-best,1.17096018735363,0.46033145813271403,sbm_k4_r2_rep1,1.0,0.45524621704949575,True,COMPLETED,sbm_k4_r2_rep1_q01_main,1.17096018735363,0.28671474987640977,True,1,74,0.0,hull-best,0.17361670825630426,1.6055381117683791
0.0,0.0,0,1.0,0.4409753982288893,True,COMPLETED,sbm_k4_r2_rep2_q00_hull-best,1.1383701188455009,0.24435974983498454,sbm_k4_r2_rep2,1.0,0.4409753982288893,True,COMPLETED,sbm_k4_r2_rep2_q00_main,1.1383701188455009,0.23804612504318357,True,0,38,0.0,hull-best,0.006313624791800976,1.0265226950896833
0.0,0.0,0,1.0,0.4409753982288893,True,COMPLETED,sbm_k4_r2_rep2_q01_hull-best,1.2005517826825127,0.24222429189831018,sbm_k4_r2_rep2,1.0,0.4409753982288893,True,COMPLETED,sbm_k4_r2_rep2_q01_main,1.2005517826825127,0.25564691703766584,True,1,9,0.0,hull-best,-0.01342262513935566,0.9474954546884755
0.0,0.0,0,1.0,0.4691396784251302,True,COMPLETED,sbm_k4_r3_rep0_q00_hull-best,1.8559012470084393,1.1572785419411957,sbm_k4_r3_rep0,1.0,0.4691396784251302,True,COMPLETED,sbm_k4_r3_rep0_q00_main,1.8559012470084393,1.1888657910749316,True,0,214,0.0,hull-best,-0.031587249133735895,0.9734307695865521
0.0,0.0,0,1.0,0.4691396784251302,True,COMPLETED,sbm_k4_r3_rep0_q01_hull-best,1.6091447285552336,1.0319249997846782,sbm_k4_r3_rep0,1.0,0.4691396784251302,True,COMPLETED,sbm_k4_r3_rep0_q01_main,1.6091447285552336,1.0591747919097543,True,1,148,0.0,hull-best,-0.027249792125076056,0.9742726202198004
0.0,0.0,0,1.0,0.46940336756016154,True,COMPLETED,sbm_k4_r3_rep1_q00_hull-best,2.88484540017814,0.593792290892452,sbm_k4_r3_rep1,1.0,0.46940336756016154,True,COMPLETED,sbm_k4_r3_rep1_q00_main,2.88484540017814,0.6229464579373598,True,0,178,0.0,hull-best,-0.02915416704490781,0.9531995620595705
0.0,0.0,0,1.0,0.46940336756016154,True,COMPLETED,sbm_k4_r3_rep1_q01_hull-best,1.1870466980531875,0.9541197917424142,sbm_k4_r3_rep1,1.0,0.46940336756016154,True,COMPLETED,sbm_k4_r3_rep1_q01_main,1.1870466980531875,0.9565160828642547,True,1,109,0.0,hull-best,-0.002396291121840477,0.9974947717400999
0.0,0.0,0,1.0,0.4719079783274395,True,COMPLETED,sbm_k4_r3_rep2_q00_hull-best,2.2213255074590363,1.355770458932966,sbm_k4_r3_rep2,1.0,0.4719079783274395,True,COMPLETED,sbm_k4_r3_rep2_q00_main,2.2213255074590363,1.3769099158234894,True,0,77,0.0,hull-best,-0.021139456890523434,0.9846471750638236
0.0,0.0,0,1.0,0.4719079783274395,True,COMPLETED,sbm_k4_r3_rep2_q01_hull-best,1.7987282954267547,1.3698667078278959,sbm_k4_r3_rep2,1.0,0.4719079783274395,True,COMPLETED,sbm_k4_r3_rep2_q01_main,1.7987282954267547,1.3732666252180934,True,1,34,0.0,hull-best,-0.0033999173901975155,0.997524211738811
-0.7118155619596542,0.4327054915755643,55704556703/128735497440,0.2881844380403458,0.9693961391974562,True,COMPLETED,sbm_k8_r0_rep0_q00_hull-best,1.0,0.35437275003641844,sbm_k8_r0_rep0,1.0,0.5366906476218919,True,COMPLETED,sbm_k8_r0_rep0_q00_main,5.948900772430184,0.3513062088750303,True,0,3,-4.948900772430184,hull-best,0.003066541161388159,1.0087289694401018
0.0,0.0,0,1.0,0.5366906476218919,True,COMPLETED,sbm_k8_r0_rep0_q01_hull-best,1.3294117647058823,0.5377120417542756,sbm_k8_r0_rep0,1.0,0.5366906476218919,True,COMPLETED,sbm_k8_r0_rep0_q01_main,1.3294117647058823,0.49305333383381367,True,1,90,0.0,hull-best,0.04465870792046189,1.0905758157504202
-0.7652582159624413,0.45257977628202595,366485850914/809770719153,0.2347417840375587,0.9957149491853948,True,COMPLETED,sbm_k8_r0_rep1_q00_hull-best,1.0,0.5060657919384539,sbm_k8_r0_rep1,1.0,0.5431351729033689,True,COMPLETED,sbm_k8_r0_rep1_q00_main,7.5578783896786526,0.5074036251753569,True,0,42,-6.5578783896786526,hull-best,-0.0013378332369029522,0.9973633746971347
0.0,0.0,0,1.0,0.5431351729033689,True,COMPLETED,sbm_k8_r0_rep1_q01_hull-best,1.299366861784733,0.6175654591061175,sbm_k8_r0_rep1,1.0,0.5431351729033689,True,COMPLETED,sbm_k8_r0_rep1_q01_main,1.299366861784733,0.6330142500810325,True,1,61,0.0,hull-best,-0.015448790974915028,0.9755948764614107
0.0,0.0,0,1.0,0.5291951077122627,True,COMPLETED,sbm_k8_r0_rep2_q00_hull-best,3.387735849056604,0.2830332503654063,sbm_k8_r0_rep2,1.0,0.5291951077122627,True,COMPLETED,sbm_k8_r0_rep2_q00_main,3.387735849056604,0.26275454135611653,True,0,82,0.0,hull-best,0.02027870900928974,1.0771773873236528
0.0,0.0,0,1.0,0.5291951077122627,True,COMPLETED,sbm_k8_r0_rep2_q01_hull-best,1.4357311320754718,0.8557827919721603,sbm_k8_r0_rep2,1.0,0.5291951077122627,True,COMPLETED,sbm_k8_r0_rep2_q01_main,1.4357311320754718,0.8518950832076371,True,1,26,0.0,hull-best,0.0038877087645232677,1.0045636004258705
-0.4428969359331476,0.1873870983550404,160983984523/859098550200,0.5571030640668524,0.6425230586694569,True,COMPLETED,sbm_k8_r1_rep0_q00_hull-best,1.8653006681514477,0.5896055842749774,sbm_k8_r1_rep0,1.0,0.45513596031441655,True,COMPLETED,sbm_k8_r1_rep0_q00_main,4.730682331676458,0.5524148340336978,True,0,38,-2.8653816635250102,hull-best,0.0371907502412796,1.0673239528520897
0.0,0.0,0,1.0,0.45513596031441655,True,COMPLETED,sbm_k8_r1_rep0_q01_hull-best,4.273384545865341,0.9119248338975012,sbm_k8_r1_rep0,1.0,0.45513596031441655,True,COMPLETED,sbm_k8_r1_rep0_q01_main,4.273384545865341,0.8993909172713757,True,1,21,0.0,hull-best,0.012533916626125574,1.013936005340316
-0.7484276729559749,0.5470496256912286,208445266049/381035387394,0.25157232704402516,0.9890877233544175,True,COMPLETED,sbm_k8_r1_rep1_q00_hull-best,1.0,0.3152426667511463,sbm_k8_r1_rep1,1.0,0.4420380976631889,True,COMPLETED,sbm_k8_r1_rep1_q00_main,6.92186067827681,0.27132362499833107,True,0,5,-5.92186067827681,hull-best,0.04391904175281525,1.1618695819543374
-0.7198879551820728,0.5290174017637294,179005924301/338374359150,0.2801120448179272,0.9710554994269183,True,COMPLETED,sbm_k8_r1_rep1_q01_hull-best,1.0,0.2553792088292539,sbm_k8_r1_rep1,1.0,0.4420380976631889,True,COMPLETED,sbm_k8_r1_rep1_q01_main,6.146883593033913,0.24172295769676566,True,1,18,-5.146883593033913,hull-best,0.01365625113248825,1.056495465977293
0.0,0.0,0,1.0,0.43151623949986406,True,COMPLETED,sbm_k8_r1_rep2_q00_hull-best,4.674771358465313,0.2741441670805216,sbm_k8_r1_rep2,1.0,0.43151623949986406,True,COMPLETED,sbm_k8_r1_rep2_q00_main,4.674771358465313,0.25562133407220244,True,0,32,0.0,hull-best,0.01852283300831914,1.0724619996040206
0.0,0.0,0,1.0,0.43151623949986406,True,COMPLETED,sbm_k8_r1_rep2_q01_hull-best,1.3194289538255632,0.43373987497761846,sbm_k8_r1_rep2,1.0,0.43151623949986406,True,COMPLETED,sbm_k8_r1_rep2_q01_main,1.3194289538255632,0.40016125002875924,True,1,82,0.0,hull-best,0.033578624948859215,1.0839127350448
0.0,0.0,0,1.0,0.4890969784718274,True,COMPLETED,sbm_k8_r2_rep0_q00_hull-best,1.4143600067102835,0.4839262501336634,sbm_k8_r2_rep0,1.0,0.4890969784718274,True,COMPLETED,sbm_k8_r2_rep0_q00_main,1.4143600067102835,0.45780312502756715,True,0,51,0.0,hull-best,0.026123125106096268,1.0570619195850253
0.0,0.0,0,1.0,0.4890969784718274,True,COMPLETED,sbm_k8_r2_rep0_q01_hull-best,1.482972655594699,0.4347110828384757,sbm_k8_r2_rep0,1.0,0.4890969784718274,True,COMPLETED,sbm_k8_r2_rep0_q01_main,1.482972655594699,0.4549224581569433,True,1,56,0.0,hull-best,-0.020211375318467617,0.9555718233820523
0.0,0.0,0,1.0,0.4863952713952714,True,COMPLETED,sbm_k8_r2_rep1_q00_hull-best,1.344155844155844,0.3832493331283331,sbm_k8_r2_rep1,1.0,0.4863952713952714,True,COMPLETED,sbm_k8_r2_rep1_q00_main,1.344155844155844,0.39997837506234646,True,0,36,0.0,hull-best,-0.016729041934013367,0.9581751340146684
0.0,0.0,0,1.0,0.4863952713952714,True,COMPLETED,sbm_k8_r2_rep1_q01_hull-best,1.4335664335664335,0.39971462497487664,sbm_k8_r2_rep1,1.0,0.4863952713952714,True,COMPLETED,sbm_k8_r2_rep1_q01_main,1.4335664335664335,0.3989607081748545,True,1,5,0.0,hull-best,0.0007539168000221252,1.0018897018793431
0.0,0.0,0,1.0,0.49901245105687797,True,COMPLETED,sbm_k8_r2_rep2_q00_hull-best,1.3314689916104623,0.34723745798692107,sbm_k8_r2_rep2,1.0,0.49901245105687797,True,COMPLETED,sbm_k8_r2_rep2_q00_main,1.3314689916104623,0.3289012503810227,True,0,17,0.0,hull-best,0.01833620760589838,1.0557498871915398
0.0,0.0,0,1.0,0.49901245105687797,True,COMPLETED,sbm_k8_r2_rep2_q01_hull-best,1.3693041618687285,0.47472970793023705,sbm_k8_r2_rep2,1.0,0.49901245105687797,True,COMPLETED,sbm_k8_r2_rep2_q01_main,1.3693041618687285,0.48019604198634624,True,1,30,0.0,hull-best,-0.00546633405610919,0.9886164533270672
0.0,0.0,0,0.9669421487603306,0.5579705004444449,True,COMPLETED,sbm_k8_r3_rep0_q00_hull-best,3.1883077544426492,1.4957284172996879,sbm_k8_r3_rep0,0.9669421487603306,0.5579705004444449,True,COMPLETED,sbm_k8_r3_rep0_q00_main,3.1883077544426492,1.470810541883111,True,0,148,0.0,hull-best,0.024917875416576862,1.0169415942482123
-0.6443892027336143,0.41543526178710366,835180316477/2010374162473,0.3536067892503536,0.954500288705472,True,COMPLETED,sbm_k8_r3_rep0_q01_hull-best,1.002356827750136,0.8427611249499023,sbm_k8_r3_rep0,0.9979959919839679,0.5390650269183683,True,COMPLETED,sbm_k8_r3_rep0_q01_main,4.738596324159603,0.8242152919992805,True,1,13,-3.7362394964094676,hull-best,0.018545832950621843,1.022501199784386
0.0,0.0,0,1.0,0.5304485803119049,True,COMPLETED,sbm_k8_r3_rep1_q00_hull-best,4.341954022988506,1.018619874957949,sbm_k8_r3_rep1,1.0,0.5304485803119049,True,COMPLETED,sbm_k8_r3_rep1_q00_main,4.341954022988506,1.001250292174518,True,0,146,0.0,hull-best,0.017369582783430815,1.0173478928487576
-0.6237772761474794,0.41331545148182297,40113653951/97053361560,0.3762227238525207,0.9437640317937278,True,COMPLETED,sbm_k8_r3_rep1_q01_hull-best,1.0053667262969588,1.2541209170594811,sbm_k8_r3_rep1,1.0,0.5304485803119049,True,COMPLETED,sbm_k8_r3_rep1_q01_main,4.414176245210728,1.2166581661440432,True,1,8,-3.4088095189137686,hull-best,0.03746275091543794,1.0307915172543236
-0.6230918215541987,0.4139190990252339,1125440265797/2718986073480,0.36270939548434084,0.9531669466570599,True,COMPLETED,sbm_k8_r3_rep2_q00_hull-best,1.001548946716233,0.663143124897033,sbm_k8_r3_rep2,0.9858012170385395,0.5392478476318261,True,COMPLETED,sbm_k8_r3_rep2_q00_main,4.617691868215578,0.6432015411555767,True,0,82,-3.6161429214993452,hull-best,0.01994158374145627,1.0310036317786633
-0.6268656716417911,0.41608244454367405,9050464747307/21751614051472,0.373134328358209,0.9504391916392501,True,COMPLETED,sbm_k8_r3_rep2_q01_hull-best,1.0032106797346965,0.8925086669623852,sbm_k8_r3_rep2,1.0,0.534356747095576,True,COMPLETED,sbm_k8_r3_rep2_q01_main,4.421748440554883,0.8902656668797135,True,1,13,-3.418537760820187,hull-best,0.0022430000826716423,1.0025194727440554
0.0,0.0,0,1.0,0.22698670081913533,True,COMPLETED,lfr_n1000_o00_m20_s11_q00_conductance-sweep,21.161125319693095,0.6978148338384926,lfr_n1000_o00_m20_s11,1.0,0.22698670081913533,True,COMPLETED,lfr_n1000_o00_m20_s11_q00_main,21.161125319693095,0.6640271251089871,True,0,550,0.0,conductance-sweep,0.03378770872950554,1.0508830248823946
0.0,0.0,0,1.0,0.22698670081913533,True,COMPLETED,lfr_n1000_o00_m20_s11_q01_conductance-sweep,7.5038363171355495,0.2990902909077704,lfr_n1000_o00_m20_s11,1.0,0.22698670081913533,True,COMPLETED,lfr_n1000_o00_m20_s11_q01_main,7.5038363171355495,0.34656883403658867,True,1,381,0.0,conductance-sweep,-0.047478543128818274,0.863004002478175
0.0,0.0,0,1.0,0.24107032012059945,True,COMPLETED,lfr_n1000_o00_m20_s12_q00_conductance-sweep,4.908333333333333,0.5121015002951026,lfr_n1000_o00_m20_s12,1.0,0.24107032012059945,True,COMPLETED,lfr_n1000_o00_m20_s12_q00_main,4.908333333333333,0.4729446666315198,True,0,609,0.0,conductance-sweep,0.0391568336635828,1.0827936890428889
0.0,0.0,0,1.0,0.24107032012059945,True,COMPLETED,lfr_n1000_o00_m20_s12_q01_conductance-sweep,3.4630952380952382,0.4340128330513835,lfr_n1000_o00_m20_s12,1.0,0.24107032012059945,True,COMPLETED,lfr_n1000_o00_m20_s12_q01_main,3.4630952380952382,0.41246987506747246,True,1,416,0.0,conductance-sweep,0.021542957983911037,1.0522291669916184
0.0,0.0,0,1.0,0.5228045340436144,True,COMPLETED,lfr_n1000_o00_m50_s11_q00_conductance-sweep,6.289795918367347,0.39968016697093844,lfr_n1000_o00_m50_s11,1.0,0.5228045340436144,True,COMPLETED,lfr_n1000_o00_m50_s11_q00_main,6.289795918367347,0.36907995818182826,True,0,599,0.0,conductance-sweep,0.030600208789110184,1.082909429544356
0.0,0.0,0,1.0,0.5228045340436144,True,COMPLETED,lfr_n1000_o00_m50_s11_q01_conductance-sweep,12.83265306122449,0.6056541660800576,lfr_n1000_o00_m50_s11,1.0,0.5228045340436144,True,COMPLETED,lfr_n1000_o00_m50_s11_q01_main,12.83265306122449,0.5794138750061393,True,1,394,0.0,conductance-sweep,0.026240291073918343,1.0452876470616799
0.0,0.0,0,1.0,0.5438934609505883,True,COMPLETED,lfr_n1000_o00_m50_s12_q00_conductance-sweep,7.655913978494624,0.5925662922672927,lfr_n1000_o00_m50_s12,1.0,0.5438934609505883,True,COMPLETED,lfr_n1000_o00_m50_s12_q00_main,7.655913978494624,0.6270211250521243,True,0,523,0.0,conductance-sweep,-0.034454832784831524,0.9450499649721255
0.0,0.0,0,1.0,0.5438934609505883,True,COMPLETED,lfr_n1000_o00_m50_s12_q01_conductance-sweep,6.158900836320191,0.5110866250470281,lfr_n1000_o00_m50_s12,1.0,0.5438934609505883,True,COMPLETED,lfr_n1000_o00_m50_s12_q01_main,6.158900836320191,0.5028406670317054,True,1,333,0.0,conductance-sweep,0.008245958015322685,1.0163987492578892
0.0,0.0,0,1.0,0.4960019709855934,True,COMPLETED,sbm_k4_r0_rep0_q00_conductance-sweep,1.1532084740558797,0.2866906663402915,sbm_k4_r0_rep0,1.0,0.4960019709855934,True,COMPLETED,sbm_k4_r0_rep0_q00_main,1.1532084740558797,0.28551187505945563,True,0,13,0.0,conductance-sweep,0.001178791280835867,1.0041286944040082
0.0,0.0,0,1.0,0.4960019709855934,True,COMPLETED,sbm_k4_r0_rep0_q01_conductance-sweep,2.9829597789376727,0.2689590831287205,sbm_k4_r0_rep0,1.0,0.4960019709855934,True,COMPLETED,sbm_k4_r0_rep0_q01_main,2.9829597789376727,0.26039879210293293,True,1,97,0.0,conductance-sweep,0.008560291025787592,1.0328737739397953
0.0,0.0,0,1.0,0.4868836118836119,True,COMPLETED,sbm_k4_r0_rep1_q00_conductance-sweep,2.382173382173382,0.295051250141114,sbm_k4_r0_rep1,1.0,0.4868836118836119,True,COMPLETED,sbm_k4_r0_rep1_q00_main,2.382173382173382,0.2870351248420775,True,0,55,0.0,conductance-sweep,0.008016125299036503,1.027927332250528
0.0,0.0,0,1.0,0.4868836118836119,True,COMPLETED,sbm_k4_r0_rep1_q01_conductance-sweep,3.419261294261294,0.2964236671105027,sbm_k4_r0_rep1,1.0,0.4868836118836119,True,COMPLETED,sbm_k4_r0_rep1_q01_main,3.419261294261294,0.2144496669061482,True,1,67,0.0,conductance-sweep,0.08197400020435452,1.382252867943272
0.0,0.0,0,1.0,0.48679123061799606,True,COMPLETED,sbm_k4_r0_rep2_q00_conductance-sweep,1.1506784474597664,0.3400321248918772,sbm_k4_r0_rep2,1.0,0.48679123061799606,True,COMPLETED,sbm_k4_r0_rep2_q00_main,1.1506784474597664,0.34254141710698605,True,0,14,0.0,conductance-sweep,-0.0025092922151088715,0.9926744852161187
0.0,0.0,0,1.0,0.48679123061799606,True,COMPLETED,sbm_k4_r0_rep2_q01_conductance-sweep,2.5763647838434838,0.28035241598263383,sbm_k4_r0_rep2,1.0,0.48679123061799606,True,COMPLETED,sbm_k4_r0_rep2_q01_main,2.5763647838434838,0.2517542503774166,True,1,88,0.0,conductance-sweep,0.02859816560521722,1.1135955621894937
0.0,0.0,0,1.0,0.4191931368412593,True,COMPLETED,sbm_k4_r1_rep0_q00_conductance-sweep,2.546175637393768,0.188485958147794,sbm_k4_r1_rep0,1.0,0.4191931368412593,True,COMPLETED,sbm_k4_r1_rep0_q00_main,2.546175637393768,0.1908959997817874,True,0,27,0.0,conductance-sweep,-0.0024100416339933872,0.9873751066719664
0.0,0.0,0,1.0,0.4191931368412593,True,COMPLETED,sbm_k4_r1_rep0_q01_conductance-sweep,3.631728045325779,0.22502116626128554,sbm_k4_r1_rep0,1.0,0.4191931368412593,True,COMPLETED,sbm_k4_r1_rep0_q01_main,3.631728045325779,0.21883841697126627,True,1,49,0.0,conductance-sweep,0.006182749290019274,1.0282525772923639
0.0,0.0,0,1.0,0.4210581697979021,True,COMPLETED,sbm_k4_r1_rep1_q00_conductance-sweep,2.2878535773710484,0.20990674989297986,sbm_k4_r1_rep1,1.0,0.4210581697979021,True,COMPLETED,sbm_k4_r1_rep1_q00_main,2.2878535773710484,0.20578404096886516,True,0,85,0.0,conductance-sweep,0.004122708924114704,1.020034152817217
0.0,0.0,0,1.0,0.4210581697979021,True,COMPLETED,sbm_k4_r1_rep1_q01_conductance-sweep,1.6209095951192456,0.2571155419573188,sbm_k4_r1_rep1,1.0,0.4210581697979021,True,COMPLETED,sbm_k4_r1_rep1_q01_main,1.6209095951192456,0.25448699994012713,True,1,2,0.0,conductance-sweep,0.0026285420171916485,1.010328787002126
0.0,0.0,0,1.0,0.4176294591876948,True,COMPLETED,sbm_k4_r1_rep2_q00_conductance-sweep,3.462416481069042,0.1654475424438715,sbm_k4_r1_rep2,1.0,0.4176294591876948,True,COMPLETED,sbm_k4_r1_rep2_q00_main,3.462416481069042,0.1682867077179253,True,0,70,0.0,conductance-sweep,-0.002839165274053812,0.9831289986443095
0.0,0.0,0,1.0,0.4176294591876948,True,COMPLETED,sbm_k4_r1_rep2_q01_conductance-sweep,1.0773942093541202,0.2043999582529068,sbm_k4_r1_rep2,1.0,0.4176294591876948,True,COMPLETED,sbm_k4_r1_rep2_q01_main,1.0773942093541202,0.19102470763027668,True,1,43,0.0,conductance-sweep,0.01337525062263012,1.070018432633948
0.0,0.0,0,1.0,0.44040482005165554,True,COMPLETED,sbm_k4_r2_rep0_q00_conductance-sweep,1.1111343658434492,0.24188225017860532,sbm_k4_r2_rep0,1.0,0.44040482005165554,True,COMPLETED,sbm_k4_r2_rep0_q00_main,1.1111343658434492,0.23521258402615786,True,0,51,0.0,conductance-sweep,0.006669666152447462,1.0283559069769233
0.0,0.0,0,1.0,0.44040482005165554,True,COMPLETED,sbm_k4_r2_rep0_q01_conductance-sweep,1.1912934282126413,0.28070404194295406,sbm_k4_r2_rep0,1.0,0.44040482005165554,True,COMPLETED,sbm_k4_r2_rep0_q01_main,1.1912934282126413,0.28062945837154984,True,1,75,0.0,conductance-sweep,7.458357140421867e-05,1.000265772424025
0.0,0.0,0,1.0,0.45524621704949575,True,COMPLETED,sbm_k4_r2_rep1_q00_conductance-sweep,3.8635299127102405,0.20661150012165308,sbm_k4_r2_rep1,1.0,0.45524621704949575,True,COMPLETED,sbm_k4_r2_rep1_q00_main,3.8635299127102405,0.20859991712495685,True,0,25,0.0,conductance-sweep,-0.0019884170033037663,0.9904677958135877
0.0,0.0,0,1.0,0.45524621704949575,True,COMPLETED,sbm_k4_r2_rep1_q01_conductance-sweep,1.17096018735363,0.32359420880675316,sbm_k4_r2_rep1,1.0,0.45524621704949575,True,COMPLETED,sbm_k4_r2_rep1_q01_main,1.17096018735363,0.28671474987640977,True,1,74,0.0,conductance-sweep,0.03687945893034339,1.1286277003406364
0.0,0.0,0,1.0,0.4409753982288893,True,COMPLETED,sbm_k4_r2_rep2_q00_conductance-sweep,1.1383701188455009,0.23679804103448987,sbm_k4_r2_rep2,1.0,0.4409753982288893,True,COMPLETED,sbm_k4_r2_rep2_q00_main,1.1383701188455009,0.23804612504318357,True,0,38,0.0,conductance-sweep,-0.001248084008693695,0.9947569656575285
0.0,0.0,0,1.0,0.4409753982288893,True,COMPLETED,sbm_k4_r2_rep2_q01_conductance-sweep,1.2005517826825127,0.23983829095959663,sbm_k4_r2_rep2,1.0,0.4409753982288893,True,COMPLETED,sbm_k4_r2_rep2_q01_main,1.2005517826825127,0.25564691703766584,True,1,9,0.0,conductance-sweep,-0.01580862607806921,0.9381622659046577
0.0,0.0,0,1.0,0.4691396784251302,True,COMPLETED,sbm_k4_r3_rep0_q00_conductance-sweep,1.8559012470084393,1.1710370839573443,sbm_k4_r3_rep0,1.0,0.4691396784251302,True,COMPLETED,sbm_k4_r3_rep0_q00_main,1.8559012470084393,1.1888657910749316,True,0,214,0.0,conductance-sweep,-0.017828707117587328,0.9850035998584271
0.0,0.0,0,1.0,0.4691396784251302,True,COMPLETED,sbm_k4_r3_rep0_q01_conductance-sweep,1.6091447285552336,1.0441762092523277,sbm_k4_r3_rep0,1.0,0.4691396784251302,True,COMPLETED,sbm_k4_r3_rep0_q01_main,1.6091447285552336,1.0591747919097543,True,1,148,0.0,conductance-sweep,-0.014998582657426596,0.9858393696942284
0.0,0.0,0,1.0,0.46940336756016154,True,COMPLETED,sbm_k4_r3_rep1_q00_conductance-sweep,2.88484540017814,0.6120633748359978,sbm_k4_r3_rep1,1.0,0.46940336756016154,True,COMPLETED,sbm_k4_r3_rep1_q00_main,2.88484540017814,0.6229464579373598,True,0,178,0.0,conductance-sweep,-0.01088308310136199,0.9825296653304731
0.0,0.0,0,1.0,0.46940336756016154,True,COMPLETED,sbm_k4_r3_rep1_q01_conductance-sweep,1.1870466980531875,0.9471432501450181,sbm_k4_r3_rep1,1.0,0.46940336756016154,True,COMPLETED,sbm_k4_r3_rep1_q01_main,1.1870466980531875,0.9565160828642547,True,1,109,0.0,conductance-sweep,-0.009372832719236612,0.9902010714852071
0.0,0.0,0,1.0,0.4719079783274395,True,COMPLETED,sbm_k4_r3_rep2_q00_conductance-sweep,2.2213255074590363,1.3297275002114475,sbm_k4_r3_rep2,1.0,0.4719079783274395,True,COMPLETED,sbm_k4_r3_rep2_q00_main,2.2213255074590363,1.3769099158234894,True,0,77,0.0,conductance-sweep,-0.04718241561204195,0.9657331136410449
0.0,0.0,0,1.0,0.4719079783274395,True,COMPLETED,sbm_k4_r3_rep2_q01_conductance-sweep,1.7987282954267547,1.3717881659977138,sbm_k4_r3_rep2,1.0,0.4719079783274395,True,COMPLETED,sbm_k4_r3_rep2_q01_main,1.7987282954267547,1.3732666252180934,True,1,34,0.0,conductance-sweep,-0.001478459220379591,0.9989233997293535
0.0,0.0,0,1.0,0.5366906476218919,True,COMPLETED,sbm_k8_r0_rep0_q00_conductance-sweep,5.948900772430184,0.3638877500779927,sbm_k8_r0_rep0,1.0,0.5366906476218919,True,COMPLETED,sbm_k8_r0_rep0_q00_main,5.948900772430184,0.3513062088750303,True,0,3,0.0,conductance-sweep,0.012581541202962399,1.0358136033042273
0.0,0.0,0,1.0,0.5366906476218919,True,COMPLETED,sbm_k8_r0_rep0_q01_conductance-sweep,1.3294117647058823,0.4958165418356657,sbm_k8_r0_rep0,1.0,0.5366906476218919,True,COMPLETED,sbm_k8_r0_rep0_q01_main,1.3294117647058823,0.49305333383381367,True,1,90,0.0,conductance-sweep,0.0027632080018520355,1.0056042781018562
0.0,0.0,0,1.0,0.5431351729033689,True,COMPLETED,sbm_k8_r0_rep1_q00_conductance-sweep,7.5578783896786526,0.5056427498348057,sbm_k8_r0_rep1,1.0,0.5431351729033689,True,COMPLETED,sbm_k8_r0_rep1_q00_main,7.5578783896786526,0.5074036251753569,True,0,42,0.0,conductance-sweep,-0.001760875340551138,0.9965296358693878
0.0,0.0,0,1.0,0.5431351729033689,True,COMPLETED,sbm_k8_r0_rep1_q01_conductance-sweep,1.299366861784733,0.6206272910349071,sbm_k8_r0_rep1,1.0,0.5431351729033689,True,COMPLETED,sbm_k8_r0_rep1_q01_main,1.299366861784733,0.6330142500810325,True,1,61,0.0,conductance-sweep,-0.012386959046125412,0.9804317848381142
0.0,0.0,0,1.0,0.5291951077122627,True,COMPLETED,sbm_k8_r0_rep2_q00_conductance-sweep,3.387735849056604,0.25745616713538766,sbm_k8_r0_rep2,1.0,0.5291951077122627,True,COMPLETED,sbm_k8_r0_rep2_q00_main,3.387735849056604,0.26275454135611653,True,0,82,0.0,conductance-sweep,-0.005298374220728874,0.979835270616511
0.0,0.0,0,1.0,0.5291951077122627,True,COMPLETED,sbm_k8_r0_rep2_q01_conductance-sweep,1.4357311320754718,0.8483048747293651,sbm_k8_r0_rep2,1.0,0.5291951077122627,True,COMPLETED,sbm_k8_r0_rep2_q01_main,1.4357311320754718,0.8518950832076371,True,1,26,0.0,conductance-sweep,-0.003590208478271961,0.9957856213176466
0.0,0.0,0,1.0,0.45513596031441655,True,COMPLETED,sbm_k8_r1_rep0_q00_conductance-sweep,4.730682331676458,0.5657906667329371,sbm_k8_r1_rep0,1.0,0.45513596031441655,True,COMPLETED,sbm_k8_r1_rep0_q00_main,4.730682331676458,0.5524148340336978,True,0,38,0.0,conductance-sweep,0.013375832699239254,1.0242133843538737
0.0,0.0,0,1.0,0.45513596031441655,True,COMPLETED,sbm_k8_r1_rep0_q01_conductance-sweep,4.273384545865341,0.9189964579418302,sbm_k8_r1_rep0,1.0,0.45513596031441655,True,COMPLETED,sbm_k8_r1_rep0_q01_main,4.273384545865341,0.8993909172713757,True,1,21,0.0,conductance-sweep,0.019605540670454502,1.021798686526583
0.0,0.0,0,1.0,0.4420380976631889,True,COMPLETED,sbm_k8_r1_rep1_q00_conductance-sweep,6.92186067827681,0.2929852092638612,sbm_k8_r1_rep1,1.0,0.4420380976631889,True,COMPLETED,sbm_k8_r1_rep1_q00_main,6.92186067827681,0.27132362499833107,True,0,5,0.0,conductance-sweep,0.02166158426553011,1.0798367052101097
0.0,0.0,0,1.0,0.4420380976631889,True,COMPLETED,sbm_k8_r1_rep1_q01_conductance-sweep,6.146883593033913,0.24716841708868742,sbm_k8_r1_rep1,1.0,0.4420380976631889,True,COMPLETED,sbm_k8_r1_rep1_q01_main,6.146883593033913,0.24172295769676566,True,1,18,0.0,conductance-sweep,0.005445459391921759,1.0225276880765
0.0,0.0,0,1.0,0.43151623949986406,True,COMPLETED,sbm_k8_r1_rep2_q00_conductance-sweep,4.674771358465313,0.24498291686177254,sbm_k8_r1_rep2,1.0,0.43151623949986406,True,COMPLETED,sbm_k8_r1_rep2_q00_main,4.674771358465313,0.25562133407220244,True,0,32,0.0,conductance-sweep,-0.010638417210429907,0.9583821231156512
0.0,0.0,0,1.0,0.43151623949986406,True,COMPLETED,sbm_k8_r1_rep2_q01_conductance-sweep,1.3194289538255632,0.40751349972561,sbm_k8_r1_rep2,1.0,0.43151623949986406,True,COMPLETED,sbm_k8_r1_rep2_q01_main,1.3194289538255632,0.40016125002875924,True,1,82,0.0,conductance-sweep,0.007352249696850777,1.0183732175374862
0.0,0.0,0,1.0,0.4890969784718274,True,COMPLETED,sbm_k8_r2_rep0_q00_conductance-sweep,1.4143600067102835,0.47121616685763,sbm_k8_r2_rep0,1.0,0.4890969784718274,True,COMPLETED,sbm_k8_r2_rep0_q00_main,1.4143600067102835,0.45780312502756715,True,0,51,0.0,conductance-sweep,0.013413041830062866,1.029298711819093
0.0,0.0,0,1.0,0.4890969784718274,True,COMPLETED,sbm_k8_r2_rep0_q01_conductance-sweep,1.482972655594699,0.4519444997422397,sbm_k8_r2_rep0,1.0,0.4890969784718274,True,COMPLETED,sbm_k8_r2_rep0_q01_main,1.482972655594699,0.4549224581569433,True,1,56,0.0,conductance-sweep,-0.0029779584147036076,0.9934539208577031
0.0,0.0,0,1.0,0.4863952713952714,True,COMPLETED,sbm_k8_r2_rep1_q00_conductance-sweep,1.344155844155844,0.3891975418664515,sbm_k8_r2_rep1,1.0,0.4863952713952714,True,COMPLETED,sbm_k8_r2_rep1_q00_main,1.344155844155844,0.39997837506234646,True,0,36,0.0,conductance-sweep,-0.010780833195894957,0.9730464598386988
0.0,0.0,0,1.0,0.4863952713952714,True,COMPLETED,sbm_k8_r2_rep1_q01_conductance-sweep,1.4335664335664335,0.3841410418972373,sbm_k8_r2_rep1,1.0,0.4863952713952714,True,COMPLETED,sbm_k8_r2_rep1_q01_main,1.4335664335664335,0.3989607081748545,True,1,5,0.0,conductance-sweep,-0.014819666277617216,0.9628543213054401
0.0,0.0,0,1.0,0.49901245105687797,True,COMPLETED,sbm_k8_r2_rep2_q00_conductance-sweep,1.3314689916104623,0.3578307079151273,sbm_k8_r2_rep2,1.0,0.49901245105687797,True,COMPLETED,sbm_k8_r2_rep2_q00_main,1.3314689916104623,0.3289012503810227,True,0,17,0.0,conductance-sweep,0.028929457534104586,1.0879578824969216
0.0,0.0,0,1.0,0.49901245105687797,True,COMPLETED,sbm_k8_r2_rep2_q01_conductance-sweep,1.3693041618687285,0.4843332078307867,sbm_k8_r2_rep2,1.0,0.49901245105687797,True,COMPLETED,sbm_k8_r2_rep2_q01_main,1.3693041618687285,0.48019604198634624,True,1,30,0.0,conductance-sweep,0.00413716584444046,1.008615576728469
0.0,0.0,0,0.9669421487603306,0.5579705004444449,True,COMPLETED,sbm_k8_r3_rep0_q00_conductance-sweep,3.1883077544426492,1.4486274998635054,sbm_k8_r3_rep0,0.9669421487603306,0.5579705004444449,True,COMPLETED,sbm_k8_r3_rep0_q00_main,3.1883077544426492,1.470810541883111,True,0,148,0.0,conductance-sweep,-0.022183042019605637,0.984917811378205
0.0,0.0,0,0.9979959919839679,0.5390650269183683,True,COMPLETED,sbm_k8_r3_rep0_q01_conductance-sweep,4.738596324159603,0.8175619579851627,sbm_k8_r3_rep0,0.9979959919839679,0.5390650269183683,True,COMPLETED,sbm_k8_r3_rep0_q01_main,4.738596324159603,0.8242152919992805,True,1,13,0.0,conductance-sweep,-0.006653334014117718,0.9919276746273672
0.0,0.0,0,1.0,0.5304485803119049,True,COMPLETED,sbm_k8_r3_rep1_q00_conductance-sweep,4.341954022988506,0.9975787498988211,sbm_k8_r3_rep1,1.0,0.5304485803119049,True,COMPLETED,sbm_k8_r3_rep1_q00_main,4.341954022988506,1.001250292174518,True,0,146,0.0,conductance-sweep,-0.003671542275696993,0.9963330424925788
0.0,0.0,0,1.0,0.5304485803119049,True,COMPLETED,sbm_k8_r3_rep1_q01_conductance-sweep,4.414176245210728,1.2417834582738578,sbm_k8_r3_rep1,1.0,0.5304485803119049,True,COMPLETED,sbm_k8_r3_rep1_q01_main,4.414176245210728,1.2166581661440432,True,1,8,0.0,conductance-sweep,0.025125292129814625,1.0206510693216684
0.0,0.0,0,0.9858012170385395,0.5392478476318261,True,COMPLETED,sbm_k8_r3_rep2_q00_conductance-sweep,4.617691868215578,0.6700982498005033,sbm_k8_r3_rep2,0.9858012170385395,0.5392478476318261,True,COMPLETED,sbm_k8_r3_rep2_q00_main,4.617691868215578,0.6432015411555767,True,0,82,0.0,conductance-sweep,0.026896708644926548,1.0418169219504727
0.0,0.0,0,1.0,0.534356747095576,True,COMPLETED,sbm_k8_r3_rep2_q01_conductance-sweep,4.421748440554883,0.8839884586632252,sbm_k8_r3_rep2,1.0,0.534356747095576,True,COMPLETED,sbm_k8_r3_rep2_q01_main,4.421748440554883,0.8902656668797135,True,1,13,0.0,conductance-sweep,-0.006277208216488361,0.9929490617800759
