job_id,case_id,information_policy,device,seed,run_status,epoch,checkpoint_path,checkpoint_sha256,observation_elapsed_from_adapter_entry_seconds,snapshot_creation_elapsed_from_adapter_entry_seconds,training_reconstruction_loss,matched_macro_f1,matched_membership_micro_f1,at_least_two_correct_recall,small_group_mean_matched_f1,predicted_groups,pred_node_coverage
lfr_n5000_o40_m50_s11__nocd_graph_oracleK__s73,lfr_n5000_o40_m50_s11,oracle_K,cpu,73,COMPLETED,0,work/baseline73_v2/lfr_n5000_o40_m50_s11__nocd_graph_oracleK__s73/checkpoints/epoch_0000.json,c76b9b3b0312edaec4deeec2ffaa510f5c22ce4541c91260de666858056bef9f,1.9264159998856485,1.9538396657444537,0.8956236243247986,0.13137266375807574,0.12871059795978615,0.032,0.13138944607207867,149,0.9546
lfr_n5000_o40_m50_s11__nocd_graph_oracleK__s73,lfr_n5000_o40_m50_s11,oracle_K,cpu,73,COMPLETED,25,work/baseline73_v2/lfr_n5000_o40_m50_s11__nocd_graph_oracleK__s73/checkpoints/epoch_0025.json,1c1a42455dac468d1c56386da1cf44c8e2157ba2eaf1131cbc982909b8dae3a4,3.293049832805991,3.3080917499028146,0.514194667339325,0.12789927938198367,0.13614800759013282,0.009,0.09676086460937468,123,0.186
lfr_n5000_o40_m50_s11__nocd_graph_oracleK__s73,lfr_n5000_o40_m50_s11,oracle_K,cpu,73,COMPLETED,50,work/baseline73_v2/lfr_n5000_o40_m50_s11__nocd_graph_oracleK__s73/checkpoints/epoch_0050.json,2070b582ad6f7d37fc4f74ba69996c225fa8937e8a375b43aeb4942bafd6de9c,4.635848457925022,4.650061207823455,0.45813804864883423,0.2305800503688137,0.2607592642928332,0.0195,0.18118136001503013,145,0.4198
lfr_n5000_o40_m50_s11__nocd_graph_oracleK__s73,lfr_n5000_o40_m50_s11,oracle_K,cpu,73,COMPLETED,75,work/baseline73_v2/lfr_n5000_o40_m50_s11__nocd_graph_oracleK__s73/checkpoints/epoch_0075.json,22785fe5fa7b7e5bfbe5929199e9bec2b614b89683952a585db1181c5cb2500d,5.929425249807537,5.945911999791861,0.4476012885570526,0.27015767794980006,0.32015380757335116,0.035,0.18230938701513102,145,0.5184
lfr_n5000_o40_m50_s11__nocd_graph_oracleK__s73,lfr_n5000_o40_m50_s11,oracle_K,cpu,73,COMPLETED,100,work/baseline73_v2/lfr_n5000_o40_m50_s11__nocd_graph_oracleK__s73/checkpoints/epoch_0100.json,60634303920999f0e14ac389ad9bf45122ccafe03bd145f4287b7f2a280d8a39,7.253435791004449,7.267195750027895,0.4454765319824219,0.27804124803511693,0.3362903882151868,0.036,0.1520266592647184,141,0.5514
lfr_n5000_o40_m50_s11__nocd_graph_oracleK__s73,lfr_n5000_o40_m50_s11,oracle_K,cpu,73,COMPLETED,125,work/baseline73_v2/lfr_n5000_o40_m50_s11__nocd_graph_oracleK__s73/checkpoints/epoch_0125.json,a4833ee8ee97aa070b9940c7cbd0bf82ad7d1c2fb208ac87d6239417b570d99e,8.57137225009501,8.584652333054692,0.4448455572128296,0.2677693922463206,0.3393747526711516,0.0465,0.1567289517740356,140,0.5728
lfr_n5000_o40_m50_s11__nocd_graph_oracleK__s73,lfr_n5000_o40_m50_s11,oracle_K,cpu,73,COMPLETED,150,work/baseline73_v2/lfr_n5000_o40_m50_s11__nocd_graph_oracleK__s73/checkpoints/epoch_0150.json,2980532e19da024246007d90d3a0c8e7aaeafcf427154bd3c97f60039c0da5c5,9.847906415816396,9.862004582770169,0.4434989094734192,0.2562489897331229,0.32870544090056286,0.046,0.13887621160483787,138,0.6078
lfr_n5000_o40_m50_s11__nocd_graph_oracleK__s73,lfr_n5000_o40_m50_s11,oracle_K,cpu,73,COMPLETED,175,work/baseline73_v2/lfr_n5000_o40_m50_s11__nocd_graph_oracleK__s73/checkpoints/epoch_0175.json,bdc6ba1f6de1ba22ec6543211d1a9bc4ebd60a92401543a1c729d285c325acc6,11.184624874964356,11.201955541037023,0.44020864367485046,0.24452412914245167,0.3169652265542677,0.056,0.12881149901465144,129,0.6568
lfr_n5000_o40_m50_s11__nocd_graph_oracleK__s73,lfr_n5000_o40_m50_s11,oracle_K,cpu,73,COMPLETED,200,work/baseline73_v2/lfr_n5000_o40_m50_s11__nocd_graph_oracleK__s73/checkpoints/epoch_0200.json,cb511380b8d68e5ccbfd9fadf2e61655740ff2e7097a079ca8312ea7f8c26677,12.495778208132833,12.513631790876389,0.43649572134017944,0.23060985516922122,0.3016284479893652,0.052,0.10349172885353083,126,0.7064
lfr_n5000_o40_m50_s11__nocd_graph_oracleK__s73,lfr_n5000_o40_m50_s11,oracle_K,cpu,73,COMPLETED,225,work/baseline73_v2/lfr_n5000_o40_m50_s11__nocd_graph_oracleK__s73/checkpoints/epoch_0225.json,e92ffede4ca6aca208c04aa71918c1c31328b7cf4fe16acc4770775f6bec9d14,13.76750445785001,13.781710249837488,0.43055540323257446,0.22313901475519066,0.29395897371557617,0.049,0.0879685591406046,117,0.7522
lfr_n5000_o40_m50_s11__nocd_graph_oracleK__s73,lfr_n5000_o40_m50_s11,oracle_K,cpu,73,COMPLETED,250,work/baseline73_v2/lfr_n5000_o40_m50_s11__nocd_graph_oracleK__s73/checkpoints/epoch_0250.json,4117b6e6bdb9a724513627b5fd6c97fbb70dcf7c0c8928f69867f2a39625144a,15.03162391576916,15.050486708059907,0.42616671323776245,0.22087106182844557,0.2953531266734099,0.061,0.08212164881447752,112,0.789
lfr_n5000_o40_m50_s11__nocd_graph_oracleK__s73,lfr_n5000_o40_m50_s11,oracle_K,cpu,73,COMPLETED,275,work/baseline73_v2/lfr_n5000_o40_m50_s11__nocd_graph_oracleK__s73/checkpoints/epoch_0275.json,4ce009d04c25fd4598b8e0860bff0131b75eadbe3df648b2fdef24423a0dc9d0,16.246251749806106,16.261103957891464,0.4242110550403595,0.21626280160294725,0.293853248496877,0.0605,0.051843172291656706,108,0.8054
lfr_n5000_o40_m50_s11__nocd_graph_oracleK__s73,lfr_n5000_o40_m50_s11,oracle_K,cpu,73,COMPLETED,300,work/baseline73_v2/lfr_n5000_o40_m50_s11__nocd_graph_oracleK__s73/checkpoints/epoch_0300.json,e9490e971f566f67c5133ca3f6f9276e87e4417fda5e4f685dac81c19588528b,17.562872041016817,17.576710333116353,0.4216308295726776,0.21916242991561533,0.2883110906580764,0.0575,0.04929938794297253,103,0.8154
lfr_n5000_o40_m50_s11__nocd_graph_oracleK__s73,lfr_n5000_o40_m50_s11,oracle_K,cpu,73,COMPLETED,325,work/baseline73_v2/lfr_n5000_o40_m50_s11__nocd_graph_oracleK__s73/checkpoints/epoch_0325.json,76ee38e4544b273ac7ff36851125cdefd665649548432874c4b8db50fafe14b2,18.889700999949127,18.905528374947608,0.4205169081687927,0.21818565051564578,0.2924109682557743,0.0575,0.05527426055175426,104,0.8304
lfr_n5000_o40_m50_s11__nocd_graph_oracleK__s73,lfr_n5000_o40_m50_s11,oracle_K,cpu,73,COMPLETED,350,work/baseline73_v2/lfr_n5000_o40_m50_s11__nocd_graph_oracleK__s73/checkpoints/epoch_0350.json,e09761318a0d133f4168e57f5345690c5ea2ba5e79c41e2315b0b27e5beff792,20.167216583155096,20.183425332885236,0.4196128845214844,0.2183346040716338,0.2928042507489684,0.059,0.0533647538784874,105,0.83
lfr_n5000_o40_m50_s11__nocd_graph_oracleK__s73,lfr_n5000_o40_m50_s11,oracle_K,cpu,73,COMPLETED,375,work/baseline73_v2/lfr_n5000_o40_m50_s11__nocd_graph_oracleK__s73/checkpoints/epoch_0375.json,759dbd5bd9c5c56eecde5e0a38117054bff00ac5798c513bd918a4c876b523c2,21.509270874783397,21.523843832779676,0.418801486492157,0.21647175302953922,0.2944300079087109,0.054,0.05933572006494957,106,0.837
lfr_n5000_o40_m50_s11__nocd_graph_oracleK__s73,lfr_n5000_o40_m50_s11,oracle_K,cpu,73,COMPLETED,400,work/baseline73_v2/lfr_n5000_o40_m50_s11__nocd_graph_oracleK__s73/checkpoints/epoch_0400.json,2445aa2f2603258b66b4edfa2b8eaac5a4ef113f30c3048fc4de84ab37ada738,22.828547957818955,22.84363070782274,0.4185236692428589,0.2179319883597255,0.2921701984149289,0.062,0.07261784396774167,105,0.8396
lfr_n5000_o40_m50_s11__nocd_graph_oracleK__s73,lfr_n5000_o40_m50_s11,oracle_K,cpu,73,COMPLETED,425,work/baseline73_v2/lfr_n5000_o40_m50_s11__nocd_graph_oracleK__s73/checkpoints/epoch_0425.json,651bea0c1898292f056a685b7352aae027e15ce60179ef5d7c3698b920052d55,24.09916920773685,24.100159916095436,0.418710321187973,0.22054203817540918,0.29304607749139927,0.0585,0.07257991148511021,102,0.8386
lfr_n5000_o40_m50_s11__nocd_graph_oracleK__s73,lfr_n5000_o40_m50_s11,oracle_K,cpu,73,COMPLETED,450,work/baseline73_v2/lfr_n5000_o40_m50_s11__nocd_graph_oracleK__s73/checkpoints/epoch_0450.json,4ff3a5861dfd7e9420d365ff81f04d6d78aa1c7a8e313e7bf70cf8d3f91f1ae7,25.43637566594407,25.437340666074306,0.4189758896827698,0.21617740659335963,0.2927769588388706,0.0575,0.07050593608187884,107,0.8334
lfr_n5000_o40_m50_s11__nocd_graph_oracleK__s73,lfr_n5000_o40_m50_s11,oracle_K,cpu,73,COMPLETED,475,work/baseline73_v2/lfr_n5000_o40_m50_s11__nocd_graph_oracleK__s73/checkpoints/epoch_0475.json,d2a45d9dc4722df9599e4a51f8b53b778e4e0a8c975d716f03679cdf0a5e78fb,26.702928749844432,26.70397474989295,0.41889095306396484,0.21594709856894825,0.29391853774117116,0.057,0.057694760702275666,103,0.8376
lfr_n5000_o40_m50_s11__nocd_graph_oracleK__s73,lfr_n5000_o40_m50_s11,oracle_K,cpu,73,COMPLETED,500,work/baseline73_v2/lfr_n5000_o40_m50_s11__nocd_graph_oracleK__s73/checkpoints/epoch_0500.json,7ea554aafbb632a2f75d50e1635c5835a76e6485f970b92dee43cb54485cf4b5,28.014512041117996,28.015565915964544,0.41867685317993164,0.21629671577137582,0.2920981539846916,0.0615,0.06022105467901849,105,0.84
lfr_n1000_o20_m50_s11__nocd_graph_oracleK__s73,lfr_n1000_o20_m50_s11,oracle_K,cpu,73,COMPLETED,0,work/baseline73_v2/lfr_n1000_o20_m50_s11__nocd_graph_oracleK__s73/checkpoints/epoch_0000.json,d9e9fc911dc062921b16eda781c2c37f87125e19b7ca088a9aba2a2ead9fb31c,1.4731887499801815,1.4766651657409966,0.6566721200942993,0.24894736158844685,0.24355300859598855,0.1,0.2872103766605679,24,0.924
lfr_n1000_o20_m50_s11__nocd_graph_oracleK__s73,lfr_n1000_o20_m50_s11,oracle_K,cpu,73,COMPLETED,25,work/baseline73_v2/lfr_n1000_o20_m50_s11__nocd_graph_oracleK__s73/checkpoints/epoch_0025.json,be006292ae70f988e9429b3c2398568405ed18353e1d5abb232fbc45fbbe1c5f,1.6839649160392582,1.687124665826559,0.5000981688499451,0.442702404660821,0.46067746686303385,0.16,0.30123873877770707,24,0.944
lfr_n1000_o20_m50_s11__nocd_graph_oracleK__s73,lfr_n1000_o20_m50_s11,oracle_K,cpu,73,COMPLETED,50,work/baseline73_v2/lfr_n1000_o20_m50_s11__nocd_graph_oracleK__s73/checkpoints/epoch_0050.json,46ba3b022d31dd1c5d7b484542cd157594c2ebd7d5f8152d1e0ed83f7a79581e,1.9101770827546716,1.9133696658536792,0.4473559260368347,0.573989561875872,0.5858461538461538,0.305,0.3639359664812871,24,0.989
lfr_n1000_o20_m50_s11__nocd_graph_oracleK__s73,lfr_n1000_o20_m50_s11,oracle_K,cpu,73,COMPLETED,75,work/baseline73_v2/lfr_n1000_o20_m50_s11__nocd_graph_oracleK__s73/checkpoints/epoch_0075.json,656770c87b1a30216918a7dc54b7341f2dd96670f75a99ae7e6adb9bc9adb14e,2.1351062078028917,2.1381774581968784,0.41514867544174194,0.6448422307335365,0.6662404092071611,0.52,0.41969735559683663,24,0.994
lfr_n1000_o20_m50_s11__nocd_graph_oracleK__s73,lfr_n1000_o20_m50_s11,oracle_K,cpu,73,COMPLETED,100,work/baseline73_v2/lfr_n1000_o20_m50_s11__nocd_graph_oracleK__s73/checkpoints/epoch_0100.json,db9d649a7671f0015dd81fa9ed0e868042653afc2d78f1daeb85bc7aeb3df456,2.3253457909449935,2.328551750164479,0.3998468220233917,0.7085250976610494,0.7275838466803559,0.595,0.5229247073509369,24,0.995
lfr_n1000_o20_m50_s11__nocd_graph_oracleK__s73,lfr_n1000_o20_m50_s11,oracle_K,cpu,73,COMPLETED,125,work/baseline73_v2/lfr_n1000_o20_m50_s11__nocd_graph_oracleK__s73/checkpoints/epoch_0125.json,b62ae2777aa498d0b89618f1220af2f5461951154c2598b7ad071e88d3f5a85f,2.541256040800363,2.544274332933128,0.3930928111076355,0.7404774976567624,0.760923623445826,0.605,0.5615433586820234,24,0.996
lfr_n1000_o20_m50_s11__nocd_graph_oracleK__s73,lfr_n1000_o20_m50_s11,oracle_K,cpu,73,COMPLETED,150,work/baseline73_v2/lfr_n1000_o20_m50_s11__nocd_graph_oracleK__s73/checkpoints/epoch_0150.json,b7c32f5936b4a5648a9990298ab792cb13b6012ac148dea32f571f4efbf92756,2.7605206249281764,2.763653874862939,0.38959988951683044,0.7606328518516449,0.7815003641660597,0.62,0.5630102548785345,24,0.995
lfr_n1000_o20_m50_s11__nocd_graph_oracleK__s73,lfr_n1000_o20_m50_s11,oracle_K,cpu,73,COMPLETED,175,work/baseline73_v2/lfr_n1000_o20_m50_s11__nocd_graph_oracleK__s73/checkpoints/epoch_0175.json,edd0363cf2ee6ab46b0f5867150957cb7e8ac8f97fdb0ef3163300e61df5ef38,2.9644929580390453,2.967659750021994,0.3878892660140991,0.7723619397904994,0.7954040029651593,0.61,0.5786493477282951,24,0.992
lfr_n1000_o20_m50_s11__nocd_graph_oracleK__s73,lfr_n1000_o20_m50_s11,oracle_K,cpu,73,COMPLETED,200,work/baseline73_v2/lfr_n1000_o20_m50_s11__nocd_graph_oracleK__s73/checkpoints/epoch_0200.json,55779a7adc10aa1ff26a9dacd46a0577dcf0043d1e8d1151f31c3c7d45fe67d4,3.1648424579761922,3.1650542081333697,0.388657808303833,0.7827034842358621,0.806609087495306,0.605,0.5920971591003209,24,0.995
lfr_n1000_o20_m50_s11__nocd_graph_oracleK__s73,lfr_n1000_o20_m50_s11,oracle_K,cpu,73,COMPLETED,225,work/baseline73_v2/lfr_n1000_o20_m50_s11__nocd_graph_oracleK__s73/checkpoints/epoch_0225.json,b4b3b4c25c65442cf74c656d8abe4214293cb4bb211228473ef366ac40589274,3.3870509159751236,3.3872441658750176,0.388263463973999,0.7860590038385711,0.8161400837457176,0.6,0.565405701754386,24,0.992
lfr_n1000_o20_m50_s11__nocd_graph_oracleK__s73,lfr_n1000_o20_m50_s11,oracle_K,cpu,73,COMPLETED,250,work/baseline73_v2/lfr_n1000_o20_m50_s11__nocd_graph_oracleK__s73/checkpoints/epoch_0250.json,a3fd2540fbfd6a42af3533cdebe1dbb429566ea085a888a251d3f5130b367ef1,3.602696165908128,3.6028931657783687,0.3884592056274414,0.7932075101483861,0.8211009174311926,0.625,0.5780799078310799,24,0.991
lfr_n1000_o20_m50_s11__nocd_graph_oracleK__s73,lfr_n1000_o20_m50_s11,oracle_K,cpu,73,COMPLETED,275,work/baseline73_v2/lfr_n1000_o20_m50_s11__nocd_graph_oracleK__s73/checkpoints/epoch_0275.json,faccfcfd057dbea43561e07dbc75fd4b728bd10bec663e093748fbac366e477b,3.791900457814336,3.7921054158359766,0.389356791973114,0.7927667072623424,0.8227168073676132,0.605,0.5891104313072574,24,0.991
lfr_n1000_o20_m50_s11__nocd_graph_oracleK__s73,lfr_n1000_o20_m50_s11,oracle_K,cpu,73,COMPLETED,300,work/baseline73_v2/lfr_n1000_o20_m50_s11__nocd_graph_oracleK__s73/checkpoints/epoch_0300.json,a35bb6d12129b5d3aef2bc07d18c8d4ea0f4807a9e47ef2bbceb340b6c142ea0,4.012963290791959,4.013180499896407,0.3908696472644806,0.7930998547572418,0.8259359320725589,0.59,0.5827745540511499,24,0.993
lfr_n1000_o20_m50_s11__nocd_graph_oracleK__s73,lfr_n1000_o20_m50_s11,oracle_K,cpu,73,COMPLETED,325,work/baseline73_v2/lfr_n1000_o20_m50_s11__nocd_graph_oracleK__s73/checkpoints/epoch_0325.json,282a3546535059121b8814556e762effd29c011136eb9a682a63a1123fa2be3f,4.236076291184872,4.23625929094851,0.3905935287475586,0.7892474396926329,0.8186687069625096,0.595,0.5869547571993224,24,0.99
lfr_n1000_o20_m50_s11__nocd_graph_oracleK__s73,lfr_n1000_o20_m50_s11,oracle_K,cpu,73,COMPLETED,350,work/baseline73_v2/lfr_n1000_o20_m50_s11__nocd_graph_oracleK__s73/checkpoints/epoch_0350.json,d5cba76bae01d405221dde806ec3a453de0aa9877dff3395363d3c219c9d86cb,4.425588124897331,4.425839040894061,0.3892717957496643,0.792590297323839,0.8229885057471265,0.6,0.5814965511896458,24,0.995
lfr_n1000_o20_m50_s11__nocd_graph_oracleK__s73,lfr_n1000_o20_m50_s11,oracle_K,cpu,73,COMPLETED,375,work/baseline73_v2/lfr_n1000_o20_m50_s11__nocd_graph_oracleK__s73/checkpoints/epoch_0375.json,6a053834e7d91c388229c5bcf4b33c5f05c1afaa356f79e81fe6e7ce63eb54c7,4.616895291022956,4.617112165782601,0.39026111364364624,0.7952564501857043,0.825652841781874,0.6,0.5844655797101449,24,0.995
lfr_n1000_o20_m50_s11__nocd_graph_oracleK__s73,lfr_n1000_o20_m50_s11,oracle_K,cpu,73,COMPLETED,400,work/baseline73_v2/lfr_n1000_o20_m50_s11__nocd_graph_oracleK__s73/checkpoints/epoch_0400.json,092d07bc27ad6ee02b5c61ac82c494112f70695e001b838b0a79439955c6f09c,4.8088339157402515,4.80907379090786,0.39053860306739807,0.798247199080294,0.8294003868471953,0.6,0.5844655797101449,24,0.991
lfr_n1000_o20_m50_s11__nocd_graph_oracleK__s73,lfr_n1000_o20_m50_s11,oracle_K,cpu,73,COMPLETED,425,work/baseline73_v2/lfr_n1000_o20_m50_s11__nocd_graph_oracleK__s73/checkpoints/epoch_0425.json,e489a379de7d5edf878cf52fd3cb544df69d3528adcece19232d165a1f464ff6,5.00298275006935,5.003183499909937,0.39081817865371704,0.7951711151916584,0.8258859784283513,0.595,0.5896600978356975,24,0.993
lfr_n1000_o20_m50_s11__nocd_graph_oracleK__s73,lfr_n1000_o20_m50_s11,oracle_K,cpu,73,COMPLETED,450,work/baseline73_v2/lfr_n1000_o20_m50_s11__nocd_graph_oracleK__s73/checkpoints/epoch_0450.json,cdeff7bbbb63f7fdf2479023c61e418ba4a2c49ee831e75c40ab0dbbc2df4cd7,5.195671916007996,5.195897791069001,0.3903992772102356,0.7994520109009725,0.8292117465224111,0.6,0.5896600978356975,24,0.992
lfr_n1000_o00_m50_s12__nocd_graph_oracleK__s73,lfr_n1000_o00_m50_s12,oracle_K,cpu,73,COMPLETED,0,work/baseline73_v2/lfr_n1000_o00_m50_s12__nocd_graph_oracleK__s73/checkpoints/epoch_0000.json,b86828085ebd08faa64114bf45780b5259d31e157c29d665a16e0c9323b19a7f,1.6525106248445809,1.6569989998824894,0.6537820100784302,0.3058832002040327,0.30353549870652485,,0.2811102698273712,18,0.921
lfr_n1000_o00_m50_s12__nocd_graph_oracleK__s73,lfr_n1000_o00_m50_s12,oracle_K,cpu,73,COMPLETED,25,work/baseline73_v2/lfr_n1000_o00_m50_s12__nocd_graph_oracleK__s73/checkpoints/epoch_0025.json,ebb5c142a7ca1413cb3661e104f5e8855a9d635c0a2b02ade1071e80905a10d2,1.896402332931757,1.9001827919855714,0.49194616079330444,0.5640051678906137,0.5894389438943894,,0.3683648835368859,18,0.992
lfr_n1000_o00_m50_s12__nocd_graph_oracleK__s73,lfr_n1000_o00_m50_s12,oracle_K,cpu,73,COMPLETED,50,work/baseline73_v2/lfr_n1000_o00_m50_s12__nocd_graph_oracleK__s73/checkpoints/epoch_0050.json,3eda44458e26ee19085d11eb9d04605ecea7c054132d67a61bc642e2024990f1,2.082546291872859,2.0857326248660684,0.4486095905303955,0.665906538109709,0.680835734870317,,0.48260472112668207,18,0.997
lfr_n1000_o00_m50_s12__nocd_graph_oracleK__s73,lfr_n1000_o00_m50_s12,oracle_K,cpu,73,COMPLETED,75,work/baseline73_v2/lfr_n1000_o00_m50_s12__nocd_graph_oracleK__s73/checkpoints/epoch_0075.json,ea793aacbf4a7bb064238303f88572e74007e78d417590b7174aed8cd0eb9721,2.2572748749516904,2.2606442500837147,0.4243401885032654,0.6790837562489556,0.7045619116582187,,0.49728128228884005,18,1.0
lfr_n1000_o00_m50_s12__nocd_graph_oracleK__s73,lfr_n1000_o00_m50_s12,oracle_K,cpu,73,COMPLETED,100,work/baseline73_v2/lfr_n1000_o00_m50_s12__nocd_graph_oracleK__s73/checkpoints/epoch_0100.json,a02bfb599ba80d902872536c7cb097ed593918921749e1c89aa1b6916dcac41c,2.4509232500568032,2.4540297919884324,0.4115646779537201,0.7380444363937222,0.759050214091086,,0.5526076370475161,18,1.0
lfr_n1000_o00_m50_s12__nocd_graph_oracleK__s73,lfr_n1000_o00_m50_s12,oracle_K,cpu,73,COMPLETED,125,work/baseline73_v2/lfr_n1000_o00_m50_s12__nocd_graph_oracleK__s73/checkpoints/epoch_0125.json,4a0245bc7096629c9b15b88c82b87021e41f3819d2377268f469644b63a33cf7,2.6464020418934524,2.649566332809627,0.4053231179714203,0.7651439107065818,0.7847082494969819,,0.5848715107041536,18,1.0
lfr_n1000_o00_m50_s12__nocd_graph_oracleK__s73,lfr_n1000_o00_m50_s12,oracle_K,cpu,73,COMPLETED,150,work/baseline73_v2/lfr_n1000_o00_m50_s12__nocd_graph_oracleK__s73/checkpoints/epoch_0150.json,cdf3abd03f14e39fd599b2e08cef938d48b00bdd3bfd96ab9bec32dbb6e7dbdf,2.8327772500924766,2.836011457722634,0.4037969410419464,0.797364570655403,0.8106312292358804,,0.6316724879998834,18,1.0
lfr_n1000_o00_m50_s12__nocd_graph_oracleK__s73,lfr_n1000_o00_m50_s12,oracle_K,cpu,73,COMPLETED,175,work/baseline73_v2/lfr_n1000_o00_m50_s12__nocd_graph_oracleK__s73/checkpoints/epoch_0175.json,1efffda83732c9970ee44d0d8993ecbb5c844efddd3565ca84563a0e36ac997f,3.003560499753803,3.0067387078888714,0.40201520919799805,0.8104027590710401,0.8199748216533781,,0.6415597835000819,18,1.0
lfr_n1000_o00_m50_s12__nocd_graph_oracleK__s73,lfr_n1000_o00_m50_s12,oracle_K,cpu,73,COMPLETED,200,work/baseline73_v2/lfr_n1000_o00_m50_s12__nocd_graph_oracleK__s73/checkpoints/epoch_0200.json,ca1769f70b6a486f2c2112639a42c56da65eb095e38664158d007a5bad4f2a94,3.1921762079000473,3.1954455827362835,0.40156054496765137,0.828075957583904,0.8357570573139436,,0.6812350637214943,18,1.0
lfr_n1000_o00_m50_s12__nocd_graph_oracleK__s73,lfr_n1000_o00_m50_s12,oracle_K,cpu,73,COMPLETED,225,work/baseline73_v2/lfr_n1000_o00_m50_s12__nocd_graph_oracleK__s73/checkpoints/epoch_0225.json,c4a02ee9fceceb05f2d2e3a277b7f53a0132f440cad6cbbd31a5bb26b327e722,3.3902025828137994,3.3934295000508428,0.3996327817440033,0.82548184732027,0.8329070758738278,,0.6475476812399289,18,1.0
lfr_n1000_o00_m50_s12__nocd_graph_oracleK__s73,lfr_n1000_o00_m50_s12,oracle_K,cpu,73,COMPLETED,250,work/baseline73_v2/lfr_n1000_o00_m50_s12__nocd_graph_oracleK__s73/checkpoints/epoch_0250.json,72417501c189f4f75973962e4136837d2d577308efe9e2b87636867bf81c204d,3.5805388330481946,3.5837119999341667,0.39897727966308594,0.8468519343275465,0.8495652173913043,,0.6879643784665045,18,1.0
lfr_n1000_o00_m50_s12__nocd_graph_oracleK__s73,lfr_n1000_o00_m50_s12,oracle_K,cpu,73,COMPLETED,275,work/baseline73_v2/lfr_n1000_o00_m50_s12__nocd_graph_oracleK__s73/checkpoints/epoch_0275.json,5f293b1f918a54d815caf3fc4d587f420cf21b2c2f7209f5bed5ab21e30ece2f,3.7520571248605847,3.752262749709189,0.39993375539779663,0.8492773965468954,0.8516242317822651,,0.7433011940964755,18,1.0
lfr_n1000_o00_m50_s12__nocd_graph_oracleK__s73,lfr_n1000_o00_m50_s12,oracle_K,cpu,73,COMPLETED,300,work/baseline73_v2/lfr_n1000_o00_m50_s12__nocd_graph_oracleK__s73/checkpoints/epoch_0300.json,82e55d70575471ac6a5b2bf0a38443b69427133317a85e3024ad6aca1cacd966,3.9463538751006126,3.9465459170751274,0.399802029132843,0.8529458254751235,0.8603006189213086,,0.7452253417303656,18,1.0
lfr_n1000_o00_m50_s12__nocd_graph_oracleK__s73,lfr_n1000_o00_m50_s12,oracle_K,cpu,73,COMPLETED,325,work/baseline73_v2/lfr_n1000_o00_m50_s12__nocd_graph_oracleK__s73/checkpoints/epoch_0325.json,35abb27257bab9dc55bdbfe8be295d40bf66f915bc4f24706a665861c7c312c1,4.140772250015289,4.140969624742866,0.399551123380661,0.8744439340077413,0.88253684680661,,0.7661350065459654,18,1.0
lfr_n1000_o00_m50_s12__nocd_graph_oracleK__s73,lfr_n1000_o00_m50_s12,oracle_K,cpu,73,COMPLETED,350,work/baseline73_v2/lfr_n1000_o00_m50_s12__nocd_graph_oracleK__s73/checkpoints/epoch_0350.json,c3325448ddf738c07512f1a4cdf1f9097df1151fdcd8cffa8be47433abe12092,4.327658041846007,4.330789417028427,0.3977575898170471,0.8961003326029451,0.9090081892629663,,0.8144814450077608,18,1.0
lfr_n1000_o00_m50_s12__nocd_graph_oracleK__s73,lfr_n1000_o00_m50_s12,oracle_K,cpu,73,COMPLETED,375,work/baseline73_v2/lfr_n1000_o00_m50_s12__nocd_graph_oracleK__s73/checkpoints/epoch_0375.json,75584437800b2a9b872be5a8d1c9abfffac6862344c1553f742f8df1f91f1554,4.4979087500832975,4.501050749793649,0.39554494619369507,0.9129422621287703,0.921234454168586,,0.8742107253558782,18,1.0
lfr_n1000_o00_m50_s12__nocd_graph_oracleK__s73,lfr_n1000_o00_m50_s12,oracle_K,cpu,73,COMPLETED,400,work/baseline73_v2/lfr_n1000_o00_m50_s12__nocd_graph_oracleK__s73/checkpoints/epoch_0400.json,7bd5bb534f310ae7d2c3f850fe72bcbfca4dc29140fa37de345e9a087cea438a,4.688307499978691,4.688502749893814,0.39599841833114624,0.9102142570729561,0.9174311926605505,,0.8754611102116918,18,1.0
lfr_n1000_o00_m50_s12__nocd_graph_oracleK__s73,lfr_n1000_o00_m50_s12,oracle_K,cpu,73,COMPLETED,425,work/baseline73_v2/lfr_n1000_o00_m50_s12__nocd_graph_oracleK__s73/checkpoints/epoch_0425.json,9a387e6615d782a7b8d44adc91521ca058025856ab45ae95338251d118a7fd4b,4.881479249801487,4.8846284579485655,0.3950294256210327,0.9149118252998417,0.9208103130755064,,0.8838285730197942,18,1.0
lfr_n1000_o00_m50_s12__nocd_graph_oracleK__s73,lfr_n1000_o00_m50_s12,oracle_K,cpu,73,COMPLETED,450,work/baseline73_v2/lfr_n1000_o00_m50_s12__nocd_graph_oracleK__s73/checkpoints/epoch_0450.json,77a7e2027d8453071292dc61cee096151c60b10e07869ac8fdd2494f99fe2b39,5.069318249821663,5.069514374714345,0.39643019437789917,0.9136708026463108,0.9208103130755064,,0.8747788812494693,18,1.0
lfr_n1000_o00_m50_s12__nocd_graph_oracleK__s73,lfr_n1000_o00_m50_s12,oracle_K,cpu,73,COMPLETED,475,work/baseline73_v2/lfr_n1000_o00_m50_s12__nocd_graph_oracleK__s73/checkpoints/epoch_0475.json,0b9d830859bb30293f55e94c0856db2bc82b588a9586193fb241a58c4188c367,5.238043666817248,5.238226499874145,0.39528346061706543,0.9243558213256294,0.931098696461825,,0.8868564275257933,18,1.0
lfr_n1000_o00_m50_s12__nocd_graph_oracleK__s73,lfr_n1000_o00_m50_s12,oracle_K,cpu,73,COMPLETED,500,work/baseline73_v2/lfr_n1000_o00_m50_s12__nocd_graph_oracleK__s73/checkpoints/epoch_0500.json,2e3528678d8eb9316d2ade5298f59e84d43f3d2c4b444d443e340763ba9657b8,5.429426749702543,5.429619417060167,0.39515671133995056,0.9229871372639263,0.9272137227630969,,0.8954578448132404,18,1.0
lfr_n1000_o40_m50_s12__nocd_graph_oracleK__s73,lfr_n1000_o40_m50_s12,oracle_K,cpu,73,COMPLETED,0,work/baseline73_v2/lfr_n1000_o40_m50_s12__nocd_graph_oracleK__s73/checkpoints/epoch_0000.json,6816c2686b37070a3045162c70bd6867e07e7da15654aebf36f51467e3f7dbb8,1.206078500021249,1.2092398749664426,0.6561887264251709,0.20796164311560952,0.21273584905660378,0.0775,0.22038198542759194,26,0.926
lfr_n1000_o40_m50_s12__nocd_graph_oracleK__s73,lfr_n1000_o40_m50_s12,oracle_K,cpu,73,COMPLETED,25,work/baseline73_v2/lfr_n1000_o40_m50_s12__nocd_graph_oracleK__s73/checkpoints/epoch_0025.json,efe00d05096f02e02e834e6f6dd9d8b6937e8f7df1b039184b79f609df62a2e4,1.44938495894894,1.4527027090080082,0.5144616365432739,0.3402868624421282,0.33700876448968053,0.0775,0.31641188218732547,26,0.907
lfr_n1000_o40_m50_s12__nocd_graph_oracleK__s73,lfr_n1000_o40_m50_s12,oracle_K,cpu,73,COMPLETED,50,work/baseline73_v2/lfr_n1000_o40_m50_s12__nocd_graph_oracleK__s73/checkpoints/epoch_0050.json,e663c64eefa061086c6382cd9d101f24c1a56c99f02e82995a492fcfbf2c6d98,1.6509442091919482,1.6542038340121508,0.46045219898223877,0.4204457683611712,0.42413066385669124,0.18,0.33862123604424366,26,0.976
lfr_n1000_o40_m50_s12__nocd_graph_oracleK__s73,lfr_n1000_o40_m50_s12,oracle_K,cpu,73,COMPLETED,75,work/baseline73_v2/lfr_n1000_o40_m50_s12__nocd_graph_oracleK__s73/checkpoints/epoch_0075.json,21a092cde4de977849266524a4ed227297c7d68c4a3ffcb439533bfabaf21976,1.8681259592995048,1.87149245897308,0.4301919937133789,0.4906860387126658,0.499867197875166,0.2675,0.37639207499577754,26,0.993
lfr_n1000_o40_m50_s12__nocd_graph_oracleK__s73,lfr_n1000_o40_m50_s12,oracle_K,cpu,73,COMPLETED,100,work/baseline73_v2/lfr_n1000_o40_m50_s12__nocd_graph_oracleK__s73/checkpoints/epoch_0100.json,f09b79cb334fd030d12319aa4d446c002213893dfdca58e77ae68d8bfc559066,2.1061830422841012,2.10968983406201,0.41214680671691895,0.5593644712198234,0.5649112925936356,0.335,0.45680426314405315,26,0.994
lfr_n1000_o40_m50_s12__nocd_graph_oracleK__s73,lfr_n1000_o40_m50_s12,oracle_K,cpu,73,COMPLETED,125,work/baseline73_v2/lfr_n1000_o40_m50_s12__nocd_graph_oracleK__s73/checkpoints/epoch_0125.json,ecb285618a7e8a12b40b48b4a1a1682c67b626f3c202db8beb443614e7cd1806,2.321898417081684,2.325110042002052,0.4060736298561096,0.6067229065716255,0.6133644587102421,0.4025,0.4773672630839701,26,0.992
lfr_n1000_o40_m50_s12__nocd_graph_oracleK__s73,lfr_n1000_o40_m50_s12,oracle_K,cpu,73,COMPLETED,150,work/baseline73_v2/lfr_n1000_o40_m50_s12__nocd_graph_oracleK__s73/checkpoints/epoch_0150.json,29311e7ad9ad109d2352b49f7b7b7889002a0df3e30fa5994b621c82ab963be7,2.5260022091679275,2.5291457092389464,0.40529412031173706,0.6491428515372779,0.6568897036358081,0.4275,0.5395426715394287,26,0.991
lfr_n1000_o40_m50_s12__nocd_graph_oracleK__s73,lfr_n1000_o40_m50_s12,oracle_K,cpu,73,COMPLETED,175,work/baseline73_v2/lfr_n1000_o40_m50_s12__nocd_graph_oracleK__s73/checkpoints/epoch_0175.json,a19d20f58e9377a8db7905d7df7ac63d4fb11b407c3779e423566cd3b5de0641,2.758748250082135,2.7619560840539634,0.40354061126708984,0.6773439219711539,0.685857321652065,0.4425,0.5694167320712504,26,0.996
lfr_n1000_o40_m50_s12__nocd_graph_oracleK__s73,lfr_n1000_o40_m50_s12,oracle_K,cpu,73,COMPLETED,200,work/baseline73_v2/lfr_n1000_o40_m50_s12__nocd_graph_oracleK__s73/checkpoints/epoch_0200.json,5953a61cb5e9919b59b326254e8fc8f0768116b3cb422be38a3e13c16584db30,2.990023124963045,2.9933440843597054,0.40297073125839233,0.704341378367036,0.7081761006289308,0.48,0.612447741902877,26,0.994
lfr_n1000_o40_m50_s12__nocd_graph_oracleK__s73,lfr_n1000_o40_m50_s12,oracle_K,cpu,73,COMPLETED,225,work/baseline73_v2/lfr_n1000_o40_m50_s12__nocd_graph_oracleK__s73/checkpoints/epoch_0225.json,6560ffb40fe353d374f07896934396163a68396c1ec9da8e4d3de9cc8d8766a1,3.18938812520355,3.1896165423095226,0.40379098057746887,0.7141207375602068,0.7205128205128205,0.4675,0.6320592904917588,26,0.993
lfr_n1000_o40_m50_s12__nocd_graph_oracleK__s73,lfr_n1000_o40_m50_s12,oracle_K,cpu,73,COMPLETED,250,work/baseline73_v2/lfr_n1000_o40_m50_s12__nocd_graph_oracleK__s73/checkpoints/epoch_0250.json,b76b9311d0f2334fe7a5be4c7b4855464de811848741f3e01451180c87a616f8,3.4103920003399253,3.410614292137325,0.40475577116012573,0.7335562178968791,0.7426900584795322,0.5025,0.664898174052636,26,0.99
lfr_n1000_o40_m50_s12__nocd_graph_oracleK__s73,lfr_n1000_o40_m50_s12,oracle_K,cpu,73,COMPLETED,275,work/baseline73_v2/lfr_n1000_o40_m50_s12__nocd_graph_oracleK__s73/checkpoints/epoch_0275.json,a9074b18c8c77df5ef14283cb14dee8bf0a8c9452aa7c2e455082e170bb0b085,3.6459167092107236,3.6461344589479268,0.40518897771835327,0.7339195162756493,0.7465199093557786,0.5175,0.6530587149145763,26,0.994
lfr_n1000_o40_m50_s12__nocd_graph_oracleK__s73,lfr_n1000_o40_m50_s12,oracle_K,cpu,73,COMPLETED,300,work/baseline73_v2/lfr_n1000_o40_m50_s12__nocd_graph_oracleK__s73/checkpoints/epoch_0300.json,c0fe1f92bc2a963e85f58c0ceddccdbae40b031fd15a16b64ee22ffc2eaa3884,3.852057124953717,3.8522772090509534,0.4054294228553772,0.7359658001555478,0.7477861593965235,0.5025,0.670165207980298,26,0.99
lfr_n1000_o40_m50_s12__nocd_graph_oracleK__s73,lfr_n1000_o40_m50_s12,oracle_K,cpu,73,COMPLETED,325,work/baseline73_v2/lfr_n1000_o40_m50_s12__nocd_graph_oracleK__s73/checkpoints/epoch_0325.json,acc56708657f1ed03e72a7af3ff73735ffabbb97b7c2ced95f843f3940783292,4.065788542386144,4.066039750352502,0.4053940176963806,0.7327844459216478,0.7464742538537226,0.4975,0.6628571141872907,26,0.991
lfr_n1000_o40_m50_s12__nocd_graph_oracleK__s73,lfr_n1000_o40_m50_s12,oracle_K,cpu,73,COMPLETED,350,work/baseline73_v2/lfr_n1000_o40_m50_s12__nocd_graph_oracleK__s73/checkpoints/epoch_0350.json,bbdd88f7bd9361caefbaf3d6fbfe14af1a407202b9fa495a2bfd580d4b385562,4.301751334220171,4.301961500197649,0.4063710570335388,0.7298718367015037,0.7497514086841233,0.49,0.6525733006450425,26,0.991
lfr_n1000_o40_m50_s12__nocd_graph_oracleK__s73,lfr_n1000_o40_m50_s12,oracle_K,cpu,73,COMPLETED,375,work/baseline73_v2/lfr_n1000_o40_m50_s12__nocd_graph_oracleK__s73/checkpoints/epoch_0375.json,d25b85f21b2765f085271faf620e5bca69e9e46dcf0a4bd90ea9324cc9fe3d6a,4.518706792034209,4.518916417378932,0.405089795589447,0.73695772798114,0.7540229885057471,0.5275,0.6725158673999827,26,0.988
lfr_n1000_o40_m50_s12__nocd_graph_oracleK__s73,lfr_n1000_o40_m50_s12,oracle_K,cpu,73,COMPLETED,400,work/baseline73_v2/lfr_n1000_o40_m50_s12__nocd_graph_oracleK__s73/checkpoints/epoch_0400.json,8317202e07123f54c55f4805d1d0cd1499076f2fd76fac9230961f6a458f6005,4.724816084373742,4.725030209403485,0.4065178334712982,0.738774923319868,0.7583692409678489,0.51,0.6699100256098466,26,0.99
lfr_n1000_o40_m50_s12__nocd_graph_oracleK__s73,lfr_n1000_o40_m50_s12,oracle_K,cpu,73,COMPLETED,425,work/baseline73_v2/lfr_n1000_o40_m50_s12__nocd_graph_oracleK__s73/checkpoints/epoch_0425.json,2a11e423e048bf34a04e1abb4460b938aca8b1b0202b3e9f3dd54adc70035ded,4.9558637090958655,4.956092834006995,0.4067672789096832,0.733928804067565,0.753699440973364,0.525,0.6633038724173016,26,0.989
lfr_n1000_o40_m50_s12__nocd_graph_oracleK__s73,lfr_n1000_o40_m50_s12,oracle_K,cpu,73,COMPLETED,450,work/baseline73_v2/lfr_n1000_o40_m50_s12__nocd_graph_oracleK__s73/checkpoints/epoch_0450.json,01d0aff3abe56b81de063177ad1235b5ae57fa7294781abab86db73b56db2d09,5.181807375047356,5.182022834196687,0.4065990149974823,0.7322876247709499,0.7518945634266886,0.5075,0.6550126321155524,26,0.992
lfr_n1000_o40_m50_s12__nocd_graph_oracleK__s73,lfr_n1000_o40_m50_s12,oracle_K,cpu,73,COMPLETED,475,work/baseline73_v2/lfr_n1000_o40_m50_s12__nocd_graph_oracleK__s73/checkpoints/epoch_0475.json,205a3095a4c15d17044f4358c92cff457218fb344663eae90d910920cbc21e6a,5.374561167322099,5.374778334051371,0.40715792775154114,0.7338004724460822,0.7532894736842105,0.505,0.666445233964031,26,0.991
lfr_n5000_o40_m20_s12__nocd_graph_oracleK__s73,lfr_n5000_o40_m20_s12,oracle_K,cpu,73,COMPLETED,0,work/baseline73_v2/lfr_n5000_o40_m20_s12__nocd_graph_oracleK__s73/checkpoints/epoch_0000.json,7fde4978b02d8c4eb8304cc803d2ef6061b562adc2e982260dcc6f937f1b112f,1.2607666249386966,1.2832529172301292,2.2727861404418945,0.11011731478679246,0.10801850108468748,0.363,0.06636005171538324,147,0.9994
lfr_n5000_o40_m20_s12__nocd_graph_oracleK__s73,lfr_n5000_o40_m20_s12,oracle_K,cpu,73,COMPLETED,25,work/baseline73_v2/lfr_n5000_o40_m20_s12__nocd_graph_oracleK__s73/checkpoints/epoch_0025.json,21fe51f4da2fe3bf8f1aa78f4e83d4464e7688a6aa87d2fc1ffb9db838e45713,2.603901458904147,2.6152441250160336,0.4552311897277832,0.14821337907582008,0.17725907094984977,0.0055,0.05563480019679074,109,0.2012
lfr_n5000_o40_m20_s12__nocd_graph_oracleK__s73,lfr_n5000_o40_m20_s12,oracle_K,cpu,73,COMPLETED,50,work/baseline73_v2/lfr_n5000_o40_m20_s12__nocd_graph_oracleK__s73/checkpoints/epoch_0050.json,29e96a29581d5776b32b45e49864c8ff81369e41eb0f78a342da5cabca4ea6e4,3.860503625124693,3.8729685419239104,0.4002155661582947,0.24996321827550944,0.3085185491200529,0.027,0.16085534669033077,145,0.481
lfr_n5000_o40_m20_s12__nocd_graph_oracleK__s73,lfr_n5000_o40_m20_s12,oracle_K,cpu,73,COMPLETED,75,work/baseline73_v2/lfr_n5000_o40_m20_s12__nocd_graph_oracleK__s73/checkpoints/epoch_0075.json,91ccdd7dc3f38df1d8ae148f9547767ef4327080348d1b1ee1a6de91b13a46b5,5.123439667280763,5.136594125069678,0.3709324896335602,0.28543922920099674,0.3348041919470491,0.0515,0.18363569697242874,144,0.6316
lfr_n5000_o40_m20_s12__nocd_graph_oracleK__s73,lfr_n5000_o40_m20_s12,oracle_K,cpu,73,COMPLETED,100,work/baseline73_v2/lfr_n5000_o40_m20_s12__nocd_graph_oracleK__s73/checkpoints/epoch_0100.json,559757207aabdb04a7de2552299bb2b18076fc7e64f4de1efb2b352f9fea9a59,6.456921292003244,6.470379999838769,0.3423207700252533,0.30611415415448934,0.3460515666551046,0.08,0.2088841213625194,146,0.7576
lfr_n5000_o40_m20_s12__nocd_graph_oracleK__s73,lfr_n5000_o40_m20_s12,oracle_K,cpu,73,COMPLETED,125,work/baseline73_v2/lfr_n5000_o40_m20_s12__nocd_graph_oracleK__s73/checkpoints/epoch_0125.json,43542b68607bd0ff44b373e8b1653441a7945109a6a1299d8a92544fe14140e1,7.812321749981493,7.825952417217195,0.3195146322250366,0.31773797036097484,0.3575751252086811,0.1255,0.2109172009977055,146,0.852
lfr_n5000_o40_m20_s12__nocd_graph_oracleK__s73,lfr_n5000_o40_m20_s12,oracle_K,cpu,73,COMPLETED,150,work/baseline73_v2/lfr_n5000_o40_m20_s12__nocd_graph_oracleK__s73/checkpoints/epoch_0150.json,ee53172ffa0cee51831b417091c1d8545a7d53435a258215d09deadafca4ea23,9.164686291944236,9.178620791994035,0.29953867197036743,0.3194673386242069,0.3707175983643345,0.161,0.19304497762708253,139,0.9124
lfr_n5000_o40_m20_s12__nocd_graph_oracleK__s73,lfr_n5000_o40_m20_s12,oracle_K,cpu,73,COMPLETED,175,work/baseline73_v2/lfr_n5000_o40_m20_s12__nocd_graph_oracleK__s73/checkpoints/epoch_0175.json,7a7cb38cc666668840b89432c1a0518ba3d3248e685ccd5a3615b06474215de9,10.425235624890774,10.439084209036082,0.2816474437713623,0.30840716482779795,0.37574178607613257,0.1985,0.162828414765823,138,0.9582
lfr_n5000_o40_m20_s12__nocd_graph_oracleK__s73,lfr_n5000_o40_m20_s12,oracle_K,cpu,73,COMPLETED,200,work/baseline73_v2/lfr_n5000_o40_m20_s12__nocd_graph_oracleK__s73/checkpoints/epoch_0200.json,863dce2ad63c6595cb711af4db92cc6918a848a9a3954d99ec122bf50cf48eb3,11.72824445925653,11.741621584165841,0.2714743912220001,0.304857849057605,0.3777639215310087,0.208,0.11791575088847969,132,0.9772
lfr_n5000_o40_m20_s12__nocd_graph_oracleK__s73,lfr_n5000_o40_m20_s12,oracle_K,cpu,73,COMPLETED,225,work/baseline73_v2/lfr_n5000_o40_m20_s12__nocd_graph_oracleK__s73/checkpoints/epoch_0225.json,b77c6c7ffc2b0368fcb472416e82e56ca40633307abd7a6ffac4577cdee4a165,13.048885833937675,13.063047625124454,0.26604223251342773,0.3000752227356203,0.3855899419729207,0.228,0.11381110997013046,130,0.9792
lfr_n5000_o40_m20_s12__nocd_graph_oracleK__s73,lfr_n5000_o40_m20_s12,oracle_K,cpu,73,COMPLETED,250,work/baseline73_v2/lfr_n5000_o40_m20_s12__nocd_graph_oracleK__s73/checkpoints/epoch_0250.json,0b0c121ed1c852526d92d64768f5af9466d9e17a24aea7f43337353f8f6eed44,14.331329667009413,14.345012167003006,0.2640766203403473,0.303590021742201,0.38788112697800076,0.2375,0.09516181295905049,121,0.9834
lfr_n5000_o40_m20_s12__nocd_graph_oracleK__s73,lfr_n5000_o40_m20_s12,oracle_K,cpu,73,COMPLETED,275,work/baseline73_v2/lfr_n5000_o40_m20_s12__nocd_graph_oracleK__s73/checkpoints/epoch_0275.json,ae615b1bac0f528125d4a11a0d35eb0a7f12cc89d0092a9d41f77fdfccb06556,15.686187792103738,15.699677292257547,0.2638297379016876,0.3052277584795112,0.3925133689839572,0.2435,0.10437535378402346,119,0.985
lfr_n5000_o40_m20_s12__nocd_graph_oracleK__s73,lfr_n5000_o40_m20_s12,oracle_K,cpu,73,COMPLETED,300,work/baseline73_v2/lfr_n5000_o40_m20_s12__nocd_graph_oracleK__s73/checkpoints/epoch_0300.json,13a7d81c04b0d0751fafbe173aa82bd726a0fb13607afede8bcd3321be6cec33,16.99281099997461,17.006436083931476,0.2618723213672638,0.3043334116699066,0.38872143898881867,0.2405,0.09967970584412998,115,0.9856
lfr_n5000_o40_m20_s12__nocd_graph_oracleK__s73,lfr_n5000_o40_m20_s12,oracle_K,cpu,73,COMPLETED,325,work/baseline73_v2/lfr_n5000_o40_m20_s12__nocd_graph_oracleK__s73/checkpoints/epoch_0325.json,4b73d11c37fc3707aa4d79f2f78390e8378d80b99ca49da1465147ef93408cb7,18.303590334020555,18.317498417105526,0.2595072388648987,0.30975227588179877,0.39440765268579836,0.239,0.08746523979381006,113,0.987
lfr_n5000_o40_m20_s12__nocd_graph_oracleK__s73,lfr_n5000_o40_m20_s12,oracle_K,cpu,73,COMPLETED,350,work/baseline73_v2/lfr_n5000_o40_m20_s12__nocd_graph_oracleK__s73/checkpoints/epoch_0350.json,7adb4e414b0bff2aed00737321d832af66f91270e8ef791b154eb5af401d6d4f,19.577862083911896,19.59192091692239,0.2585095763206482,0.31387777661888205,0.40278663592209196,0.2505,0.08963964878857596,111,0.9886
lfr_n5000_o40_m20_s12__nocd_graph_oracleK__s73,lfr_n5000_o40_m20_s12,oracle_K,cpu,73,COMPLETED,375,work/baseline73_v2/lfr_n5000_o40_m20_s12__nocd_graph_oracleK__s73/checkpoints/epoch_0375.json,c4574471efdd80a11c5951c2e81d70ae7cad90cdf4ee882dbd19071099922eb0,20.870321417227387,20.87145541701466,0.2593432366847992,0.3150120532484434,0.40640126444729824,0.2555,0.0956789200188742,110,0.9884
lfr_n5000_o40_m20_s12__nocd_graph_oracleK__s73,lfr_n5000_o40_m20_s12,oracle_K,cpu,73,COMPLETED,400,work/baseline73_v2/lfr_n5000_o40_m20_s12__nocd_graph_oracleK__s73/checkpoints/epoch_0400.json,b253df1b1b92ad554a88b9a78fd25e0d0b3cf765006e60faee3a6cadbca22bd8,22.18589529208839,22.186979916878045,0.2586255967617035,0.31216425216885607,0.40416502171338337,0.251,0.0921949406445059,110,0.9872
lfr_n5000_o40_m20_s12__nocd_graph_oracleK__s73,lfr_n5000_o40_m20_s12,oracle_K,cpu,73,COMPLETED,425,work/baseline73_v2/lfr_n5000_o40_m20_s12__nocd_graph_oracleK__s73/checkpoints/epoch_0425.json,c677d83fbd6dd1bc95b12cc11b092937c3459271e6575fa5ff5dd4a15c86fc80,23.433067624922842,23.44652954209596,0.25695574283599854,0.30972957979553956,0.40437266102028757,0.254,0.0900321477448215,110,0.9894
lfr_n5000_o40_m20_s12__nocd_graph_oracleK__s73,lfr_n5000_o40_m20_s12,oracle_K,cpu,73,COMPLETED,450,work/baseline73_v2/lfr_n5000_o40_m20_s12__nocd_graph_oracleK__s73/checkpoints/epoch_0450.json,f421f571248cd6dfb1333ec7148c6b97e1b7b38cdf6e97e9e8083c3959a3f9b7,24.712444916833192,24.726517542265356,0.2560851573944092,0.3112099238423021,0.4030734595996672,0.2525,0.08535634276586922,109,0.9906
lfr_n5000_o40_m20_s12__nocd_graph_oracleK__s73,lfr_n5000_o40_m20_s12,oracle_K,cpu,73,COMPLETED,475,work/baseline73_v2/lfr_n5000_o40_m20_s12__nocd_graph_oracleK__s73/checkpoints/epoch_0475.json,1bfb97fa7ba07d0b2cf8dffc429a94d33528ba6966ceae552d207c3e255585c1,26.045577791985124,26.04677495919168,0.25750675797462463,0.30871387988316396,0.40590625309681894,0.254,0.0773372425238009,109,0.99
lfr_n5000_o40_m20_s12__nocd_graph_oracleK__s73,lfr_n5000_o40_m20_s12,oracle_K,cpu,73,COMPLETED,500,work/baseline73_v2/lfr_n5000_o40_m20_s12__nocd_graph_oracleK__s73/checkpoints/epoch_0500.json,acb5ba874a1e4f2aeedf536690fc82ae0d6e1c9b331cb0f61d06f5bb5415c28f,27.31850445922464,27.319603042211384,0.2566707134246826,0.3093360568543293,0.4060988848317379,0.2565,0.09230493654485454,108,0.9898
lfr_n1000_o20_m20_s11__nocd_graph_oracleK__s73,lfr_n1000_o20_m20_s11,oracle_K,cpu,73,COMPLETED,0,work/baseline73_v2/lfr_n1000_o20_m20_s11__nocd_graph_oracleK__s73/checkpoints/epoch_0000.json,58abedd2663baca4271f6501b7e1350b93c8fafc51a934137a1e0cf083c10f57,1.3078616252169013,1.3116001253947616,1.109181523323059,0.29274180654760623,0.2951063513312509,0.385,0.1974542840122394,24,0.994
lfr_n1000_o20_m20_s11__nocd_graph_oracleK__s73,lfr_n1000_o20_m20_s11,oracle_K,cpu,73,COMPLETED,25,work/baseline73_v2/lfr_n1000_o20_m20_s11__nocd_graph_oracleK__s73/checkpoints/epoch_0025.json,e97d0175c0054dc7fc642f14c2cf7035f34508fd5a571e2014a7be7d95077ea1,1.5616603340022266,1.5651742503978312,0.379842609167099,0.6361135636283484,0.7005003573981415,0.425,0.46681103186255574,24,0.975
lfr_n1000_o20_m20_s11__nocd_graph_oracleK__s73,lfr_n1000_o20_m20_s11,oracle_K,cpu,73,COMPLETED,50,work/baseline73_v2/lfr_n1000_o20_m20_s11__nocd_graph_oracleK__s73/checkpoints/epoch_0050.json,3ca6abfbc89a3c43d704ad8b8a266076e669be4ef3c003618ce345d07172894d,1.8039232501760125,1.8227277090772986,0.32804250717163086,0.8400037547327507,0.8850202429149797,0.76,0.8080761633231343,24,1.0
lfr_n1000_o20_m20_s11__nocd_graph_oracleK__s73,lfr_n1000_o20_m20_s11,oracle_K,cpu,73,COMPLETED,75,work/baseline73_v2/lfr_n1000_o20_m20_s11__nocd_graph_oracleK__s73/checkpoints/epoch_0075.json,3433eea8d5af63259e2d0696326d07052770459e5a320097cb8cbad0a39299b5,2.0848610843531787,2.0904320841655135,0.31117042899131775,0.8675336947713884,0.9158194387962586,0.83,0.793810472967753,24,0.998
lfr_n1000_o20_m20_s11__nocd_graph_oracleK__s73,lfr_n1000_o20_m20_s11,oracle_K,cpu,73,COMPLETED,100,work/baseline73_v2/lfr_n1000_o20_m20_s11__nocd_graph_oracleK__s73/checkpoints/epoch_0100.json,abeab3ac8167a91ee139d4b64bcb3a47daf2187a31e248edc3badba244370b63,2.336037542205304,2.3395523340441287,0.2918897271156311,0.8853006065628777,0.9211923233973051,0.835,0.8279605152524132,24,1.0
lfr_n1000_o20_m20_s11__nocd_graph_oracleK__s73,lfr_n1000_o20_m20_s11,oracle_K,cpu,73,COMPLETED,125,work/baseline73_v2/lfr_n1000_o20_m20_s11__nocd_graph_oracleK__s73/checkpoints/epoch_0125.json,df858a055d82e2ec8aca4b2ab8d0cdc2b18d92c37e601c78c6f57b26de9a278b,2.574387959204614,2.5776388342492282,0.2796114683151245,0.9056549320505463,0.9380603096984516,0.87,0.8965839243498818,24,1.0
lfr_n1000_o20_m20_s11__nocd_graph_oracleK__s73,lfr_n1000_o20_m20_s11,oracle_K,cpu,73,COMPLETED,150,work/baseline73_v2/lfr_n1000_o20_m20_s11__nocd_graph_oracleK__s73/checkpoints/epoch_0150.json,8df8f6c1824b0ece4a4f94a14f5a3aa92d62a5324d791fc57ecc67285e1e11a7,2.811147834174335,2.8146692919544876,0.2697427272796631,0.9131788660368937,0.9319838056680162,0.87,0.9240188383045526,24,1.0
lfr_n1000_o20_m20_s11__nocd_graph_oracleK__s73,lfr_n1000_o20_m20_s11,oracle_K,cpu,73,COMPLETED,175,work/baseline73_v2/lfr_n1000_o20_m20_s11__nocd_graph_oracleK__s73/checkpoints/epoch_0175.json,f836d3d21a969602dad3e3a22ba1cf403f32e4b4bea55fe9e7f64530a3742141,3.054491375107318,3.0578445000573993,0.26411694288253784,0.9199583116860489,0.9437194127243067,0.89,0.9492753623188405,24,1.0
lfr_n1000_o20_m20_s11__nocd_graph_oracleK__s73,lfr_n1000_o20_m20_s11,oracle_K,cpu,73,COMPLETED,200,work/baseline73_v2/lfr_n1000_o20_m20_s11__nocd_graph_oracleK__s73/checkpoints/epoch_0200.json,367df66c40df62e7d558166e956a8434930eeafe109d1b294705df1b071efddb,3.2749337502755225,3.2783580841496587,0.26199808716773987,0.9316587152778225,0.95004095004095,0.9,1.0,24,1.0
lfr_n1000_o20_m20_s11__nocd_graph_oracleK__s73,lfr_n1000_o20_m20_s11,oracle_K,cpu,73,COMPLETED,225,work/baseline73_v2/lfr_n1000_o20_m20_s11__nocd_graph_oracleK__s73/checkpoints/epoch_0225.json,8a74a38b9e3059dc0c0abb83bd980475a81fd5675b33a1c477e80cb955cc9426,3.501489792019129,3.504874875303358,0.25303560495376587,0.9429426029028513,0.9609958506224067,0.89,0.9927536231884058,24,1.0
lfr_n1000_o20_m20_s11__nocd_graph_oracleK__s73,lfr_n1000_o20_m20_s11,oracle_K,cpu,73,COMPLETED,250,work/baseline73_v2/lfr_n1000_o20_m20_s11__nocd_graph_oracleK__s73/checkpoints/epoch_0250.json,92f4a43082993c9eecfc2a2d36baaf236c83f300ed9ef169e65a010dc90d80ed,3.7421144172549248,3.745395834092051,0.2486911565065384,0.9452884637172695,0.9622563251762754,0.9,1.0,24,1.0
lfr_n1000_o20_m20_s11__nocd_graph_oracleK__s73,lfr_n1000_o20_m20_s11,oracle_K,cpu,73,COMPLETED,275,work/baseline73_v2/lfr_n1000_o20_m20_s11__nocd_graph_oracleK__s73/checkpoints/epoch_0275.json,03040cc892b5cd9f2f86e6e0b178acc2d2bf87f0fc5d609d64d776854186c1b9,3.961830792017281,3.9651436251588166,0.24662354588508606,0.9448624481742987,0.9682539682539683,0.895,0.9965986394557823,24,1.0
lfr_n1000_o20_m20_s11__nocd_graph_oracleK__s73,lfr_n1000_o20_m20_s11,oracle_K,cpu,73,COMPLETED,300,work/baseline73_v2/lfr_n1000_o20_m20_s11__nocd_graph_oracleK__s73/checkpoints/epoch_0300.json,7450a754870818ebc5701330cf2b27d8b6f71b7d4c2f9ebdb67105887b594f9e,4.181507625151426,4.181718792300671,0.24729040265083313,0.9443566812722151,0.9626245847176079,0.895,0.9968553459119497,24,1.0
lfr_n1000_o20_m20_s11__nocd_graph_oracleK__s73,lfr_n1000_o20_m20_s11,oracle_K,cpu,73,COMPLETED,325,work/baseline73_v2/lfr_n1000_o20_m20_s11__nocd_graph_oracleK__s73/checkpoints/epoch_0325.json,d2490087fc8be599b8ea89ccf5e8d57041cdcb6c9aaf869ef22d0c2ff296053e,4.420947375241667,4.421174042392522,0.24858838319778442,0.9455561283577699,0.9646275488972118,0.895,1.0,24,1.0
lfr_n1000_o20_m20_s11__nocd_graph_oracleK__s73,lfr_n1000_o20_m20_s11,oracle_K,cpu,73,COMPLETED,350,work/baseline73_v2/lfr_n1000_o20_m20_s11__nocd_graph_oracleK__s73/checkpoints/epoch_0350.json,6b0fba957daaf79acfe2ea537cf312ae226952de1b1f3443805565eb5aa3fcc4,4.644920375198126,4.645134250167757,0.24687844514846802,0.944689708963015,0.9641367806505421,0.88,1.0,24,1.0
lfr_n1000_o20_m20_s11__nocd_graph_oracleK__s73,lfr_n1000_o20_m20_s11,oracle_K,cpu,73,COMPLETED,375,work/baseline73_v2/lfr_n1000_o20_m20_s11__nocd_graph_oracleK__s73/checkpoints/epoch_0375.json,040568f1e1e3b51c8464dd92df2b3aad81b10edea8e736684d349ab8a0963286,4.855667250230908,4.858911875169724,0.24507814645767212,0.9444387528867547,0.9563426688632619,0.905,0.9962962962962963,24,1.0
lfr_n1000_o20_m20_s11__nocd_graph_oracleK__s73,lfr_n1000_o20_m20_s11,oracle_K,cpu,73,COMPLETED,400,work/baseline73_v2/lfr_n1000_o20_m20_s11__nocd_graph_oracleK__s73/checkpoints/epoch_0400.json,6e7ed5497e9d65482c6ae95585f072a5ebe29636b974f012e9e90b5fc7061e4d,5.0963580422103405,5.096570709254593,0.24729691445827484,0.9444356863345474,0.9613626921479019,0.885,0.9969696969696971,24,1.0
lfr_n1000_o20_m20_s11__nocd_graph_oracleK__s73,lfr_n1000_o20_m20_s11,oracle_K,cpu,73,COMPLETED,425,work/baseline73_v2/lfr_n1000_o20_m20_s11__nocd_graph_oracleK__s73/checkpoints/epoch_0425.json,cf0d8468bee35522d81d2aa99e6cfa175fd725037204ef97e19dd6c3ef34fb2f,5.332900084089488,5.336468709167093,0.2438914179801941,0.9461871387018107,0.9599669830788279,0.915,1.0,24,1.0
lfr_n1000_o20_m20_s11__nocd_graph_oracleK__s73,lfr_n1000_o20_m20_s11,oracle_K,cpu,73,COMPLETED,450,work/baseline73_v2/lfr_n1000_o20_m20_s11__nocd_graph_oracleK__s73/checkpoints/epoch_0450.json,e74fec0f238334835595b111a7e616af6a4385c1dabae40d6ec350320d8db45e,5.54156070901081,5.541776000056416,0.2451847791671753,0.9458778663514016,0.9607600165220983,0.915,0.9968553459119497,24,1.0
lfr_n1000_o20_m20_s11__nocd_graph_oracleK__s73,lfr_n1000_o20_m20_s11,oracle_K,cpu,73,COMPLETED,475,work/baseline73_v2/lfr_n1000_o20_m20_s11__nocd_graph_oracleK__s73/checkpoints/epoch_0475.json,bd4d3d2aa47c19b9fc9c2503b0739526b3670b242f1c928f639387b4cb51ac50,5.782403834164143,5.782635709270835,0.24444341659545898,0.946585653729901,0.9627483443708609,0.915,1.0,24,1.0
lfr_n1000_o20_m20_s11__nocd_graph_oracleK__s73,lfr_n1000_o20_m20_s11,oracle_K,cpu,73,COMPLETED,500,work/baseline73_v2/lfr_n1000_o20_m20_s11__nocd_graph_oracleK__s73/checkpoints/epoch_0500.json,ba83aa84404f21f4b3c64dd99f1c4e873b7c457e538fb8d5d7f36d7fa3b5aae2,6.018747834023088,6.0189681253395975,0.24585232138633728,0.942948087592335,0.9610604805302403,0.9,0.9880952380952381,24,1.0
lfr_n1000_o00_m20_s12__nocd_graph_oracleK__s73,lfr_n1000_o00_m20_s12,oracle_K,cpu,73,COMPLETED,0,work/baseline73_v2/lfr_n1000_o00_m20_s12__nocd_graph_oracleK__s73/checkpoints/epoch_0000.json,35acc7ec65fcc1aaf5ecd704af3aa8d3da25d1cc485f93a1b5a0f1d07b646671,1.5636112918145955,1.5706803328357637,1.0162441730499268,0.3252007573094897,0.32323232323232326,,0.1793865081804602,18,0.985
lfr_n1000_o00_m20_s12__nocd_graph_oracleK__s73,lfr_n1000_o00_m20_s12,oracle_K,cpu,73,COMPLETED,25,work/baseline73_v2/lfr_n1000_o00_m20_s12__nocd_graph_oracleK__s73/checkpoints/epoch_0025.json,b27e6a051dfb2a7a879948f5f865f6885b617066d14186baffc42d0a28b54d11,1.7937949169427156,1.7969996249303222,0.37834739685058594,0.726382236094521,0.7894971072541166,,0.4521587301587301,18,0.982
lfr_n1000_o00_m20_s12__nocd_graph_oracleK__s73,lfr_n1000_o00_m20_s12,oracle_K,cpu,73,COMPLETED,50,work/baseline73_v2/lfr_n1000_o00_m20_s12__nocd_graph_oracleK__s73/checkpoints/epoch_0050.json,b43237e5be09da9542f796e34a18b34457b03fbb325999a22a842f96d2123555,1.9787456248886883,1.981844374909997,0.3447662591934204,0.8556680482742518,0.8786292241789624,,0.6515225916453538,17,1.0
lfr_n1000_o00_m20_s12__nocd_graph_oracleK__s73,lfr_n1000_o00_m20_s12,oracle_K,cpu,73,COMPLETED,75,work/baseline73_v2/lfr_n1000_o00_m20_s12__nocd_graph_oracleK__s73/checkpoints/epoch_0075.json,b4c90df590876a46e6cb9f844567a38665585df04a36877ce710dddde2ef2733,2.1873215828090906,2.1905167498625815,0.32094240188598633,0.8607284786157511,0.8696436626071268,,0.620336084276971,18,1.0
lfr_n1000_o00_m20_s12__nocd_graph_oracleK__s73,lfr_n1000_o00_m20_s12,oracle_K,cpu,73,COMPLETED,100,work/baseline73_v2/lfr_n1000_o00_m20_s12__nocd_graph_oracleK__s73/checkpoints/epoch_0100.json,4bf04e9ab272a5ca30d95943c1765b363f99d785fa2b661820ca1b2f18ea50be,2.39470541710034,2.3978900420479476,0.302787721157074,0.9097104085948353,0.9541015625,,0.6887931034482759,18,1.0
lfr_n1000_o00_m20_s12__nocd_graph_oracleK__s73,lfr_n1000_o00_m20_s12,oracle_K,cpu,73,COMPLETED,125,work/baseline73_v2/lfr_n1000_o00_m20_s12__nocd_graph_oracleK__s73/checkpoints/epoch_0125.json,e1e0b84d4a0b39c0df24e4be24350b0210d9478d849208badce730ccda662771,2.583265666849911,2.586363332811743,0.2944767475128174,0.9106825085855648,0.933142311365807,,0.711438127090301,18,1.0
lfr_n1000_o00_m20_s12__nocd_graph_oracleK__s73,lfr_n1000_o00_m20_s12,oracle_K,cpu,73,COMPLETED,150,work/baseline73_v2/lfr_n1000_o00_m20_s12__nocd_graph_oracleK__s73/checkpoints/epoch_0150.json,d5790da18516041a18a7a4c3625a524e29959b29d5c3ae93a05b83521c45ff15,2.770522541832179,2.7737026251852512,0.28698059916496277,0.9215414032764575,0.9592538046146294,,0.7413729128014843,18,1.0
lfr_n1000_o00_m20_s12__nocd_graph_oracleK__s73,lfr_n1000_o00_m20_s12,oracle_K,cpu,73,COMPLETED,175,work/baseline73_v2/lfr_n1000_o00_m20_s12__nocd_graph_oracleK__s73/checkpoints/epoch_0175.json,0043f02caeb474649a781b39b46fe9575a28813676ee75a30308ad2433b02952,2.9796065418049693,2.982795292045921,0.27615195512771606,0.9166611207768047,0.9522417153996101,,0.7046946749950087,18,1.0
lfr_n1000_o00_m20_s12__nocd_graph_oracleK__s73,lfr_n1000_o00_m20_s12,oracle_K,cpu,73,COMPLETED,200,work/baseline73_v2/lfr_n1000_o00_m20_s12__nocd_graph_oracleK__s73/checkpoints/epoch_0200.json,bbc3cc520b242bc84839547176357bfa8766f4b15ad098d08dbd0f4524a1a88c,3.189445958007127,3.1961482921615243,0.2680646479129791,0.921164254656986,0.9545676599902296,,0.7471264367816092,18,1.0
lfr_n1000_o00_m20_s12__nocd_graph_oracleK__s73,lfr_n1000_o00_m20_s12,oracle_K,cpu,73,COMPLETED,225,work/baseline73_v2/lfr_n1000_o00_m20_s12__nocd_graph_oracleK__s73/checkpoints/epoch_0225.json,d6085b91e2708db7e10cf1e636aebb84840b4b8181652f400a6d221dea73ba20,3.3774759168736637,3.3806281248107553,0.26206231117248535,0.9265911671425973,0.9522417153996101,,0.7438202247191011,18,1.0
lfr_n1000_o00_m20_s12__nocd_graph_oracleK__s73,lfr_n1000_o00_m20_s12,oracle_K,cpu,73,COMPLETED,250,work/baseline73_v2/lfr_n1000_o00_m20_s12__nocd_graph_oracleK__s73/checkpoints/epoch_0250.json,22ed400dc75b98635a93091c19aa3b0f301726b130736c75a5eff7fb05ef912c,3.5745419999584556,3.5777342501096427,0.2597462236881256,0.9286235567023744,0.9569049951028403,,0.743044804128548,18,1.0
lfr_n1000_o00_m20_s12__nocd_graph_oracleK__s73,lfr_n1000_o00_m20_s12,oracle_K,cpu,73,COMPLETED,275,work/baseline73_v2/lfr_n1000_o00_m20_s12__nocd_graph_oracleK__s73/checkpoints/epoch_0275.json,3c28c57eefe84bc219e48a9e6c2e3bf3a1a5fda8445a5619151f0eef7bb90869,3.785954291932285,3.7890548747964203,0.2535669803619385,0.9291599719853334,0.9620876415558838,,0.7471264367816092,18,1.0
lfr_n1000_o00_m20_s12__nocd_graph_oracleK__s73,lfr_n1000_o00_m20_s12,oracle_K,cpu,73,COMPLETED,300,work/baseline73_v2/lfr_n1000_o00_m20_s12__nocd_graph_oracleK__s73/checkpoints/epoch_0300.json,989b158ff20dcdd1f49ad3395340ce9428ef76a43aad8fdaf789be36f9b46347,3.9842017497867346,3.987238666974008,0.2517837882041931,0.9293458209167021,0.9639861864824865,,0.7471264367816092,18,1.0
lfr_n1000_o00_m20_s12__nocd_graph_oracleK__s73,lfr_n1000_o00_m20_s12,oracle_K,cpu,73,COMPLETED,325,work/baseline73_v2/lfr_n1000_o00_m20_s12__nocd_graph_oracleK__s73/checkpoints/epoch_0325.json,26a3a8a24927fbf0da64d8073d55427e72d75302b08e53d48a0cebdfd23d3b63,4.1653459998779,4.165545375086367,0.25290530920028687,0.9297573435504469,0.9490043710539097,,0.7471264367816092,18,1.0
lfr_n1000_o00_m20_s12__nocd_graph_oracleK__s73,lfr_n1000_o00_m20_s12,oracle_K,cpu,73,COMPLETED,350,work/baseline73_v2/lfr_n1000_o00_m20_s12__nocd_graph_oracleK__s73/checkpoints/epoch_0350.json,63642d7645afadad421caf32925065c65e2e34725aed76eee27954bbb7bd264f,4.37065429193899,4.373842041939497,0.24929946660995483,0.9297573435504469,0.9673267326732673,,0.7471264367816092,18,1.0
lfr_n1000_o00_m20_s12__nocd_graph_oracleK__s73,lfr_n1000_o00_m20_s12,oracle_K,cpu,73,COMPLETED,375,work/baseline73_v2/lfr_n1000_o00_m20_s12__nocd_graph_oracleK__s73/checkpoints/epoch_0375.json,3c35303ccc44ef8e0fe6e12f5bad6e9c51bc73a170a06ce2512d5740652e1360,4.582604167051613,4.582825916819274,0.2498663067817688,0.9292381327508623,0.9587831207065751,,0.7471264367816092,18,1.0
lfr_n1000_o00_m20_s12__nocd_graph_oracleK__s73,lfr_n1000_o00_m20_s12,oracle_K,cpu,73,COMPLETED,400,work/baseline73_v2/lfr_n1000_o00_m20_s12__nocd_graph_oracleK__s73/checkpoints/epoch_0400.json,ad4b1711295102c8b7d91918adfcc413c6c843e7fc9a7e82a3e2eb61b2596a4e,4.77311091683805,4.776410500053316,0.24747955799102783,0.9297573435504469,0.953170731707317,,0.7471264367816092,18,1.0
lfr_n1000_o00_m20_s12__nocd_graph_oracleK__s73,lfr_n1000_o00_m20_s12,oracle_K,cpu,73,COMPLETED,425,work/baseline73_v2/lfr_n1000_o00_m20_s12__nocd_graph_oracleK__s73/checkpoints/epoch_0425.json,0ce9b13e11ac083cf57c90eaf680764df47f365e8bb1aa31a84b404210464607,4.967524916864932,4.970736917108297,0.24700747430324554,0.9297573435504469,0.9635108481262328,,0.7471264367816092,18,1.0
lfr_n1000_o00_m20_s12__nocd_graph_oracleK__s73,lfr_n1000_o00_m20_s12,oracle_K,cpu,73,COMPLETED,450,work/baseline73_v2/lfr_n1000_o00_m20_s12__nocd_graph_oracleK__s73/checkpoints/epoch_0450.json,50cad3d05ccf9359bb864ab38b148164ff7927e9e8807896705887b5bc45de5f,5.179219749756157,5.179421207867563,0.24994367361068726,0.9297573435504469,0.966848095002474,,0.7471264367816092,18,1.0
lfr_n1000_o00_m20_s12__nocd_graph_oracleK__s73,lfr_n1000_o00_m20_s12,oracle_K,cpu,73,COMPLETED,475,work/baseline73_v2/lfr_n1000_o00_m20_s12__nocd_graph_oracleK__s73/checkpoints/epoch_0475.json,9cef74702820bf54409cfdf18c8b0e58c1b5bafa8d43ce840004621756287819,5.3831485831178725,5.383365625049919,0.24919483065605164,0.9297573435504469,0.960668633235005,,0.7471264367816092,18,1.0
lfr_n1000_o00_m20_s12__nocd_graph_oracleK__s73,lfr_n1000_o00_m20_s12,oracle_K,cpu,73,COMPLETED,500,work/baseline73_v2/lfr_n1000_o00_m20_s12__nocd_graph_oracleK__s73/checkpoints/epoch_0500.json,ba633379bea904b796df1ffcfc7da46e1a083a6e63883dd247f1a6c92ef02137,5.560124166775495,5.560322207864374,0.24727000296115875,0.9297573435504469,0.9654150197628458,,0.7471264367816092,18,1.0
lfr_n1000_o40_m20_s12__nocd_graph_oracleK__s73,lfr_n1000_o40_m20_s12,oracle_K,cpu,73,COMPLETED,0,work/baseline73_v2/lfr_n1000_o40_m20_s12__nocd_graph_oracleK__s73/checkpoints/epoch_0000.json,63c561d10a033f0bff33b19d59983d299c3af5e279ac290cf20940db9233020b,1.3019812502898276,1.3057406661100686,0.8663986921310425,0.29802938066125584,0.3057442865966646,0.33,0.22196480290475948,26,0.995
lfr_n1000_o40_m20_s12__nocd_graph_oracleK__s73,lfr_n1000_o40_m20_s12,oracle_K,cpu,73,COMPLETED,25,work/baseline73_v2/lfr_n1000_o40_m20_s12__nocd_graph_oracleK__s73/checkpoints/epoch_0025.json,75125d3aefecf40cf0db93785164eb87d12e1fa564bb70a1db483ba336d2888e,1.5313757080584764,1.5347144161351025,0.40888702869415283,0.5735453432071758,0.5876441028672775,0.3225,0.39591301505992327,26,0.97
lfr_n1000_o40_m20_s12__nocd_graph_oracleK__s73,lfr_n1000_o40_m20_s12,oracle_K,cpu,73,COMPLETED,50,work/baseline73_v2/lfr_n1000_o40_m20_s12__nocd_graph_oracleK__s73/checkpoints/epoch_0050.json,97325fedbae61f291e3fcbc39622b0c79a040ce7ab2dd7f04c9c8171a630a973,1.7762365001253784,1.7795944162644446,0.349780797958374,0.7569665901324042,0.7702659404037168,0.62,0.5040464845788831,26,0.998
lfr_n1000_o40_m20_s12__nocd_graph_oracleK__s73,lfr_n1000_o40_m20_s12,oracle_K,cpu,73,COMPLETED,75,work/baseline73_v2/lfr_n1000_o40_m20_s12__nocd_graph_oracleK__s73/checkpoints/epoch_0075.json,b86aa9d17a336d73a57fe278dd92e0cb2625807a786e24dfe54bcab4f1d9080f,2.0300843329168856,2.0333715830929577,0.32298383116722107,0.8153086161496378,0.8409846972721224,0.7325,0.5648941873589345,26,0.999
lfr_n1000_o40_m20_s12__nocd_graph_oracleK__s73,lfr_n1000_o40_m20_s12,oracle_K,cpu,73,COMPLETED,100,work/baseline73_v2/lfr_n1000_o40_m20_s12__nocd_graph_oracleK__s73/checkpoints/epoch_0100.json,24333f682cbcbd9cfc764213926d06b7f1b41c1eb16253cbd63ddf89173b0000,2.244724875316024,2.2479571253061295,0.29725179076194763,0.8804532828907093,0.9129087779690189,0.86,0.6801240617827677,26,0.999
lfr_n1000_o40_m20_s12__nocd_graph_oracleK__s73,lfr_n1000_o40_m20_s12,oracle_K,cpu,73,COMPLETED,125,work/baseline73_v2/lfr_n1000_o40_m20_s12__nocd_graph_oracleK__s73/checkpoints/epoch_0125.json,3bc552af4224cb58bcb27bb45823fbac4fcfc9bc2579c4e0264ffd66dddbe969,2.4703729581087828,2.473937500268221,0.2806549668312073,0.903003302007485,0.9401888772298006,0.9,0.6974713382620809,26,1.0
lfr_n1000_o40_m20_s12__nocd_graph_oracleK__s73,lfr_n1000_o40_m20_s12,oracle_K,cpu,73,COMPLETED,150,work/baseline73_v2/lfr_n1000_o40_m20_s12__nocd_graph_oracleK__s73/checkpoints/epoch_0150.json,6c7986130c24ae3deff99f36779ade0388a74bca47609e2d36ae3d81d0e2cb69,2.723346541170031,2.72658058302477,0.2758432626724243,0.9221942982077652,0.944,0.9175,0.7606349206349207,26,1.0
lfr_n1000_o40_m20_s12__nocd_graph_oracleK__s73,lfr_n1000_o40_m20_s12,oracle_K,cpu,73,COMPLETED,175,work/baseline73_v2/lfr_n1000_o40_m20_s12__nocd_graph_oracleK__s73/checkpoints/epoch_0175.json,5bc2d24a0c4dccdebab7339f370b0bf4eba4d077222e0f05c15508d26d02f687,2.9529332909733057,2.9564598752185702,0.2690013647079468,0.9438810595920282,0.9626760563380282,0.94,0.8101689355420698,26,1.0
lfr_n1000_o40_m20_s12__nocd_graph_oracleK__s73,lfr_n1000_o40_m20_s12,oracle_K,cpu,73,COMPLETED,200,work/baseline73_v2/lfr_n1000_o40_m20_s12__nocd_graph_oracleK__s73/checkpoints/epoch_0200.json,db40eeaf4b0de80b9820a6a82f469a78707504c736031b55d733cf15aaafe99e,3.1756298751570284,3.1791252912953496,0.26615431904792786,0.9446237941230324,0.9678558813140233,0.95,0.8084181040837388,26,1.0
lfr_n1000_o40_m20_s12__nocd_graph_oracleK__s73,lfr_n1000_o40_m20_s12,oracle_K,cpu,73,COMPLETED,225,work/baseline73_v2/lfr_n1000_o40_m20_s12__nocd_graph_oracleK__s73/checkpoints/epoch_0225.json,28cd6ae39a7ee5f9afff9e27a662a9238d3e88a71469b6d092c20860959edb7f,3.4273581663146615,3.4275667080655694,0.26640549302101135,0.9409457963220696,0.9650547123190963,0.94,0.7980952380952381,26,1.0
lfr_n1000_o40_m20_s12__nocd_graph_oracleK__s73,lfr_n1000_o40_m20_s12,oracle_K,cpu,73,COMPLETED,250,work/baseline73_v2/lfr_n1000_o40_m20_s12__nocd_graph_oracleK__s73/checkpoints/epoch_0250.json,239982665908b6f088bed3ef5027b38f8b7db30da43f81925b4dba2f59e80e4c,3.7199297081679106,3.723445791285485,0.2647295892238617,0.9433373355497593,0.9657364888731896,0.9425,0.8095238095238094,26,1.0
lfr_n1000_o40_m20_s12__nocd_graph_oracleK__s73,lfr_n1000_o40_m20_s12,oracle_K,cpu,73,COMPLETED,275,work/baseline73_v2/lfr_n1000_o40_m20_s12__nocd_graph_oracleK__s73/checkpoints/epoch_0275.json,39614a0f5c3c77d54b5486d6feb3aeee9f74efdd2f5ace488e9caecc5c56a56a,3.936486041173339,3.936713125091046,0.2664946913719177,0.9425321488085733,0.962363700316567,0.945,0.8109243697478992,26,1.0
lfr_n1000_o40_m20_s12__nocd_graph_oracleK__s73,lfr_n1000_o40_m20_s12,oracle_K,cpu,73,COMPLETED,300,work/baseline73_v2/lfr_n1000_o40_m20_s12__nocd_graph_oracleK__s73/checkpoints/epoch_0300.json,45e14a0cdd3806a440780d7e5b31da4614e0d5201686a57cb5a83e46c0e39182,4.186419083271176,4.186641625128686,0.26490193605422974,0.9448351075486836,0.9664429530201343,0.945,0.8109243697478992,26,1.0
lfr_n1000_o40_m20_s12__nocd_graph_oracleK__s73,lfr_n1000_o40_m20_s12,oracle_K,cpu,73,COMPLETED,325,work/baseline73_v2/lfr_n1000_o40_m20_s12__nocd_graph_oracleK__s73/checkpoints/epoch_0325.json,50ffbe7b5ffed8af79fcfacfa94fa30cbefcda8d076ba6229d20989954871eb0,4.42673729127273,4.43001633323729,0.26405662298202515,0.9454446684853443,0.9654442877291961,0.945,0.8109243697478992,26,1.0
lfr_n1000_o40_m20_s12__nocd_graph_oracleK__s73,lfr_n1000_o40_m20_s12,oracle_K,cpu,73,COMPLETED,350,work/baseline73_v2/lfr_n1000_o40_m20_s12__nocd_graph_oracleK__s73/checkpoints/epoch_0350.json,849473d6340753abfdaccae4e93dca03932351d14698bf2816ffcfd486c40cf7,4.637237166054547,4.637453791219741,0.2650558352470398,0.9444448974877789,0.9644741470277876,0.9525,0.8055429356953804,26,1.0
lfr_n1000_o40_m20_s12__nocd_graph_oracleK__s73,lfr_n1000_o40_m20_s12,oracle_K,cpu,73,COMPLETED,375,work/baseline73_v2/lfr_n1000_o40_m20_s12__nocd_graph_oracleK__s73/checkpoints/epoch_0375.json,21f745a43065e08ae97e3c86a3720139aaa4e23dd44dec96f75cdcd5ea61ce4f,4.883947208058089,4.884168915916234,0.265433132648468,0.9448597679171924,0.9644991212653778,0.955,0.8060761837090317,26,1.0
lfr_n1000_o40_m20_s12__nocd_graph_oracleK__s73,lfr_n1000_o40_m20_s12,oracle_K,cpu,73,COMPLETED,400,work/baseline73_v2/lfr_n1000_o40_m20_s12__nocd_graph_oracleK__s73/checkpoints/epoch_0400.json,fa8ca3bb07a911701e107195caeceac91dc5ce37cfc8dbaebaf3ff9bf22f372f,5.137755291070789,5.141172165982425,0.2638184726238251,0.9456794696553005,0.9647639182522904,0.9475,0.808582449373192,26,1.0
lfr_n1000_o40_m20_s12__nocd_graph_oracleK__s73,lfr_n1000_o40_m20_s12,oracle_K,cpu,73,COMPLETED,425,work/baseline73_v2/lfr_n1000_o40_m20_s12__nocd_graph_oracleK__s73/checkpoints/epoch_0425.json,d524a22d1905788aa8a6906937a7089db33c079c443424803e1ee92bbfc147c9,5.347356375306845,5.347569833043963,0.26397132873535156,0.9459552263773581,0.9640845070422536,0.9475,0.812366737739872,26,1.0
lfr_n1000_o40_m20_s12__nocd_graph_oracleK__s73,lfr_n1000_o40_m20_s12,oracle_K,cpu,73,COMPLETED,450,work/baseline73_v2/lfr_n1000_o40_m20_s12__nocd_graph_oracleK__s73/checkpoints/epoch_0450.json,de342d6d2eceab57e48514039bc84fcce66e0a4e10e15508ac73f79c59459847,5.584569375030696,5.58479483332485,0.26499029994010925,0.9450859555863803,0.9640845070422536,0.9475,0.808582449373192,26,1.0
lfr_n1000_o40_m20_s12__nocd_graph_oracleK__s73,lfr_n1000_o40_m20_s12,oracle_K,cpu,73,COMPLETED,475,work/baseline73_v2/lfr_n1000_o40_m20_s12__nocd_graph_oracleK__s73/checkpoints/epoch_0475.json,e5997aed96d47033663622785b6912afa99899b5c83554f6fe8439c44257b8c5,5.83543379092589,5.835654375143349,0.2661869525909424,0.9427595989736421,0.9614576033637001,0.955,0.8059967965776856,26,1.0
lfr_n1000_o40_m20_s12__nocd_graph_oracleK__s73,lfr_n1000_o40_m20_s12,oracle_K,cpu,73,COMPLETED,500,work/baseline73_v2/lfr_n1000_o40_m20_s12__nocd_graph_oracleK__s73/checkpoints/epoch_0500.json,b1d16780154f2be8d230b7b64f6958be624ca9fa4857574f9819da898044f061,6.052455707918853,6.052675791084766,0.2649363875389099,0.9455399017742726,0.9651776292648611,0.955,0.808582449373192,26,1.0
lfr_n1000_o40_m50_s11__nocd_graph_oracleK__s73,lfr_n1000_o40_m50_s11,oracle_K,cpu,73,COMPLETED,0,work/baseline73_v2/lfr_n1000_o40_m50_s11__nocd_graph_oracleK__s73/checkpoints/epoch_0000.json,2f51dee74b335973834326cd05a52693df9f466485d6ec0f602ea175f852dcff,2.084421791136265,2.0886134998872876,0.6327797174453735,0.24532299225989773,0.24976076555023924,0.0875,0.20293908267182278,26,0.937
lfr_n1000_o40_m50_s11__nocd_graph_oracleK__s73,lfr_n1000_o40_m50_s11,oracle_K,cpu,73,COMPLETED,25,work/baseline73_v2/lfr_n1000_o40_m50_s11__nocd_graph_oracleK__s73/checkpoints/epoch_0025.json,6905dcd5e7700a2745404413ada64b2db41efb7379cbb419b2002be1a750cf9c,2.3762096660211682,2.3802175410091877,0.5173076391220093,0.3740736943819367,0.3766407714974551,0.12,0.2993151120487096,26,0.925
lfr_n1000_o40_m50_s11__nocd_graph_oracleK__s73,lfr_n1000_o40_m50_s11,oracle_K,cpu,73,COMPLETED,50,work/baseline73_v2/lfr_n1000_o40_m50_s11__nocd_graph_oracleK__s73/checkpoints/epoch_0050.json,143bd9bb1b5e3cedb81c381aaecdd916f9832a3856f34ff55a000ddd14aa637f,2.5791158750653267,2.582357458304614,0.46187788248062134,0.5093391041868718,0.5220246238030096,0.265,0.370290363247367,26,0.979
lfr_n1000_o40_m50_s11__nocd_graph_oracleK__s73,lfr_n1000_o40_m50_s11,oracle_K,cpu,73,COMPLETED,75,work/baseline73_v2/lfr_n1000_o40_m50_s11__nocd_graph_oracleK__s73/checkpoints/epoch_0075.json,977f456ceb0df07a6daaf1839f591428e33b3a16e3e55e39d4a6383416c32db0,2.8010637909173965,2.8048984580673277,0.42925259470939636,0.5757603700005073,0.5907692307692308,0.4025,0.40360881779594354,26,0.993
lfr_n1000_o40_m50_s11__nocd_graph_oracleK__s73,lfr_n1000_o40_m50_s11,oracle_K,cpu,73,COMPLETED,100,work/baseline73_v2/lfr_n1000_o40_m50_s11__nocd_graph_oracleK__s73/checkpoints/epoch_0100.json,98066907259005263cabceed23f2cbebba25e82575ea18ad6d91b9fd21bd0cb9,3.0471980832517147,3.050426041241735,0.4145049452781677,0.6179994171490636,0.6350765674660502,0.4675,0.43512013449360476,26,0.989
lfr_n1000_o40_m50_s11__nocd_graph_oracleK__s73,lfr_n1000_o40_m50_s11,oracle_K,cpu,73,COMPLETED,125,work/baseline73_v2/lfr_n1000_o40_m50_s11__nocd_graph_oracleK__s73/checkpoints/epoch_0125.json,c354590e908310f6dc0ab50d066cdc2723f1c89036233890ded1620e0d89d932,3.2715764581225812,3.2751888330094516,0.40730059146881104,0.6610023592001908,0.6756272401433692,0.4975,0.4783101611819699,26,0.989
lfr_n1000_o40_m50_s11__nocd_graph_oracleK__s73,lfr_n1000_o40_m50_s11,oracle_K,cpu,73,COMPLETED,150,work/baseline73_v2/lfr_n1000_o40_m50_s11__nocd_graph_oracleK__s73/checkpoints/epoch_0150.json,dcc941c9ed630ee2f8f7644994334fc4337f3acbbb38b08d9ef78ac5e5e08ff6,3.471141000278294,3.4743102081120014,0.4051377475261688,0.7103736566442092,0.7215389467045096,0.51,0.5576141363753269,26,0.989
lfr_n1000_o40_m50_s11__nocd_graph_oracleK__s73,lfr_n1000_o40_m50_s11,oracle_K,cpu,73,COMPLETED,175,work/baseline73_v2/lfr_n1000_o40_m50_s11__nocd_graph_oracleK__s73/checkpoints/epoch_0175.json,3b11e3af759379b2ff2a6e76d44c84101d81b14de48909828574735f634b0c40,3.7049292912706733,3.7083667502738535,0.4033449590206146,0.7389825994552359,0.7491211249600511,0.5525,0.5891394759104892,26,0.992
lfr_n1000_o40_m50_s11__nocd_graph_oracleK__s73,lfr_n1000_o40_m50_s11,oracle_K,cpu,73,COMPLETED,200,work/baseline73_v2/lfr_n1000_o40_m50_s11__nocd_graph_oracleK__s73/checkpoints/epoch_0200.json,85e4d02c81d99c2e89ff81e6eea577e654ef1598a92ee274964a77845938a68a,3.9448895412497222,3.947958624921739,0.40179526805877686,0.7572579582944567,0.7646867900032457,0.555,0.6159419475552779,26,0.989
lfr_n1000_o40_m50_s11__nocd_graph_oracleK__s73,lfr_n1000_o40_m50_s11,oracle_K,cpu,73,COMPLETED,225,work/baseline73_v2/lfr_n1000_o40_m50_s11__nocd_graph_oracleK__s73/checkpoints/epoch_0225.json,e204e24c2a51afdd3a328a5ae5ce68d1cff50409bcb8933d519bf6e42abe17a4,4.153087416198105,4.153293458279222,0.4021376967430115,0.7680730011513823,0.7769028871391076,0.555,0.6442247947423475,26,0.989
lfr_n1000_o40_m50_s11__nocd_graph_oracleK__s73,lfr_n1000_o40_m50_s11,oracle_K,cpu,73,COMPLETED,250,work/baseline73_v2/lfr_n1000_o40_m50_s11__nocd_graph_oracleK__s73/checkpoints/epoch_0250.json,eeaee4cab59f991761c58b25956ea95c3c20bb5fab26c87982ff5d516fce9903,4.362469416111708,4.362697541248053,0.40312233567237854,0.7745753144880505,0.7822926990419558,0.5575,0.6553689974854445,26,0.989
lfr_n1000_o40_m50_s11__nocd_graph_oracleK__s73,lfr_n1000_o40_m50_s11,oracle_K,cpu,73,COMPLETED,275,work/baseline73_v2/lfr_n1000_o40_m50_s11__nocd_graph_oracleK__s73/checkpoints/epoch_0275.json,7ec1ef6d2e3ecdede3c3bbaeb3ad0ea6327b0134fa99e17bd8ca28ce21609549,4.5997658749111,4.599983083084226,0.4036569595336914,0.7770293741514055,0.786472148541114,0.5675,0.655244547972139,26,0.988
lfr_n1000_o40_m50_s11__nocd_graph_oracleK__s73,lfr_n1000_o40_m50_s11,oracle_K,cpu,73,COMPLETED,300,work/baseline73_v2/lfr_n1000_o40_m50_s11__nocd_graph_oracleK__s73/checkpoints/epoch_0300.json,baceef02ef1919e831952142273710e2d53b21420f81445ba0b5ab694f63c87d,4.827792041003704,4.828016166109592,0.4052865505218506,0.7786518395586536,0.7869507323568575,0.5575,0.6711008192115248,26,0.984
lfr_n1000_o40_m50_s11__nocd_graph_oracleK__s73,lfr_n1000_o40_m50_s11,oracle_K,cpu,73,COMPLETED,325,work/baseline73_v2/lfr_n1000_o40_m50_s11__nocd_graph_oracleK__s73/checkpoints/epoch_0325.json,69bdd1dfcdfbec744b69d23dd7c2460a2890e48ea29aaa20ecde3bf80b8e4284,5.024250916205347,5.024470000062138,0.4045759439468384,0.7772719444673684,0.7913477537437604,0.565,0.6645670560157482,26,0.986
lfr_n1000_o40_m50_s11__nocd_graph_oracleK__s73,lfr_n1000_o40_m50_s11,oracle_K,cpu,73,COMPLETED,350,work/baseline73_v2/lfr_n1000_o40_m50_s11__nocd_graph_oracleK__s73/checkpoints/epoch_0350.json,904e7f4d9fa7375e5ecda6a31839c23c27c83b6662a4f73c5c9580aef52b6aab,5.247508750297129,5.247710540890694,0.40574413537979126,0.7819945521193888,0.7915549597855228,0.5625,0.6724730528111847,26,0.984
lfr_n1000_o40_m50_s11__nocd_graph_oracleK__s73,lfr_n1000_o40_m50_s11,oracle_K,cpu,73,COMPLETED,375,work/baseline73_v2/lfr_n1000_o40_m50_s11__nocd_graph_oracleK__s73/checkpoints/epoch_0375.json,17943d44f5f21a339734a9821328ef6c6d7eb4a281cfbaac9ec79e465dc727ba,5.484524166211486,5.484733208082616,0.40616679191589355,0.7788598160400567,0.7947686116700201,0.5625,0.660176863538208,26,0.986
lfr_n1000_o40_m50_s11__nocd_graph_oracleK__s73,lfr_n1000_o40_m50_s11,oracle_K,cpu,73,COMPLETED,400,work/baseline73_v2/lfr_n1000_o40_m50_s11__nocd_graph_oracleK__s73/checkpoints/epoch_0400.json,d1ee9367c474602259ea0d5305467519e6a81464a418c35a6a01d716b9ba83e1,5.700248833280057,5.700460332911462,0.405454158782959,0.7876730154619993,0.8028216325159556,0.5825,0.6717006992792791,26,0.985
lfr_n1000_o40_m50_s11__nocd_graph_oracleK__s73,lfr_n1000_o40_m50_s11,oracle_K,cpu,73,COMPLETED,425,work/baseline73_v2/lfr_n1000_o40_m50_s11__nocd_graph_oracleK__s73/checkpoints/epoch_0425.json,d0de0e22bbb03a72b61afc9e32adc33a43324527a5bb1cd08e9df9275956b9d9,5.911506458185613,5.911711040884256,0.40532463788986206,0.7824186942376194,0.7990654205607477,0.5825,0.6647104299806817,26,0.985
lfr_n1000_o40_m50_s11__nocd_graph_oracleK__s73,lfr_n1000_o40_m50_s11,oracle_K,cpu,73,COMPLETED,450,work/baseline73_v2/lfr_n1000_o40_m50_s11__nocd_graph_oracleK__s73/checkpoints/epoch_0450.json,b96325b2c44752c8307c0f84a9c3bfb1e03a44ddb2a480020d4c96d184fd46ae,6.149951708037406,6.150170125067234,0.4052318036556244,0.787851996377174,0.8048370843130669,0.585,0.6670229470782031,26,0.987
lfr_n1000_o40_m50_s11__nocd_graph_oracleK__s73,lfr_n1000_o40_m50_s11,oracle_K,cpu,73,COMPLETED,475,work/baseline73_v2/lfr_n1000_o40_m50_s11__nocd_graph_oracleK__s73/checkpoints/epoch_0475.json,2e87b5063f71e0794b1a5bdee258857dc907015bfc506b13f7ec07c12ec2643d,6.381628999952227,6.38184233289212,0.4060404896736145,0.7914567159347392,0.8063320983496126,0.5775,0.6809626308707902,26,0.988
lfr_n5000_o20_m50_s12__nocd_graph_oracleK__s73,lfr_n5000_o20_m50_s12,oracle_K,cpu,73,COMPLETED,0,work/baseline73_v2/lfr_n5000_o20_m50_s12__nocd_graph_oracleK__s73/checkpoints/epoch_0000.json,2b98d95829842e9eb0b02e9f50ca686aac8d14f1b10d4daea684e213632813da,1.8343362919986248,1.8600247497670352,0.9224146008491516,0.1407221030863236,0.1377664011044321,0.051,0.1387257170826964,125,0.9726
lfr_n5000_o20_m50_s12__nocd_graph_oracleK__s73,lfr_n5000_o20_m50_s12,oracle_K,cpu,73,COMPLETED,25,work/baseline73_v2/lfr_n5000_o20_m50_s12__nocd_graph_oracleK__s73/checkpoints/epoch_0025.json,3902330f590777f60e54b83120cf5e6a8547e8ee3848b22dcca76cd3618e932d,3.0606589168310165,3.072310374584049,0.4920779764652252,0.23050705428691332,0.25740140766394815,0.009,0.21824258329661708,124,0.3352
lfr_n5000_o20_m50_s12__nocd_graph_oracleK__s73,lfr_n5000_o20_m50_s12,oracle_K,cpu,73,COMPLETED,50,work/baseline73_v2/lfr_n5000_o20_m50_s12__nocd_graph_oracleK__s73/checkpoints/epoch_0050.json,a8ebe96c3550e5ec147c034088198ea1d8caf6967e5918bd605e035263fc6ee4,4.236516666598618,4.258165624924004,0.4455527663230896,0.3232057847687272,0.35721669980119286,0.04,0.29156563638903965,125,0.6198
lfr_n5000_o20_m50_s12__nocd_graph_oracleK__s73,lfr_n5000_o20_m50_s12,oracle_K,cpu,73,COMPLETED,75,work/baseline73_v2/lfr_n5000_o20_m50_s12__nocd_graph_oracleK__s73/checkpoints/epoch_0075.json,ff7ca87f888122cf75e65193731d2f5b5cc59301fab26ab843a8fe6ce43dd5be,5.449931957758963,5.463007541839033,0.42474833130836487,0.3646668590688656,0.3966734223216158,0.062,0.2826466807369722,125,0.766
lfr_n5000_o20_m50_s12__nocd_graph_oracleK__s73,lfr_n5000_o20_m50_s12,oracle_K,cpu,73,COMPLETED,100,work/baseline73_v2/lfr_n5000_o20_m50_s12__nocd_graph_oracleK__s73/checkpoints/epoch_0100.json,dbbc87097a06663a2c624ba489c89c77e13dd848620689bfd137f197433d80d1,6.606199249625206,6.62273612478748,0.4147360324859619,0.37805069050687085,0.4293470883670422,0.08,0.23812353322627458,125,0.8202
lfr_n5000_o20_m50_s12__nocd_graph_oracleK__s73,lfr_n5000_o20_m50_s12,oracle_K,cpu,73,COMPLETED,125,work/baseline73_v2/lfr_n5000_o20_m50_s12__nocd_graph_oracleK__s73/checkpoints/epoch_0125.json,8ecf707ccc4e2bdeaa7b6eef75dda4fd239ff9f23bd64f4cc61a601375390cdf,7.838720416650176,7.851520707830787,0.41153109073638916,0.36846097718208054,0.4315705554079192,0.092,0.20320806771917213,124,0.8506
lfr_n5000_o20_m50_s12__nocd_graph_oracleK__s73,lfr_n5000_o20_m50_s12,oracle_K,cpu,73,COMPLETED,150,work/baseline73_v2/lfr_n5000_o20_m50_s12__nocd_graph_oracleK__s73/checkpoints/epoch_0150.json,56e1d339bd9115896daede671dc5a3837f823d08e97a2ce84987a29670fd0e7d,8.982450666837394,8.996471707709134,0.40433818101882935,0.3540747181714061,0.4254937163375224,0.1,0.16113658880160284,120,0.8766
lfr_n5000_o20_m50_s12__nocd_graph_oracleK__s73,lfr_n5000_o20_m50_s12,oracle_K,cpu,73,COMPLETED,175,work/baseline73_v2/lfr_n5000_o20_m50_s12__nocd_graph_oracleK__s73/checkpoints/epoch_0175.json,ea567015d765666f87f8d9c223aadca21d01ad56864982e8da3c35591a0e3d70,10.210529749747366,10.22451570769772,0.3973235785961151,0.3426431923705125,0.4138997093921969,0.105,0.1355426307675252,116,0.9116
lfr_n5000_o20_m50_s12__nocd_graph_oracleK__s73,lfr_n5000_o20_m50_s12,oracle_K,cpu,73,COMPLETED,200,work/baseline73_v2/lfr_n5000_o20_m50_s12__nocd_graph_oracleK__s73/checkpoints/epoch_0200.json,f1cd8949324ad4d0cd44c9e1022fd81470837e0ac00d17411d6aa02178831560,11.368742249906063,11.382671166677028,0.3912588953971863,0.3226073185318381,0.40150458047685494,0.103,0.13071605677740583,115,0.9304
lfr_n5000_o20_m50_s12__nocd_graph_oracleK__s73,lfr_n5000_o20_m50_s12,oracle_K,cpu,73,COMPLETED,225,work/baseline73_v2/lfr_n5000_o20_m50_s12__nocd_graph_oracleK__s73/checkpoints/epoch_0225.json,7af79a7178e425ff7ed0d2e129d79cc9cadc3977ce4cd7c1931f88877f3e9039,12.564330416731536,12.578075499739498,0.3850373923778534,0.3153557454658077,0.3983543078412391,0.12,0.1539406149273666,113,0.945
lfr_n5000_o20_m50_s12__nocd_graph_oracleK__s73,lfr_n5000_o20_m50_s12,oracle_K,cpu,73,COMPLETED,250,work/baseline73_v2/lfr_n5000_o20_m50_s12__nocd_graph_oracleK__s73/checkpoints/epoch_0250.json,e4b3ebce79eab633d3c6162cb5aad881b78a287ba5081ca54ae669cc712942b2,13.757392457686365,13.772635582834482,0.38142716884613037,0.3073265550372617,0.39567737261531033,0.121,0.13092284381040506,111,0.9544
lfr_n5000_o20_m50_s12__nocd_graph_oracleK__s73,lfr_n5000_o20_m50_s12,oracle_K,cpu,73,COMPLETED,275,work/baseline73_v2/lfr_n5000_o20_m50_s12__nocd_graph_oracleK__s73/checkpoints/epoch_0275.json,48037e80e68b9c0eba18472e1e34a531b6fbfbb2006c038bb76a32225c66a830,14.921163707971573,14.9355404577218,0.3787907063961029,0.30556366090250225,0.40159237589721936,0.126,0.14084008200858178,111,0.9628
lfr_n5000_o20_m50_s12__nocd_graph_oracleK__s73,lfr_n5000_o20_m50_s12,oracle_K,cpu,73,COMPLETED,300,work/baseline73_v2/lfr_n5000_o20_m50_s12__nocd_graph_oracleK__s73/checkpoints/epoch_0300.json,a8ee0c44cc77a484cfb12a29567f0e4f1d7e636b8fc05c0911c4071e486963ec,16.143549249973148,16.157481499947608,0.3763696551322937,0.30508244015846514,0.39992828542401243,0.133,0.1374325682237816,110,0.97
lfr_n5000_o20_m50_s12__nocd_graph_oracleK__s73,lfr_n5000_o20_m50_s12,oracle_K,cpu,73,COMPLETED,325,work/baseline73_v2/lfr_n5000_o20_m50_s12__nocd_graph_oracleK__s73/checkpoints/epoch_0325.json,36dec6f1a4782251d3b96024e6684d28c6074f5aa22cbf379c5db70a066678c5,17.2893521245569,17.303948166780174,0.37617260217666626,0.3126305804303712,0.40110384546163536,0.128,0.12502150473901275,106,0.9694
lfr_n5000_o20_m50_s12__nocd_graph_oracleK__s73,lfr_n5000_o20_m50_s12,oracle_K,cpu,73,COMPLETED,350,work/baseline73_v2/lfr_n5000_o20_m50_s12__nocd_graph_oracleK__s73/checkpoints/epoch_0350.json,5504d0df5330f206f350cec83dcfab2af96c3ee9b3335bb662eda17d9dcb1455,18.404423707630485,18.405418791808188,0.3768334984779358,0.30878127936827815,0.40175617970770433,0.128,0.12305568858765266,107,0.9678
lfr_n5000_o20_m50_s12__nocd_graph_oracleK__s73,lfr_n5000_o20_m50_s12,oracle_K,cpu,73,COMPLETED,375,work/baseline73_v2/lfr_n5000_o20_m50_s12__nocd_graph_oracleK__s73/checkpoints/epoch_0375.json,63f53e3c6408b31601be3fc522baa620d06346f1ade65a16a1049939d1700cab,19.57047954155132,19.571441541891545,0.3765101432800293,0.3097549537461414,0.4030281182408075,0.14,0.12458374894751564,106,0.9658
lfr_n5000_o20_m50_s12__nocd_graph_oracleK__s73,lfr_n5000_o20_m50_s12,oracle_K,cpu,73,COMPLETED,400,work/baseline73_v2/lfr_n5000_o20_m50_s12__nocd_graph_oracleK__s73/checkpoints/epoch_0400.json,3e7b4513635c517c0b2375f52493446c99161b0593078df67d74c1049922b175,20.72093304200098,20.721916207578033,0.3765993118286133,0.3090504874524139,0.4017320182824152,0.138,0.1238016278723941,106,0.971
lfr_n5000_o20_m50_s12__nocd_graph_oracleK__s73,lfr_n5000_o20_m50_s12,oracle_K,cpu,73,COMPLETED,425,work/baseline73_v2/lfr_n5000_o20_m50_s12__nocd_graph_oracleK__s73/checkpoints/epoch_0425.json,a45e47cc98424e982507a6441f6e58a4ec99bc9db65b9cc5f6d343fee4233511,21.94237087480724,21.94330587470904,0.3764008581638336,0.3129096610320405,0.4032792814515643,0.133,0.13857509651762517,105,0.9684
lfr_n5000_o20_m50_s12__nocd_graph_oracleK__s73,lfr_n5000_o20_m50_s12,oracle_K,cpu,73,COMPLETED,450,work/baseline73_v2/lfr_n5000_o20_m50_s12__nocd_graph_oracleK__s73/checkpoints/epoch_0450.json,50533d1869540b008a79f036b078b16c87ebc01476b5a543f23ab4fafe5dafe2,23.073924374766648,23.074897582642734,0.3762022852897644,0.3073221767560084,0.3974436271554323,0.129,0.12062674342209298,106,0.9682
lfr_n5000_o20_m50_s12__nocd_graph_oracleK__s73,lfr_n5000_o20_m50_s12,oracle_K,cpu,73,COMPLETED,475,work/baseline73_v2/lfr_n5000_o20_m50_s12__nocd_graph_oracleK__s73/checkpoints/epoch_0475.json,3f386951745702c661c8419903bb717bbd6611ba450778920b07c8adf4c27957,24.274968499783427,24.28980041667819,0.3761158287525177,0.3075223338341211,0.4015142410767937,0.134,0.12926081431024067,106,0.9688
lfr_n5000_o20_m50_s12__nocd_graph_oracleK__s73,lfr_n5000_o20_m50_s12,oracle_K,cpu,73,COMPLETED,500,work/baseline73_v2/lfr_n5000_o20_m50_s12__nocd_graph_oracleK__s73/checkpoints/epoch_0500.json,cd82ef616d22c4aadd3e6893fe3445301cae4939defd8eff9ed9eb7180083d57,25.44824641663581,25.449182957876474,0.37623870372772217,0.30809927376554314,0.4001693582531906,0.133,0.13957309524876246,105,0.969
lfr_n1000_o40_m20_s11__nocd_graph_oracleK__s73,lfr_n1000_o40_m20_s11,oracle_K,cpu,73,COMPLETED,0,work/baseline73_v2/lfr_n1000_o40_m20_s11__nocd_graph_oracleK__s73/checkpoints/epoch_0000.json,8d7c0dd3dd74f43e864d74342fd66eeecec175be3dca99e3ccd58c9ed55e90fc,1.5274847918190062,1.5313942497596145,0.8661948442459106,0.3075367624789131,0.3071724773460298,0.3225,0.22324562401463474,26,0.999
lfr_n1000_o40_m20_s11__nocd_graph_oracleK__s73,lfr_n1000_o40_m20_s11,oracle_K,cpu,73,COMPLETED,25,work/baseline73_v2/lfr_n1000_o40_m20_s11__nocd_graph_oracleK__s73/checkpoints/epoch_0025.json,73a6a304f1e8457d25de082dc0f0e1a2c240941fca9a2d5028b1ed6bdbf99560,1.7404268751852214,1.7437494997866452,0.39563852548599243,0.6380527522293808,0.7111253606925296,0.44,0.3624841843701851,26,0.969
lfr_n1000_o40_m20_s11__nocd_graph_oracleK__s73,lfr_n1000_o40_m20_s11,oracle_K,cpu,73,COMPLETED,50,work/baseline73_v2/lfr_n1000_o40_m20_s11__nocd_graph_oracleK__s73/checkpoints/epoch_0050.json,651138270748c27e3ca1925d7ad1d64f641a368f2dfd1a3dc97e4a521b257e14,1.9759869170375168,1.9792864168994129,0.3399592638015747,0.7614890466076046,0.8304521276595744,0.7225,0.4973985128251414,26,0.997
lfr_n1000_o40_m20_s11__nocd_graph_oracleK__s73,lfr_n1000_o40_m20_s11,oracle_K,cpu,73,COMPLETED,75,work/baseline73_v2/lfr_n1000_o40_m20_s11__nocd_graph_oracleK__s73/checkpoints/epoch_0075.json,25553dabb5f334341c3b11547dbf1a2296af3db707d97433fa9fdb863633646d,2.213680208195001,2.2167450417764485,0.3108658790588379,0.7847980018653817,0.8866689631415777,0.8175,0.47868674458283167,26,1.0
lfr_n1000_o40_m20_s11__nocd_graph_oracleK__s73,lfr_n1000_o40_m20_s11,oracle_K,cpu,73,COMPLETED,100,work/baseline73_v2/lfr_n1000_o40_m20_s11__nocd_graph_oracleK__s73/checkpoints/epoch_0100.json,1c42317f8cbc155e49f5a6b4d29df2f2d5a6778dd91a6f79522c982e7f56ef43,2.416361208073795,2.4196946672163904,0.2957410216331482,0.8386367654902959,0.9087108013937282,0.8275,0.5311121236705527,25,1.0
lfr_n1000_o40_m20_s11__nocd_graph_oracleK__s73,lfr_n1000_o40_m20_s11,oracle_K,cpu,73,COMPLETED,125,work/baseline73_v2/lfr_n1000_o40_m20_s11__nocd_graph_oracleK__s73/checkpoints/epoch_0125.json,c03f8e31dd21dfec33ada43558356c7081b369b149623f5ca4f4cd3b3db5c348,2.63264250010252,2.6357756247743964,0.2855915129184723,0.8531575555388753,0.9245674740484429,0.89,0.5697857387123418,26,1.0
lfr_n1000_o40_m20_s11__nocd_graph_oracleK__s73,lfr_n1000_o40_m20_s11,oracle_K,cpu,73,COMPLETED,150,work/baseline73_v2/lfr_n1000_o40_m20_s11__nocd_graph_oracleK__s73/checkpoints/epoch_0150.json,89636139e6f8fec205203fc53a8fdffa48ffed8edc5e7e0df17d4e9a1d3ee10a,2.8716130829416215,2.8754120827652514,0.27832791209220886,0.9132326668580437,0.949424485524939,0.93,0.6784071629003652,25,1.0
lfr_n1000_o40_m20_s11__nocd_graph_oracleK__s73,lfr_n1000_o40_m20_s11,oracle_K,cpu,73,COMPLETED,175,work/baseline73_v2/lfr_n1000_o40_m20_s11__nocd_graph_oracleK__s73/checkpoints/epoch_0175.json,17abf202846ff910718272c4addb313eaee55fa3ccf5be614090714f23ee6160,3.0981787918135524,3.1012512501329184,0.27426451444625854,0.9015211166889047,0.9526149526149527,0.9125,0.6793327431982894,26,1.0
lfr_n1000_o40_m20_s11__nocd_graph_oracleK__s73,lfr_n1000_o40_m20_s11,oracle_K,cpu,73,COMPLETED,200,work/baseline73_v2/lfr_n1000_o40_m20_s11__nocd_graph_oracleK__s73/checkpoints/epoch_0200.json,6d24b6582c24e67b144f909bb5123e4eb22c27021dd89bbd9158dae49811c328,3.298916082829237,3.302530750166625,0.26805412769317627,0.9113832158909857,0.9604240282685512,0.9175,0.6842169595110772,26,1.0
lfr_n1000_o40_m20_s11__nocd_graph_oracleK__s73,lfr_n1000_o40_m20_s11,oracle_K,cpu,73,COMPLETED,225,work/baseline73_v2/lfr_n1000_o40_m20_s11__nocd_graph_oracleK__s73/checkpoints/epoch_0225.json,dd77adee85bf3614bf7f1960e61e90e5eab69170d8212dc4850297c2613b38ea,3.520611083135009,3.5239730421453714,0.2679910957813263,0.9217513209757268,0.9575971731448764,0.92,0.6589267285861713,25,1.0
lfr_n1000_o40_m20_s11__nocd_graph_oracleK__s73,lfr_n1000_o40_m20_s11,oracle_K,cpu,73,COMPLETED,250,work/baseline73_v2/lfr_n1000_o40_m20_s11__nocd_graph_oracleK__s73/checkpoints/epoch_0250.json,6c32014d39fd79557c83428ca484dc8627d9ee154f97ac87df18d41525d844f8,3.7611124999821186,3.761328416876495,0.2683459520339966,0.8978956170046017,0.957416607523066,0.92,0.6309155241043786,26,1.0
lfr_n1000_o40_m20_s11__nocd_graph_oracleK__s73,lfr_n1000_o40_m20_s11,oracle_K,cpu,73,COMPLETED,275,work/baseline73_v2/lfr_n1000_o40_m20_s11__nocd_graph_oracleK__s73/checkpoints/epoch_0275.json,11a4aed510bca3ac6b7b5078136cfe6d99eca957221e8a2581ddb7203dff71fb,3.979634082876146,3.9830698748119175,0.2661980092525482,0.8978166522839032,0.952783650458069,0.925,0.6295972934628397,26,1.0
lfr_n1000_o40_m20_s11__nocd_graph_oracleK__s73,lfr_n1000_o40_m20_s11,oracle_K,cpu,73,COMPLETED,300,work/baseline73_v2/lfr_n1000_o40_m20_s11__nocd_graph_oracleK__s73/checkpoints/epoch_0300.json,4db5cf9273b0f5cc46a216249c55900ac1fd9cff9640aa2e2d52ee07cf80f386,4.180750917177647,4.180982832796872,0.2688167095184326,0.897636245674535,0.9517095523440254,0.92,0.6309155241043786,26,1.0
lfr_n1000_o40_m20_s11__nocd_graph_oracleK__s73,lfr_n1000_o40_m20_s11,oracle_K,cpu,73,COMPLETED,325,work/baseline73_v2/lfr_n1000_o40_m20_s11__nocd_graph_oracleK__s73/checkpoints/epoch_0325.json,38b33576fde60c63a6f9797c686dc00ecd5439d9fac1b704329e5f12d57baffe,4.408486499916762,4.408698957879096,0.267225980758667,0.8972596057583301,0.9507735583684951,0.9275,0.6295972934628397,26,1.0
lfr_n1000_o40_m20_s11__nocd_graph_oracleK__s73,lfr_n1000_o40_m20_s11,oracle_K,cpu,73,COMPLETED,350,work/baseline73_v2/lfr_n1000_o40_m20_s11__nocd_graph_oracleK__s73/checkpoints/epoch_0350.json,e8a84830b437d45ccbdd70ce03029928d8d8b0c74656b62e85edfcdf7c87bcf5,4.643891207873821,4.644103500060737,0.26717913150787354,0.8983947516216244,0.9510390982740402,0.92,0.6309155241043786,26,1.0
lfr_n1000_o40_m20_s11__nocd_graph_oracleK__s73,lfr_n1000_o40_m20_s11,oracle_K,cpu,73,COMPLETED,375,work/baseline73_v2/lfr_n1000_o40_m20_s11__nocd_graph_oracleK__s73/checkpoints/epoch_0375.json,c3d7dd73b4bd4ff4fac6949acdfff41e521bf16e447ee4760f3ade88f640512d,4.852879374753684,4.853089999873191,0.2668214738368988,0.8969160951382729,0.9506694855532065,0.9175,0.6277409209297754,26,1.0
lfr_n1000_o40_m20_s11__nocd_graph_oracleK__s73,lfr_n1000_o40_m20_s11,oracle_K,cpu,73,COMPLETED,400,work/baseline73_v2/lfr_n1000_o40_m20_s11__nocd_graph_oracleK__s73/checkpoints/epoch_0400.json,46c22eba08918bd4ff2d992f6e388a24a12e7a44e216af81678a988d2a9ec9c5,5.053339667152613,5.05355070810765,0.26653265953063965,0.898695720056423,0.9525149489975379,0.93,0.6309155241043786,26,1.0
lfr_n1000_o40_m20_s11__nocd_graph_oracleK__s73,lfr_n1000_o40_m20_s11,oracle_K,cpu,73,COMPLETED,425,work/baseline73_v2/lfr_n1000_o40_m20_s11__nocd_graph_oracleK__s73/checkpoints/epoch_0425.json,8d15dfb767c3d2afbe6a2a0b02a89fa86f7843f97f6eb36657f7053e4c763338,5.2894596247933805,5.292901957873255,0.265453577041626,0.8973847278534322,0.9504045022863172,0.9225,0.6309155241043786,26,1.0
lfr_n1000_o40_m20_s11__nocd_graph_oracleK__s73,lfr_n1000_o40_m20_s11,oracle_K,cpu,73,COMPLETED,450,work/baseline73_v2/lfr_n1000_o40_m20_s11__nocd_graph_oracleK__s73/checkpoints/epoch_0450.json,82aa95b83b0c8c7581fd08cd9966bc7399d3f3fcdfa2c3d4c09a9f49b39053f2,5.530766167212278,5.530966791789979,0.26624834537506104,0.8988142725391988,0.9523136700812433,0.915,0.6322689075630252,26,1.0
lfr_n1000_o40_m20_s11__nocd_graph_oracleK__s73,lfr_n1000_o40_m20_s11,oracle_K,cpu,73,COMPLETED,475,work/baseline73_v2/lfr_n1000_o40_m20_s11__nocd_graph_oracleK__s73/checkpoints/epoch_0475.json,a2107203f98ac8c7871e20d619ad940753da87a6edcf07be86a350df92e39c81,5.73907041689381,5.73929087491706,0.2675088942050934,0.898906492489411,0.9513742071881607,0.9225,0.6309155241043786,26,1.0
lfr_n1000_o40_m20_s11__nocd_graph_oracleK__s73,lfr_n1000_o40_m20_s11,oracle_K,cpu,73,COMPLETED,500,work/baseline73_v2/lfr_n1000_o40_m20_s11__nocd_graph_oracleK__s73/checkpoints/epoch_0500.json,ed9afaa3eb68a88ee8f10120a3726ad22185644c58e390c4322ea1a8c7041b30,5.960934500209987,5.964321542065591,0.2652215361595154,0.8975185003684369,0.9516072059342988,0.915,0.6309155241043786,26,1.0
lfr_n1000_o20_m20_s12__nocd_graph_oracleK__s73,lfr_n1000_o20_m20_s12,oracle_K,cpu,73,COMPLETED,0,work/baseline73_v2/lfr_n1000_o20_m20_s12__nocd_graph_oracleK__s73/checkpoints/epoch_0000.json,07473c95a8e885ab91a7b195c3593ed627f6039897d83d3ab2aebe145c625513,1.508176582865417,1.5120297078974545,0.9830432534217834,0.29624607200146075,0.2904270078618776,0.365,0.16051977703559583,23,0.99
lfr_n1000_o20_m20_s12__nocd_graph_oracleK__s73,lfr_n1000_o20_m20_s12,oracle_K,cpu,73,COMPLETED,25,work/baseline73_v2/lfr_n1000_o20_m20_s12__nocd_graph_oracleK__s73/checkpoints/epoch_0025.json,722a9ecb3dab93eb2a8dc0f8c6ff00e6c72415b8184e1385c09da47c27c7dfc2,1.7451488329097629,1.7482876251451671,0.38508766889572144,0.6584800223236532,0.688026981450253,0.41,0.3425700712657234,23,0.978
lfr_n1000_o20_m20_s12__nocd_graph_oracleK__s73,lfr_n1000_o20_m20_s12,oracle_K,cpu,73,COMPLETED,50,work/baseline73_v2/lfr_n1000_o20_m20_s12__nocd_graph_oracleK__s73/checkpoints/epoch_0050.json,67fcf624648a005ed375ac50ca801385699d67dd135a1fd39c0d5eba23d75657,1.946205375250429,1.9493359168991446,0.33979135751724243,0.8138397518439899,0.8310502283105022,0.605,0.534197938425546,23,0.999
lfr_n1000_o20_m20_s12__nocd_graph_oracleK__s73,lfr_n1000_o20_m20_s12,oracle_K,cpu,73,COMPLETED,75,work/baseline73_v2/lfr_n1000_o20_m20_s12__nocd_graph_oracleK__s73/checkpoints/epoch_0075.json,924f9cf073626ef6694b4196517f29607fea8bd0e152e74ed8ae7c936cdc6247,2.1586767500266433,2.1620211671106517,0.31784167885780334,0.8500836222525321,0.8996840442338072,0.835,0.5292536536145559,23,0.999
lfr_n1000_o20_m20_s12__nocd_graph_oracleK__s73,lfr_n1000_o20_m20_s12,oracle_K,cpu,73,COMPLETED,100,work/baseline73_v2/lfr_n1000_o20_m20_s12__nocd_graph_oracleK__s73/checkpoints/epoch_0100.json,dc073da9053e76c5d8a41aa02a88e751dddc35139e5d30aa7e51e14cdbafd512,2.377706500235945,2.381198499817401,0.2977593243122101,0.874876333640595,0.9199029126213593,0.82,0.59474646634917,23,1.0
lfr_n1000_o20_m20_s12__nocd_graph_oracleK__s73,lfr_n1000_o20_m20_s12,oracle_K,cpu,73,COMPLETED,125,work/baseline73_v2/lfr_n1000_o20_m20_s12__nocd_graph_oracleK__s73/checkpoints/epoch_0125.json,043cff3c9420a92d3a77bb2823109d4ede65f8e491b7a19eec164be32f13ee95,2.5779288331978023,2.581156416796148,0.28719353675842285,0.8839080812259879,0.9232006433453961,0.855,0.6208995822649407,23,1.0
lfr_n1000_o20_m20_s12__nocd_graph_oracleK__s73,lfr_n1000_o20_m20_s12,oracle_K,cpu,73,COMPLETED,150,work/baseline73_v2/lfr_n1000_o20_m20_s12__nocd_graph_oracleK__s73/checkpoints/epoch_0150.json,abbd664b3ef009957a4f0b37c42a4a54e585be3bf309d39799b5ce1f56cc8edd,2.798047374933958,2.801054500043392,0.2798360288143158,0.8993306522335047,0.9341513292433538,0.86,0.7030651340996168,23,1.0
lfr_n1000_o20_m20_s12__nocd_graph_oracleK__s73,lfr_n1000_o20_m20_s12,oracle_K,cpu,73,COMPLETED,175,work/baseline73_v2/lfr_n1000_o20_m20_s12__nocd_graph_oracleK__s73/checkpoints/epoch_0175.json,1acdb468475e6ad8b8fc02a73d962386bac4b187875c0a6ffeb4544eb2128be0,2.9994904580526054,3.002602499909699,0.26627328991889954,0.8911486135084018,0.9393442622950819,0.86,0.6226053639846744,23,1.0
lfr_n1000_o20_m20_s12__nocd_graph_oracleK__s73,lfr_n1000_o20_m20_s12,oracle_K,cpu,73,COMPLETED,200,work/baseline73_v2/lfr_n1000_o20_m20_s12__nocd_graph_oracleK__s73/checkpoints/epoch_0200.json,9a9c54d4d959ef085a680c343cd1a47e74010c6230f3b44458f1d0255139ffe6,3.213976750150323,3.217164124827832,0.26452749967575073,0.8913534503829618,0.9370915032679739,0.865,0.6226053639846744,23,1.0
lfr_n1000_o20_m20_s12__nocd_graph_oracleK__s73,lfr_n1000_o20_m20_s12,oracle_K,cpu,73,COMPLETED,225,work/baseline73_v2/lfr_n1000_o20_m20_s12__nocd_graph_oracleK__s73/checkpoints/epoch_0225.json,5180c42c9752ab473d9e1fcd6b4da375a24c5f0da2f75dffbb61dbbc847d2ffb,3.4312052922323346,3.4342555422335863,0.2618328332901001,0.9105781919448361,0.9385429385429386,0.855,0.7014562684392125,23,1.0
lfr_n1000_o20_m20_s12__nocd_graph_oracleK__s73,lfr_n1000_o20_m20_s12,oracle_K,cpu,73,COMPLETED,250,work/baseline73_v2/lfr_n1000_o20_m20_s12__nocd_graph_oracleK__s73/checkpoints/epoch_0250.json,8d6f088cebd322a9bdca7e60ee3bbf4f4cabb1de6d0adf860c7d439fd7fd1725,3.6286727502010763,3.631668208166957,0.2592569589614868,0.9159891292292363,0.9422764227642276,0.86,0.7030651340996168,23,1.0
lfr_n1000_o20_m20_s12__nocd_graph_oracleK__s73,lfr_n1000_o20_m20_s12,oracle_K,cpu,73,COMPLETED,275,work/baseline73_v2/lfr_n1000_o20_m20_s12__nocd_graph_oracleK__s73/checkpoints/epoch_0275.json,5a5ea7ec176fd99490a93c539f27e67b9ba884f1d48783d2691f04cdd8cf0048,3.852037792094052,3.85522691719234,0.2565373182296753,0.9199789044889547,0.9464720194647201,0.905,0.7084901590028373,23,0.999
lfr_n1000_o20_m20_s12__nocd_graph_oracleK__s73,lfr_n1000_o20_m20_s12,oracle_K,cpu,73,COMPLETED,300,work/baseline73_v2/lfr_n1000_o20_m20_s12__nocd_graph_oracleK__s73/checkpoints/epoch_0300.json,3a85c53ba07dac05441bac0793b8c2bc4d66411631ca1ec18ad2c7e0d09f57b2,4.056638583075255,4.0568384998477995,0.25722914934158325,0.9388667388283498,0.9608570251339101,0.9,0.7855683269476373,23,0.999
lfr_n1000_o20_m20_s12__nocd_graph_oracleK__s73,lfr_n1000_o20_m20_s12,oracle_K,cpu,73,COMPLETED,325,work/baseline73_v2/lfr_n1000_o20_m20_s12__nocd_graph_oracleK__s73/checkpoints/epoch_0325.json,59ee0152a55f7da7f1eb2901685ac03d8a317f342c2c48fcf5665960c03eab22,4.270589333027601,4.273594958242029,0.2535209357738495,0.9410784984592352,0.9612530915086562,0.9,0.789272030651341,23,0.999
lfr_n1000_o20_m20_s12__nocd_graph_oracleK__s73,lfr_n1000_o20_m20_s12,oracle_K,cpu,73,COMPLETED,350,work/baseline73_v2/lfr_n1000_o20_m20_s12__nocd_graph_oracleK__s73/checkpoints/epoch_0350.json,14a962b0506110613fbdb686aae2496477deba332365b2184cec0cb4e6ad66f6,4.48803179198876,4.491100166924298,0.2522614002227783,0.943069351682508,0.9633895516248457,0.925,0.789272030651341,23,0.999
lfr_n1000_o20_m20_s12__nocd_graph_oracleK__s73,lfr_n1000_o20_m20_s12,oracle_K,cpu,73,COMPLETED,375,work/baseline73_v2/lfr_n1000_o20_m20_s12__nocd_graph_oracleK__s73/checkpoints/epoch_0375.json,fe6850e75566bc182cb095a85b41735e0c2dedab327c3da760a41000481fa66b,4.6850154171697795,4.685229333117604,0.25258371233940125,0.9417398970966208,0.9633292130201896,0.91,0.789272030651341,23,1.0
lfr_n1000_o20_m20_s12__nocd_graph_oracleK__s73,lfr_n1000_o20_m20_s12,oracle_K,cpu,73,COMPLETED,400,work/baseline73_v2/lfr_n1000_o20_m20_s12__nocd_graph_oracleK__s73/checkpoints/epoch_0400.json,6462b50ea49ca45034acc95fa9a9220a8b2107b379792c9e355d967bc74a0949,4.904805957805365,4.905004458036274,0.2526617646217346,0.9402454255466661,0.9625051503914297,0.91,0.7857259313605608,23,0.999
lfr_n1000_o20_m20_s12__nocd_graph_oracleK__s73,lfr_n1000_o20_m20_s12,oracle_K,cpu,73,COMPLETED,425,work/baseline73_v2/lfr_n1000_o20_m20_s12__nocd_graph_oracleK__s73/checkpoints/epoch_0425.json,be4bae584352fdd939673d984b683e10f4582733e1a78c5aabc9ca8c72e88263,5.110565708018839,5.110795707907528,0.2530715763568878,0.939362556573767,0.9616810877626699,0.905,0.7843326885880076,23,0.999
lfr_n1000_o20_m20_s12__nocd_graph_oracleK__s73,lfr_n1000_o20_m20_s12,oracle_K,cpu,73,COMPLETED,450,work/baseline73_v2/lfr_n1000_o20_m20_s12__nocd_graph_oracleK__s73/checkpoints/epoch_0450.json,f6d438afe020c64758a06db325ed935ee25c1fcc004fb69e2e0180c65fad0df1,5.32036704197526,5.323802249971777,0.2505311965942383,0.9414373767943421,0.9628712871287128,0.905,0.7857259313605608,23,0.999
lfr_n1000_o20_m20_s12__nocd_graph_oracleK__s73,lfr_n1000_o20_m20_s12,oracle_K,cpu,73,COMPLETED,475,work/baseline73_v2/lfr_n1000_o20_m20_s12__nocd_graph_oracleK__s73/checkpoints/epoch_0475.json,e38c12f29605140b0dc87e6ac3a0541e587f1eae55bf1bc7a890a1fe0b98937a,5.5394950420595706,5.539695708081126,0.2513855993747711,0.9422974658824304,0.9633594071634417,0.915,0.7857259313605608,23,1.0
lfr_n1000_o20_m20_s12__nocd_graph_oracleK__s73,lfr_n1000_o20_m20_s12,oracle_K,cpu,73,COMPLETED,500,work/baseline73_v2/lfr_n1000_o20_m20_s12__nocd_graph_oracleK__s73/checkpoints/epoch_0500.json,c083d329e56ae17cf93942e1f3e1127350e2fb1f60a788fc26f11501cf6f6db7,5.735237875021994,5.735437749885023,0.2516896724700928,0.9425103276661198,0.9685690653432589,0.925,0.7857259313605608,23,0.999
lfr_n5000_o00_m50_s12__nocd_graph_oracleK__s73,lfr_n5000_o00_m50_s12,oracle_K,cpu,73,COMPLETED,0,work/baseline73_v2/lfr_n5000_o00_m50_s12__nocd_graph_oracleK__s73/checkpoints/epoch_0000.json,e402966c7234bc6cd8e6447edc3fcc3e68dce2e5c40600846342b9b16d91f808,1.3096247497014701,1.3251284169964492,0.9686160683631897,0.1439735495702511,0.14098028057500556,,0.11436528427213445,104,0.9852
lfr_n5000_o00_m50_s12__nocd_graph_oracleK__s73,lfr_n5000_o00_m50_s12,oracle_K,cpu,73,COMPLETED,25,work/baseline73_v2/lfr_n5000_o00_m50_s12__nocd_graph_oracleK__s73/checkpoints/epoch_0025.json,f114b0f75b7bf0743afb9de45fcd17820b34bf21d933c3568a56e55fff04255d,2.4865798340179026,2.5005742916837335,0.46786171197891235,0.32151023635365994,0.36238669190158385,,0.24069416553745082,104,0.5206
lfr_n5000_o00_m50_s12__nocd_graph_oracleK__s73,lfr_n5000_o00_m50_s12,oracle_K,cpu,73,COMPLETED,50,work/baseline73_v2/lfr_n5000_o00_m50_s12__nocd_graph_oracleK__s73/checkpoints/epoch_0050.json,476227611a18f48ed8f4f995597da7291ace89352aea07e9149d978ec3f9a709,3.6265564588829875,3.6384592088870704,0.4238245189189911,0.4369792204573963,0.4564092487063601,,0.3156453445931296,104,0.8796
lfr_n5000_o00_m50_s12__nocd_graph_oracleK__s73,lfr_n5000_o00_m50_s12,oracle_K,cpu,73,COMPLETED,75,work/baseline73_v2/lfr_n5000_o00_m50_s12__nocd_graph_oracleK__s73/checkpoints/epoch_0075.json,029db41ed696bff8436b76873f683e48d6fd955ebf2bdaf7400f21634c0976dd,4.799100624863058,4.8117359997704625,0.39964061975479126,0.4688920321314664,0.498353859285453,,0.29050313525988014,104,0.9756
lfr_n5000_o00_m50_s12__nocd_graph_oracleK__s73,lfr_n5000_o00_m50_s12,oracle_K,cpu,73,COMPLETED,100,work/baseline73_v2/lfr_n5000_o00_m50_s12__nocd_graph_oracleK__s73/checkpoints/epoch_0100.json,ddc9144b3391963ca1c605cda460566e358e2452d28ca64a02d69749998d45c0,5.952475917059928,5.965446833986789,0.38678181171417236,0.48944216692558495,0.5218034910257201,,0.27842265117828374,103,0.989
lfr_n5000_o00_m50_s12__nocd_graph_oracleK__s73,lfr_n5000_o00_m50_s12,oracle_K,cpu,73,COMPLETED,125,work/baseline73_v2/lfr_n5000_o00_m50_s12__nocd_graph_oracleK__s73/checkpoints/epoch_0125.json,7a8e06b5fc9da511e4cf40b279481bb288b775c1b3c0bec9640156b385c9b7e5,7.094061749987304,7.107512916903943,0.3782448172569275,0.4958662562473182,0.5288437421620266,,0.24163920849636095,102,0.9934
lfr_n5000_o00_m50_s12__nocd_graph_oracleK__s73,lfr_n5000_o00_m50_s12,oracle_K,cpu,73,COMPLETED,150,work/baseline73_v2/lfr_n5000_o00_m50_s12__nocd_graph_oracleK__s73/checkpoints/epoch_0150.json,b75b82691e4915020b34c1cf96f6eab19960a96aa1cbc99c24d4bfd7737358a3,8.29440312506631,8.308294499758631,0.3682428300380707,0.481270719429821,0.5324575946945542,,0.22475634196609495,102,0.9976
lfr_n5000_o00_m50_s12__nocd_graph_oracleK__s73,lfr_n5000_o00_m50_s12,oracle_K,cpu,73,COMPLETED,175,work/baseline73_v2/lfr_n5000_o00_m50_s12__nocd_graph_oracleK__s73/checkpoints/epoch_0175.json,cf911f8e8245ecf28e40c50e70fbf58be271946e3fc626d6afbaeb7069cb1955,9.458756709005684,9.47104987502098,0.3568454682826996,0.4642553840955272,0.5242656039082085,,0.23297770125670775,101,0.999
lfr_n5000_o00_m50_s12__nocd_graph_oracleK__s73,lfr_n5000_o00_m50_s12,oracle_K,cpu,73,COMPLETED,200,work/baseline73_v2/lfr_n5000_o00_m50_s12__nocd_graph_oracleK__s73/checkpoints/epoch_0200.json,0ea12ed03d0198952aee2a113d6e0630e95ed9d32d5e4ae6a8b51fd0ccd43267,10.633204166777432,10.64529254194349,0.34684425592422485,0.45026702505216615,0.5270986935713362,,0.17674085846170642,98,1.0
lfr_n5000_o00_m50_s12__nocd_graph_oracleK__s73,lfr_n5000_o00_m50_s12,oracle_K,cpu,73,COMPLETED,225,work/baseline73_v2/lfr_n5000_o00_m50_s12__nocd_graph_oracleK__s73/checkpoints/epoch_0225.json,8561657b27435558c94cc9d2fb92a8d2b27e74d9fe1e36673de99d75dadc7a9c,11.821126958820969,11.83515345910564,0.3410707116127014,0.44955113708458583,0.5320883745397159,,0.1836993788453704,96,0.9998
lfr_n5000_o00_m50_s12__nocd_graph_oracleK__s73,lfr_n5000_o00_m50_s12,oracle_K,cpu,73,COMPLETED,250,work/baseline73_v2/lfr_n5000_o00_m50_s12__nocd_graph_oracleK__s73/checkpoints/epoch_0250.json,103d24266f5bd59fc7c27873b1b857e46e37921689cf45570b321e941a9333ba,12.982975542079657,12.99537150003016,0.33900997042655945,0.4465600824833171,0.534472402055663,,0.16611768249190464,94,1.0
lfr_n5000_o00_m50_s12__nocd_graph_oracleK__s73,lfr_n5000_o00_m50_s12,oracle_K,cpu,73,COMPLETED,275,work/baseline73_v2/lfr_n5000_o00_m50_s12__nocd_graph_oracleK__s73/checkpoints/epoch_0275.json,f3bda62f3c7a637d4f299de1be35b97f61ab581aabc480b8da954e51823e6b17,14.131227124948055,14.143222666811198,0.33893048763275146,0.44822279533464693,0.5335762974961193,,0.1496018644062232,92,1.0
lfr_n5000_o00_m50_s12__nocd_graph_oracleK__s73,lfr_n5000_o00_m50_s12,oracle_K,cpu,73,COMPLETED,300,work/baseline73_v2/lfr_n5000_o00_m50_s12__nocd_graph_oracleK__s73/checkpoints/epoch_0300.json,d94ee6eea519195a84460c7b543b3adcdbbde303cd3521a9eea673deae0fc661,15.268724292051047,15.281493166927248,0.33870384097099304,0.4465162360579139,0.5363037424437954,,0.14538117568209022,91,0.9998
lfr_n5000_o00_m50_s12__nocd_graph_oracleK__s73,lfr_n5000_o00_m50_s12,oracle_K,cpu,73,COMPLETED,325,work/baseline73_v2/lfr_n5000_o00_m50_s12__nocd_graph_oracleK__s73/checkpoints/epoch_0325.json,46750ac776076df98746135a8ff5fb3a408d30dea4fc080bd8f8c0df50eece5a,16.423023500014096,16.42377574974671,0.3391338288784027,0.4483034076240022,0.5368183989626698,,0.15998133590447344,90,1.0
lfr_n5000_o00_m50_s12__nocd_graph_oracleK__s73,lfr_n5000_o00_m50_s12,oracle_K,cpu,73,COMPLETED,350,work/baseline73_v2/lfr_n5000_o00_m50_s12__nocd_graph_oracleK__s73/checkpoints/epoch_0350.json,baa17c47c064c59b4c9bd3c133038dd2e7f93577b0c7dc7acbd1ad9583635477,17.56024962477386,17.561001792084426,0.3394084870815277,0.4505576061199943,0.5368320349870165,,0.15050202282166955,88,1.0
lfr_n5000_o00_m50_s12__nocd_graph_oracleK__s73,lfr_n5000_o00_m50_s12,oracle_K,cpu,73,COMPLETED,375,work/baseline73_v2/lfr_n5000_o00_m50_s12__nocd_graph_oracleK__s73/checkpoints/epoch_0375.json,9c7e56016c53ff33755e06150a13a3903020e761bffa23923c732ef005941e0b,18.734450291842222,18.73521937476471,0.3391250669956207,0.44933703669945785,0.5356359649122807,,0.14843201787617538,88,1.0
lfr_n5000_o00_m50_s12__nocd_graph_oracleK__s73,lfr_n5000_o00_m50_s12,oracle_K,cpu,73,COMPLETED,400,work/baseline73_v2/lfr_n5000_o00_m50_s12__nocd_graph_oracleK__s73/checkpoints/epoch_0400.json,4c14b9aba135e316da60957d0cd5e04d45288c64340231c59dbcdde6fb90bdae,19.89361162483692,19.89439820870757,0.33901849389076233,0.45342398593224464,0.5374974316827614,,0.14073664099723543,87,1.0
lfr_n5000_o00_m50_s12__nocd_graph_oracleK__s73,lfr_n5000_o00_m50_s12,oracle_K,cpu,73,COMPLETED,425,work/baseline73_v2/lfr_n5000_o00_m50_s12__nocd_graph_oracleK__s73/checkpoints/epoch_0425.json,e8299805a72f24d5b31f3ee722bc9507b137dda86459820ebdeecaaa955019ae,21.063620458822697,21.06444820901379,0.3392072319984436,0.45271537518749094,0.5393843833550421,,0.1432152114461315,87,1.0
lfr_n5000_o00_m50_s12__nocd_graph_oracleK__s73,lfr_n5000_o00_m50_s12,oracle_K,cpu,73,COMPLETED,450,work/baseline73_v2/lfr_n5000_o00_m50_s12__nocd_graph_oracleK__s73/checkpoints/epoch_0450.json,afc82977eb6e6f4adb20e969b13eca3e2404054c572b22fa91a58a13d2d65df4,22.221504041925073,22.222285625059158,0.3404114842414856,0.451017346666119,0.5354816592389441,,0.13535376872583305,86,1.0
lfr_n5000_o00_m50_s12__nocd_graph_oracleK__s73,lfr_n5000_o00_m50_s12,oracle_K,cpu,73,COMPLETED,475,work/baseline73_v2/lfr_n5000_o00_m50_s12__nocd_graph_oracleK__s73/checkpoints/epoch_0475.json,7f183ab3633e286a937be985125274916a32c89830527c1bb0784a9971cf5934,23.363691166974604,23.364530791994184,0.34027713537216187,0.45231024791248475,0.5358438890790825,,0.1342598928506864,86,1.0
lfr_n5000_o00_m50_s12__nocd_graph_oracleK__s73,lfr_n5000_o00_m50_s12,oracle_K,cpu,73,COMPLETED,500,work/baseline73_v2/lfr_n5000_o00_m50_s12__nocd_graph_oracleK__s73/checkpoints/epoch_0500.json,78ac84f92d6acab4011e835067082903a073ecdcc16b5714b8a77f0381decf18,24.496884749736637,24.49784158403054,0.33936113119125366,0.45241911358430237,0.535594611228886,,0.13831693788438565,86,1.0
lfr_n1000_o00_m50_s11__nocd_graph_oracleK__s73,lfr_n1000_o00_m50_s11,oracle_K,cpu,73,COMPLETED,0,work/baseline73_v2/lfr_n1000_o00_m50_s11__nocd_graph_oracleK__s73/checkpoints/epoch_0000.json,2c7dd83062f2b6736daf66213b5862e8290924ab5fc664f3400caa6ae3ef0414,1.6789086246863008,1.6824981248937547,0.641039252281189,0.2824121824708308,0.2891034482758621,,0.2181444621782144,19,0.929
lfr_n1000_o00_m50_s11__nocd_graph_oracleK__s73,lfr_n1000_o00_m50_s11,oracle_K,cpu,73,COMPLETED,25,work/baseline73_v2/lfr_n1000_o00_m50_s11__nocd_graph_oracleK__s73/checkpoints/epoch_0025.json,0222cd9016b983e0bce2eba0d31bead5ac00daf4d6f9f76e434e93bffea0e827,1.874333415646106,1.877496499568224,0.4884108901023865,0.562367083714368,0.5754385964912281,,0.36221086154877635,19,0.993
lfr_n1000_o00_m50_s11__nocd_graph_oracleK__s73,lfr_n1000_o00_m50_s11,oracle_K,cpu,73,COMPLETED,50,work/baseline73_v2/lfr_n1000_o00_m50_s11__nocd_graph_oracleK__s73/checkpoints/epoch_0050.json,b2d3fbde169328d01d83831cb8af11dd9614f2bd1a4e6d1a4faf17957565edd1,2.0536745828576386,2.056722707580775,0.44558823108673096,0.6516301816522146,0.6661936857041504,,0.44058566178615177,19,0.998
lfr_n1000_o00_m50_s11__nocd_graph_oracleK__s73,lfr_n1000_o00_m50_s11,oracle_K,cpu,73,COMPLETED,75,work/baseline73_v2/lfr_n1000_o00_m50_s11__nocd_graph_oracleK__s73/checkpoints/epoch_0075.json,b79258303ab9ae26c6e6864bddfd13f0c53ca8d7cf49b90ffedaff2df3ae4012,2.254635165911168,2.257710374891758,0.42434877157211304,0.6741283731530229,0.6876790830945558,,0.49276240114619646,19,1.0
lfr_n1000_o00_m50_s11__nocd_graph_oracleK__s73,lfr_n1000_o00_m50_s11,oracle_K,cpu,73,COMPLETED,100,work/baseline73_v2/lfr_n1000_o00_m50_s11__nocd_graph_oracleK__s73/checkpoints/epoch_0100.json,c666932707aa97bb1f00af6e54dc9ac1810056168a8efaeec16a15419f1d5245,2.460560457780957,2.463716249912977,0.4062665104866028,0.7657647222603476,0.7751503006012024,,0.6497270761841341,19,1.0
lfr_n1000_o00_m50_s11__nocd_graph_oracleK__s73,lfr_n1000_o00_m50_s11,oracle_K,cpu,73,COMPLETED,125,work/baseline73_v2/lfr_n1000_o00_m50_s11__nocd_graph_oracleK__s73/checkpoints/epoch_0125.json,e840421413f089f69d25abf05aedd1de971f38acd35da1c9bfb0db54ba58404d,2.6420621247962117,2.6450625406578183,0.3988747000694275,0.795845044527279,0.8003266639444672,,0.702066196631414,19,1.0
lfr_n1000_o00_m50_s11__nocd_graph_oracleK__s73,lfr_n1000_o00_m50_s11,oracle_K,cpu,73,COMPLETED,150,work/baseline73_v2/lfr_n1000_o00_m50_s11__nocd_graph_oracleK__s73/checkpoints/epoch_0150.json,5b36c66ca3897b8755297bc9a5ded66a577cd49ef288974b0ab9bbd6efcaff62,2.820467915851623,2.823538832832128,0.39501631259918213,0.8390533110394809,0.8401518346689161,,0.7597362775432058,19,1.0
lfr_n1000_o00_m50_s11__nocd_graph_oracleK__s73,lfr_n1000_o00_m50_s11,oracle_K,cpu,73,COMPLETED,175,work/baseline73_v2/lfr_n1000_o00_m50_s11__nocd_graph_oracleK__s73/checkpoints/epoch_0175.json,a5ede3036c07814cf017775b799e0e2661a0a0963f3c59c46858b73615447b03,3.018842457793653,3.0217468328773975,0.39274871349334717,0.8613530423568022,0.872108249672632,,0.7752099545519286,19,1.0
lfr_n1000_o00_m50_s11__nocd_graph_oracleK__s73,lfr_n1000_o00_m50_s11,oracle_K,cpu,73,COMPLETED,200,work/baseline73_v2/lfr_n1000_o00_m50_s11__nocd_graph_oracleK__s73/checkpoints/epoch_0200.json,b1e3c6f67903f9e5802291b8c2e346d7ce53c4d6e22e5f38e2d62db08a922e73,3.2244288749061525,3.2273479998111725,0.3906819522380829,0.892724397131069,0.9033423667570009,,0.84802781741921,19,1.0
lfr_n1000_o00_m50_s11__nocd_graph_oracleK__s73,lfr_n1000_o00_m50_s11,oracle_K,cpu,73,COMPLETED,225,work/baseline73_v2/lfr_n1000_o00_m50_s11__nocd_graph_oracleK__s73/checkpoints/epoch_0225.json,a1c7c476a10f42e3a18909baea88acc8acb1caf54a17ef168f4a02928e14404c,3.416520749684423,3.419429207686335,0.38786178827285767,0.9067599011438109,0.9136592051164916,,0.869279816178714,19,1.0
lfr_n1000_o00_m50_s11__nocd_graph_oracleK__s73,lfr_n1000_o00_m50_s11,oracle_K,cpu,73,COMPLETED,250,work/baseline73_v2/lfr_n1000_o00_m50_s11__nocd_graph_oracleK__s73/checkpoints/epoch_0250.json,eca0a7ff5b1ec2bee617741e386d322ef2174c07f69d14157573ecfd75c4fb8c,3.590871165972203,3.591074457857758,0.389224648475647,0.9138200731622187,0.921234454168586,,0.8816288266247667,19,1.0
lfr_n1000_o00_m50_s11__nocd_graph_oracleK__s73,lfr_n1000_o00_m50_s11,oracle_K,cpu,73,COMPLETED,275,work/baseline73_v2/lfr_n1000_o00_m50_s11__nocd_graph_oracleK__s73/checkpoints/epoch_0275.json,c14baa59ad4492e47edfc0d24add030f27264b7e9c3995c9cbbe7adcd761a146,3.778641457669437,3.7788492906838655,0.388327419757843,0.9208961401414382,0.9285051067780873,,0.8934839073969508,19,1.0
lfr_n1000_o00_m50_s11__nocd_graph_oracleK__s73,lfr_n1000_o00_m50_s11,oracle_K,cpu,73,COMPLETED,300,work/baseline73_v2/lfr_n1000_o00_m50_s11__nocd_graph_oracleK__s73/checkpoints/epoch_0300.json,3d7cabc0f9c69bd84b2d76a306e9f3fa70aaba827df0052e83e4e73d5ce3a593,3.9766116249375045,3.9795427075587213,0.38763701915740967,0.918737836408663,0.9280742459396751,,0.8662682954042149,19,1.0
lfr_n1000_o00_m50_s11__nocd_graph_oracleK__s73,lfr_n1000_o00_m50_s11,oracle_K,cpu,73,COMPLETED,325,work/baseline73_v2/lfr_n1000_o00_m50_s11__nocd_graph_oracleK__s73/checkpoints/epoch_0325.json,1efe62d4a353eb9fee752cfe20a4789c6c7f7959b9b29219f806c154f6e1ad73,4.175268290564418,4.178210832644254,0.38756710290908813,0.9279818396579035,0.9350163627863488,,0.8959014610341887,19,1.0
lfr_n1000_o00_m50_s11__nocd_graph_oracleK__s73,lfr_n1000_o00_m50_s11,oracle_K,cpu,73,COMPLETED,350,work/baseline73_v2/lfr_n1000_o00_m50_s11__nocd_graph_oracleK__s73/checkpoints/epoch_0350.json,ad250c778bdfa6637aea50fdb051469b90443accc817d13a2db1c29a00876ddf,4.352614749688655,4.3528153747320175,0.3878342807292938,0.9244635742282025,0.929368029739777,,0.9010762536407342,19,1.0
lfr_n1000_o00_m50_s11__nocd_graph_oracleK__s73,lfr_n1000_o00_m50_s11,oracle_K,cpu,73,COMPLETED,375,work/baseline73_v2/lfr_n1000_o00_m50_s11__nocd_graph_oracleK__s73/checkpoints/epoch_0375.json,7c45d199aa8804a29602e6c8bc6bd8ebfae86399e0424ffc89fa8c52c23be46d,4.533002165611833,4.533195374999195,0.3881370425224304,0.9324132382090689,0.9394081728511038,,0.8980128116820498,19,1.0
lfr_n1000_o00_m50_s11__nocd_graph_oracleK__s73,lfr_n1000_o00_m50_s11,oracle_K,cpu,73,COMPLETED,400,work/baseline73_v2/lfr_n1000_o00_m50_s11__nocd_graph_oracleK__s73/checkpoints/epoch_0400.json,4d63211afb973c7b0109eee873d5924798f6a3c34a104b6c3884a940ebf9a03e,4.729993290733546,4.733282332774252,0.3875623047351837,0.9262297984027911,0.9319664492078286,,0.8986664159427529,19,1.0
lfr_n1000_o00_m50_s11__nocd_graph_oracleK__s73,lfr_n1000_o00_m50_s11,oracle_K,cpu,73,COMPLETED,425,work/baseline73_v2/lfr_n1000_o00_m50_s11__nocd_graph_oracleK__s73/checkpoints/epoch_0425.json,507d227b8da67e2bc55d4204e028d5b8904c5664d1f10968606988897128be63,4.9359417906962335,4.936126124579459,0.38794195652008057,0.9281746072942751,0.9337068160597572,,0.8959257671176999,19,1.0
lfr_n1000_o00_m50_s11__nocd_graph_oracleK__s73,lfr_n1000_o00_m50_s11,oracle_K,cpu,73,COMPLETED,450,work/baseline73_v2/lfr_n1000_o00_m50_s11__nocd_graph_oracleK__s73/checkpoints/epoch_0450.json,7a6e8cab11308daa8eca1d0029ef8792e6a15f286501a6ad877113b47c90816a,5.110131999943405,5.110322332940996,0.38857561349868774,0.9317794921887834,0.9376465072667605,,0.9061300309597524,19,1.0
lfr_n1000_o00_m50_s11__nocd_graph_oracleK__s73,lfr_n1000_o00_m50_s11,oracle_K,cpu,73,COMPLETED,475,work/baseline73_v2/lfr_n1000_o00_m50_s11__nocd_graph_oracleK__s73/checkpoints/epoch_0475.json,b158d694da26c1af369b7cbb98cdfe1798152b8eb744879721134a9783bdb178,5.284879790619016,5.285061749629676,0.3885001540184021,0.9243425909555026,0.9315323707498836,,0.8912387266119263,19,1.0
lfr_n1000_o00_m50_s11__nocd_graph_oracleK__s73,lfr_n1000_o00_m50_s11,oracle_K,cpu,73,COMPLETED,500,work/baseline73_v2/lfr_n1000_o00_m50_s11__nocd_graph_oracleK__s73/checkpoints/epoch_0500.json,f9e6072772517b3d7a068dd442790b2375e958db06d5ef1efc67ab81dee92ecb,5.4817182905972,5.481915415730327,0.38796982169151306,0.9243074752222116,0.9298000929800093,,0.8963818247751174,19,1.0
lfr_n5000_o00_m20_s12__nocd_graph_oracleK__s73,lfr_n5000_o00_m20_s12,oracle_K,cpu,73,COMPLETED,0,work/baseline73_v2/lfr_n5000_o00_m20_s12__nocd_graph_oracleK__s73/checkpoints/epoch_0000.json,c7afefa3321882e9ec68de82b5f1db186b9592516611ee9ddf1e7b2cdc896ad9,1.2777875419706106,1.3080077916383743,3.353972911834717,0.09218000963468034,0.08885862016434723,,0.039220256146232695,104,1.0
lfr_n5000_o00_m20_s12__nocd_graph_oracleK__s73,lfr_n5000_o00_m20_s12,oracle_K,cpu,73,COMPLETED,25,work/baseline73_v2/lfr_n5000_o00_m20_s12__nocd_graph_oracleK__s73/checkpoints/epoch_0025.json,17d56e8e8dece1d2b68fc6908e2e0a2f5500f70cec7529e2cc2645a7385ce10c,2.4534374997019768,2.4639049167744815,0.4083753228187561,0.2970015852507375,0.3370979621900319,,0.1220696106412171,93,0.3204
lfr_n5000_o00_m20_s12__nocd_graph_oracleK__s73,lfr_n5000_o00_m20_s12,oracle_K,cpu,73,COMPLETED,50,work/baseline73_v2/lfr_n5000_o00_m20_s12__nocd_graph_oracleK__s73/checkpoints/epoch_0050.json,f572db930468bf356409ba635a6dedbbc020bad803f3f64dbbba66a60df2e940,3.6351726250723004,3.6462777499109507,0.3614157438278198,0.36117025988243967,0.4001714530647235,,0.226245285326223,100,0.573
lfr_n5000_o00_m20_s12__nocd_graph_oracleK__s73,lfr_n5000_o00_m20_s12,oracle_K,cpu,73,COMPLETED,75,work/baseline73_v2/lfr_n5000_o00_m20_s12__nocd_graph_oracleK__s73/checkpoints/epoch_0075.json,b334f437e54d8c6f28622cceabbd3d6f883ab92694d85546d60623df3778778d,4.750121041666716,4.762243333738297,0.33826571702957153,0.3894627534119464,0.4131222040758361,,0.2748270673463589,102,0.715
lfr_n5000_o00_m20_s12__nocd_graph_oracleK__s73,lfr_n5000_o00_m20_s12,oracle_K,cpu,73,COMPLETED,100,work/baseline73_v2/lfr_n5000_o00_m20_s12__nocd_graph_oracleK__s73/checkpoints/epoch_0100.json,fdeb2de922b4cee35612688020ba76c5056c41804772c222ea946926700ba876,5.895037374924868,5.90756666706875,0.3185897171497345,0.395543630666004,0.42519588638589617,,0.242150484130868,103,0.8466
lfr_n5000_o00_m20_s12__nocd_graph_oracleK__s73,lfr_n5000_o00_m20_s12,oracle_K,cpu,73,COMPLETED,125,work/baseline73_v2/lfr_n5000_o00_m20_s12__nocd_graph_oracleK__s73/checkpoints/epoch_0125.json,8a4821a2f1c773b24a75d69e02b35988ea2a10c0f147eac9ae3811026e2a42d9,7.050295541994274,7.065112750045955,0.29978814721107483,0.4136661922671549,0.4295377047347532,,0.19854429519979552,104,0.9408
lfr_n5000_o00_m20_s12__nocd_graph_oracleK__s73,lfr_n5000_o00_m20_s12,oracle_K,cpu,73,COMPLETED,150,work/baseline73_v2/lfr_n5000_o00_m20_s12__nocd_graph_oracleK__s73/checkpoints/epoch_0150.json,2f4384df93f44827836b2f5bd96696304617add4ed0d6f8274d774fc1c2fa20a,8.156150708906353,8.169556709006429,0.285094290971756,0.4177909595974025,0.44430023794073115,,0.16336900933139592,103,0.9768
lfr_n5000_o00_m20_s12__nocd_graph_oracleK__s73,lfr_n5000_o00_m20_s12,oracle_K,cpu,73,COMPLETED,175,work/baseline73_v2/lfr_n5000_o00_m20_s12__nocd_graph_oracleK__s73/checkpoints/epoch_0175.json,7e23fb02c1143475973112adc6f6709e4715fcc2e60b54b0342e4074bf95550b,9.319387124851346,9.332654084078968,0.2695751488208771,0.42853487426606907,0.4496049024350911,,0.1547587074240894,103,0.996
lfr_n5000_o00_m20_s12__nocd_graph_oracleK__s73,lfr_n5000_o00_m20_s12,oracle_K,cpu,73,COMPLETED,200,work/baseline73_v2/lfr_n5000_o00_m20_s12__nocd_graph_oracleK__s73/checkpoints/epoch_0200.json,6eea392799790cbaad28424ff41b164a6c09311e3722398e8e89bfb072a10052,10.428949208930135,10.442225291859359,0.2549747824668884,0.44616828487560467,0.4579792774518941,,0.17319584602674623,104,0.9984
lfr_n5000_o00_m20_s12__nocd_graph_oracleK__s73,lfr_n5000_o00_m20_s12,oracle_K,cpu,73,COMPLETED,225,work/baseline73_v2/lfr_n5000_o00_m20_s12__nocd_graph_oracleK__s73/checkpoints/epoch_0225.json,aa886c0445d758c6c66576c694ed6b19fd2b28ba239ba0536d652714b55a8cec,11.543247958645225,11.561408834066242,0.24425989389419556,0.45210434185382786,0.47281297345827955,,0.18115306453379929,103,0.9992
lfr_n5000_o00_m20_s12__nocd_graph_oracleK__s73,lfr_n5000_o00_m20_s12,oracle_K,cpu,73,COMPLETED,250,work/baseline73_v2/lfr_n5000_o00_m20_s12__nocd_graph_oracleK__s73/checkpoints/epoch_0250.json,57079295a7f49b3dbe25a3685504aac12bfb4ef25195ba6ec4ec16e7dac01d7e,12.708840333856642,12.723180166911334,0.23638051748275757,0.4585351543300779,0.48249785161844744,,0.15980415455539065,102,1.0
lfr_n5000_o00_m20_s12__nocd_graph_oracleK__s73,lfr_n5000_o00_m20_s12,oracle_K,cpu,73,COMPLETED,275,work/baseline73_v2/lfr_n5000_o00_m20_s12__nocd_graph_oracleK__s73/checkpoints/epoch_0275.json,fb52e149eeb9e53b273bcd15a31649d04c6a68636ef1e3066dc97bca2f996288,13.813214583788067,13.828381625004113,0.22959107160568237,0.4635081891185473,0.4954248366013072,,0.16214361382027967,102,0.9998
lfr_n5000_o00_m20_s12__nocd_graph_oracleK__s73,lfr_n5000_o00_m20_s12,oracle_K,cpu,73,COMPLETED,300,work/baseline73_v2/lfr_n5000_o00_m20_s12__nocd_graph_oracleK__s73/checkpoints/epoch_0300.json,dc27141a963936c7d56433e629f1ef22909ab64f980d00d97c2b6d25242a8ee3,14.96390499966219,14.977841041982174,0.2232048511505127,0.46225015446858014,0.4965617963853222,,0.18613693123248035,102,1.0
lfr_n5000_o00_m20_s12__nocd_graph_oracleK__s73,lfr_n5000_o00_m20_s12,oracle_K,cpu,73,COMPLETED,325,work/baseline73_v2/lfr_n5000_o00_m20_s12__nocd_graph_oracleK__s73/checkpoints/epoch_0325.json,6265f24a4842266241a229853609dd1efdb547b2c5c6f4e9f74c86e3f7b7baed,16.10235850000754,16.115716749802232,0.21918949484825134,0.4674214000213313,0.508429793658782,,0.17777572533581243,101,1.0
lfr_n5000_o00_m20_s12__nocd_graph_oracleK__s73,lfr_n5000_o00_m20_s12,oracle_K,cpu,73,COMPLETED,350,work/baseline73_v2/lfr_n5000_o00_m20_s12__nocd_graph_oracleK__s73/checkpoints/epoch_0350.json,6e0bb8a2f8951426193361baa8145afb2ab9e2eb75e60093137cc775d63b9d23,17.219915208872408,17.23417712468654,0.21534861624240875,0.46759939669960987,0.5171881035148707,,0.161493569795099,99,1.0
lfr_n5000_o00_m20_s12__nocd_graph_oracleK__s73,lfr_n5000_o00_m20_s12,oracle_K,cpu,73,COMPLETED,375,work/baseline73_v2/lfr_n5000_o00_m20_s12__nocd_graph_oracleK__s73/checkpoints/epoch_0375.json,1d887390d7e75fe9d5e69512cbb869f7bdf2ddad0544771fb578a809b6ff6bd5,18.385977166704834,18.399873916991055,0.21182334423065186,0.4702283688513842,0.5285508950738272,,0.1643749249254433,98,1.0
lfr_n5000_o00_m20_s12__nocd_graph_oracleK__s73,lfr_n5000_o00_m20_s12,oracle_K,cpu,73,COMPLETED,400,work/baseline73_v2/lfr_n5000_o00_m20_s12__nocd_graph_oracleK__s73/checkpoints/epoch_0400.json,eb359db21588b5fabfcb40524cbedd2fc90db6ebf350322fb7611ccea43cac76,19.495623541995883,19.50751524977386,0.21090513467788696,0.47299359134950814,0.5339920948616601,,0.15112255732191124,97,1.0
lfr_n5000_o00_m20_s12__nocd_graph_oracleK__s73,lfr_n5000_o00_m20_s12,oracle_K,cpu,73,COMPLETED,425,work/baseline73_v2/lfr_n5000_o00_m20_s12__nocd_graph_oracleK__s73/checkpoints/epoch_0425.json,618dcf0a2c7705c9b4d989284f22087a3df43f1ed449ae38c4437154979a572b,20.644077291712165,20.659241541754454,0.20888656377792358,0.4871449087268166,0.5389769787036423,,0.14829739500585162,92,1.0
lfr_n5000_o00_m20_s12__nocd_graph_oracleK__s73,lfr_n5000_o00_m20_s12,oracle_K,cpu,73,COMPLETED,450,work/baseline73_v2/lfr_n5000_o00_m20_s12__nocd_graph_oracleK__s73/checkpoints/epoch_0450.json,1193dbe0bd440ac7b9dc9d5dd1131f1a53747ac68bed0595b819c7467bb6870d,21.81064641708508,21.811962791718543,0.2094222605228424,0.48798955390097787,0.5400494355000334,,0.16000498005121935,92,1.0
lfr_n5000_o00_m20_s12__nocd_graph_oracleK__s73,lfr_n5000_o00_m20_s12,oracle_K,cpu,73,COMPLETED,475,work/baseline73_v2/lfr_n5000_o00_m20_s12__nocd_graph_oracleK__s73/checkpoints/epoch_0475.json,8d8d16da2bd4be7f70828e59e12030a7ceb98ea6e0f74641c60d21747564afee,22.888936083763838,22.903884833678603,0.2065432220697403,0.48806969179275866,0.5424639140651225,,0.16122646550427414,91,1.0
lfr_n5000_o00_m20_s12__nocd_graph_oracleK__s73,lfr_n5000_o00_m20_s12,oracle_K,cpu,73,COMPLETED,500,work/baseline73_v2/lfr_n5000_o00_m20_s12__nocd_graph_oracleK__s73/checkpoints/epoch_0500.json,8098cf964521f2df607ec548244a7f10e4d0cf53f9faebced51a1598f669d4e3,24.054412041790783,24.069687583949417,0.20607535541057587,0.48898061026654427,0.5488573947243507,,0.13993870307342177,91,1.0
lfr_n5000_o20_m50_s11__nocd_graph_oracleK__s73,lfr_n5000_o20_m50_s11,oracle_K,cpu,73,COMPLETED,0,work/baseline73_v2/lfr_n5000_o20_m50_s11__nocd_graph_oracleK__s73/checkpoints/epoch_0000.json,30060ac9cbce9fbc3ee3e8dbb0526517494084d01f94875d480126ecff3f7321,1.3597339587286115,1.3746574590913951,0.9532455205917358,0.13965674692442126,0.13730929264909847,0.039,0.1216326863815903,129,0.979
lfr_n5000_o20_m50_s11__nocd_graph_oracleK__s73,lfr_n5000_o20_m50_s11,oracle_K,cpu,73,COMPLETED,25,work/baseline73_v2/lfr_n5000_o20_m50_s11__nocd_graph_oracleK__s73/checkpoints/epoch_0025.json,b1607c5b3c43b44dacf5b0f30db5ce5eb3b9fe3804f5c76ecc4f1cb0152ca3ff,2.5061438749544322,2.5173935000784695,0.49106520414352417,0.24185254004276427,0.26588313560261667,0.008,0.18643567627043897,122,0.3488
lfr_n5000_o20_m50_s11__nocd_graph_oracleK__s73,lfr_n5000_o20_m50_s11,oracle_K,cpu,73,COMPLETED,50,work/baseline73_v2/lfr_n5000_o20_m50_s11__nocd_graph_oracleK__s73/checkpoints/epoch_0050.json,a29bc83baa08f690710b09466f66f87016973e61ec712b7cdc409dbd36111bc6,3.7073604590259492,3.719862916972488,0.44313156604766846,0.3399631948058987,0.3683798182387966,0.036,0.255516916852421,128,0.6394
lfr_n5000_o20_m50_s11__nocd_graph_oracleK__s73,lfr_n5000_o20_m50_s11,oracle_K,cpu,73,COMPLETED,75,work/baseline73_v2/lfr_n5000_o20_m50_s11__nocd_graph_oracleK__s73/checkpoints/epoch_0075.json,2c420dcfb3fbf10de54e023b62de834ea0c77d5f9a671b2f3a9dc455cba45972,4.896353624761105,4.909014541655779,0.425667405128479,0.38269108809711133,0.42213516160626835,0.064,0.2559685324191931,128,0.7854
lfr_n5000_o20_m50_s11__nocd_graph_oracleK__s73,lfr_n5000_o20_m50_s11,oracle_K,cpu,73,COMPLETED,100,work/baseline73_v2/lfr_n5000_o20_m50_s11__nocd_graph_oracleK__s73/checkpoints/epoch_0100.json,b7ae0fd83183a93eb563580b908c6190b2cfd9d700f8271bbd6fe2d61c07b779,6.085644375067204,6.09808758366853,0.4199151396751404,0.3828294944695113,0.430949105914718,0.067,0.2372111812903198,127,0.8198
lfr_n5000_o20_m50_s11__nocd_graph_oracleK__s73,lfr_n5000_o20_m50_s11,oracle_K,cpu,73,COMPLETED,125,work/baseline73_v2/lfr_n5000_o20_m50_s11__nocd_graph_oracleK__s73/checkpoints/epoch_0125.json,58f9eb29cc2b8bee91b32e9806567672a4a11517273b925070920e5d51dbf07b,7.276875749696046,7.2894950420595706,0.4156196117401123,0.364194485311454,0.4251233497799707,0.084,0.1879615849763014,127,0.8372
lfr_n5000_o20_m50_s11__nocd_graph_oracleK__s73,lfr_n5000_o20_m50_s11,oracle_K,cpu,73,COMPLETED,150,work/baseline73_v2/lfr_n5000_o20_m50_s11__nocd_graph_oracleK__s73/checkpoints/epoch_0150.json,174b283c1d4ec337a69a17649ea811df9ac3ae9482e863d0325d524f58849553,8.439896416850388,8.45328470878303,0.40943413972854614,0.3409106601357255,0.41563442654515115,0.089,0.16840465030672824,126,0.8712
lfr_n5000_o20_m50_s11__nocd_graph_oracleK__s73,lfr_n5000_o20_m50_s11,oracle_K,cpu,73,COMPLETED,175,work/baseline73_v2/lfr_n5000_o20_m50_s11__nocd_graph_oracleK__s73/checkpoints/epoch_0175.json,aac63a05515089bc9cde15587f38cb00d1c5c5f08485c03e8fe3ff5d75af0900,9.66344845900312,9.67599029187113,0.40347641706466675,0.3212536577035175,0.40695868282075176,0.09,0.1290482382904881,123,0.8944
lfr_n5000_o20_m50_s11__nocd_graph_oracleK__s73,lfr_n5000_o20_m50_s11,oracle_K,cpu,73,COMPLETED,200,work/baseline73_v2/lfr_n5000_o20_m50_s11__nocd_graph_oracleK__s73/checkpoints/epoch_0200.json,9bbc062118ea2f675509b42cc9f74568f43bd761036b193428f8e958929d70a6,10.79859875002876,10.811418042052537,0.3964342474937439,0.3212003676605651,0.4006512693722487,0.101,0.12536116601945022,117,0.9222
lfr_n5000_o20_m50_s11__nocd_graph_oracleK__s73,lfr_n5000_o20_m50_s11,oracle_K,cpu,73,COMPLETED,225,work/baseline73_v2/lfr_n5000_o20_m50_s11__nocd_graph_oracleK__s73/checkpoints/epoch_0225.json,2710ab8abf11396cbb5ba15a4c79f5ac4ee9616fd954fc63e2a190dee2c8de37,12.01260954188183,12.025745959021151,0.389362633228302,0.31945760607784346,0.402102651940228,0.113,0.1127579946717956,112,0.941
lfr_n5000_o20_m50_s11__nocd_graph_oracleK__s73,lfr_n5000_o20_m50_s11,oracle_K,cpu,73,COMPLETED,250,work/baseline73_v2/lfr_n5000_o20_m50_s11__nocd_graph_oracleK__s73/checkpoints/epoch_0250.json,f88f7bc8065b28b0d5c6cf1970b6660961cc94d9583a6454d47cebe0085d5fba,13.170941459015012,13.184353083837777,0.38486629724502563,0.3173572597517671,0.40570522979397783,0.114,0.09474981130193173,110,0.9548
lfr_n5000_o20_m50_s11__nocd_graph_oracleK__s73,lfr_n5000_o20_m50_s11,oracle_K,cpu,73,COMPLETED,275,work/baseline73_v2/lfr_n5000_o20_m50_s11__nocd_graph_oracleK__s73/checkpoints/epoch_0275.json,b05f65b4d8bb48eeea4093a6e404f2fa65caa3dbdcd4db4617685ca470117876,14.380319791845977,14.393137875013053,0.38272562623023987,0.32236509650600387,0.4102443884428295,0.122,0.09703386815338703,106,0.962
lfr_n5000_o20_m50_s11__nocd_graph_oracleK__s73,lfr_n5000_o20_m50_s11,oracle_K,cpu,73,COMPLETED,300,work/baseline73_v2/lfr_n5000_o20_m50_s11__nocd_graph_oracleK__s73/checkpoints/epoch_0300.json,916b2ef807a5d4a39cb988169b3dbf0285b14061c4380504b7352be7c0919b1c,15.563153333961964,15.576090999878943,0.3807598948478699,0.32104535527329775,0.41212406015037595,0.124,0.08431038654680419,105,0.963
lfr_n5000_o20_m50_s11__nocd_graph_oracleK__s73,lfr_n5000_o20_m50_s11,oracle_K,cpu,73,COMPLETED,325,work/baseline73_v2/lfr_n5000_o20_m50_s11__nocd_graph_oracleK__s73/checkpoints/epoch_0325.json,9ba0da2492d47af4ee14471694cce653adbde266daa5780efb789ea3bc0df571,16.743965583853424,16.757972791790962,0.38025927543640137,0.31663241226396716,0.40947009752085534,0.111,0.08569446486805662,105,0.9662
lfr_n5000_o20_m50_s11__nocd_graph_oracleK__s73,lfr_n5000_o20_m50_s11,oracle_K,cpu,73,COMPLETED,350,work/baseline73_v2/lfr_n5000_o20_m50_s11__nocd_graph_oracleK__s73/checkpoints/epoch_0350.json,217e8c400e41acfcdc52c5d8ea70937feba4ac985514f321ed644402d90c0a9a,17.951760708820075,17.96428474970162,0.3801085352897644,0.3210410931377576,0.40897609117076894,0.12,0.0883491654240735,103,0.9672
lfr_n5000_o20_m50_s11__nocd_graph_oracleK__s73,lfr_n5000_o20_m50_s11,oracle_K,cpu,73,COMPLETED,375,work/baseline73_v2/lfr_n5000_o20_m50_s11__nocd_graph_oracleK__s73/checkpoints/epoch_0375.json,f02e053819603d9a367ec57a22024f2bd8e2e5cd11befaae0cf4b3909cb8828b,19.119001541752368,19.11994891706854,0.38094091415405273,0.3202024337211683,0.412782798747711,0.118,0.07912894614592861,103,0.9682
lfr_n5000_o20_m50_s11__nocd_graph_oracleK__s73,lfr_n5000_o20_m50_s11,oracle_K,cpu,73,COMPLETED,400,work/baseline73_v2/lfr_n5000_o20_m50_s11__nocd_graph_oracleK__s73/checkpoints/epoch_0400.json,cadcd1549e5a7b8d49683b5cf14d8c264bcd3cdcf191f0761a1fcfe1fcfcd951,20.332580249756575,20.345715291798115,0.3799363374710083,0.32089317163049574,0.40850114483649386,0.129,0.0800634061931045,100,0.9652
lfr_n5000_o20_m50_s11__nocd_graph_oracleK__s73,lfr_n5000_o20_m50_s11,oracle_K,cpu,73,COMPLETED,425,work/baseline73_v2/lfr_n5000_o20_m50_s11__nocd_graph_oracleK__s73/checkpoints/epoch_0425.json,27b8637c15185987460844980bd69ed3a1d37c272526d4a1fd216df7dfd1d291,21.465444250032306,21.46653087483719,0.3804321587085724,0.3204682503103294,0.41493239271017046,0.129,0.07407488646368256,104,0.9658
lfr_n5000_o20_m50_s11__nocd_graph_oracleK__s73,lfr_n5000_o20_m50_s11,oracle_K,cpu,73,COMPLETED,450,work/baseline73_v2/lfr_n5000_o20_m50_s11__nocd_graph_oracleK__s73/checkpoints/epoch_0450.json,1b3ae6d58084f97b748c1aad76900f4ea3fd7915be15094a9034d36d95c0bada,22.669208041857928,22.67014833400026,0.37996113300323486,0.3215890068028337,0.41437308868501527,0.124,0.0704655599458939,101,0.9666
lfr_n5000_o20_m50_s11__nocd_graph_oracleK__s73,lfr_n5000_o20_m50_s11,oracle_K,cpu,73,COMPLETED,475,work/baseline73_v2/lfr_n5000_o20_m50_s11__nocd_graph_oracleK__s73/checkpoints/epoch_0475.json,b9b1f8e966dd990d0d98a621cf20c2777f07a1bdee2d3e72ca7f54bb6f63a985,23.831499208696187,23.83260358404368,0.38093316555023193,0.31985153134313193,0.40993132593766507,0.118,0.07531475842075494,101,0.967
lfr_n5000_o20_m50_s11__nocd_graph_oracleK__s73,lfr_n5000_o20_m50_s11,oracle_K,cpu,73,COMPLETED,500,work/baseline73_v2/lfr_n5000_o20_m50_s11__nocd_graph_oracleK__s73/checkpoints/epoch_0500.json,6327a814ff48cce1868165d6812fef59da12f84b93e330d799a6be152a3f66ba,25.00407870905474,25.005019709002227,0.3805190324783325,0.31845012313295173,0.40892193308550184,0.119,0.08958878604306965,102,0.9668
lfr_n5000_o40_m20_s11__nocd_graph_oracleK__s73,lfr_n5000_o40_m20_s11,oracle_K,cpu,73,COMPLETED,0,work/baseline73_v2/lfr_n5000_o40_m20_s11__nocd_graph_oracleK__s73/checkpoints/epoch_0000.json,02e49aa2db8afffa48592490d99b2aaed50a4284ceb9f13e2e3169a4588f80d1,1.8982022497802973,1.9285261249169707,2.2132763862609863,0.11125876194100978,0.1102661994665551,0.376,0.0682489661214739,149,0.9988
lfr_n5000_o40_m20_s11__nocd_graph_oracleK__s73,lfr_n5000_o40_m20_s11,oracle_K,cpu,73,COMPLETED,25,work/baseline73_v2/lfr_n5000_o40_m20_s11__nocd_graph_oracleK__s73/checkpoints/epoch_0025.json,39cf6860020eff5e4ad7abd1456ca904a0a924efaf1165aa717fa1b1ca0a75b4,3.309378874953836,3.320068957749754,0.45137447118759155,0.141795541666707,0.17902813299232737,0.005,0.03706090500044825,116,0.1928
lfr_n5000_o40_m20_s11__nocd_graph_oracleK__s73,lfr_n5000_o40_m20_s11,oracle_K,cpu,73,COMPLETED,50,work/baseline73_v2/lfr_n5000_o40_m20_s11__nocd_graph_oracleK__s73/checkpoints/epoch_0050.json,10da683e99e831205d39035edc02e849e36b9acd91e9a4252b83c1b3612f17b7,4.613518041092902,4.625170458108187,0.4023894667625427,0.23265148971210453,0.2929163462360079,0.0275,0.10028007305594913,138,0.4354
lfr_n5000_o40_m20_s11__nocd_graph_oracleK__s73,lfr_n5000_o40_m20_s11,oracle_K,cpu,73,COMPLETED,75,work/baseline73_v2/lfr_n5000_o40_m20_s11__nocd_graph_oracleK__s73/checkpoints/epoch_0075.json,bd6777f08dcffe3841530b6330da0ac6fe714dfce55d61dec12e82918b1175b7,5.934603624977171,5.9470535409636796,0.3723350167274475,0.28667265678994697,0.3435625129301427,0.0515,0.13549495117926943,144,0.6184
lfr_n5000_o40_m20_s11__nocd_graph_oracleK__s73,lfr_n5000_o40_m20_s11,oracle_K,cpu,73,COMPLETED,100,work/baseline73_v2/lfr_n5000_o40_m20_s11__nocd_graph_oracleK__s73/checkpoints/epoch_0100.json,a2d1d5e65749c8f8944c40416f6b85c9d3f47c021bf1a92cc4aafbe35ceb32dd,7.26498254109174,7.27849454106763,0.347868412733078,0.3040069678964749,0.3498455690187693,0.0795,0.12556140096875332,144,0.7402
lfr_n5000_o40_m20_s11__nocd_graph_oracleK__s73,lfr_n5000_o40_m20_s11,oracle_K,cpu,73,COMPLETED,125,work/baseline73_v2/lfr_n5000_o40_m20_s11__nocd_graph_oracleK__s73/checkpoints/epoch_0125.json,c208125d08d5021254b90c602f00914fbb4d032b80c4525c5c947480ae6b3d1e,8.496144374832511,8.509626666083932,0.3259827792644501,0.31652962681529684,0.3618693574083909,0.119,0.13932246008080754,143,0.8214
lfr_n5000_o40_m20_s11__nocd_graph_oracleK__s73,lfr_n5000_o40_m20_s11,oracle_K,cpu,73,COMPLETED,150,work/baseline73_v2/lfr_n5000_o40_m20_s11__nocd_graph_oracleK__s73/checkpoints/epoch_0150.json,f7d83ee949dfd03635d4bf67d3436ca05efeab4c5953f0232171bf06468e2e24,9.881281999871135,9.894569916184992,0.30660074949264526,0.31570953973330845,0.36449692592954036,0.161,0.13883988436129668,145,0.8872
lfr_n5000_o40_m20_s11__nocd_graph_oracleK__s73,lfr_n5000_o40_m20_s11,oracle_K,cpu,73,COMPLETED,175,work/baseline73_v2/lfr_n5000_o40_m20_s11__nocd_graph_oracleK__s73/checkpoints/epoch_0175.json,e6f29c41f06c4769868f675bed75cdf898d609ffb4076d758f63f7debdc1477c,11.211933291051537,11.225951749831438,0.2914067506790161,0.32081424588763835,0.374638154823046,0.203,0.14009673499100858,144,0.936
lfr_n5000_o40_m20_s11__nocd_graph_oracleK__s73,lfr_n5000_o40_m20_s11,oracle_K,cpu,73,COMPLETED,200,work/baseline73_v2/lfr_n5000_o40_m20_s11__nocd_graph_oracleK__s73/checkpoints/epoch_0200.json,bfd07d167e66a4160af49919c3328cce8c75298d6f79519bcbdb3099cfe42b77,12.660317541100085,12.673914500046521,0.28057754039764404,0.31899065791779563,0.3791845592649028,0.217,0.13068415491726898,141,0.95
lfr_n5000_o40_m20_s11__nocd_graph_oracleK__s73,lfr_n5000_o40_m20_s11,oracle_K,cpu,73,COMPLETED,225,work/baseline73_v2/lfr_n5000_o40_m20_s11__nocd_graph_oracleK__s73/checkpoints/epoch_0225.json,887a82bb3fb1e7d26670a77f2d77dc1f9779b948541953927f7147e3d9fc7056,13.989235249813646,14.003131082747132,0.27137017250061035,0.32743984637216805,0.3888557396612659,0.2485,0.1168956691954998,137,0.9646
lfr_n5000_o40_m20_s11__nocd_graph_oracleK__s73,lfr_n5000_o40_m20_s11,oracle_K,cpu,73,COMPLETED,250,work/baseline73_v2/lfr_n5000_o40_m20_s11__nocd_graph_oracleK__s73/checkpoints/epoch_0250.json,7fd6c31df96d4e0b1a0908bcf8299cdb41f1fe26f33dcb48d88f7e12ca2db673,15.315255249850452,15.328962916042656,0.265175461769104,0.3287896183229172,0.39231193672981424,0.2525,0.12538235870622025,135,0.9744
lfr_n5000_o40_m20_s11__nocd_graph_oracleK__s73,lfr_n5000_o40_m20_s11,oracle_K,cpu,73,COMPLETED,275,work/baseline73_v2/lfr_n5000_o40_m20_s11__nocd_graph_oracleK__s73/checkpoints/epoch_0275.json,a5b934ff62ddd9f1aae8539192ed7acd7069275078c6ee2121678218f3435c21,16.69711474981159,16.710500250104815,0.26197436451911926,0.33047211857544084,0.3959432793355055,0.2645,0.12804719908613377,133,0.9782
lfr_n5000_o40_m20_s11__nocd_graph_oracleK__s73,lfr_n5000_o40_m20_s11,oracle_K,cpu,73,COMPLETED,300,work/baseline73_v2/lfr_n5000_o40_m20_s11__nocd_graph_oracleK__s73/checkpoints/epoch_0300.json,24c31c9c248d158f95b41da037911e2385b4b58e612a5d4f0a4020b70165def8,18.059306082781404,18.072560832835734,0.2599565088748932,0.3337197268231278,0.4023275145469659,0.263,0.13870177353121818,132,0.9806
lfr_n5000_o40_m20_s11__nocd_graph_oracleK__s73,lfr_n5000_o40_m20_s11,oracle_K,cpu,73,COMPLETED,325,work/baseline73_v2/lfr_n5000_o40_m20_s11__nocd_graph_oracleK__s73/checkpoints/epoch_0325.json,3f26dd743bf782a036dd4be58024a568a503f23035c7462a26fd0db9ee94c00d,19.415904082823545,19.429365790914744,0.2589224576950073,0.33237130730349385,0.40545429247251985,0.275,0.12722883369160837,130,0.9834
lfr_n5000_o40_m20_s11__nocd_graph_oracleK__s73,lfr_n5000_o40_m20_s11,oracle_K,cpu,73,COMPLETED,350,work/baseline73_v2/lfr_n5000_o40_m20_s11__nocd_graph_oracleK__s73/checkpoints/epoch_0350.json,9d834ffb823f865f0a140a1b208d67d73aee6edf04aa7d393f785ccaf44a1269,20.76221254095435,20.776329915970564,0.25823459029197693,0.3336594147350433,0.4044403330249769,0.275,0.128115282077226,128,0.9834
lfr_n5000_o40_m20_s11__nocd_graph_oracleK__s73,lfr_n5000_o40_m20_s11,oracle_K,cpu,73,COMPLETED,375,work/baseline73_v2/lfr_n5000_o40_m20_s11__nocd_graph_oracleK__s73/checkpoints/epoch_0375.json,e725692a466a78d4f5fcb6b85e24f9d198ae6c8d4735ca47ae6c1e635bde292d,22.085127625148743,22.09889533277601,0.25682592391967773,0.3323350545333563,0.40495982909952166,0.27,0.1208777594582015,127,0.9854
lfr_n5000_o40_m20_s11__nocd_graph_oracleK__s73,lfr_n5000_o40_m20_s11,oracle_K,cpu,73,COMPLETED,400,work/baseline73_v2/lfr_n5000_o40_m20_s11__nocd_graph_oracleK__s73/checkpoints/epoch_0400.json,23280a8133bf18f4eaca2525a68e5ee06343a519d1c1808854de06adea610df3,23.424787832889706,23.43829591618851,0.2559491991996765,0.3315045440321705,0.39874062413186406,0.258,0.12040993535258983,127,0.9876
lfr_n5000_o40_m20_s11__nocd_graph_oracleK__s73,lfr_n5000_o40_m20_s11,oracle_K,cpu,73,COMPLETED,425,work/baseline73_v2/lfr_n5000_o40_m20_s11__nocd_graph_oracleK__s73/checkpoints/epoch_0425.json,b52af86f65c54e12530857834d7848c2c7170646942a2013f78ee282bf798e44,24.756967457942665,24.758194874972105,0.2564779818058014,0.3319948660805213,0.4065108514190317,0.278,0.12003833368932519,127,0.987
lfr_n5000_o40_m20_s11__nocd_graph_oracleK__s73,lfr_n5000_o40_m20_s11,oracle_K,cpu,73,COMPLETED,450,work/baseline73_v2/lfr_n5000_o40_m20_s11__nocd_graph_oracleK__s73/checkpoints/epoch_0450.json,b8c1968ece130976f3df2583b19ce0571cf4e70b84ef9bdc2ba4848f139db75e,26.10422108275816,26.10532445786521,0.25613242387771606,0.32932828578130546,0.40310437773027236,0.2725,0.10796390845628258,125,0.985
lfr_n5000_o40_m20_s11__nocd_graph_oracleK__s73,lfr_n5000_o40_m20_s11,oracle_K,cpu,73,COMPLETED,475,work/baseline73_v2/lfr_n5000_o40_m20_s11__nocd_graph_oracleK__s73/checkpoints/epoch_0475.json,8b53ca611839b972f11f802a84b08aaf679e5a9edae4a88c39a78c74124283f5,27.44514283305034,27.446284832898527,0.25628018379211426,0.3248412314756463,0.40644800596347375,0.28,0.09751650627374082,126,0.9864
lfr_n5000_o40_m20_s11__nocd_graph_oracleK__s73,lfr_n5000_o40_m20_s11,oracle_K,cpu,73,COMPLETED,500,work/baseline73_v2/lfr_n5000_o40_m20_s11__nocd_graph_oracleK__s73/checkpoints/epoch_0500.json,01260ab33c2ca3cc3ed27d533c45f72fa149ee0f2efce5d2308bc0931e7a46e2,28.746558375190943,28.76047237496823,0.25420987606048584,0.32532692878223457,0.4051360496917443,0.284,0.09824343164117283,126,0.9858
lfr_n1000_o20_m50_s12__nocd_graph_oracleK__s73,lfr_n1000_o20_m50_s12,oracle_K,cpu,73,COMPLETED,0,work/baseline73_v2/lfr_n1000_o20_m50_s12__nocd_graph_oracleK__s73/checkpoints/epoch_0000.json,724b1d7bc60ce3288626ebfc56ffbe42c57da37e1728ad9370b85f9d9958540b,1.508280917070806,1.5112171666696668,0.6552733182907104,0.2303556095147284,0.22637644046094751,0.1,0.25777507930636356,23,0.908
lfr_n1000_o20_m50_s12__nocd_graph_oracleK__s73,lfr_n1000_o20_m50_s12,oracle_K,cpu,73,COMPLETED,25,work/baseline73_v2/lfr_n1000_o20_m50_s12__nocd_graph_oracleK__s73/checkpoints/epoch_0025.json,9b86db4d05d00043e8ea9fa64c99dcdad4b02cf2bf960dc3ea837480afb9cbea,1.743684499990195,1.7470674999058247,0.4999488890171051,0.4589184343791754,0.4651826484018265,0.155,0.3809625971154213,23,0.958
lfr_n1000_o20_m50_s12__nocd_graph_oracleK__s73,lfr_n1000_o20_m50_s12,oracle_K,cpu,73,COMPLETED,50,work/baseline73_v2/lfr_n1000_o20_m50_s12__nocd_graph_oracleK__s73/checkpoints/epoch_0050.json,58cc006aac9c5460a58c43ad57bf71a516a8ef6275ab96342777ab7c88b4e4b9,1.970094374846667,1.9737065420486033,0.4516429901123047,0.5575721678868656,0.5635062611806798,0.31,0.44616382472545396,23,0.986
lfr_n1000_o20_m50_s12__nocd_graph_oracleK__s73,lfr_n1000_o20_m50_s12,oracle_K,cpu,73,COMPLETED,75,work/baseline73_v2/lfr_n1000_o20_m50_s12__nocd_graph_oracleK__s73/checkpoints/epoch_0075.json,3f0df31fec3f4ba2627efad96036789efd95068a386d18f377bab34f520c99c8,2.171416041906923,2.175492832902819,0.42016416788101196,0.6370998937469952,0.6421254801536491,0.44,0.4795217094586203,23,0.995
lfr_n1000_o20_m50_s12__nocd_graph_oracleK__s73,lfr_n1000_o20_m50_s12,oracle_K,cpu,73,COMPLETED,100,work/baseline73_v2/lfr_n1000_o20_m50_s12__nocd_graph_oracleK__s73/checkpoints/epoch_0100.json,93a1a1242e7f9a80c86c17be21bad893b58c491500710c95ed6ab8e7a8c9cfd6,2.3772926246747375,2.3807182917371392,0.4021700620651245,0.6898061185406124,0.6935755129498823,0.515,0.522301817079811,23,0.999
lfr_n1000_o20_m50_s12__nocd_graph_oracleK__s73,lfr_n1000_o20_m50_s12,oracle_K,cpu,73,COMPLETED,125,work/baseline73_v2/lfr_n1000_o20_m50_s12__nocd_graph_oracleK__s73/checkpoints/epoch_0125.json,3b1111faa06030e6b72f3f1c73e9c3a275847fdaebaf364046dd0067335cc901,2.6039434168487787,2.607647707685828,0.394927054643631,0.7172017814245798,0.7224149895905622,0.545,0.5588223734412313,23,0.996
lfr_n1000_o20_m50_s12__nocd_graph_oracleK__s73,lfr_n1000_o20_m50_s12,oracle_K,cpu,73,COMPLETED,150,work/baseline73_v2/lfr_n1000_o20_m50_s12__nocd_graph_oracleK__s73/checkpoints/epoch_0150.json,96f1454507fd2c5e2b14f28fc83531cca245c53f10acb6c7c4c8d037a583c53f,2.8257180829532444,2.8259277497418225,0.39537858963012695,0.743961151967541,0.7501789549033644,0.55,0.5791585536923427,23,0.997
lfr_n1000_o20_m50_s12__nocd_graph_oracleK__s73,lfr_n1000_o20_m50_s12,oracle_K,cpu,73,COMPLETED,175,work/baseline73_v2/lfr_n1000_o20_m50_s12__nocd_graph_oracleK__s73/checkpoints/epoch_0175.json,18bacdae4145dddca05b80da63ba2dc678061c88750c2875ac97777128f17ca4,3.0164387496188283,3.0196289578452706,0.39403876662254333,0.7774650450951137,0.7906306306306307,0.635,0.6035585983587909,23,0.998
lfr_n1000_o20_m50_s12__nocd_graph_oracleK__s73,lfr_n1000_o20_m50_s12,oracle_K,cpu,73,COMPLETED,200,work/baseline73_v2/lfr_n1000_o20_m50_s12__nocd_graph_oracleK__s73/checkpoints/epoch_0200.json,b943c59534e448c1fed78304d4c3e42a7dfe772257943cdd233d860cfc08f891,3.237827541772276,3.2412199997343123,0.3917039632797241,0.7960989192447976,0.8144329896907216,0.665,0.6072170673884733,23,0.998
lfr_n1000_o20_m50_s12__nocd_graph_oracleK__s73,lfr_n1000_o20_m50_s12,oracle_K,cpu,73,COMPLETED,225,work/baseline73_v2/lfr_n1000_o20_m50_s12__nocd_graph_oracleK__s73/checkpoints/epoch_0225.json,83aa6ce1b4430693f83eb78560e51848c48848cfb833a22e051ec9ea79b4d2e1,3.465811791829765,3.4689367497339845,0.3908831775188446,0.8011858556170458,0.8213751868460388,0.63,0.5959545419690347,23,0.997
lfr_n1000_o20_m50_s12__nocd_graph_oracleK__s73,lfr_n1000_o20_m50_s12,oracle_K,cpu,73,COMPLETED,250,work/baseline73_v2/lfr_n1000_o20_m50_s12__nocd_graph_oracleK__s73/checkpoints/epoch_0250.json,adeb7dc63f443f961a6626ef1ea0f079a09e166c9a8552f711d7267d320fdca7,3.6704262499697506,3.6706293327733874,0.3920888304710388,0.8180851713487235,0.8347232752084913,0.635,0.6316729415090071,23,0.998
lfr_n1000_o20_m50_s12__nocd_graph_oracleK__s73,lfr_n1000_o20_m50_s12,oracle_K,cpu,73,COMPLETED,275,work/baseline73_v2/lfr_n1000_o20_m50_s12__nocd_graph_oracleK__s73/checkpoints/epoch_0275.json,6b26fcbd58b9688ca7dcf3a4dad8082bdb407d1678a4db49cb3310e41c6d4261,3.876489874906838,3.8767081247642636,0.3920733630657196,0.8152745099874569,0.8371212121212122,0.655,0.6164855932597869,23,0.997
lfr_n1000_o20_m50_s12__nocd_graph_oracleK__s73,lfr_n1000_o20_m50_s12,oracle_K,cpu,73,COMPLETED,300,work/baseline73_v2/lfr_n1000_o20_m50_s12__nocd_graph_oracleK__s73/checkpoints/epoch_0300.json,9d5c08334668d7f28e2b2a447d82265217e97d1269117a821db688ef7fba0307,4.104034416843206,4.104245082940906,0.3929838538169861,0.8218486163980687,0.8431818181818181,0.675,0.638063498045127,23,1.0
lfr_n1000_o20_m50_s12__nocd_graph_oracleK__s73,lfr_n1000_o20_m50_s12,oracle_K,cpu,73,COMPLETED,325,work/baseline73_v2/lfr_n1000_o20_m50_s12__nocd_graph_oracleK__s73/checkpoints/epoch_0325.json,fce12b7c2ba8ec32b109c136b51746741cad6fcfc41671b06f2bff1fd59de1c9,4.32053408306092,4.320741999894381,0.393979549407959,0.823163724293673,0.8448669201520913,0.675,0.6328150029698495,23,0.998
lfr_n1000_o20_m50_s12__nocd_graph_oracleK__s73,lfr_n1000_o20_m50_s12,oracle_K,cpu,73,COMPLETED,350,work/baseline73_v2/lfr_n1000_o20_m50_s12__nocd_graph_oracleK__s73/checkpoints/epoch_0350.json,6aa124beec5cc6445c40f08a58dbb864ea1f8d6606e515fd1de24397de6e1d5d,4.5112624168396,4.511470249854028,0.3926964998245239,0.822656242392461,0.8429878048780488,0.65,0.6261288276248537,23,0.997
lfr_n1000_o20_m50_s12__nocd_graph_oracleK__s73,lfr_n1000_o20_m50_s12,oracle_K,cpu,73,COMPLETED,375,work/baseline73_v2/lfr_n1000_o20_m50_s12__nocd_graph_oracleK__s73/checkpoints/epoch_0375.json,3f83f78309b8ac6b8d1aca189652ac734077479a94fc85bcf5d49bf9199dab0b,4.734042416792363,4.734253957867622,0.3936351537704468,0.8259780920700649,0.8466819221967964,0.67,0.6306545338055616,23,0.998
lfr_n1000_o20_m50_s12__nocd_graph_oracleK__s73,lfr_n1000_o20_m50_s12,oracle_K,cpu,73,COMPLETED,400,work/baseline73_v2/lfr_n1000_o20_m50_s12__nocd_graph_oracleK__s73/checkpoints/epoch_0400.json,9456a333992ae073770c5e69c33468f2d7767b7504597b1f04d236bff3629639,4.957901457790285,4.958109582774341,0.3937058448791504,0.8254690893039686,0.8475095785440613,0.65,0.6238095238095238,23,0.998
lfr_n1000_o20_m50_s12__nocd_graph_oracleK__s73,lfr_n1000_o20_m50_s12,oracle_K,cpu,73,COMPLETED,425,work/baseline73_v2/lfr_n1000_o20_m50_s12__nocd_graph_oracleK__s73/checkpoints/epoch_0425.json,1d3aaa6047070360b4be2545ab0d957a33519492a843950318fcafdf6a00e55a,5.153503708075732,5.153701500035822,0.39420485496520996,0.8258591203701411,0.8452426442491402,0.655,0.6317743089469564,23,0.998
lfr_n1000_o20_m50_s12__nocd_graph_oracleK__s73,lfr_n1000_o20_m50_s12,oracle_K,cpu,73,COMPLETED,450,work/baseline73_v2/lfr_n1000_o20_m50_s12__nocd_graph_oracleK__s73/checkpoints/epoch_0450.json,e3b49c5683a57f8b89c54be81ea96ec6a3aabea7ff26d483e1f69da8638c2766,5.358609166927636,5.3588022496551275,0.39395415782928467,0.8269023253381016,0.8461244749904544,0.67,0.630815110873553,23,0.996
lfr_n1000_o20_m50_s12__nocd_graph_oracleK__s73,lfr_n1000_o20_m50_s12,oracle_K,cpu,73,COMPLETED,475,work/baseline73_v2/lfr_n1000_o20_m50_s12__nocd_graph_oracleK__s73/checkpoints/epoch_0475.json,cee3778a48878a680f6ab52379e5b2fd72cb2eee63fb08bdc9fa22f72d303b11,5.581970791798085,5.582180707715452,0.3941183090209961,0.8285700174054713,0.8460949464012251,0.65,0.6443533669246618,23,0.997
lfr_n1000_o20_m50_s12__nocd_graph_oracleK__s73,lfr_n1000_o20_m50_s12,oracle_K,cpu,73,COMPLETED,500,work/baseline73_v2/lfr_n1000_o20_m50_s12__nocd_graph_oracleK__s73/checkpoints/epoch_0500.json,f2bdb1e1858472ce23f2a01004913abe78c224cbb3c03636522df4ff298cae06,5.800556582864374,5.800771666690707,0.39391082525253296,0.8317607700148291,0.8536398467432951,0.68,0.6313889762812289,23,0.999
lfr_n5000_o40_m50_s12__nocd_graph_oracleK__s73,lfr_n5000_o40_m50_s12,oracle_K,cpu,73,COMPLETED,0,work/baseline73_v2/lfr_n5000_o40_m50_s12__nocd_graph_oracleK__s73/checkpoints/epoch_0000.json,807daef9a4f1290e2379ac7168675b707404d1df7b45a29647a8e10162f99b13,1.2664721249602735,1.2817118340171874,0.893534243106842,0.13081826615068945,0.12855554829006735,0.0305,0.13127526657839725,147,0.9528
lfr_n5000_o40_m50_s12__nocd_graph_oracleK__s73,lfr_n5000_o40_m50_s12,oracle_K,cpu,73,COMPLETED,25,work/baseline73_v2/lfr_n5000_o40_m50_s12__nocd_graph_oracleK__s73/checkpoints/epoch_0025.json,2c7c8abba47d97ff5d7279d1d303e77b92feb2c86e7354b1347de689e3c034d7,2.5295606669969857,2.5415310002863407,0.5151177644729614,0.13152466107895602,0.13787414565166156,0.004,0.11346682738613802,127,0.1926
lfr_n5000_o40_m50_s12__nocd_graph_oracleK__s73,lfr_n5000_o40_m50_s12,oracle_K,cpu,73,COMPLETED,50,work/baseline73_v2/lfr_n5000_o40_m50_s12__nocd_graph_oracleK__s73/checkpoints/epoch_0050.json,3cedbbf72d970301533ee5c84c93330fc2f54f7c3b94de0b8728061c96a6e035,3.864138875156641,3.876432416960597,0.4560985863208771,0.2435996122033411,0.27251411202778986,0.021,0.2053210001505138,141,0.4618
lfr_n5000_o40_m50_s12__nocd_graph_oracleK__s73,lfr_n5000_o40_m50_s12,oracle_K,cpu,73,COMPLETED,75,work/baseline73_v2/lfr_n5000_o40_m50_s12__nocd_graph_oracleK__s73/checkpoints/epoch_0075.json,302992d8adb6bca0aef3338de5eb30b077eb3114ec0ee18b4daa51338b92a365,5.161752042360604,5.17421037517488,0.44277524948120117,0.2764606846746609,0.3194765818239847,0.03,0.19173155396233377,142,0.5536
lfr_n5000_o40_m50_s12__nocd_graph_oracleK__s73,lfr_n5000_o40_m50_s12,oracle_K,cpu,73,COMPLETED,100,work/baseline73_v2/lfr_n5000_o40_m50_s12__nocd_graph_oracleK__s73/checkpoints/epoch_0100.json,58e45c3d48dc965fc9852a1938fee52255c1767a2c30ca68227c57aea494b9e7,6.455645250156522,6.468226875178516,0.44144707918167114,0.271823823865928,0.3208121827411167,0.033,0.19616886710491785,144,0.5754
lfr_n5000_o40_m50_s12__nocd_graph_oracleK__s73,lfr_n5000_o40_m50_s12,oracle_K,cpu,73,COMPLETED,125,work/baseline73_v2/lfr_n5000_o40_m50_s12__nocd_graph_oracleK__s73/checkpoints/epoch_0125.json,10868e1c3d8aa84bbf748bf2b081908f4e7cabdfb872cadde32a5cf2a117ee71,7.7485742922872305,7.762050959281623,0.44083911180496216,0.25179327741783736,0.31759656652360513,0.0405,0.13364912165446233,139,0.5944
lfr_n5000_o40_m50_s12__nocd_graph_oracleK__s73,lfr_n5000_o40_m50_s12,oracle_K,cpu,73,COMPLETED,150,work/baseline73_v2/lfr_n5000_o40_m50_s12__nocd_graph_oracleK__s73/checkpoints/epoch_0150.json,c5cb0d6221814242829e3c79a93bc02a4899994fc7bd421c4c4294be7fbdb684,9.07730191713199,9.090077792294323,0.43961721658706665,0.24207244796439076,0.3059031355807449,0.039,0.12856214994362014,132,0.6258
lfr_n5000_o40_m50_s12__nocd_graph_oracleK__s73,lfr_n5000_o40_m50_s12,oracle_K,cpu,73,COMPLETED,175,work/baseline73_v2/lfr_n5000_o40_m50_s12__nocd_graph_oracleK__s73/checkpoints/epoch_0175.json,70967a2bd7ba23f4c4cac49f4fc37e5901347f4cafcd13b475bac9f958ff38a0,10.377484125085175,10.39026154205203,0.436815083026886,0.23178020409137567,0.30409190837529254,0.039,0.0944810597685103,124,0.6714
lfr_n5000_o40_m50_s12__nocd_graph_oracleK__s73,lfr_n5000_o40_m50_s12,oracle_K,cpu,73,COMPLETED,200,work/baseline73_v2/lfr_n5000_o40_m50_s12__nocd_graph_oracleK__s73/checkpoints/epoch_0200.json,e802433234709e282a6e3e96b998d8a4e70e87d55ab214c4d06e8b8ca3843adc,11.659592209383845,11.672193084377795,0.4331471025943756,0.22663404050163846,0.29942470389170894,0.042,0.10037790871035338,118,0.721
lfr_n5000_o40_m50_s12__nocd_graph_oracleK__s73,lfr_n5000_o40_m50_s12,oracle_K,cpu,73,COMPLETED,225,work/baseline73_v2/lfr_n5000_o40_m50_s12__nocd_graph_oracleK__s73/checkpoints/epoch_0225.json,b4c8d98cc2ad7bb2297b88939164b487e95342b5e2f7a5b0d1993ce56052fb32,12.962503750342876,12.975653750356287,0.4276617765426636,0.2245572104603056,0.29760306807286674,0.052,0.10288679325004407,112,0.7624
lfr_n5000_o40_m50_s12__nocd_graph_oracleK__s73,lfr_n5000_o40_m50_s12,oracle_K,cpu,73,COMPLETED,250,work/baseline73_v2/lfr_n5000_o40_m50_s12__nocd_graph_oracleK__s73/checkpoints/epoch_0250.json,62d61667b03c91b8ef1e19f6940d23883b07dc92887ecd282cdea9a11788b635,14.299855334218591,14.312440250068903,0.4228305220603943,0.22795656567381747,0.3004313000616143,0.053,0.07442191085221914,104,0.8008
lfr_n5000_o40_m50_s12__nocd_graph_oracleK__s73,lfr_n5000_o40_m50_s12,oracle_K,cpu,73,COMPLETED,275,work/baseline73_v2/lfr_n5000_o40_m50_s12__nocd_graph_oracleK__s73/checkpoints/epoch_0275.json,88d22832b0bb6acc52c86e37fe9102a4fb9f71eaefb0034b2f854d6bc9ba6142,15.616287874989212,15.62998679233715,0.41929811239242554,0.2223332406059803,0.2995244687895022,0.053,0.07073102755261,105,0.8236
lfr_n5000_o40_m50_s12__nocd_graph_oracleK__s73,lfr_n5000_o40_m50_s12,oracle_K,cpu,73,COMPLETED,300,work/baseline73_v2/lfr_n5000_o40_m50_s12__nocd_graph_oracleK__s73/checkpoints/epoch_0300.json,73ec104cdeb2d7806ed34affb9e04a25ea5a5761dc1652a47e2804322c9acfb1,16.93191104196012,16.945639834273607,0.4170960783958435,0.21917520428361187,0.29413501860492586,0.0515,0.06673622923522961,106,0.8354
lfr_n5000_o40_m50_s12__nocd_graph_oracleK__s73,lfr_n5000_o40_m50_s12,oracle_K,cpu,73,COMPLETED,325,work/baseline73_v2/lfr_n5000_o40_m50_s12__nocd_graph_oracleK__s73/checkpoints/epoch_0325.json,00ce5c3c3f75364061d5d014050d3202708cb71933e38326405dd4eefc1746a0,18.220074042212218,18.233596292324364,0.41599854826927185,0.2179965081050924,0.29292040588890844,0.0555,0.07226282047905198,105,0.847
lfr_n5000_o40_m50_s12__nocd_graph_oracleK__s73,lfr_n5000_o40_m50_s12,oracle_K,cpu,73,COMPLETED,350,work/baseline73_v2/lfr_n5000_o40_m50_s12__nocd_graph_oracleK__s73/checkpoints/epoch_0350.json,63043243bdb05108bd14af859afe98cbad127dc7aaba76ab1880184f23b510ac,19.54329033428803,19.556562459096313,0.4155341386795044,0.21756212518649892,0.29823642395669636,0.0625,0.06623883463170704,106,0.8524
lfr_n5000_o40_m50_s12__nocd_graph_oracleK__s73,lfr_n5000_o40_m50_s12,oracle_K,cpu,73,COMPLETED,375,work/baseline73_v2/lfr_n5000_o40_m50_s12__nocd_graph_oracleK__s73/checkpoints/epoch_0375.json,bc9f60d363e5cde0a0ccd8cd53ffd6126755e5a56dfddcd37a16e8bb54e0d7ba,20.925418416969478,20.926470167003572,0.4157193899154663,0.2157426228529613,0.2953020134228188,0.06,0.06151717909993927,105,0.8518
lfr_n5000_o40_m50_s12__nocd_graph_oracleK__s73,lfr_n5000_o40_m50_s12,oracle_K,cpu,73,COMPLETED,400,work/baseline73_v2/lfr_n5000_o40_m50_s12__nocd_graph_oracleK__s73/checkpoints/epoch_0400.json,6d95dc19608c4ac2a33f05438be8fb2df8dbd1319ee6381b88233d0aa49a26c5,22.202372667379677,22.21551954234019,0.41474562883377075,0.22083328603487823,0.29480775932164016,0.0605,0.07277277986172218,103,0.8528
lfr_n5000_o40_m50_s12__nocd_graph_oracleK__s73,lfr_n5000_o40_m50_s12,oracle_K,cpu,73,COMPLETED,425,work/baseline73_v2/lfr_n5000_o40_m50_s12__nocd_graph_oracleK__s73/checkpoints/epoch_0425.json,ca2a782963f9ad3dc658cd44056b3d119a34693350696f631ca317785c6200aa,23.557389167137444,23.558447959367186,0.4149215817451477,0.22162236713728417,0.29492232784604683,0.0575,0.07017800476597268,102,0.857
lfr_n5000_o40_m50_s12__nocd_graph_oracleK__s73,lfr_n5000_o40_m50_s12,oracle_K,cpu,73,COMPLETED,450,work/baseline73_v2/lfr_n5000_o40_m50_s12__nocd_graph_oracleK__s73/checkpoints/epoch_0450.json,9dc14146a2aa7d66c82bd6f6524b0eabafb2434676826e5fbe0591cb01d7b0c6,24.836464709136635,24.83754345914349,0.4149598479270935,0.21797600041697757,0.29197588126159557,0.0535,0.06984234474466479,103,0.8572
lfr_n5000_o40_m50_s12__nocd_graph_oracleK__s73,lfr_n5000_o40_m50_s12,oracle_K,cpu,73,COMPLETED,475,work/baseline73_v2/lfr_n5000_o40_m50_s12__nocd_graph_oracleK__s73/checkpoints/epoch_0475.json,534d85d6f7b97e83da1df070aac3a09b60ea68d04c2df780819c6e9600495c1e,26.162566917017102,26.163641542196274,0.4162750840187073,0.21626195560177064,0.2913381227732025,0.0555,0.07260358038558704,102,0.8538
lfr_n5000_o40_m50_s12__nocd_graph_oracleK__s73,lfr_n5000_o40_m50_s12,oracle_K,cpu,73,COMPLETED,500,work/baseline73_v2/lfr_n5000_o40_m50_s12__nocd_graph_oracleK__s73/checkpoints/epoch_0500.json,38dab113efad05d32142353e9b4c7ad78d79f756b112327696419c00133b368d,27.46639350010082,27.467454792000353,0.4149072766304016,0.21896261628156274,0.29384490552915266,0.058,0.07006120272252345,105,0.857
lfr_n5000_o20_m20_s12__nocd_graph_oracleK__s73,lfr_n5000_o20_m20_s12,oracle_K,cpu,73,COMPLETED,0,work/baseline73_v2/lfr_n5000_o20_m20_s12__nocd_graph_oracleK__s73/checkpoints/epoch_0000.json,939b8dcf57c3a74e291edf0d3e469aa53498c12fedb9ce67f4ccbcc61871477b,1.2929507503286004,1.3171036671847105,2.897768974304199,0.09734623305260852,0.09530787809709897,0.441,0.0522553324913155,125,0.9994
lfr_n5000_o20_m20_s12__nocd_graph_oracleK__s73,lfr_n5000_o20_m20_s12,oracle_K,cpu,73,COMPLETED,25,work/baseline73_v2/lfr_n5000_o20_m20_s12__nocd_graph_oracleK__s73/checkpoints/epoch_0025.json,d365e9d0f8674f3feb4981ad0b67c283079e0b0e2d1f054a10bdfb7599f1f3b5,2.530968500301242,2.5417565423995256,0.43746793270111084,0.19559432897438306,0.2507836990595611,0.012,0.059948729042256954,110,0.254
lfr_n5000_o20_m20_s12__nocd_graph_oracleK__s73,lfr_n5000_o20_m20_s12,oracle_K,cpu,73,COMPLETED,50,work/baseline73_v2/lfr_n5000_o20_m20_s12__nocd_graph_oracleK__s73/checkpoints/epoch_0050.json,a54c814fdfdbf2801cbafd84c9199b16e28aa41e02fb41889f830f5d2706d43e,3.706814917270094,3.7185045001097023,0.3890274465084076,0.2806169585707926,0.3418341496368857,0.022,0.11663462053507954,120,0.5148
lfr_n5000_o20_m20_s12__nocd_graph_oracleK__s73,lfr_n5000_o20_m20_s12,oracle_K,cpu,73,COMPLETED,75,work/baseline73_v2/lfr_n5000_o20_m20_s12__nocd_graph_oracleK__s73/checkpoints/epoch_0075.json,0c17cd24e0c5794775864e473bc04a14976166ebc9b4e5cc9732e4ecd5c3b0e0,4.906600750051439,4.918692042119801,0.35800182819366455,0.3328176100583436,0.37679944095038437,0.051,0.18141958562890426,123,0.6648
lfr_n5000_o20_m20_s12__nocd_graph_oracleK__s73,lfr_n5000_o20_m20_s12,oracle_K,cpu,73,COMPLETED,100,work/baseline73_v2/lfr_n5000_o20_m20_s12__nocd_graph_oracleK__s73/checkpoints/epoch_0100.json,e6b65f7dcdf906dc706cd6a30ef77e2df8b72f94791a4819293e176f641dc3c9,6.117057166993618,6.130080458242446,0.33550161123275757,0.3588907635886603,0.3815899581589958,0.061,0.18045456573983912,125,0.7996
lfr_n5000_o20_m20_s12__nocd_graph_oracleK__s73,lfr_n5000_o20_m20_s12,oracle_K,cpu,73,COMPLETED,125,work/baseline73_v2/lfr_n5000_o20_m20_s12__nocd_graph_oracleK__s73/checkpoints/epoch_0125.json,eb8895ce03fdaeea25f5d1788f4a5536b815cb01163a92247754fc004f934e47,7.268790833186358,7.282143250107765,0.31377720832824707,0.37663345396653825,0.3935010255856634,0.102,0.15589420154020622,125,0.88
lfr_n5000_o20_m20_s12__nocd_graph_oracleK__s73,lfr_n5000_o20_m20_s12,oracle_K,cpu,73,COMPLETED,150,work/baseline73_v2/lfr_n5000_o20_m20_s12__nocd_graph_oracleK__s73/checkpoints/epoch_0150.json,a3bd97287e31253f8959f65f1d91fbfd5b89eb0ab6bcaa7c25d995820983b6d2,8.495241667144,8.508506583049893,0.2950204610824585,0.3830647018703097,0.39763241766580665,0.146,0.15731691341275472,125,0.9226
lfr_n5000_o20_m20_s12__nocd_graph_oracleK__s73,lfr_n5000_o20_m20_s12,oracle_K,cpu,73,COMPLETED,175,work/baseline73_v2/lfr_n5000_o20_m20_s12__nocd_graph_oracleK__s73/checkpoints/epoch_0175.json,399c5ea36420f22e21f8550c435ee50b8dc2d65119dc34d6c39b625b49424919,9.648297208361328,9.661884542088956,0.2775733172893524,0.3817842110789355,0.40926987291303263,0.182,0.17065624032820886,124,0.9564
lfr_n5000_o20_m20_s12__nocd_graph_oracleK__s73,lfr_n5000_o20_m20_s12,oracle_K,cpu,73,COMPLETED,200,work/baseline73_v2/lfr_n5000_o20_m20_s12__nocd_graph_oracleK__s73/checkpoints/epoch_0200.json,39661f82f422adf168a894dffea1f338f4b7faa423d50c1d85b00079a56d1e86,10.859790957998484,10.873094958253205,0.26347944140434265,0.38154787698821174,0.42065708627431064,0.197,0.15205811157665672,122,0.9744
lfr_n5000_o20_m20_s12__nocd_graph_oracleK__s73,lfr_n5000_o20_m20_s12,oracle_K,cpu,73,COMPLETED,225,work/baseline73_v2/lfr_n5000_o20_m20_s12__nocd_graph_oracleK__s73/checkpoints/epoch_0225.json,7f4c0123120b3661b4ee198f4cccf41f9eb32b54434ee42f806a58911e9b07df,12.038655000273138,12.05185641720891,0.2524411380290985,0.38572866692456315,0.43810207009633123,0.255,0.1371585458017864,119,0.9854
lfr_n5000_o20_m20_s12__nocd_graph_oracleK__s73,lfr_n5000_o20_m20_s12,oracle_K,cpu,73,COMPLETED,250,work/baseline73_v2/lfr_n5000_o20_m20_s12__nocd_graph_oracleK__s73/checkpoints/epoch_0250.json,7ddc2a4b033201e2fb79f3fc4d89652206adee94eb77b538a6477aa594018f89,13.223735292442143,13.236586083192378,0.24709124863147736,0.3910933386867087,0.4361393323657475,0.24,0.13340998875106017,116,0.9862
lfr_n5000_o20_m20_s12__nocd_graph_oracleK__s73,lfr_n5000_o20_m20_s12,oracle_K,cpu,73,COMPLETED,275,work/baseline73_v2/lfr_n5000_o20_m20_s12__nocd_graph_oracleK__s73/checkpoints/epoch_0275.json,899b3c6dc3c33a55f13236e237c95ce269cce5bdbd0f286e870fb5095392f309,14.43614691728726,14.448935375083238,0.24302782118320465,0.39533893489376826,0.4433539127222838,0.265,0.12399025567067928,111,0.9902
lfr_n5000_o20_m20_s12__nocd_graph_oracleK__s73,lfr_n5000_o20_m20_s12,oracle_K,cpu,73,COMPLETED,300,work/baseline73_v2/lfr_n5000_o20_m20_s12__nocd_graph_oracleK__s73/checkpoints/epoch_0300.json,69eeb3bcf6d501b949a12538de3643d519e9288f5c89f3834a304eaca6e572c0,15.60982458340004,15.622699792031199,0.23965610563755035,0.39164598043593957,0.4469664828171404,0.298,0.10184138554168488,111,0.9914
lfr_n5000_o20_m20_s12__nocd_graph_oracleK__s73,lfr_n5000_o20_m20_s12,oracle_K,cpu,73,COMPLETED,325,work/baseline73_v2/lfr_n5000_o20_m20_s12__nocd_graph_oracleK__s73/checkpoints/epoch_0325.json,7e3baac6aca7895bf63725f5bb892d85be6f42151cfedea4aa591153cdf405ed,16.813868292141706,16.826598417013884,0.23860248923301697,0.3867740757368197,0.4509427932246724,0.297,0.10876819648951139,110,0.9926
lfr_n5000_o20_m20_s12__nocd_graph_oracleK__s73,lfr_n5000_o20_m20_s12,oracle_K,cpu,73,COMPLETED,350,work/baseline73_v2/lfr_n5000_o20_m20_s12__nocd_graph_oracleK__s73/checkpoints/epoch_0350.json,ffb2be8832e8e9b71683a82193e2fecf25bd56650922b1529b2f47e4a489fa7a,17.873179000336677,17.886311792302877,0.23692314326763153,0.38959676410296085,0.4543055630351661,0.307,0.10253844589069594,108,0.9928
lfr_n5000_o20_m20_s12__nocd_graph_oracleK__s73,lfr_n5000_o20_m20_s12,oracle_K,cpu,73,COMPLETED,375,work/baseline73_v2/lfr_n5000_o20_m20_s12__nocd_graph_oracleK__s73/checkpoints/epoch_0375.json,20f8b0e3edaaf95a1d4e60f79e9771aa7f4ec93255cb3b5849ff6bb298439b43,19.015544208232313,19.028651917353272,0.23529013991355896,0.3915120616471144,0.45408218583974846,0.298,0.10437250631869492,105,0.9952
lfr_n5000_o20_m20_s12__nocd_graph_oracleK__s73,lfr_n5000_o20_m20_s12,oracle_K,cpu,73,COMPLETED,400,work/baseline73_v2/lfr_n5000_o20_m20_s12__nocd_graph_oracleK__s73/checkpoints/epoch_0400.json,e8adf769413ae6621109c48b12566540a2457de0b3eb70a9197dce3bc926aad0,20.214025708381087,20.229054833296686,0.2339375615119934,0.38778836322369986,0.4559349593495935,0.295,0.11337125348200124,106,0.994
lfr_n5000_o20_m20_s12__nocd_graph_oracleK__s73,lfr_n5000_o20_m20_s12,oracle_K,cpu,73,COMPLETED,425,work/baseline73_v2/lfr_n5000_o20_m20_s12__nocd_graph_oracleK__s73/checkpoints/epoch_0425.json,ab4b85d6264cd1767878e3dc085db12be2a42ff3b9026f80c3a1ae98ace053a3,21.38288095826283,21.395789167378098,0.23148559033870697,0.3907895909451095,0.4597562974700836,0.318,0.11682049924409478,104,0.9954
lfr_n5000_o20_m20_s12__nocd_graph_oracleK__s73,lfr_n5000_o20_m20_s12,oracle_K,cpu,73,COMPLETED,450,work/baseline73_v2/lfr_n5000_o20_m20_s12__nocd_graph_oracleK__s73/checkpoints/epoch_0450.json,561b5339028374f6262e2cc65af1957eaaa49aca865151ef2f11e15d27f6a7c8,22.604356417432427,22.6310515422374,0.22989891469478607,0.3903594185516472,0.4599375650364204,0.329,0.11829605822642922,103,0.9952
lfr_n5000_o20_m20_s12__nocd_graph_oracleK__s73,lfr_n5000_o20_m20_s12,oracle_K,cpu,73,COMPLETED,475,work/baseline73_v2/lfr_n5000_o20_m20_s12__nocd_graph_oracleK__s73/checkpoints/epoch_0475.json,203eda8304ee386bf0ad73379d3dcaafb2227eb51807de1308ef6f411ff74044,23.79182029236108,23.792792042251676,0.23028700053691864,0.3893520767683734,0.45728670716357467,0.312,0.10575513291589332,101,0.996
lfr_n5000_o20_m20_s12__nocd_graph_oracleK__s73,lfr_n5000_o20_m20_s12,oracle_K,cpu,73,COMPLETED,500,work/baseline73_v2/lfr_n5000_o20_m20_s12__nocd_graph_oracleK__s73/checkpoints/epoch_0500.json,a372b909895f212bd6fb6b27538024e88a5e25e1f5df6ac5349120e3bd13e13a,24.96798533340916,24.981001208070666,0.2289285957813263,0.3919042818518749,0.45815415150512734,0.314,0.12476260560494139,100,0.9948
lfr_n5000_o00_m50_s11__nocd_graph_oracleK__s73,lfr_n5000_o00_m50_s11,oracle_K,cpu,73,COMPLETED,0,work/baseline73_v2/lfr_n5000_o00_m50_s11__nocd_graph_oracleK__s73/checkpoints/epoch_0000.json,7c77963f5614a059c092c93d92fc2e256c37e37557cffd26615723594ae6e122,1.288017958868295,1.3009554999880493,0.982154905796051,0.1467203815960406,0.14580023828435265,,0.11850171640530517,107,0.9872
lfr_n5000_o00_m50_s11__nocd_graph_oracleK__s73,lfr_n5000_o00_m50_s11,oracle_K,cpu,73,COMPLETED,25,work/baseline73_v2/lfr_n5000_o00_m50_s11__nocd_graph_oracleK__s73/checkpoints/epoch_0025.json,e6d8fff1003e3f56241ad8806a9dfb79fbe2e3f9d5d3e8bb1fb4e64d018fbea7,2.4010155838914216,2.4118401668965816,0.4712028503417969,0.28863922944928544,0.32113215577782506,,0.19989436756886117,105,0.435
lfr_n5000_o00_m50_s11__nocd_graph_oracleK__s73,lfr_n5000_o00_m50_s11,oracle_K,cpu,73,COMPLETED,50,work/baseline73_v2/lfr_n5000_o00_m50_s11__nocd_graph_oracleK__s73/checkpoints/epoch_0050.json,73780db2a54e94a0edfa51cb8be4e1d6bce51e40c4857cdc6d34c4296ecc7763,3.5085686668753624,3.520520542282611,0.4299415349960327,0.41206235822331677,0.43816303740926854,,0.23874211096904746,107,0.7942
lfr_n5000_o00_m50_s11__nocd_graph_oracleK__s73,lfr_n5000_o00_m50_s11,oracle_K,cpu,73,COMPLETED,75,work/baseline73_v2/lfr_n5000_o00_m50_s11__nocd_graph_oracleK__s73/checkpoints/epoch_0075.json,59458fc2f2bb8ce22ced7759dbdbd9a3ce31605b59dfbc4e0ca5e0d74119a6f9,4.636530042160302,4.648689209017903,0.4062643051147461,0.45268029880066396,0.4750677677614575,,0.23933481307963608,107,0.9354
lfr_n5000_o00_m50_s11__nocd_graph_oracleK__s73,lfr_n5000_o00_m50_s11,oracle_K,cpu,73,COMPLETED,100,work/baseline73_v2/lfr_n5000_o00_m50_s11__nocd_graph_oracleK__s73/checkpoints/epoch_0100.json,35154d7c00b8862c145ccd6678400b98034d016643798c054155355a49b16f93,5.7480325838550925,5.760129209142178,0.3931085765361786,0.47217149218158133,0.52035557845916,,0.23141426317500516,107,0.9676
lfr_n5000_o00_m50_s11__nocd_graph_oracleK__s73,lfr_n5000_o00_m50_s11,oracle_K,cpu,73,COMPLETED,125,work/baseline73_v2/lfr_n5000_o00_m50_s11__nocd_graph_oracleK__s73/checkpoints/epoch_0125.json,ccf6c0651ad56a1f81a34ed6bcb7dcca91dacce94ce35eb509b7ff2d220caf85,6.90500329202041,6.91754054185003,0.3818645775318146,0.4664414152006655,0.5075710173945689,,0.21894544128855487,107,0.9822
lfr_n5000_o00_m50_s11__nocd_graph_oracleK__s73,lfr_n5000_o00_m50_s11,oracle_K,cpu,73,COMPLETED,150,work/baseline73_v2/lfr_n5000_o00_m50_s11__nocd_graph_oracleK__s73/checkpoints/epoch_0150.json,7423fef28ff8e3061004a75bb185110cae19f29e1a138f5a5e044c76f7946f6b,8.003647083882242,8.015729750040919,0.3715936541557312,0.44951455164501364,0.49605312617466485,,0.1829361752238398,106,0.9928
lfr_n5000_o00_m50_s11__nocd_graph_oracleK__s73,lfr_n5000_o00_m50_s11,oracle_K,cpu,73,COMPLETED,175,work/baseline73_v2/lfr_n5000_o00_m50_s11__nocd_graph_oracleK__s73/checkpoints/epoch_0175.json,02003385c2b25509bcf248b70199634b0c82a79531fab596bde2d230bb5bb835,9.105387959163636,9.118672375101596,0.3613325357437134,0.43063267047360815,0.49736189689148813,,0.18041221680327701,105,0.9948
lfr_n5000_o00_m50_s11__nocd_graph_oracleK__s73,lfr_n5000_o00_m50_s11,oracle_K,cpu,73,COMPLETED,200,work/baseline73_v2/lfr_n5000_o00_m50_s11__nocd_graph_oracleK__s73/checkpoints/epoch_0200.json,1d2964dceed25c12a83397c7dc0351ec9de887e7bcc42e36ed69a6b3823eebf4,10.21532270917669,10.227746666874737,0.35244378447532654,0.4169772039936385,0.49706356889319137,,0.15001895864111778,102,0.9974
lfr_n5000_o00_m50_s11__nocd_graph_oracleK__s73,lfr_n5000_o00_m50_s11,oracle_K,cpu,73,COMPLETED,225,work/baseline73_v2/lfr_n5000_o00_m50_s11__nocd_graph_oracleK__s73/checkpoints/epoch_0225.json,69b1fdcf1d84ed3f9f27bcf7ad70880f0c4fa5aeb1d252e1ead27f933a027ff1,11.302222500089556,11.314381459262222,0.34667345881462097,0.41124842589296323,0.494231388978408,,0.1537520153788105,100,0.9984
lfr_n5000_o00_m50_s11__nocd_graph_oracleK__s73,lfr_n5000_o00_m50_s11,oracle_K,cpu,73,COMPLETED,250,work/baseline73_v2/lfr_n5000_o00_m50_s11__nocd_graph_oracleK__s73/checkpoints/epoch_0250.json,3b5de6d37476c68e19a33b53eebe50403bf78bfc098843c2d4cd66ff02235ab8,12.423115250188857,12.436134084127843,0.3440602421760559,0.4124641805021291,0.48790556666451657,,0.13565853171224523,95,0.9996
lfr_n5000_o00_m50_s11__nocd_graph_oracleK__s73,lfr_n5000_o00_m50_s11,oracle_K,cpu,73,COMPLETED,275,work/baseline73_v2/lfr_n5000_o00_m50_s11__nocd_graph_oracleK__s73/checkpoints/epoch_0275.json,dbca3cfec95265a72ece39920116b3d1e2fd54f95f8a9816b7c7379218e255f0,13.503860542085022,13.51611900003627,0.3418586850166321,0.41393311888863715,0.4913848944163752,,0.13963463092627856,95,0.999
lfr_n5000_o00_m50_s11__nocd_graph_oracleK__s73,lfr_n5000_o00_m50_s11,oracle_K,cpu,73,COMPLETED,300,work/baseline73_v2/lfr_n5000_o00_m50_s11__nocd_graph_oracleK__s73/checkpoints/epoch_0300.json,7cbcda6de64325a507b3542fb150df3436160ff5ca0780701eb3fbf30278a42a,14.64341845922172,14.644211541861296,0.34369975328445435,0.4137641034792632,0.4930953621677957,,0.13032656124110933,93,0.9996
lfr_n5000_o00_m50_s11__nocd_graph_oracleK__s73,lfr_n5000_o00_m50_s11,oracle_K,cpu,73,COMPLETED,325,work/baseline73_v2/lfr_n5000_o00_m50_s11__nocd_graph_oracleK__s73/checkpoints/epoch_0325.json,b0fc8961fd321a9e20df8d5378373818b19099af69bc1d86678f7b67e34ad013,15.7161750420928,15.716981125064194,0.3433963656425476,0.41607489672010645,0.4971957740967784,,0.1329347202732227,92,0.9996
lfr_n5000_o00_m50_s11__nocd_graph_oracleK__s73,lfr_n5000_o00_m50_s11,oracle_K,cpu,73,COMPLETED,350,work/baseline73_v2/lfr_n5000_o00_m50_s11__nocd_graph_oracleK__s73/checkpoints/epoch_0350.json,546fff762eceba44d49aeaf951771ce8c6ad69b8d8dbe79a2129e30b375c06e3,16.847180209122598,16.848239874932915,0.34363141655921936,0.4104008027598837,0.4873248615184099,,0.13125597332019756,93,0.9998
lfr_n5000_o00_m50_s11__nocd_graph_oracleK__s73,lfr_n5000_o00_m50_s11,oracle_K,cpu,73,COMPLETED,375,work/baseline73_v2/lfr_n5000_o00_m50_s11__nocd_graph_oracleK__s73/checkpoints/epoch_0375.json,c64bdffb566746e9fe797b47cfcb55be3c1b126091c6b45db95526f6ea1c48c9,17.91067466698587,17.91146979201585,0.3427971303462982,0.4124902726249802,0.49701658907612617,,0.13136048480951076,93,0.9996
lfr_n5000_o00_m50_s11__nocd_graph_oracleK__s73,lfr_n5000_o00_m50_s11,oracle_K,cpu,73,COMPLETED,400,work/baseline73_v2/lfr_n5000_o00_m50_s11__nocd_graph_oracleK__s73/checkpoints/epoch_0400.json,9db217a0b2dce0a0025eaa54d4e5dd0e55b3fe76720667117907318aeb99b9e7,19.028807458933443,19.029589584097266,0.3438994288444519,0.4143108650736684,0.4960010489052052,,0.13755735233814648,93,0.9996
lfr_n5000_o00_m50_s11__nocd_graph_oracleK__s73,lfr_n5000_o00_m50_s11,oracle_K,cpu,73,COMPLETED,425,work/baseline73_v2/lfr_n5000_o00_m50_s11__nocd_graph_oracleK__s73/checkpoints/epoch_0425.json,25a11b4e79a4ba2edac4003b7ebb95cd830dd8f3a8eb4408fa8cd4b82f02d6eb,20.086470333859324,20.087277167011052,0.3439309597015381,0.41514147606296364,0.4918054280844369,,0.1359412130684192,92,0.9996
lfr_n5000_o00_m50_s11__nocd_graph_oracleK__s73,lfr_n5000_o00_m50_s11,oracle_K,cpu,73,COMPLETED,450,work/baseline73_v2/lfr_n5000_o00_m50_s11__nocd_graph_oracleK__s73/checkpoints/epoch_0450.json,2f0fd2dd53fed253be5c89bacc61115d0e85ef5e61669d0165485eae513547ee,21.234870542306453,21.235671625006944,0.3438035547733307,0.41172134134358135,0.49489291598023066,,0.12601536817799538,91,0.999
lfr_n5000_o00_m50_s11__nocd_graph_oracleK__s73,lfr_n5000_o00_m50_s11,oracle_K,cpu,73,COMPLETED,475,work/baseline73_v2/lfr_n5000_o00_m50_s11__nocd_graph_oracleK__s73/checkpoints/epoch_0475.json,47b1912ab4fcebbce59e521f41e6c3a80ac0d512da92863c05da3a4e93de07ee,22.294495083857328,22.29528299998492,0.3438553214073181,0.4112287539139743,0.4948046823622254,,0.12569023526913156,91,0.9994
lfr_n5000_o00_m50_s11__nocd_graph_oracleK__s73,lfr_n5000_o00_m50_s11,oracle_K,cpu,73,COMPLETED,500,work/baseline73_v2/lfr_n5000_o00_m50_s11__nocd_graph_oracleK__s73/checkpoints/epoch_0500.json,9dfb5495fd49a7ff788224077d4fdb864af2a81c4d41ebfe7d38b486460b0c89,23.41634412528947,23.417161792051047,0.34367355704307556,0.41536845602555444,0.49401237004869064,,0.13044073883731475,92,0.9994
lfr_n5000_o00_m20_s11__nocd_graph_oracleK__s73,lfr_n5000_o00_m20_s11,oracle_K,cpu,73,COMPLETED,0,work/baseline73_v2/lfr_n5000_o00_m20_s11__nocd_graph_oracleK__s73/checkpoints/epoch_0000.json,31a312f90b881d58b7d93946444294d8bdc76000720c70eb14d326fb79b22ac7,1.2741781254298985,1.298943916335702,3.531736135482788,0.08811880174679697,0.08441955105868587,,0.0391165313485472,107,1.0
lfr_n5000_o00_m20_s11__nocd_graph_oracleK__s73,lfr_n5000_o00_m20_s11,oracle_K,cpu,73,COMPLETED,25,work/baseline73_v2/lfr_n5000_o00_m20_s11__nocd_graph_oracleK__s73/checkpoints/epoch_0025.json,8f06d597168fe03c9367100e4c45953179d0eab5823d3daadc1f6973df2c5afc,2.443723250180483,2.454424583353102,0.4111405611038208,0.2602286638030059,0.29929351316634556,,0.12950410958487338,88,0.283
lfr_n5000_o00_m20_s11__nocd_graph_oracleK__s73,lfr_n5000_o00_m20_s11,oracle_K,cpu,73,COMPLETED,50,work/baseline73_v2/lfr_n5000_o00_m20_s11__nocd_graph_oracleK__s73/checkpoints/epoch_0050.json,a521a46f69819d6eb4ff116f01ee5865cccfe19b6e28d65727b95bddceba8dfc,3.521781583316624,3.5331669580191374,0.36425551772117615,0.3459771921176574,0.39355704697986577,,0.10242184200083845,101,0.5316
lfr_n5000_o00_m20_s11__nocd_graph_oracleK__s73,lfr_n5000_o00_m20_s11,oracle_K,cpu,73,COMPLETED,75,work/baseline73_v2/lfr_n5000_o00_m20_s11__nocd_graph_oracleK__s73/checkpoints/epoch_0075.json,dcd29d4b5b037f96797eabca3de9f9e5c9c6f7c8c229131fc038c53eb01251f6,4.662118750158697,4.674210333265364,0.3442370295524597,0.4036897106081232,0.45108055009823184,,0.1877621669964093,105,0.6816
lfr_n5000_o00_m20_s11__nocd_graph_oracleK__s73,lfr_n5000_o00_m20_s11,oracle_K,cpu,73,COMPLETED,100,work/baseline73_v2/lfr_n5000_o00_m20_s11__nocd_graph_oracleK__s73/checkpoints/epoch_0100.json,b0246e5ce2e665262cc147dcc7dcb44b36fc3af71883bcf022479c2dc9808ba7,5.734229666180909,5.74644250003621,0.3205677270889282,0.40469788186500794,0.4345424877620183,,0.18057996897757872,107,0.8144
lfr_n5000_o00_m20_s11__nocd_graph_oracleK__s73,lfr_n5000_o00_m20_s11,oracle_K,cpu,73,COMPLETED,125,work/baseline73_v2/lfr_n5000_o00_m20_s11__nocd_graph_oracleK__s73/checkpoints/epoch_0125.json,ab90eda1439faacb5aad3c6d96eb4fce7b5ba1cb475f963568782229b1f48310,6.8710366250015795,6.883688458241522,0.3023488521575928,0.4252586086730548,0.44473744554001376,,0.22320490299446208,107,0.913
lfr_n5000_o00_m20_s11__nocd_graph_oracleK__s73,lfr_n5000_o00_m20_s11,oracle_K,cpu,73,COMPLETED,150,work/baseline73_v2/lfr_n5000_o00_m20_s11__nocd_graph_oracleK__s73/checkpoints/epoch_0150.json,df5a11c4635acd116ebafdf6ac37f85d4935640d96626a502ddce43c791ea3b2,7.959262625314295,7.9716519163921475,0.28543901443481445,0.446676412441969,0.4498925679025949,,0.2101661721612468,106,0.9604
lfr_n5000_o00_m20_s11__nocd_graph_oracleK__s73,lfr_n5000_o00_m20_s11,oracle_K,cpu,73,COMPLETED,175,work/baseline73_v2/lfr_n5000_o00_m20_s11__nocd_graph_oracleK__s73/checkpoints/epoch_0175.json,a21b135037a97f9c6e95947ac301ac9ba96bd71712bc7128fb7865ad424a9afa,9.09479375043884,9.107734125107527,0.2704036235809326,0.4578367593472558,0.4649795918367347,,0.22062859934892107,107,0.9942
lfr_n5000_o00_m20_s11__nocd_graph_oracleK__s73,lfr_n5000_o00_m20_s11,oracle_K,cpu,73,COMPLETED,200,work/baseline73_v2/lfr_n5000_o00_m20_s11__nocd_graph_oracleK__s73/checkpoints/epoch_0200.json,457f5c97db08709f54456830d4bbfd9f2c0ad4533585c0eac23748d3fde139cb,10.199651708360761,10.212439208291471,0.25670740008354187,0.4570328443684458,0.46474091389770134,,0.20264249974326318,107,0.998
lfr_n5000_o00_m20_s11__nocd_graph_oracleK__s73,lfr_n5000_o00_m20_s11,oracle_K,cpu,73,COMPLETED,225,work/baseline73_v2/lfr_n5000_o00_m20_s11__nocd_graph_oracleK__s73/checkpoints/epoch_0225.json,f3412b0b5b15f32478d96b9178616a84a6fafdebcda0b5079c2ec1c8c678f4d0,11.300235208123922,11.3133430830203,0.2452380508184433,0.46552494458083826,0.48142610695802185,,0.21705582285042221,107,1.0
lfr_n5000_o00_m20_s11__nocd_graph_oracleK__s73,lfr_n5000_o00_m20_s11,oracle_K,cpu,73,COMPLETED,250,work/baseline73_v2/lfr_n5000_o00_m20_s11__nocd_graph_oracleK__s73/checkpoints/epoch_0250.json,36a09df0c4308400e821e4fa9080a62319c78f6fa69c8a36abee06cdd4911c5b,12.42723008338362,12.439588958397508,0.23661167919635773,0.4799537629859183,0.4938550139523838,,0.22087951323604144,107,1.0
lfr_n5000_o00_m20_s11__nocd_graph_oracleK__s73,lfr_n5000_o00_m20_s11,oracle_K,cpu,73,COMPLETED,275,work/baseline73_v2/lfr_n5000_o00_m20_s11__nocd_graph_oracleK__s73/checkpoints/epoch_0275.json,a93172f1025d0458e8b59a77fd692e0c841c18e8640f42f62a5a12b8d4f99d9d,13.52825695835054,13.54045704100281,0.22923552989959717,0.48146728337745553,0.5014015843997562,,0.20401013616282332,106,1.0
lfr_n5000_o00_m20_s11__nocd_graph_oracleK__s73,lfr_n5000_o00_m20_s11,oracle_K,cpu,73,COMPLETED,300,work/baseline73_v2/lfr_n5000_o00_m20_s11__nocd_graph_oracleK__s73/checkpoints/epoch_0300.json,f921f89df6555c49684e0d08aa68b362c76aa63e222bcdb6469a00d1b75f07a5,14.660121333319694,14.673281791154295,0.22333869338035583,0.47892130189362986,0.5010809809129656,,0.18550665507132563,106,0.9992
lfr_n5000_o00_m20_s11__nocd_graph_oracleK__s73,lfr_n5000_o00_m20_s11,oracle_K,cpu,73,COMPLETED,325,work/baseline73_v2/lfr_n5000_o00_m20_s11__nocd_graph_oracleK__s73/checkpoints/epoch_0325.json,1ac8bb31068d0bd520234ee222f4fb0084806278fd514e255c38c5a46d3ef8c3,15.761670458130538,15.775488041341305,0.21773216128349304,0.48120837281751333,0.5113888712645137,,0.18320385682870652,106,1.0
lfr_n5000_o00_m20_s11__nocd_graph_oracleK__s73,lfr_n5000_o00_m20_s11,oracle_K,cpu,73,COMPLETED,350,work/baseline73_v2/lfr_n5000_o00_m20_s11__nocd_graph_oracleK__s73/checkpoints/epoch_0350.json,65bf8623fc4168fd3af0e7de0e7388b8e74c2b9846317d953188d2a8f4667933,16.89937537536025,16.911563500296324,0.21422353386878967,0.4804204891091824,0.5179354838709678,,0.1920572975945071,106,1.0
lfr_n5000_o00_m20_s11__nocd_graph_oracleK__s73,lfr_n5000_o00_m20_s11,oracle_K,cpu,73,COMPLETED,375,work/baseline73_v2/lfr_n5000_o00_m20_s11__nocd_graph_oracleK__s73/checkpoints/epoch_0375.json,e1853c54fc3b9894741d648e4c85e415fe5bca9ad851eb6c16887f3c710b99d3,17.995638333261013,18.00817675003782,0.2099258303642273,0.4774987660167395,0.5278658214474379,,0.1721822952833197,105,1.0
lfr_n5000_o00_m20_s11__nocd_graph_oracleK__s73,lfr_n5000_o00_m20_s11,oracle_K,cpu,73,COMPLETED,400,work/baseline73_v2/lfr_n5000_o00_m20_s11__nocd_graph_oracleK__s73/checkpoints/epoch_0400.json,ac9a47cd0533b69dd30343e80997d023333cab4452804fb270c6ae5426364113,19.126519041135907,19.138755666092038,0.20739367604255676,0.4759936097447718,0.5347500668270516,,0.1593959363834809,101,1.0
lfr_n5000_o00_m20_s11__nocd_graph_oracleK__s73,lfr_n5000_o00_m20_s11,oracle_K,cpu,73,COMPLETED,425,work/baseline73_v2/lfr_n5000_o00_m20_s11__nocd_graph_oracleK__s73/checkpoints/epoch_0425.json,85e9e981f7bc41a0234a559e0c25b929301c8bcd7b887440be77b42e52567538,20.20570116629824,20.217839375138283,0.20566949248313904,0.4720334983965194,0.5337270957782402,,0.1556256229544361,100,1.0
lfr_n5000_o00_m20_s11__nocd_graph_oracleK__s73,lfr_n5000_o00_m20_s11,oracle_K,cpu,73,COMPLETED,450,work/baseline73_v2/lfr_n5000_o00_m20_s11__nocd_graph_oracleK__s73/checkpoints/epoch_0450.json,dc8c337b6a5a46df12960d41429ba671982c153b55a63d137f49296edfa0a897,21.357791708316654,21.370771208312362,0.2052708864212036,0.4688005399992093,0.5365720895420835,,0.14731454987896392,99,1.0
lfr_n5000_o00_m20_s11__nocd_graph_oracleK__s73,lfr_n5000_o00_m20_s11,oracle_K,cpu,73,COMPLETED,475,work/baseline73_v2/lfr_n5000_o00_m20_s11__nocd_graph_oracleK__s73/checkpoints/epoch_0475.json,18262d7f9510a9dd33fdd88143d61e5c7ad00a103e40e7370c1a7dc4f81996b6,22.428783625364304,22.440726958215237,0.20347940921783447,0.4681838731692663,0.5421124828532236,,0.1449734808635155,97,1.0
lfr_n5000_o00_m20_s11__nocd_graph_oracleK__s73,lfr_n5000_o00_m20_s11,oracle_K,cpu,73,COMPLETED,500,work/baseline73_v2/lfr_n5000_o00_m20_s11__nocd_graph_oracleK__s73/checkpoints/epoch_0500.json,5b4144a4f2f157c6238dc606b172019c0629b84f538e6796a61467367e42d05a,23.499123624991626,23.511379208415747,0.2004728615283966,0.4647716574926278,0.5412749605434708,,0.13645187684276402,94,1.0
lfr_n5000_o20_m20_s11__nocd_graph_oracleK__s73,lfr_n5000_o20_m20_s11,oracle_K,cpu,73,COMPLETED,0,work/baseline73_v2/lfr_n5000_o20_m20_s11__nocd_graph_oracleK__s73/checkpoints/epoch_0000.json,71b22895fc4238bfe815131de27639b077b564e6f25892d0f51bc5eb8a9d4e8d,1.3901884579099715,1.4149895831942558,2.924741744995117,0.09553616880310624,0.09350947731188972,0.461,0.04921232709446223,129,1.0
lfr_n5000_o20_m20_s11__nocd_graph_oracleK__s73,lfr_n5000_o20_m20_s11,oracle_K,cpu,73,COMPLETED,25,work/baseline73_v2/lfr_n5000_o20_m20_s11__nocd_graph_oracleK__s73/checkpoints/epoch_0025.json,ef366c41825b8d6df0c2aa03abe32248ab67c79dd1f7d5715688973e819f48aa,2.659722624812275,2.671265416778624,0.43924480676651,0.1696336832202254,0.19982136021436775,0.005,0.030524572070144806,107,0.2004
lfr_n5000_o20_m20_s11__nocd_graph_oracleK__s73,lfr_n5000_o20_m20_s11,oracle_K,cpu,73,COMPLETED,50,work/baseline73_v2/lfr_n5000_o20_m20_s11__nocd_graph_oracleK__s73/checkpoints/epoch_0050.json,e42d4610417568165b9ccd29bc50f1eea2030d71647b7aac1adbd88ce74ecd4b,3.912815500050783,3.9246964999474585,0.38935500383377075,0.29079666412447386,0.3401395709485655,0.023,0.1626945590543409,126,0.4982
lfr_n5000_o20_m20_s11__nocd_graph_oracleK__s73,lfr_n5000_o20_m20_s11,oracle_K,cpu,73,COMPLETED,75,work/baseline73_v2/lfr_n5000_o20_m20_s11__nocd_graph_oracleK__s73/checkpoints/epoch_0075.json,1968148a56a93cb73bf05a67bbc219bce8faafa3b43e3e434cf6e937867476c3,5.102579167112708,5.114488957915455,0.3606792688369751,0.3320658593666554,0.37077033837293016,0.046,0.15888624043150085,129,0.6788
lfr_n5000_o20_m20_s11__nocd_graph_oracleK__s73,lfr_n5000_o20_m20_s11,oracle_K,cpu,73,COMPLETED,100,work/baseline73_v2/lfr_n5000_o20_m20_s11__nocd_graph_oracleK__s73/checkpoints/epoch_0100.json,5ea81d73b9bc4099951ce333ca167032956c36b6a3f326e94db481d2004a205d,6.343660667072982,6.35706983320415,0.3378148674964905,0.35266115485170046,0.3815994514741632,0.071,0.16109101714730936,128,0.7844
lfr_n5000_o20_m20_s11__nocd_graph_oracleK__s73,lfr_n5000_o20_m20_s11,oracle_K,cpu,73,COMPLETED,125,work/baseline73_v2/lfr_n5000_o20_m20_s11__nocd_graph_oracleK__s73/checkpoints/epoch_0125.json,013d7b7473266dfa055637c84381cb7f87c86155e53b2b2246b9a3ac4c0da527,7.576877291779965,7.590593541972339,0.3195851445198059,0.35302671083325704,0.38038768529076394,0.079,0.1450486777620405,129,0.8582
lfr_n5000_o20_m20_s11__nocd_graph_oracleK__s73,lfr_n5000_o20_m20_s11,oracle_K,cpu,73,COMPLETED,150,work/baseline73_v2/lfr_n5000_o20_m20_s11__nocd_graph_oracleK__s73/checkpoints/epoch_0150.json,ed93a1bb5b5f6fa79b9133c1deb3e720878c344206ab3cbf0c9a5f40c231976d,8.78605466708541,8.799561417195946,0.3004428744316101,0.3567348308319435,0.389971557990098,0.124,0.12507011461417533,129,0.9156
lfr_n5000_o20_m20_s11__nocd_graph_oracleK__s73,lfr_n5000_o20_m20_s11,oracle_K,cpu,73,COMPLETED,175,work/baseline73_v2/lfr_n5000_o20_m20_s11__nocd_graph_oracleK__s73/checkpoints/epoch_0175.json,80b2cd489af099a197e03791068d760109c214221c5edbc9736cb878f9f40b85,10.040991791989654,10.054664792027324,0.28562259674072266,0.3556295858093553,0.3920445830563935,0.149,0.15853652342475832,129,0.9516
lfr_n5000_o20_m20_s11__nocd_graph_oracleK__s73,lfr_n5000_o20_m20_s11,oracle_K,cpu,73,COMPLETED,200,work/baseline73_v2/lfr_n5000_o20_m20_s11__nocd_graph_oracleK__s73/checkpoints/epoch_0200.json,e002e75bd849ce757bceea749a0e8b57a4a1c54c9b8dc449f98cdacbb2093e27,11.25248054182157,11.266601542010903,0.27308961749076843,0.35728092472304723,0.3973218849023817,0.167,0.16397058885584662,125,0.9722
lfr_n5000_o20_m20_s11__nocd_graph_oracleK__s73,lfr_n5000_o20_m20_s11,oracle_K,cpu,73,COMPLETED,225,work/baseline73_v2/lfr_n5000_o20_m20_s11__nocd_graph_oracleK__s73/checkpoints/epoch_0225.json,d6db979bbd95b42aef37c88dbcdfa84f196b40f17561135b4d43f039073a96ab,12.460801541805267,12.475951042026281,0.2634120285511017,0.3576850888936581,0.40864987613542525,0.195,0.1147251258217844,123,0.9814
lfr_n5000_o20_m20_s11__nocd_graph_oracleK__s73,lfr_n5000_o20_m20_s11,oracle_K,cpu,73,COMPLETED,250,work/baseline73_v2/lfr_n5000_o20_m20_s11__nocd_graph_oracleK__s73/checkpoints/epoch_0250.json,72c5cf7765fcba60701ac14f01098216e471d25daa484c4061a3e863d1860103,13.725301874801517,13.739167707972229,0.25371307134628296,0.35820555679880717,0.4282258912609107,0.244,0.09600674516495517,122,0.9888
lfr_n5000_o20_m20_s11__nocd_graph_oracleK__s73,lfr_n5000_o20_m20_s11,oracle_K,cpu,73,COMPLETED,275,work/baseline73_v2/lfr_n5000_o20_m20_s11__nocd_graph_oracleK__s73/checkpoints/epoch_0275.json,f8a0da5d6a672d9a4322d3bf55d8e96f1e98748fca8e5ec98bb027e4d99b54ce,14.92845429200679,14.941509666852653,0.24659371376037598,0.3614030968608977,0.43079058346233917,0.26,0.10067804253826156,120,0.9946
lfr_n5000_o20_m20_s11__nocd_graph_oracleK__s73,lfr_n5000_o20_m20_s11,oracle_K,cpu,73,COMPLETED,300,work/baseline73_v2/lfr_n5000_o20_m20_s11__nocd_graph_oracleK__s73/checkpoints/epoch_0300.json,1f52166c9652b5b5fc7e6ba763f09b62bc16a80edab30db04e9bc37686110d1e,16.15536337485537,16.16902112495154,0.2434808611869812,0.35664958613858533,0.4369410872039456,0.276,0.10430114317259262,118,0.9956
lfr_n5000_o20_m20_s11__nocd_graph_oracleK__s73,lfr_n5000_o20_m20_s11,oracle_K,cpu,73,COMPLETED,325,work/baseline73_v2/lfr_n5000_o20_m20_s11__nocd_graph_oracleK__s73/checkpoints/epoch_0325.json,605910940aa187c5381a39eb63703f1aacff6cbd1b163fab0d5bdf96d9e2ee10,17.427720707841218,17.442204874940217,0.2397632896900177,0.35819383215935396,0.44450619685433224,0.292,0.10052072289741203,113,0.9964
lfr_n5000_o20_m20_s11__nocd_graph_oracleK__s73,lfr_n5000_o20_m20_s11,oracle_K,cpu,73,COMPLETED,350,work/baseline73_v2/lfr_n5000_o20_m20_s11__nocd_graph_oracleK__s73/checkpoints/epoch_0350.json,4aa4dbdc1443b90e6753302cc8593dd294dda1ea7956b258cd52e5d6e7c68dda,18.639076333027333,18.65263616712764,0.23756612837314606,0.3615468930946479,0.4482184482184482,0.291,0.09419156267837697,110,0.9972
lfr_n5000_o20_m20_s11__nocd_graph_oracleK__s73,lfr_n5000_o20_m20_s11,oracle_K,cpu,73,COMPLETED,375,work/baseline73_v2/lfr_n5000_o20_m20_s11__nocd_graph_oracleK__s73/checkpoints/epoch_0375.json,55016032071d9d25d8815fd52415f9fb1f423cb15bb8ea75e6c519e2b5ab6a75,19.84137629205361,19.855490332935005,0.23509526252746582,0.36062600339513085,0.45220608846779164,0.29,0.09227248720809074,109,0.9964
lfr_n5000_o20_m20_s11__nocd_graph_oracleK__s73,lfr_n5000_o20_m20_s11,oracle_K,cpu,73,COMPLETED,400,work/baseline73_v2/lfr_n5000_o20_m20_s11__nocd_graph_oracleK__s73/checkpoints/epoch_0400.json,b20bfdddf3df91a496d101b156ef620d264e1db6eb366fbfcc3103afe4dce5cf,21.08776225009933,21.10045774979517,0.2330520749092102,0.3654744981335748,0.45869186209999435,0.31,0.09881774396079833,107,0.9976
lfr_n5000_o20_m20_s11__nocd_graph_oracleK__s73,lfr_n5000_o20_m20_s11,oracle_K,cpu,73,COMPLETED,425,work/baseline73_v2/lfr_n5000_o20_m20_s11__nocd_graph_oracleK__s73/checkpoints/epoch_0425.json,d796ef78eaf65b9f05deb09c7306bd5922dd4033152838660056bcf5bf34fac4,22.33324829209596,22.334229916799814,0.23381203413009644,0.3707149925936283,0.46293236081828026,0.305,0.09862485707415787,103,0.997
lfr_n5000_o20_m20_s11__nocd_graph_oracleK__s73,lfr_n5000_o20_m20_s11,oracle_K,cpu,73,COMPLETED,450,work/baseline73_v2/lfr_n5000_o20_m20_s11__nocd_graph_oracleK__s73/checkpoints/epoch_0450.json,74896a9018a80e94e1bf04a378efcce002c2f1a178ffde1a429539deb7cc5b02,23.55906725022942,23.571947833057493,0.23121069371700287,0.37414270302410885,0.464639523564107,0.31,0.10637185545631145,101,0.9976
lfr_n5000_o20_m20_s11__nocd_graph_oracleK__s73,lfr_n5000_o20_m20_s11,oracle_K,cpu,73,COMPLETED,475,work/baseline73_v2/lfr_n5000_o20_m20_s11__nocd_graph_oracleK__s73/checkpoints/epoch_0475.json,49de0c0de28420067c2233e86449b54673eb40d72fdd890c9d3d6819b193bdd5,24.78908820822835,24.79003691719845,0.23184901475906372,0.3761325996816496,0.4609325951715085,0.305,0.10765321282437622,98,0.9982
lfr_n5000_o20_m20_s11__nocd_graph_oracleK__s73,lfr_n5000_o20_m20_s11,oracle_K,cpu,73,COMPLETED,500,work/baseline73_v2/lfr_n5000_o20_m20_s11__nocd_graph_oracleK__s73/checkpoints/epoch_0500.json,3025e310655c5f94041343de728f89bfc993ef020dc80306878d598fd68fac1a,26.022563708014786,26.03556983312592,0.23021578788757324,0.37751075155189157,0.46477246477246476,0.308,0.12187700431006053,98,0.9984
lfr_n1000_o00_m20_s11__nocd_graph_oracleK__s73,lfr_n1000_o00_m20_s11,oracle_K,cpu,73,COMPLETED,0,work/baseline73_v2/lfr_n1000_o00_m20_s11__nocd_graph_oracleK__s73/checkpoints/epoch_0000.json,402110bc825c49be99153f31e0d113975fadb583f72fa0227ecacfbb695442ff,1.3007253748364747,1.304184999782592,1.0729917287826538,0.3181585815171737,0.31043087672600234,,0.16752246803147303,19,0.991
lfr_n1000_o00_m20_s11__nocd_graph_oracleK__s73,lfr_n1000_o00_m20_s11,oracle_K,cpu,73,COMPLETED,25,work/baseline73_v2/lfr_n1000_o00_m20_s11__nocd_graph_oracleK__s73/checkpoints/epoch_0025.json,1570aa74a02eaea8b590a371bee06229301ad5a6a9d1f9d5560b7885bf5868af,1.507732540834695,1.5109720407053828,0.3647570013999939,0.7004968241228756,0.7317466720451795,,0.4382291392817709,19,0.985
lfr_n1000_o00_m20_s11__nocd_graph_oracleK__s73,lfr_n1000_o00_m20_s11,oracle_K,cpu,73,COMPLETED,50,work/baseline73_v2/lfr_n1000_o00_m20_s11__nocd_graph_oracleK__s73/checkpoints/epoch_0050.json,8e04fb5a822d42c85755946cfc0699ccb4e3d24a093bde6ba703f8b42b1cfe60,1.7086222907528281,1.7117997501045465,0.33355769515037537,0.8262311318638074,0.865137614678899,,0.6458177117000646,19,1.0
lfr_n1000_o00_m20_s11__nocd_graph_oracleK__s73,lfr_n1000_o00_m20_s11,oracle_K,cpu,73,COMPLETED,75,work/baseline73_v2/lfr_n1000_o00_m20_s11__nocd_graph_oracleK__s73/checkpoints/epoch_0075.json,c6d83e876ec7f4da351f7cd6521eb78d01c713714a4539cdcd58d89e81d39de6,1.897129625082016,1.9000294581055641,0.3159109950065613,0.894079736418853,0.9249278152069298,,0.72,19,1.0
lfr_n1000_o00_m20_s11__nocd_graph_oracleK__s73,lfr_n1000_o00_m20_s11,oracle_K,cpu,73,COMPLETED,100,work/baseline73_v2/lfr_n1000_o00_m20_s11__nocd_graph_oracleK__s73/checkpoints/epoch_0100.json,c321c6b24edac2276cc2ca899513385c4f29b1f3d797e15f4d4cabb980a80dca,2.100625874940306,2.1036517499014735,0.3100600838661194,0.8923485975198038,0.928842504743833,,0.732417148069322,19,1.0
lfr_n1000_o00_m20_s11__nocd_graph_oracleK__s73,lfr_n1000_o00_m20_s11,oracle_K,cpu,73,COMPLETED,125,work/baseline73_v2/lfr_n1000_o00_m20_s11__nocd_graph_oracleK__s73/checkpoints/epoch_0125.json,6cfddd55087b51aafc5d85d7ebbfc7dd0c986a3d4ab4a38fea3de3cb781f41e2,2.292121957987547,2.295258790720254,0.29572421312332153,0.9173417162486974,0.9560546875,,0.7029239930934846,19,1.0
lfr_n1000_o00_m20_s11__nocd_graph_oracleK__s73,lfr_n1000_o00_m20_s11,oracle_K,cpu,73,COMPLETED,150,work/baseline73_v2/lfr_n1000_o00_m20_s11__nocd_graph_oracleK__s73/checkpoints/epoch_0150.json,4c4177aec9477b643b13de591faf8bede8df4b66f734a21f9a345562537ca2f0,2.4913665000349283,2.494571707677096,0.2769237458705902,0.9182477392650557,0.9565217391304348,,0.7191043591633127,19,1.0
lfr_n1000_o00_m20_s11__nocd_graph_oracleK__s73,lfr_n1000_o00_m20_s11,oracle_K,cpu,73,COMPLETED,175,work/baseline73_v2/lfr_n1000_o00_m20_s11__nocd_graph_oracleK__s73/checkpoints/epoch_0175.json,f8f148073d88a3e9818abbcefc632a3c106d4b0289fb2b9e77db61074d23bf04,2.6920186658389866,2.6955262906849384,0.26800596714019775,0.9152735933717796,0.9332697807435653,,0.7065453149843741,19,1.0
lfr_n1000_o00_m20_s11__nocd_graph_oracleK__s73,lfr_n1000_o00_m20_s11,oracle_K,cpu,73,COMPLETED,200,work/baseline73_v2/lfr_n1000_o00_m20_s11__nocd_graph_oracleK__s73/checkpoints/epoch_0200.json,f639ecaa2bff393698742ea81ae38957f585fd2bae462cf51ee43dbf1137c101,2.886025750078261,2.8889979999512434,0.26217350363731384,0.9296644598070402,0.9463508941517641,,0.7391304347826086,19,1.0
lfr_n1000_o00_m20_s11__nocd_graph_oracleK__s73,lfr_n1000_o00_m20_s11,oracle_K,cpu,73,COMPLETED,225,work/baseline73_v2/lfr_n1000_o00_m20_s11__nocd_graph_oracleK__s73/checkpoints/epoch_0225.json,9aeb8a0e13e23b25ed86b99cdec85383dfc021c916d733b34100b7b2739c9684,3.084861499723047,3.0878940410912037,0.25931888818740845,0.9305403978172857,0.9631087063453025,,0.7360535117056857,19,1.0
lfr_n1000_o00_m20_s11__nocd_graph_oracleK__s73,lfr_n1000_o00_m20_s11,oracle_K,cpu,73,COMPLETED,250,work/baseline73_v2/lfr_n1000_o00_m20_s11__nocd_graph_oracleK__s73/checkpoints/epoch_0250.json,bba9e7bd77555fbc3f2b1982a1052f5618ec85b2d96dccfff0d06f8ffdd64fcb,3.2762235826812685,3.279608624987304,0.25321245193481445,0.9307683115693448,0.9650418513047759,,0.744386845039019,19,1.0
lfr_n1000_o00_m20_s11__nocd_graph_oracleK__s73,lfr_n1000_o00_m20_s11,oracle_K,cpu,73,COMPLETED,275,work/baseline73_v2/lfr_n1000_o00_m20_s11__nocd_graph_oracleK__s73/checkpoints/epoch_0275.json,4f4d2bac96ed5b0d6b6e28b27660b2eb3d82ba26bb5fc52ec8cce9bfb55e9680,3.480688000097871,3.4836884578689933,0.24790507555007935,0.931350114416476,0.9583945178658835,,0.7391304347826086,19,1.0
lfr_n1000_o00_m20_s11__nocd_graph_oracleK__s73,lfr_n1000_o00_m20_s11,oracle_K,cpu,73,COMPLETED,300,work/baseline73_v2/lfr_n1000_o00_m20_s11__nocd_graph_oracleK__s73/checkpoints/epoch_0300.json,def33ec5c8530a0015b6268752d3a9e0e658c7679d9e5baf47f39eb58539dd55,3.6729093329049647,3.6731035406701267,0.24846559762954712,0.931350114416476,0.9551219512195122,,0.7391304347826086,19,1.0
lfr_n1000_o00_m20_s11__nocd_graph_oracleK__s73,lfr_n1000_o00_m20_s11,oracle_K,cpu,73,COMPLETED,325,work/baseline73_v2/lfr_n1000_o00_m20_s11__nocd_graph_oracleK__s73/checkpoints/epoch_0325.json,b3c62ac10165c65e37b786881ea1c24eb81edf37f6a52b41d5d490d64c522035,3.87384779099375,3.8770099580287933,0.24480828642845154,0.931350114416476,0.9588638589618022,,0.7391304347826086,19,1.0
lfr_n1000_o00_m20_s11__nocd_graph_oracleK__s73,lfr_n1000_o00_m20_s11,oracle_K,cpu,73,COMPLETED,350,work/baseline73_v2/lfr_n1000_o00_m20_s11__nocd_graph_oracleK__s73/checkpoints/epoch_0350.json,1b3322d17f6b32dc13c825b8ee115577c66d2430113a86ccb3e3eab0d809a8de,4.068145374767482,4.071296957787126,0.24331504106521606,0.931350114416476,0.9621621621621622,,0.7391304347826086,19,1.0
lfr_n1000_o00_m20_s11__nocd_graph_oracleK__s73,lfr_n1000_o00_m20_s11,oracle_K,cpu,73,COMPLETED,375,work/baseline73_v2/lfr_n1000_o00_m20_s11__nocd_graph_oracleK__s73/checkpoints/epoch_0375.json,06d100a8c9c1655fca947bae90023a2b136c18559220e01db5cb11cc20571199,4.267916582990438,4.270932165905833,0.24215883016586304,0.931350114416476,0.9598039215686275,,0.7391304347826086,19,1.0
lfr_n1000_o00_m20_s11__nocd_graph_oracleK__s73,lfr_n1000_o00_m20_s11,oracle_K,cpu,73,COMPLETED,400,work/baseline73_v2/lfr_n1000_o00_m20_s11__nocd_graph_oracleK__s73/checkpoints/epoch_0400.json,805d106e259fa4df8f7ebf7c6103774673baca1a161accce9b361fd42546f652,4.46526762470603,4.4681847910396755,0.2419165074825287,0.931350114416476,0.9626352015732547,,0.7391304347826086,19,1.0
lfr_n1000_o00_m20_s11__nocd_graph_oracleK__s73,lfr_n1000_o00_m20_s11,oracle_K,cpu,73,COMPLETED,425,work/baseline73_v2/lfr_n1000_o00_m20_s11__nocd_graph_oracleK__s73/checkpoints/epoch_0425.json,c28cbc07565c27e6714ad69057efc1446c2910eda9401b2a09c7bf45a5b07115,4.6582287908531725,4.658414375036955,0.2420244812965393,0.931350114416476,0.9607458292443573,,0.7391304347826086,19,1.0
lfr_n1000_o00_m20_s11__nocd_graph_oracleK__s73,lfr_n1000_o00_m20_s11,oracle_K,cpu,73,COMPLETED,450,work/baseline73_v2/lfr_n1000_o00_m20_s11__nocd_graph_oracleK__s73/checkpoints/epoch_0450.json,301c6f1ec52b64dafd371f77d3c98e93685f6b7f2c7810b5748b38c67a66aee7,4.855492665898055,4.855690790805966,0.24221324920654297,0.931350114416476,0.9650073928043371,,0.7391304347826086,19,1.0
lfr_n1000_o00_m20_s11__nocd_graph_oracleK__s73,lfr_n1000_o00_m20_s11,oracle_K,cpu,73,COMPLETED,475,work/baseline73_v2/lfr_n1000_o00_m20_s11__nocd_graph_oracleK__s73/checkpoints/epoch_0475.json,ec2d6b2edf57683ce1c000dfea4d855ebc4a4f5c276e0438fa8d53087cbd476a,5.042400749865919,5.045571208000183,0.24156564474105835,0.9296739494818465,0.9640571147218119,,0.7391304347826086,19,1.0
lfr_n1000_o00_m20_s11__nocd_graph_oracleK__s73,lfr_n1000_o00_m20_s11,oracle_K,cpu,73,COMPLETED,500,work/baseline73_v2/lfr_n1000_o00_m20_s11__nocd_graph_oracleK__s73/checkpoints/epoch_0500.json,978306ae0e6c6bcd18e923096d298a01cce19f0f2a7bee321f5986ee31e76036,5.244794250000268,5.247762999963015,0.24119901657104492,0.9303931766174328,0.9588638589618022,,0.7354940711462451,19,1.0
