job_id,case_id,method,information_policy,device,threads,seed,status,pipeline_seconds,peak_tree_rss_bytes,prediction_kind,matched_macro_f1,matched_membership_micro_f1,overlap_f1,extra_membership_recall,predicted_groups,metric_status,evaluation_seconds,onmi,onmi_status,at_least_two_correct_recall,small_group_mean_matched_f1,small_group_size_cutoff,pred_node_coverage,overlap_node_precision,overlap_node_recall,overlap_node_f1,extra_membership_after_first_precision,extra_membership_after_first_recall,extra_membership_after_first_f1,phase_group,graph_n,graph_seed,graph_split,graph_sha256,group_plan,group_analysis,raw_measurement_path
lfr_n1000_o20_m20_s11__highway_native__s73,lfr_n1000_o20_m20_s11,highway_native,graph_only_native_K,cpu,1,73,COMPLETED,0.13102241698652506,245760,completed,0.5520530679165453,0.4602379461490294,0.3333333333333333,0.01,29,SCORED,0.012247999664396048,0.499551189232232,SCORED,0.01,0.2597973949961021,30.75,1.0,0.20020120724346077,0.995,0.3333333333333333,0.002012072434607646,0.01,0.0033500837520938024,initial_baseline73_v2,1000,11,development,b9ec7da4aa6e47601b73592baf154d2326fe95f36c4fe05faf59857cae26b7b0,work/plans/baseline73_v2/baselines.json,analysis/baseline73_v2,work/baseline73_v2/lfr_n1000_o20_m20_s11__highway_native__s73/result.json
lfr_n1000_o00_m50_s12__slpa_cdlib__s73,lfr_n1000_o00_m50_s12,slpa_cdlib,graph_only_native_K,cpu,1,73,COMPLETED,0.5185853750444949,52756480,completed,0.34791824019199996,0.691415313225058,0.0,,69,SCORED,0.00660633435472846,0.437618793650712,SCORED,,0.9623970118551399,32.25,1.0,0.0,,0.0,0.0,,0.0,initial_baseline73_v2,1000,12,development,898f0fd80f831cccb10fec496f1dfbefac4c51abd860619b57c40c9819791ec0,work/plans/baseline73_v2/baselines.json,analysis/baseline73_v2,work/baseline73_v2/lfr_n1000_o00_m50_s12__slpa_cdlib__s73/result.json
lfr_n5000_o40_m20_s11__bigclam_native__s73,lfr_n5000_o40_m20_s11,bigclam_native,graph_only_native_K,cpu,1,73,TIMEOUT,300.0125400000252,318963712,,,,,,,NO_PREDICTION,,,,,,,,,,,,,,initial_baseline73_v2,5000,11,development,e5e3c94841b01169042533f6d646204967555f9e0768e12d7ed45875d5492a7b,work/plans/baseline73_v2/baselines.json,analysis/baseline73_v2,work/baseline73_v2/lfr_n5000_o40_m20_s11__bigclam_native__s73/result.json
lfr_n5000_o00_m20_s12__highway_native__s73,lfr_n5000_o00_m20_s12,highway_native,graph_only_native_K,cpu,1,73,COMPLETED,0.2838608338497579,56344576,completed,0.3947790878506589,0.3627063890882986,0.0,,30,SCORED,0.03667333396151662,0.3575911247251418,SCORED,,0.0,28.0,0.4096,0.0,,0.0,0.0,,0.0,initial_baseline73_v2,5000,12,development,9bb415b7ddd37767edc6b2cf20dc4c265f87a0c7d917a1e8166b187815356c7f,work/plans/baseline73_v2/baselines.json,analysis/baseline73_v2,work/baseline73_v2/lfr_n5000_o00_m20_s12__highway_native__s73/result.json
lfr_n1000_o40_m20_s12__ego_karateclub__s73,lfr_n1000_o40_m20_s12,ego_karateclub,graph_only_native_K,cpu,1,73,COMPLETED,0.2574030002579093,77152256,completed,0.7104156961123345,0.6733333333333333,0.0,0.0,20,SCORED,0.0069960420951247215,0.5002000456601396,SCORED,0.0,0.7694234699301082,32.25,1.0,,0.0,0.0,,0.0,0.0,initial_baseline73_v2,1000,12,development,b110655fab996b66e797594117b662036a79c10b57587b66f41344ff7e5f5b10,work/plans/baseline73_v2/baselines.json,analysis/baseline73_v2,work/baseline73_v2/lfr_n1000_o40_m20_s12__ego_karateclub__s73/result.json
lfr_n5000_o00_m20_s11__bigclam_oracleK__s73,lfr_n5000_o00_m20_s11,bigclam_oracleK,oracle_K,cpu,1,73,COMPLETED,4.9039360829629,84885504,completed,0.9073065757357202,0.9141866512568622,0.0,,107,SCORED,0.04168100003153086,0.8977330598019905,SCORED,,0.7898284510010622,27.0,1.0,0.0,,0.0,0.0,,0.0,initial_baseline73_v2,5000,11,development,83c0014ded94a5ae7083c562287d7c194336c812d43477ea984e1da49948b9cd,work/plans/baseline73_v2/baselines.json,analysis/baseline73_v2,work/baseline73_v2/lfr_n5000_o00_m20_s11__bigclam_oracleK__s73/result.json
lfr_n5000_o40_m20_s11__ego_karateclub__s73,lfr_n5000_o40_m20_s11,ego_karateclub,graph_only_native_K,cpu,1,73,COMPLETED,0.7164807091467083,119144448,completed,0.2680209442040105,0.37733333333333335,0.0,0.0,45,SCORED,0.04085279209539294,0.11536016426253237,SCORED,0.0,0.021568385731631324,27.0,1.0,,0.0,0.0,,0.0,0.0,initial_baseline73_v2,5000,11,development,e5e3c94841b01169042533f6d646204967555f9e0768e12d7ed45875d5492a7b,work/plans/baseline73_v2/baselines.json,analysis/baseline73_v2,work/baseline73_v2/lfr_n5000_o40_m20_s11__ego_karateclub__s73/result.json
lfr_n1000_o40_m50_s12__ego_karateclub_loopless_fix__s73,lfr_n1000_o40_m50_s12,ego_karateclub_loopless_fix,graph_only_native_K,cpu,1,73,COMPLETED,0.4763819999061525,76021760,completed,0.003904537643494393,0.09714632665452337,0.5714285714285714,0.085,4231,SCORED,0.03406875021755695,0.010932819919900213,SCORED,0.085,0.2665179811977842,32.25,1.0,0.4,1.0,0.5714285714285714,0.0037243947858473,0.085,0.007136110819603316,initial_baseline73_v2,1000,12,development,f6f8bf8a5134cdf18e38d9071370d0760a8003ce42977c8500f29ae6c4142fad,work/plans/baseline73_v2/baselines.json,analysis/baseline73_v2,work/baseline73_v2/lfr_n1000_o40_m50_s12__ego_karateclub_loopless_fix__s73/result.json
lfr_n5000_o00_m20_s11__slpa_cdlib__s73,lfr_n5000_o00_m20_s11,slpa_cdlib,graph_only_native_K,cpu,1,73,COMPLETED,2.072107917163521,69926912,completed,0.9816043283933192,0.9989012086704625,0.0,,111,SCORED,0.04101249994710088,0.9965865551167962,SCORED,,1.0,27.0,1.0,0.0,,0.0,0.0,,0.0,initial_baseline73_v2,5000,11,development,83c0014ded94a5ae7083c562287d7c194336c812d43477ea984e1da49948b9cd,work/plans/baseline73_v2/baselines.json,analysis/baseline73_v2,work/baseline73_v2/lfr_n5000_o00_m20_s11__slpa_cdlib__s73/result.json
lfr_n1000_o40_m20_s11__highway_native__s73,lfr_n1000_o40_m20_s11,highway_native,graph_only_native_K,cpu,1,73,COMPLETED,0.12970216711983085,278528,completed,0.5550143533995622,0.45612998522895126,0.5718411552346571,0.055,29,SCORED,0.007053957786411047,0.34107935911317566,SCORED,0.055,0.5020730101752728,32.25,1.0,0.4020304568527919,0.99,0.5718411552346571,0.02233502538071066,0.055,0.03176895306859206,initial_baseline73_v2,1000,11,development,cfd1429b346f9fe0e517cfdf747133a08aa2d127fb3f5cef15e5f948777b5a72,work/plans/baseline73_v2/baselines.json,analysis/baseline73_v2,work/baseline73_v2/lfr_n1000_o40_m20_s11__highway_native__s73/result.json
lfr_n1000_o40_m50_s11__slpa_cdlib__s73,lfr_n1000_o40_m50_s11,slpa_cdlib,graph_only_native_K,cpu,1,73,COMPLETED,0.5235130419023335,52117504,completed,0.012976480129764802,0.08,0.0,0.0,1,SCORED,0.006180208176374435,1.8560825803973887e-18,SCORED,0.0,0.0,32.25,1.0,,0.0,0.0,,0.0,0.0,initial_baseline73_v2,1000,11,development,c2a580289d2c174c317ff5d05236a52a38bc2b9468c86a5d90342da21622f7f1,work/plans/baseline73_v2/baselines.json,analysis/baseline73_v2,work/baseline73_v2/lfr_n1000_o40_m50_s11__slpa_cdlib__s73/result.json
lfr_n5000_o40_m50_s11__nocd_graph_oracleK__s73,lfr_n5000_o40_m50_s11,nocd_graph_oracleK,oracle_K,cpu,1,73,COMPLETED,28.413920000195503,777994240,completed,0.2179319883597255,0.2921701984149289,0.30270682424704537,0.062,105,SCORED,0.04519187472760677,0.004156246128721097,SCORED,0.062,0.07261784396774167,27.0,0.8396,0.24460874922982132,0.397,0.30270682424704537,0.018807826482633096,0.062,0.028860700570231584,initial_baseline73_v2,5000,11,development,79b9f441f15a9bd642d27166eaea695a2f5641b670c084ca99bd4fcfd8cdf6f6,work/plans/baseline73_v2/baselines.json,analysis/baseline73_v2,work/baseline73_v2/lfr_n5000_o40_m50_s11__nocd_graph_oracleK__s73/result.json
lfr_n5000_o00_m50_s12__ego_sknetwork_fixed__s73,lfr_n5000_o00_m50_s12,ego_sknetwork_fixed,graph_only_native_K,cpu,1,73,COMPLETED,3.2145127500407398,279740416,completed,0.006128266602054956,0.13454216945215203,0.0,,25672,SCORED,0.5235739583149552,0.0424121192491038,SCORED,,0.7807062594100239,28.0,1.0,0.0,,0.0,0.0,,0.0,initial_baseline73_v2,5000,12,development,9c811f86b58592d69e88e29fd6eff0618e39d9d1f4794fa87ba119f25bce2ee5,work/plans/baseline73_v2/baselines.json,analysis/baseline73_v2,work/baseline73_v2/lfr_n5000_o00_m50_s12__ego_sknetwork_fixed__s73/result.json
lfr_n5000_o00_m20_s12__ego_karateclub__s73,lfr_n5000_o00_m20_s12,ego_karateclub,graph_only_native_K,cpu,1,73,COMPLETED,0.6218894170597196,119963648,completed,0.9285496394050963,0.9602,,,95,SCORED,0.045112083200365305,0.9603069733713865,SCORED,,0.6198776064051207,28.0,1.0,,,,,,,initial_baseline73_v2,5000,12,development,9bb415b7ddd37767edc6b2cf20dc4c265f87a0c7d917a1e8166b187815356c7f,work/plans/baseline73_v2/baselines.json,analysis/baseline73_v2,work/baseline73_v2/lfr_n5000_o00_m20_s12__ego_karateclub__s73/result.json
lfr_n5000_o40_m50_s12__bigclam_oracleK__s73,lfr_n5000_o40_m50_s12,bigclam_oracleK,oracle_K,cpu,1,73,COMPLETED,18.81548204133287,90292224,completed,0.8069329978282667,0.8178520533747895,0.8015768725361366,0.7595,147,SCORED,0.04952441621571779,0.6571943105204888,SCORED,0.7595,0.6978743448887664,29.0,0.999,0.7131722525331254,0.915,0.8015768725361366,0.4411850130699971,0.7595,0.5581480801028844,initial_baseline73_v2,5000,12,development,a4d5adccafffd7e6d399fb6b891010de478c5ca569589bbe3cd0198f2095d767,work/plans/baseline73_v2/baselines.json,analysis/baseline73_v2,work/baseline73_v2/lfr_n5000_o40_m50_s12__bigclam_oracleK__s73/result.json
lfr_n1000_o20_m20_s11__bigclam_oracleK__s73,lfr_n1000_o20_m20_s11,bigclam_oracleK,oracle_K,cpu,1,73,COMPLETED,0.5247142501175404,60702720,completed,0.9186969752537419,0.9133589415279556,0.7823691460055097,0.65,24,SCORED,0.0070439171977341175,0.8615614464801957,SCORED,0.65,0.8260869565217391,30.75,0.976,0.8711656441717791,0.71,0.7823691460055097,0.7784431137724551,0.65,0.7084468664850136,initial_baseline73_v2,1000,11,development,b9ec7da4aa6e47601b73592baf154d2326fe95f36c4fe05faf59857cae26b7b0,work/plans/baseline73_v2/baselines.json,analysis/baseline73_v2,work/baseline73_v2/lfr_n1000_o20_m20_s11__bigclam_oracleK__s73/result.json
lfr_n1000_o20_m50_s12__bigclam_native__s73,lfr_n1000_o20_m50_s12,bigclam_native,graph_only_native_K,cpu,1,73,COMPLETED,16.67486874992028,75808768,completed,0.1408040453856393,0.2287784679089027,0.25287356321839083,0.02,5,SCORED,0.006013334263116121,6.873378950425422e-17,SCORED,0.02,0.0,32.5,0.665,0.5409836065573771,0.165,0.25287356321839083,0.05970149253731343,0.02,0.0299625468164794,initial_baseline73_v2,1000,12,development,403a3c26db4d9c5d8e165c3f850837e9e7bb3f9e96dc7f7205beabc0543ee70c,work/plans/baseline73_v2/baselines.json,analysis/baseline73_v2,work/baseline73_v2/lfr_n1000_o20_m50_s12__bigclam_native__s73/result.json
lfr_n1000_o40_m50_s11__ego_karateclub__s73,lfr_n1000_o40_m50_s11,ego_karateclub,graph_only_native_K,cpu,1,73,COMPLETED,0.24968895828351378,77905920,completed,0.6125227851199359,0.6441666666666667,0.0,0.0,18,SCORED,0.011851708870381117,0.386182456051429,SCORED,0.0,0.3249371268302979,32.25,1.0,,0.0,0.0,,0.0,0.0,initial_baseline73_v2,1000,11,development,c2a580289d2c174c317ff5d05236a52a38bc2b9468c86a5d90342da21622f7f1,work/plans/baseline73_v2/baselines.json,analysis/baseline73_v2,work/baseline73_v2/lfr_n1000_o40_m50_s11__ego_karateclub__s73/result.json
lfr_n1000_o40_m20_s12__highway_native__s73,lfr_n1000_o40_m20_s12,highway_native,graph_only_native_K,cpu,1,73,COMPLETED,0.12694866675883532,245760,completed,0.537197467610553,0.42257683215130026,0.5751445086705202,0.0175,28,SCORED,0.0071788751520216465,0.3088387676126227,SCORED,0.0175,0.7221793933828388,32.25,1.0,0.40447154471544716,0.995,0.5751445086705202,0.007113821138211382,0.0175,0.010115606936416185,initial_baseline73_v2,1000,12,development,b110655fab996b66e797594117b662036a79c10b57587b66f41344ff7e5f5b10,work/plans/baseline73_v2/baselines.json,analysis/baseline73_v2,work/baseline73_v2/lfr_n1000_o40_m20_s12__highway_native__s73/result.json
lfr_n1000_o00_m50_s12__ego_karateclub__s73,lfr_n1000_o00_m50_s12,ego_karateclub,graph_only_native_K,cpu,1,73,COMPLETED,0.2472217078320682,76988416,completed,1.0,1.0,,,18,SCORED,0.006835207808762789,1.0,SCORED,,1.0,32.25,1.0,,,,,,,initial_baseline73_v2,1000,12,development,898f0fd80f831cccb10fec496f1dfbefac4c51abd860619b57c40c9819791ec0,work/plans/baseline73_v2/baselines.json,analysis/baseline73_v2,work/baseline73_v2/lfr_n1000_o00_m50_s12__ego_karateclub__s73/result.json
lfr_n5000_o20_m50_s11__highway_native__s73,lfr_n5000_o20_m50_s11,highway_native,graph_only_native_K,cpu,1,73,COMPLETED,0.19667170802131295,245760,completed,0.15389170175367883,0.17745682888540032,0.3362025316455696,0.003,29,SCORED,0.0389383751899004,0.019463223833911827,SCORED,0.003,0.014746543778801843,27.0,1.0,0.20223350253807107,0.996,0.3362025316455696,0.0006091370558375635,0.003,0.0010126582278481013,initial_baseline73_v2,5000,11,development,042577b3a9f9781ab87a53c6bccd8139197f7c2166d0fb257b724a958c7c8cbe,work/plans/baseline73_v2/baselines.json,analysis/baseline73_v2,work/baseline73_v2/lfr_n5000_o20_m50_s11__highway_native__s73/result.json
lfr_n1000_o40_m20_s11__bigclam_native__s73,lfr_n1000_o40_m20_s11,bigclam_native,graph_only_native_K,cpu,1,73,COMPLETED,13.680023625027388,74579968,completed,0.8432279827952082,0.8665207877461707,0.8010680907877169,0.6525,29,SCORED,0.007246582768857479,0.8258000425788508,SCORED,0.6525,0.812754458656098,32.25,0.969,0.8595988538681948,0.75,0.8010680907877169,0.6997319034852547,0.6525,0.6752910737386805,initial_baseline73_v2,1000,11,development,cfd1429b346f9fe0e517cfdf747133a08aa2d127fb3f5cef15e5f948777b5a72,work/plans/baseline73_v2/baselines.json,analysis/baseline73_v2,work/baseline73_v2/lfr_n1000_o40_m20_s11__bigclam_native__s73/result.json
lfr_n1000_o40_m50_s11__bigclam_oracleK__s73,lfr_n1000_o40_m50_s11,bigclam_oracleK,oracle_K,cpu,1,73,COMPLETED,1.1788310827687383,61325312,completed,0.731842599144843,0.7088107467404188,0.5136436597110754,0.3075,26,SCORED,0.006473999936133623,0.47199224405713386,SCORED,0.3075,0.8309394404220086,32.25,0.873,0.7174887892376681,0.4,0.5136436597110754,0.47674418604651164,0.3075,0.3738601823708207,initial_baseline73_v2,1000,11,development,c2a580289d2c174c317ff5d05236a52a38bc2b9468c86a5d90342da21622f7f1,work/plans/baseline73_v2/baselines.json,analysis/baseline73_v2,work/baseline73_v2/lfr_n1000_o40_m50_s11__bigclam_oracleK__s73/result.json
lfr_n1000_o20_m50_s11__nocd_graph_oracleK__s73,lfr_n1000_o20_m50_s11,nocd_graph_oracleK,oracle_K,cpu,1,73,COMPLETED,5.486493041738868,434896896,completed,0.7723619397904994,0.7954040029651593,0.4992,0.61,24,SCORED,0.012249084189534187,0.6108222752656077,SCORED,0.61,0.5786493477282951,30.75,0.992,0.36705882352941177,0.78,0.4992,0.24110671936758893,0.61,0.34560906515580736,initial_baseline73_v2,1000,11,development,5655a0fb6e603038468724cf7784c1d74c61d0636dae30d9c3afb214deace494,work/plans/baseline73_v2/baselines.json,analysis/baseline73_v2,work/baseline73_v2/lfr_n1000_o20_m50_s11__nocd_graph_oracleK__s73/result.json
lfr_n1000_o00_m50_s11__bigclam_native__s73,lfr_n1000_o00_m50_s11,bigclam_native,graph_only_native_K,cpu,1,73,COMPLETED,17.015216667205095,76251136,completed,0.8783039127712641,0.8588957055214724,0.0,,17,SCORED,0.006252084393054247,0.7743375078919192,SCORED,,0.7384415584415585,32.5,0.925,0.0,,0.0,0.0,,0.0,initial_baseline73_v2,1000,11,development,c9da5300026662c691131b6bb6ea5bc9612836e2ee55fa75fb9d37718203da43,work/plans/baseline73_v2/baselines.json,analysis/baseline73_v2,work/baseline73_v2/lfr_n1000_o00_m50_s11__bigclam_native__s73/result.json
lfr_n1000_o00_m50_s11__highway_python__s73,lfr_n1000_o00_m50_s11,highway_python,graph_only_native_K,cpu,1,73,COMPLETED,0.2639225828461349,55164928,completed,0.48410413894604787,0.4205513784461153,0.0,,30,SCORED,0.007188625168055296,0.25183885205412865,SCORED,,0.5642018406483631,32.5,1.0,0.0,,0.0,0.0,,0.0,initial_baseline73_v2,1000,11,development,c9da5300026662c691131b6bb6ea5bc9612836e2ee55fa75fb9d37718203da43,work/plans/baseline73_v2/baselines.json,analysis/baseline73_v2,work/baseline73_v2/lfr_n1000_o00_m50_s11__highway_python__s73/result.json
lfr_n5000_o40_m50_s11__highway_native__s73,lfr_n5000_o40_m50_s11,highway_native,graph_only_native_K,cpu,1,73,COMPLETED,0.1928101247176528,245760,completed,0.10549460605545613,0.12666785269524997,0.5746757977560834,0.003,29,SCORED,0.03968395804986358,0.0036902871322223325,SCORED,0.003,0.016919924459012733,27.0,1.0,0.4055110014394407,0.986,0.5746757977560834,0.0012338062924120913,0.003,0.0017485064840448783,initial_baseline73_v2,5000,11,development,79b9f441f15a9bd642d27166eaea695a2f5641b670c084ca99bd4fcfd8cdf6f6,work/plans/baseline73_v2/baselines.json,analysis/baseline73_v2,work/baseline73_v2/lfr_n5000_o40_m50_s11__highway_native__s73/result.json
lfr_n1000_o00_m50_s12__highway_python__s73,lfr_n1000_o00_m50_s12,highway_python,graph_only_native_K,cpu,1,73,COMPLETED,0.2609614171087742,54345728,completed,0.4971795639166065,0.4193872425916625,0.0,,30,SCORED,0.008148208726197481,0.2240882409984734,SCORED,,0.5918110722719695,32.25,1.0,0.0,,0.0,0.0,,0.0,initial_baseline73_v2,1000,12,development,898f0fd80f831cccb10fec496f1dfbefac4c51abd860619b57c40c9819791ec0,work/plans/baseline73_v2/baselines.json,analysis/baseline73_v2,work/baseline73_v2/lfr_n1000_o00_m50_s12__highway_python__s73/result.json
lfr_n1000_o20_m50_s11__highway_native__s73,lfr_n1000_o20_m50_s11,highway_native,graph_only_native_K,cpu,1,73,COMPLETED,0.1317982911132276,245760,completed,0.4498094082906585,0.36265822784810126,0.3310344827586207,0.045,29,SCORED,0.006737375166267157,0.14095604511169926,SCORED,0.045,0.6880533985828999,30.75,1.0,0.2,0.96,0.3310344827586207,0.009375,0.045,0.015517241379310345,initial_baseline73_v2,1000,11,development,5655a0fb6e603038468724cf7784c1d74c61d0636dae30d9c3afb214deace494,work/plans/baseline73_v2/baselines.json,analysis/baseline73_v2,work/baseline73_v2/lfr_n1000_o20_m50_s11__highway_native__s73/result.json
lfr_n1000_o20_m20_s11__ego_karateclub__s73,lfr_n1000_o20_m20_s11,ego_karateclub,graph_only_native_K,cpu,1,73,COMPLETED,0.23696362506598234,75890688,completed,0.7877659037603677,0.8263636363636364,0.0,0.0,20,SCORED,0.011009334120899439,0.6745097777168099,SCORED,0.0,0.43460865216304073,30.75,1.0,,0.0,0.0,,0.0,0.0,initial_baseline73_v2,1000,11,development,b9ec7da4aa6e47601b73592baf154d2326fe95f36c4fe05faf59857cae26b7b0,work/plans/baseline73_v2/baselines.json,analysis/baseline73_v2,work/baseline73_v2/lfr_n1000_o20_m20_s11__ego_karateclub__s73/result.json
lfr_n1000_o00_m20_s11__highway_native__s73,lfr_n1000_o00_m20_s11,highway_native,graph_only_native_K,cpu,1,73,COMPLETED,0.12513695796951652,311296,completed,0.5110363221190096,0.3188559322033898,0.0,,30,SCORED,0.006467666942626238,0.5316890479201308,SCORED,,0.4,32.5,0.928,0.0,,0.0,0.0,,0.0,initial_baseline73_v2,1000,11,development,a35780a9cf45692523fdb1d1201a34875c1096949d372be6c47dbfc73870d261,work/plans/baseline73_v2/baselines.json,analysis/baseline73_v2,work/baseline73_v2/lfr_n1000_o00_m20_s11__highway_native__s73/result.json
lfr_n1000_o20_m20_s11__highway_python__s73,lfr_n1000_o20_m20_s11,highway_python,graph_only_native_K,cpu,1,73,COMPLETED,0.2594987917691469,54820864,completed,0.5153407241889968,0.48521279153642705,0.33472803347280333,0.2,30,SCORED,0.007035375107079744,0.30028779485393803,SCORED,0.2,0.27175227471120983,30.75,1.0,0.20100502512562815,1.0,0.33472803347280333,0.02041858090862685,0.2,0.037054191755442334,initial_baseline73_v2,1000,11,development,b9ec7da4aa6e47601b73592baf154d2326fe95f36c4fe05faf59857cae26b7b0,work/plans/baseline73_v2/baselines.json,analysis/baseline73_v2,work/baseline73_v2/lfr_n1000_o20_m20_s11__highway_python__s73/result.json
lfr_n1000_o00_m50_s11__ego_sknetwork_fixed__s73,lfr_n1000_o00_m50_s11,ego_sknetwork_fixed,graph_only_native_K,cpu,1,73,COMPLETED,2.668714374769479,250232832,completed,0.007227620328581224,0.1801077902988731,0.0,,3863,SCORED,0.026506749913096428,0.04141624011115224,SCORED,,0.613624530977755,32.5,1.0,0.0,,0.0,0.0,,0.0,initial_baseline73_v2,1000,11,development,c9da5300026662c691131b6bb6ea5bc9612836e2ee55fa75fb9d37718203da43,work/plans/baseline73_v2/baselines.json,analysis/baseline73_v2,work/baseline73_v2/lfr_n1000_o00_m50_s11__ego_sknetwork_fixed__s73/result.json
lfr_n5000_o20_m50_s11__bigclam_native__s73,lfr_n5000_o20_m50_s11,bigclam_native,graph_only_native_K,cpu,1,73,TIMEOUT,300.0169907081872,279445504,,,,,,,NO_PREDICTION,,,,,,,,,,,,,,initial_baseline73_v2,5000,11,development,042577b3a9f9781ab87a53c6bccd8139197f7c2166d0fb257b724a958c7c8cbe,work/plans/baseline73_v2/baselines.json,analysis/baseline73_v2,work/baseline73_v2/lfr_n5000_o20_m50_s11__bigclam_native__s73/result.json
lfr_n5000_o20_m20_s12__ego_karateclub__s73,lfr_n5000_o20_m20_s12,ego_karateclub,graph_only_native_K,cpu,1,73,COMPLETED,0.7440067087300122,117604352,completed,0.36658459820729794,0.48963636363636365,0.0,0.0,47,SCORED,0.0401510838419199,0.2849298325410983,SCORED,0.0,0.020077220077220077,29.0,1.0,,0.0,0.0,,0.0,0.0,initial_baseline73_v2,5000,12,development,d696c4ebed7dbaf052fdd0cef148d274c4d89f6fdd46db4608fb698928310459,work/plans/baseline73_v2/baselines.json,analysis/baseline73_v2,work/baseline73_v2/lfr_n5000_o20_m20_s12__ego_karateclub__s73/result.json
lfr_n1000_o40_m50_s12__bigclam_native__s73,lfr_n1000_o40_m50_s12,bigclam_native,graph_only_native_K,cpu,1,73,COMPLETED,17.193383667152375,76578816,completed,0.11343295013748085,0.17978574755472754,0.264,0.0175,5,SCORED,0.006475249771028757,2.97049016223619e-17,SCORED,0.0175,0.0,32.25,0.633,0.66,0.165,0.264,0.06140350877192982,0.0175,0.027237354085603113,initial_baseline73_v2,1000,12,development,f6f8bf8a5134cdf18e38d9071370d0760a8003ce42977c8500f29ae6c4142fad,work/plans/baseline73_v2/baselines.json,analysis/baseline73_v2,work/baseline73_v2/lfr_n1000_o40_m50_s12__bigclam_native__s73/result.json
lfr_n1000_o40_m50_s11__ego_sknetwork_fixed__s73,lfr_n1000_o40_m50_s11,ego_sknetwork_fixed,graph_only_native_K,cpu,1,73,COMPLETED,2.908418625127524,252280832,completed,0.0033159379243025713,0.09325718182593129,0.5714285714285714,0.0675,4354,SCORED,0.038821584079414606,0.008649024353515857,SCORED,0.0675,0.2566572294052591,32.25,1.0,0.4,1.0,0.5714285714285714,0.0028935805379916406,0.0675,0.0055492755112526975,initial_baseline73_v2,1000,11,development,c2a580289d2c174c317ff5d05236a52a38bc2b9468c86a5d90342da21622f7f1,work/plans/baseline73_v2/baselines.json,analysis/baseline73_v2,work/baseline73_v2/lfr_n1000_o40_m50_s11__ego_sknetwork_fixed__s73/result.json
lfr_n5000_o20_m50_s12__ego_karateclub__s73,lfr_n5000_o20_m50_s12,ego_karateclub,graph_only_native_K,cpu,1,73,COMPLETED,0.7033932497724891,121700352,completed,0.37872928374872317,0.5029090909090909,0.0,0.0,49,SCORED,0.03989999974146485,0.277849710968526,SCORED,0.0,0.0,29.0,1.0,,0.0,0.0,,0.0,0.0,initial_baseline73_v2,5000,12,development,c907a9b0df2fd832ea4e459b6bdbc3d4a56e28eed0e2628be61c7bd960b2ceec,work/plans/baseline73_v2/baselines.json,analysis/baseline73_v2,work/baseline73_v2/lfr_n5000_o20_m50_s12__ego_karateclub__s73/result.json
lfr_n5000_o00_m20_s11__ego_karateclub_loopless_fix__s73,lfr_n5000_o00_m20_s11,ego_karateclub_loopless_fix,graph_only_native_K,cpu,1,73,COMPLETED,1.2644712077453732,134709248,completed,0.02067880796665134,0.33186578613834966,0.0,,10021,SCORED,0.2331365831196308,0.13253297543891723,SCORED,,0.9645130907549373,27.0,1.0,0.0,,0.0,0.0,,0.0,initial_baseline73_v2,5000,11,development,83c0014ded94a5ae7083c562287d7c194336c812d43477ea984e1da49948b9cd,work/plans/baseline73_v2/baselines.json,analysis/baseline73_v2,work/baseline73_v2/lfr_n5000_o00_m20_s11__ego_karateclub_loopless_fix__s73/result.json
lfr_n1000_o00_m20_s12__bigclam_oracleK__s73,lfr_n1000_o00_m20_s12,bigclam_oracleK,oracle_K,cpu,1,73,COMPLETED,0.5511323329992592,60260352,completed,0.856733734600559,0.8795709410043882,0.0,,18,SCORED,0.006771999876946211,0.870206486004507,SCORED,,0.8,32.25,1.0,0.0,,0.0,0.0,,0.0,initial_baseline73_v2,1000,12,development,821213e90ec77ac8424a2f1eda0a0e6cb8b7dba9217b43d703b34f067dab297d,work/plans/baseline73_v2/baselines.json,analysis/baseline73_v2,work/baseline73_v2/lfr_n1000_o00_m20_s12__bigclam_oracleK__s73/result.json
lfr_n1000_o00_m20_s11__bigclam_native__s73,lfr_n1000_o00_m20_s11,bigclam_native,graph_only_native_K,cpu,1,73,COMPLETED,12.818048499990255,75399168,completed,0.9080819510662109,0.9191530317613089,0.0,,22,SCORED,0.0061430418863892555,0.9031913844319739,SCORED,,1.0,32.5,0.999,0.0,,0.0,0.0,,0.0,initial_baseline73_v2,1000,11,development,a35780a9cf45692523fdb1d1201a34875c1096949d372be6c47dbfc73870d261,work/plans/baseline73_v2/baselines.json,analysis/baseline73_v2,work/baseline73_v2/lfr_n1000_o00_m20_s11__bigclam_native__s73/result.json
lfr_n5000_o20_m20_s11__bigclam_oracleK__s73,lfr_n5000_o20_m20_s11,bigclam_oracleK,oracle_K,cpu,1,73,COMPLETED,6.624076124746352,83492864,completed,0.9402367651240848,0.941472522120302,0.8883928571428571,0.926,129,SCORED,0.045151166152209044,0.9214827873338152,SCORED,0.926,0.8482572362560091,27.0,1.0,0.8024193548387096,0.995,0.8883928571428571,0.7020470053070508,0.926,0.7986200948684777,initial_baseline73_v2,5000,11,development,10633120772bb6c2f4e6e6445293c062b15f160f4ce30890cdf14ebcfe3baea7,work/plans/baseline73_v2/baselines.json,analysis/baseline73_v2,work/baseline73_v2/lfr_n5000_o20_m20_s11__bigclam_oracleK__s73/result.json
lfr_n1000_o00_m50_s12__nocd_graph_oracleK__s73,lfr_n1000_o00_m50_s12,nocd_graph_oracleK,oracle_K,cpu,1,73,COMPLETED,5.745816083624959,433209344,completed,0.9149118252998417,0.9208103130755064,0.0,,18,SCORED,0.006652125157415867,0.7765277344212307,SCORED,,0.8838285730197942,32.25,1.0,0.0,,0.0,0.0,,0.0,initial_baseline73_v2,1000,12,development,898f0fd80f831cccb10fec496f1dfbefac4c51abd860619b57c40c9819791ec0,work/plans/baseline73_v2/baselines.json,analysis/baseline73_v2,work/baseline73_v2/lfr_n1000_o00_m50_s12__nocd_graph_oracleK__s73/result.json
lfr_n5000_o20_m20_s11__ego_sknetwork_fixed__s73,lfr_n5000_o20_m20_s11,ego_sknetwork_fixed,graph_only_native_K,cpu,1,73,COMPLETED,2.9576072497293353,271958016,completed,0.012200119687591405,0.23756805807622505,0.33344448149383127,0.379,10594,SCORED,0.2936657499521971,0.08242117281712277,SCORED,0.379,0.5004084719132909,27.0,1.0,0.2000800320128051,1.0,0.33344448149383127,0.017180417044424297,0.379,0.03287077189939289,initial_baseline73_v2,5000,11,development,10633120772bb6c2f4e6e6445293c062b15f160f4ce30890cdf14ebcfe3baea7,work/plans/baseline73_v2/baselines.json,analysis/baseline73_v2,work/baseline73_v2/lfr_n5000_o20_m20_s11__ego_sknetwork_fixed__s73/result.json
lfr_n1000_o20_m50_s11__bigclam_oracleK__s73,lfr_n1000_o20_m50_s11,bigclam_oracleK,oracle_K,cpu,1,73,COMPLETED,1.2768939998932183,61243392,completed,0.8571556652739626,0.8600087221979938,0.5519287833827893,0.4,24,SCORED,0.008398540783673525,0.7217264357172385,SCORED,0.4,0.7851631393298061,30.75,0.939,0.6788321167883211,0.465,0.5519287833827893,0.5194805194805194,0.4,0.4519774011299435,initial_baseline73_v2,1000,11,development,5655a0fb6e603038468724cf7784c1d74c61d0636dae30d9c3afb214deace494,work/plans/baseline73_v2/baselines.json,analysis/baseline73_v2,work/baseline73_v2/lfr_n1000_o20_m50_s11__bigclam_oracleK__s73/result.json
lfr_n1000_o00_m50_s11__bigclam_oracleK__s73,lfr_n1000_o00_m50_s11,bigclam_oracleK,oracle_K,cpu,1,73,COMPLETED,0.9393574581481516,60293120,completed,0.9093285651447038,0.9196787148594378,0.0,,19,SCORED,0.006406416185200214,0.8590881126265503,SCORED,,0.7965150153829399,32.5,0.952,0.0,,0.0,0.0,,0.0,initial_baseline73_v2,1000,11,development,c9da5300026662c691131b6bb6ea5bc9612836e2ee55fa75fb9d37718203da43,work/plans/baseline73_v2/baselines.json,analysis/baseline73_v2,work/baseline73_v2/lfr_n1000_o00_m50_s11__bigclam_oracleK__s73/result.json
lfr_n1000_o20_m50_s11__bigclam_native__s73,lfr_n1000_o20_m50_s11,bigclam_native,graph_only_native_K,cpu,1,73,COMPLETED,18.248579083010554,76693504,completed,0.802019901054182,0.7994934571549177,0.493573264781491,0.375,29,SCORED,0.006225917022675276,0.6924827807922712,SCORED,0.375,0.9501686570520085,30.75,0.947,0.5079365079365079,0.48,0.493573264781491,0.33783783783783783,0.375,0.35545023696682465,initial_baseline73_v2,1000,11,development,5655a0fb6e603038468724cf7784c1d74c61d0636dae30d9c3afb214deace494,work/plans/baseline73_v2/baselines.json,analysis/baseline73_v2,work/baseline73_v2/lfr_n1000_o20_m50_s11__bigclam_native__s73/result.json
lfr_n1000_o20_m50_s11__ego_karateclub__s73,lfr_n1000_o20_m50_s11,ego_karateclub,graph_only_native_K,cpu,1,73,COMPLETED,0.23729783296585083,76955648,completed,0.8528843664075636,0.8563636363636363,0.0,0.0,22,SCORED,0.006759291980415583,0.6905443750864952,SCORED,0.0,0.7627942933445779,30.75,1.0,,0.0,0.0,,0.0,0.0,initial_baseline73_v2,1000,11,development,5655a0fb6e603038468724cf7784c1d74c61d0636dae30d9c3afb214deace494,work/plans/baseline73_v2/baselines.json,analysis/baseline73_v2,work/baseline73_v2/lfr_n1000_o20_m50_s11__ego_karateclub__s73/result.json
lfr_n5000_o40_m50_s12__highway_python__s73,lfr_n5000_o40_m50_s12,highway_python,graph_only_native_K,cpu,1,73,COMPLETED,0.8653283747844398,79560704,completed,0.06227339116633522,0.13149484065382158,0.5714285714285714,0.022,30,SCORED,0.03930999990552664,0.0,SCORED,0.022,0.008791832104367556,29.0,1.0,0.4,1.0,0.5714285714285714,0.00444354675823066,0.022,0.0073937153419593345,initial_baseline73_v2,5000,12,development,a4d5adccafffd7e6d399fb6b891010de478c5ca569589bbe3cd0198f2095d767,work/plans/baseline73_v2/baselines.json,analysis/baseline73_v2,work/baseline73_v2/lfr_n5000_o40_m50_s12__highway_python__s73/result.json
lfr_n1000_o40_m50_s12__ego_karateclub__s73,lfr_n1000_o40_m50_s12,ego_karateclub,graph_only_native_K,cpu,1,73,COMPLETED,0.25782199995592237,76333056,completed,0.5890653762864726,0.525,0.0,0.0,19,SCORED,0.008037041872739792,0.31865266918989815,SCORED,0.0,0.6572601422048621,32.25,1.0,,0.0,0.0,,0.0,0.0,initial_baseline73_v2,1000,12,development,f6f8bf8a5134cdf18e38d9071370d0760a8003ce42977c8500f29ae6c4142fad,work/plans/baseline73_v2/baselines.json,analysis/baseline73_v2,work/baseline73_v2/lfr_n1000_o40_m50_s12__ego_karateclub__s73/result.json
lfr_n5000_o20_m20_s11__ego_karateclub__s73,lfr_n5000_o20_m20_s11,ego_karateclub,graph_only_native_K,cpu,1,73,COMPLETED,0.7071854998357594,118358016,completed,0.37425024478714464,0.5021818181818182,0.0,0.0,48,SCORED,0.039287458173930645,0.30942552913669674,SCORED,0.0,0.0,27.0,1.0,,0.0,0.0,,0.0,0.0,initial_baseline73_v2,5000,11,development,10633120772bb6c2f4e6e6445293c062b15f160f4ce30890cdf14ebcfe3baea7,work/plans/baseline73_v2/baselines.json,analysis/baseline73_v2,work/baseline73_v2/lfr_n5000_o20_m20_s11__ego_karateclub__s73/result.json
lfr_n1000_o00_m50_s12__bigclam_oracleK__s73,lfr_n1000_o00_m50_s12,bigclam_oracleK,oracle_K,cpu,1,73,COMPLETED,0.7916120002046227,60768256,completed,0.8901271023193055,0.890664003994009,0.0,,18,SCORED,0.00870425021275878,0.8327224923205216,SCORED,,0.9654664999125055,32.25,0.956,0.0,,0.0,0.0,,0.0,initial_baseline73_v2,1000,12,development,898f0fd80f831cccb10fec496f1dfbefac4c51abd860619b57c40c9819791ec0,work/plans/baseline73_v2/baselines.json,analysis/baseline73_v2,work/baseline73_v2/lfr_n1000_o00_m50_s12__bigclam_oracleK__s73/result.json
lfr_n1000_o40_m50_s12__nocd_graph_oracleK__s73,lfr_n1000_o40_m50_s12,nocd_graph_oracleK,oracle_K,cpu,1,73,COMPLETED,5.66223470820114,438550528,completed,0.704341378367036,0.7081761006289308,0.6268958543983822,0.48,26,SCORED,0.007379790768027306,0.4635370923177096,SCORED,0.48,0.612447741902877,32.25,0.994,0.5263157894736842,0.775,0.6268958543983822,0.24427480916030533,0.48,0.32377740303541314,initial_baseline73_v2,1000,12,development,f6f8bf8a5134cdf18e38d9071370d0760a8003ce42977c8500f29ae6c4142fad,work/plans/baseline73_v2/baselines.json,analysis/baseline73_v2,work/baseline73_v2/lfr_n1000_o40_m50_s12__nocd_graph_oracleK__s73/result.json
lfr_n5000_o40_m20_s11__ego_sknetwork_fixed__s73,lfr_n5000_o40_m20_s11,ego_sknetwork_fixed,graph_only_native_K,cpu,1,73,COMPLETED,2.944576666690409,273383424,completed,0.009952560959836805,0.20494718984293767,0.5714285714285714,0.255,11391,SCORED,0.3438924578949809,0.06541178392413854,SCORED,0.255,0.4453831363503474,27.0,1.0,0.4,1.0,0.5714285714285714,0.020777316059643117,0.255,0.038423868002712275,initial_baseline73_v2,5000,11,development,e5e3c94841b01169042533f6d646204967555f9e0768e12d7ed45875d5492a7b,work/plans/baseline73_v2/baselines.json,analysis/baseline73_v2,work/baseline73_v2/lfr_n5000_o40_m20_s11__ego_sknetwork_fixed__s73/result.json
lfr_n5000_o00_m50_s12__ego_karateclub__s73,lfr_n5000_o00_m50_s12,ego_karateclub,graph_only_native_K,cpu,1,73,COMPLETED,0.7311167079024017,118685696,completed,0.6615249538024532,0.7816,,,64,SCORED,0.0418352079577744,0.7230793289058499,SCORED,,0.050456253354804075,28.0,1.0,,,,,,,initial_baseline73_v2,5000,12,development,9c811f86b58592d69e88e29fd6eff0618e39d9d1f4794fa87ba119f25bce2ee5,work/plans/baseline73_v2/baselines.json,analysis/baseline73_v2,work/baseline73_v2/lfr_n5000_o00_m50_s12__ego_karateclub__s73/result.json
lfr_n5000_o20_m50_s11__ego_sknetwork_fixed__s73,lfr_n5000_o20_m50_s11,ego_sknetwork_fixed,graph_only_native_K,cpu,1,73,COMPLETED,2.992798457853496,283852800,completed,0.00415019323967487,0.09479388368126311,0.3333333333333333,0.198,26985,SCORED,0.6710839997977018,0.020818495101709474,SCORED,0.198,0.5024489709783325,27.0,1.0,0.2,1.0,0.3333333333333333,0.0035837752719506235,0.198,0.007040125157780582,initial_baseline73_v2,5000,11,development,042577b3a9f9781ab87a53c6bccd8139197f7c2166d0fb257b724a958c7c8cbe,work/plans/baseline73_v2/baselines.json,analysis/baseline73_v2,work/baseline73_v2/lfr_n5000_o20_m50_s11__ego_sknetwork_fixed__s73/result.json
lfr_n1000_o20_m20_s12__ego_sknetwork_fixed__s73,lfr_n1000_o20_m20_s12,ego_sknetwork_fixed,graph_only_native_K,cpu,1,73,COMPLETED,2.6545057906769216,250593280,completed,0.014312358247662358,0.3034825870646766,0.3333333333333333,0.34,1824,SCORED,0.019540333189070225,0.0891407911931559,SCORED,0.34,0.09691553544494723,32.5,1.0,0.2,1.0,0.3333333333333333,0.017754569190600523,0.34,0.0337468982630273,initial_baseline73_v2,1000,12,development,e3295f93cfd939934501e9c63e20f87691c58a1adec57246eaf0244c644f0975,work/plans/baseline73_v2/baselines.json,analysis/baseline73_v2,work/baseline73_v2/lfr_n1000_o20_m20_s12__ego_sknetwork_fixed__s73/result.json
lfr_n5000_o40_m20_s12__nocd_graph_oracleK__s73,lfr_n5000_o40_m20_s12,nocd_graph_oracleK,oracle_K,cpu,1,73,COMPLETED,27.682247541844845,799588352,completed,0.3112099238423021,0.4030734595996672,0.5266825019794141,0.2525,109,SCORED,0.04750754218548536,0.13049200199780775,SCORED,0.2525,0.08535634276586922,29.0,0.9906,0.3853997682502897,0.8315,0.5266825019794141,0.05955188679245283,0.2525,0.09637404580152671,initial_baseline73_v2,5000,12,development,c61ece0036f9fe4b85b260c16c11343db079cf989942f73ba1327d9a0aedc8fe,work/plans/baseline73_v2/baselines.json,analysis/baseline73_v2,work/baseline73_v2/lfr_n5000_o40_m20_s12__nocd_graph_oracleK__s73/result.json
lfr_n1000_o20_m20_s11__bigclam_native__s73,lfr_n1000_o20_m20_s11,bigclam_native,graph_only_native_K,cpu,1,73,COMPLETED,12.99678708286956,75448320,completed,0.863816944097659,0.9012911286963765,0.6844660194174758,0.645,29,SCORED,0.007732958998531103,0.8435287790552777,SCORED,0.645,0.9752097635392829,30.75,0.978,0.6650943396226415,0.705,0.6844660194174758,0.57847533632287,0.645,0.6099290780141844,initial_baseline73_v2,1000,11,development,b9ec7da4aa6e47601b73592baf154d2326fe95f36c4fe05faf59857cae26b7b0,work/plans/baseline73_v2/baselines.json,analysis/baseline73_v2,work/baseline73_v2/lfr_n1000_o20_m20_s11__bigclam_native__s73/result.json
lfr_n5000_o20_m50_s12__bigclam_oracleK__s73,lfr_n5000_o20_m50_s12,bigclam_oracleK,oracle_K,cpu,1,73,COMPLETED,12.44482725020498,90062848,completed,0.8404437995666232,0.8699118436182446,0.6921062476618032,0.839,125,SCORED,0.04567566700279713,0.7431334544808048,SCORED,0.839,0.7158422899408158,29.0,0.9992,0.552898983861327,0.925,0.6921062476618032,0.40946803318692043,0.839,0.5503443752049852,initial_baseline73_v2,5000,12,development,c907a9b0df2fd832ea4e459b6bdbc3d4a56e28eed0e2628be61c7bd960b2ceec,work/plans/baseline73_v2/baselines.json,analysis/baseline73_v2,work/baseline73_v2/lfr_n5000_o20_m50_s12__bigclam_oracleK__s73/result.json
lfr_n5000_o00_m50_s11__ego_karateclub_loopless_fix__s73,lfr_n5000_o00_m50_s11,ego_karateclub_loopless_fix,graph_only_native_K,cpu,1,73,COMPLETED,3.3527110419236124,194445312,completed,0.006303709009266711,0.13787492022973835,0.0,,25996,SCORED,0.5484388750046492,0.0422970350884164,SCORED,,0.7711595297161885,27.0,1.0,0.0,,0.0,0.0,,0.0,initial_baseline73_v2,5000,11,development,a21da2eb7f2bb0e98d84af95e71dbbc99cc2895b6b338959b09ac2d47cec74d1,work/plans/baseline73_v2/baselines.json,analysis/baseline73_v2,work/baseline73_v2/lfr_n5000_o00_m50_s11__ego_karateclub_loopless_fix__s73/result.json
lfr_n1000_o20_m50_s11__slpa_cdlib__s73,lfr_n1000_o20_m50_s11,slpa_cdlib,graph_only_native_K,cpu,1,73,COMPLETED,0.5755386669188738,53379072,completed,0.279699077297927,0.4883327696990193,0.3780821917808219,0.14,79,SCORED,0.008027834352105856,0.29293765228178464,SCORED,0.14,0.7995565567077194,30.75,1.0,0.26037735849056604,0.69,0.3780821917808219,0.036988110964332896,0.14,0.05851619644723093,initial_baseline73_v2,1000,11,development,5655a0fb6e603038468724cf7784c1d74c61d0636dae30d9c3afb214deace494,work/plans/baseline73_v2/baselines.json,analysis/baseline73_v2,work/baseline73_v2/lfr_n1000_o20_m50_s11__slpa_cdlib__s73/result.json
lfr_n1000_o20_m20_s11__nocd_graph_oracleK__s73,lfr_n1000_o20_m20_s11,nocd_graph_oracleK,oracle_K,cpu,1,73,COMPLETED,6.415487584192306,429768704,completed,0.9461871387018107,0.9599669830788279,0.9216152019002375,0.915,24,SCORED,0.006396125070750713,0.9553514308691664,SCORED,0.915,1.0,30.75,1.0,0.8778280542986425,0.97,0.9216152019002375,0.820627802690583,0.915,0.8652482269503546,initial_baseline73_v2,1000,11,development,b9ec7da4aa6e47601b73592baf154d2326fe95f36c4fe05faf59857cae26b7b0,work/plans/baseline73_v2/baselines.json,analysis/baseline73_v2,work/baseline73_v2/lfr_n1000_o20_m20_s11__nocd_graph_oracleK__s73/result.json
lfr_n5000_o20_m50_s12__ego_karateclub_loopless_fix__s73,lfr_n5000_o20_m50_s12,ego_karateclub_loopless_fix,graph_only_native_K,cpu,1,73,COMPLETED,3.8746527498587966,189071360,completed,0.004503841344723315,0.10397858730662796,0.3333333333333333,0.228,26990,SCORED,0.6482284171506763,0.024582647657026904,SCORED,0.228,0.5118974402975176,29.0,1.0,0.2,1.0,0.3333333333333333,0.004135754321681873,0.228,0.008124142600081954,initial_baseline73_v2,5000,12,development,c907a9b0df2fd832ea4e459b6bdbc3d4a56e28eed0e2628be61c7bd960b2ceec,work/plans/baseline73_v2/baselines.json,analysis/baseline73_v2,work/baseline73_v2/lfr_n5000_o20_m50_s12__ego_karateclub_loopless_fix__s73/result.json
lfr_n5000_o00_m20_s12__ego_karateclub_loopless_fix__s73,lfr_n5000_o00_m20_s12,ego_karateclub_loopless_fix,graph_only_native_K,cpu,1,73,COMPLETED,1.2192562916316092,134037504,completed,0.020408853322466013,0.3349077144675577,0.0,,9937,SCORED,0.2358770831488073,0.1332840523534487,SCORED,,0.9943743260940141,28.0,1.0,0.0,,0.0,0.0,,0.0,initial_baseline73_v2,5000,12,development,9bb415b7ddd37767edc6b2cf20dc4c265f87a0c7d917a1e8166b187815356c7f,work/plans/baseline73_v2/baselines.json,analysis/baseline73_v2,work/baseline73_v2/lfr_n5000_o00_m20_s12__ego_karateclub_loopless_fix__s73/result.json
lfr_n5000_o40_m50_s11__ego_karateclub__s73,lfr_n5000_o40_m50_s11,ego_karateclub,graph_only_native_K,cpu,1,73,COMPLETED,0.8792188749648631,123027456,completed,0.229333604623979,0.333,0.0,0.0,41,SCORED,0.04273741599172354,0.06529195459703084,SCORED,0.0,0.031059267114410274,27.0,1.0,,0.0,0.0,,0.0,0.0,initial_baseline73_v2,5000,11,development,79b9f441f15a9bd642d27166eaea695a2f5641b670c084ca99bd4fcfd8cdf6f6,work/plans/baseline73_v2/baselines.json,analysis/baseline73_v2,work/baseline73_v2/lfr_n5000_o40_m50_s11__ego_karateclub__s73/result.json
lfr_n5000_o00_m50_s11__bigclam_oracleK__s73,lfr_n5000_o00_m50_s11,bigclam_oracleK,oracle_K,cpu,1,73,COMPLETED,12.428741542156786,90341376,completed,0.8475196688913135,0.8534411467426262,0.0,,107,SCORED,0.04435333330184221,0.764803931550544,SCORED,,0.7966355137205355,27.0,1.0,0.0,,0.0,0.0,,0.0,initial_baseline73_v2,5000,11,development,a21da2eb7f2bb0e98d84af95e71dbbc99cc2895b6b338959b09ac2d47cec74d1,work/plans/baseline73_v2/baselines.json,analysis/baseline73_v2,work/baseline73_v2/lfr_n5000_o00_m50_s11__bigclam_oracleK__s73/result.json
lfr_n5000_o00_m50_s11__ego_sknetwork_fixed__s73,lfr_n5000_o00_m50_s11,ego_sknetwork_fixed,graph_only_native_K,cpu,1,73,COMPLETED,3.4910025829449296,283721728,completed,0.006297565239658107,0.13717294192724952,0.0,,25996,SCORED,0.5418720827437937,0.042414073988357275,SCORED,,0.7711595297161885,27.0,1.0,0.0,,0.0,0.0,,0.0,initial_baseline73_v2,5000,11,development,a21da2eb7f2bb0e98d84af95e71dbbc99cc2895b6b338959b09ac2d47cec74d1,work/plans/baseline73_v2/baselines.json,analysis/baseline73_v2,work/baseline73_v2/lfr_n5000_o00_m50_s11__ego_sknetwork_fixed__s73/result.json
lfr_n1000_o00_m20_s12__ego_karateclub_loopless_fix__s73,lfr_n1000_o00_m20_s12,ego_karateclub_loopless_fix,graph_only_native_K,cpu,1,73,COMPLETED,0.36111766705289483,57606144,completed,0.019783625408644687,0.3637686431429611,0.0,,1691,SCORED,0.024046499747782946,0.1178154172604876,SCORED,,0.9526031654559883,32.25,1.0,0.0,,0.0,0.0,,0.0,initial_baseline73_v2,1000,12,development,821213e90ec77ac8424a2f1eda0a0e6cb8b7dba9217b43d703b34f067dab297d,work/plans/baseline73_v2/baselines.json,analysis/baseline73_v2,work/baseline73_v2/lfr_n1000_o00_m20_s12__ego_karateclub_loopless_fix__s73/result.json
lfr_n5000_o20_m50_s12__highway_python__s73,lfr_n5000_o20_m50_s12,highway_python,graph_only_native_K,cpu,1,73,COMPLETED,0.8773333341814578,81444864,completed,0.08934387034165717,0.16560509554140126,0.3333333333333333,0.026,30,SCORED,0.04228516621515155,0.0,SCORED,0.026,0.0,29.0,1.0,0.2,1.0,0.3333333333333333,0.0026313126201801436,0.026,0.0047789725209080045,initial_baseline73_v2,5000,12,development,c907a9b0df2fd832ea4e459b6bdbc3d4a56e28eed0e2628be61c7bd960b2ceec,work/plans/baseline73_v2/baselines.json,analysis/baseline73_v2,work/baseline73_v2/lfr_n5000_o20_m50_s12__highway_python__s73/result.json
lfr_n5000_o40_m50_s11__slpa_cdlib__s73,lfr_n5000_o40_m50_s11,slpa_cdlib,graph_only_native_K,cpu,1,73,COMPLETED,2.4647884583100677,73498624,completed,0.2923539272341346,0.5821900406504065,0.5611630321910696,0.201,569,SCORED,0.06595033407211304,0.353215885945806,SCORED,0.201,0.742111389569983,27.0,1.0,0.47992895204262875,0.6755,0.5611630321910696,0.10737179487179487,0.201,0.13997214484679665,initial_baseline73_v2,5000,11,development,79b9f441f15a9bd642d27166eaea695a2f5641b670c084ca99bd4fcfd8cdf6f6,work/plans/baseline73_v2/baselines.json,analysis/baseline73_v2,work/baseline73_v2/lfr_n5000_o40_m50_s11__slpa_cdlib__s73/result.json
lfr_n5000_o00_m50_s11__highway_native__s73,lfr_n5000_o00_m50_s11,highway_native,graph_only_native_K,cpu,1,73,COMPLETED,0.21249837521463633,245760,completed,0.22944861282196466,0.252365494854617,0.0,,29,SCORED,0.04341408284381032,0.1494033342406628,SCORED,,0.0,27.0,0.9514,0.0,,0.0,0.0,,0.0,initial_baseline73_v2,5000,11,development,a21da2eb7f2bb0e98d84af95e71dbbc99cc2895b6b338959b09ac2d47cec74d1,work/plans/baseline73_v2/baselines.json,analysis/baseline73_v2,work/baseline73_v2/lfr_n5000_o00_m50_s11__highway_native__s73/result.json
lfr_n1000_o00_m50_s11__ego_karateclub_loopless_fix__s73,lfr_n1000_o00_m50_s11,ego_karateclub_loopless_fix,graph_only_native_K,cpu,1,73,COMPLETED,0.5479585421271622,72450048,completed,0.006932605642149838,0.17663203293471869,0.0,,3862,SCORED,0.02769095776602626,0.03932115260669159,SCORED,,0.5305069442437522,32.5,1.0,0.0,,0.0,0.0,,0.0,initial_baseline73_v2,1000,11,development,c9da5300026662c691131b6bb6ea5bc9612836e2ee55fa75fb9d37718203da43,work/plans/baseline73_v2/baselines.json,analysis/baseline73_v2,work/baseline73_v2/lfr_n1000_o00_m50_s11__ego_karateclub_loopless_fix__s73/result.json
lfr_n5000_o20_m20_s11__bigclam_native__s73,lfr_n5000_o20_m20_s11,bigclam_native,graph_only_native_K,cpu,1,73,TIMEOUT,300.01580604119226,292503552,,,,,,,NO_PREDICTION,,,,,,,,,,,,,,initial_baseline73_v2,5000,11,development,10633120772bb6c2f4e6e6445293c062b15f160f4ce30890cdf14ebcfe3baea7,work/plans/baseline73_v2/baselines.json,analysis/baseline73_v2,work/baseline73_v2/lfr_n5000_o20_m20_s11__bigclam_native__s73/result.json
lfr_n1000_o20_m50_s12__ego_karateclub_loopless_fix__s73,lfr_n1000_o20_m50_s12,ego_karateclub_loopless_fix,graph_only_native_K,cpu,1,73,COMPLETED,0.6619792077690363,74727424,completed,0.003892852433039197,0.12019972764412165,0.3333333333333333,0.105,4114,SCORED,0.036255666986107826,0.01694221706305966,SCORED,0.105,0.12135997988939166,32.5,1.0,0.2,1.0,0.3333333333333333,0.00238230289279637,0.105,0.004658901830282862,initial_baseline73_v2,1000,12,development,403a3c26db4d9c5d8e165c3f850837e9e7bb3f9e96dc7f7205beabc0543ee70c,work/plans/baseline73_v2/baselines.json,analysis/baseline73_v2,work/baseline73_v2/lfr_n1000_o20_m50_s12__ego_karateclub_loopless_fix__s73/result.json
lfr_n5000_o40_m20_s12__ego_karateclub_loopless_fix__s73,lfr_n5000_o40_m20_s12,ego_karateclub_loopless_fix,graph_only_native_K,cpu,1,73,COMPLETED,1.6081064161844552,140181504,completed,0.008896127344147325,0.18887209781563402,0.5714285714285714,0.216,11328,SCORED,0.3353047496639192,0.05747860242700677,SCORED,0.216,0.3070864923531034,29.0,1.0,0.4,1.0,0.5714285714285714,0.01770854683336749,0.216,0.03273347224853192,initial_baseline73_v2,5000,12,development,c61ece0036f9fe4b85b260c16c11343db079cf989942f73ba1327d9a0aedc8fe,work/plans/baseline73_v2/baselines.json,analysis/baseline73_v2,work/baseline73_v2/lfr_n5000_o40_m20_s12__ego_karateclub_loopless_fix__s73/result.json
lfr_n5000_o20_m20_s12__slpa_cdlib__s73,lfr_n5000_o20_m20_s12,slpa_cdlib,graph_only_native_K,cpu,1,73,COMPLETED,2.2033757916651666,71122944,completed,0.910052982199146,0.9554724677090415,0.752283105022831,0.642,140,SCORED,0.048485290724784136,0.9133296940340965,SCORED,0.642,0.9618144251422811,29.0,1.0,0.8763297872340425,0.659,0.752283105022831,0.8359375,0.642,0.7262443438914027,initial_baseline73_v2,5000,12,development,d696c4ebed7dbaf052fdd0cef148d274c4d89f6fdd46db4608fb698928310459,work/plans/baseline73_v2/baselines.json,analysis/baseline73_v2,work/baseline73_v2/lfr_n5000_o20_m20_s12__slpa_cdlib__s73/result.json
lfr_n5000_o20_m50_s11__ego_karateclub__s73,lfr_n5000_o20_m50_s11,ego_karateclub,graph_only_native_K,cpu,1,73,COMPLETED,0.7765184580348432,118407168,completed,0.3759909460415972,0.49618181818181817,0.0,0.0,50,SCORED,0.04198016598820686,0.2819488272271724,SCORED,0.0,0.0,27.0,1.0,,0.0,0.0,,0.0,0.0,initial_baseline73_v2,5000,11,development,042577b3a9f9781ab87a53c6bccd8139197f7c2166d0fb257b724a958c7c8cbe,work/plans/baseline73_v2/baselines.json,analysis/baseline73_v2,work/baseline73_v2/lfr_n5000_o20_m50_s11__ego_karateclub__s73/result.json
lfr_n5000_o40_m50_s11__ego_sknetwork_fixed__s73,lfr_n5000_o40_m50_s11,ego_sknetwork_fixed,graph_only_native_K,cpu,1,73,COMPLETED,3.4658902920782566,283459584,completed,0.0034481361479283806,0.0760426333698923,0.5714285714285714,0.1105,28810,SCORED,0.8149386672303081,0.012157739721924694,SCORED,0.1105,0.34943219629942646,27.0,1.0,0.4,1.0,0.5714285714285714,0.003738286139585236,0.1105,0.007231912039006512,initial_baseline73_v2,5000,11,development,79b9f441f15a9bd642d27166eaea695a2f5641b670c084ca99bd4fcfd8cdf6f6,work/plans/baseline73_v2/baselines.json,analysis/baseline73_v2,work/baseline73_v2/lfr_n5000_o40_m50_s11__ego_sknetwork_fixed__s73/result.json
lfr_n1000_o20_m50_s11__ego_karateclub_loopless_fix__s73,lfr_n1000_o20_m50_s11,ego_karateclub_loopless_fix,graph_only_native_K,cpu,1,73,COMPLETED,0.5577367497608066,71827456,completed,0.0045193240928324266,0.119928792279584,0.3333333333333333,0.11,3951,SCORED,0.03181866696104407,0.02109090904784361,SCORED,0.11,0.3193253968253968,30.75,1.0,0.2,1.0,0.3333333333333333,0.002596482945827924,0.11,0.005073215726968753,initial_baseline73_v2,1000,11,development,5655a0fb6e603038468724cf7784c1d74c61d0636dae30d9c3afb214deace494,work/plans/baseline73_v2/baselines.json,analysis/baseline73_v2,work/baseline73_v2/lfr_n1000_o20_m50_s11__ego_karateclub_loopless_fix__s73/result.json
lfr_n5000_o40_m20_s11__highway_native__s73,lfr_n5000_o40_m20_s11,highway_native,graph_only_native_K,cpu,1,73,COMPLETED,0.21236512484028935,245760,completed,0.13673000878789895,0.13040901007705988,0.5714285714285714,0.011,30,SCORED,0.04061079118400812,0.013180989069039679,SCORED,0.011,0.038726019627192125,27.0,1.0,0.4,1.0,0.5714285714285714,0.0022152854697412142,0.011,0.0036878719302656945,initial_baseline73_v2,5000,11,development,e5e3c94841b01169042533f6d646204967555f9e0768e12d7ed45875d5492a7b,work/plans/baseline73_v2/baselines.json,analysis/baseline73_v2,work/baseline73_v2/lfr_n5000_o40_m20_s11__highway_native__s73/result.json
lfr_n1000_o00_m50_s12__ego_karateclub_loopless_fix__s73,lfr_n1000_o00_m50_s12,ego_karateclub_loopless_fix,graph_only_native_K,cpu,1,73,COMPLETED,0.5874131671153009,70451200,completed,0.006778359880655419,0.17360239451578643,0.0,,3947,SCORED,0.026364583056420088,0.038563588283476315,SCORED,,0.7060401002506266,32.25,1.0,0.0,,0.0,0.0,,0.0,initial_baseline73_v2,1000,12,development,898f0fd80f831cccb10fec496f1dfbefac4c51abd860619b57c40c9819791ec0,work/plans/baseline73_v2/baselines.json,analysis/baseline73_v2,work/baseline73_v2/lfr_n1000_o00_m50_s12__ego_karateclub_loopless_fix__s73/result.json
lfr_n1000_o00_m20_s12__nocd_graph_oracleK__s73,lfr_n1000_o00_m20_s12,nocd_graph_oracleK,oracle_K,cpu,1,73,COMPLETED,5.896783584263176,422805504,completed,0.9297573435504469,0.9635108481262328,0.0,,18,SCORED,0.011142292059957981,0.9570987360533344,SCORED,,0.7471264367816092,32.25,1.0,0.0,,0.0,0.0,,0.0,initial_baseline73_v2,1000,12,development,821213e90ec77ac8424a2f1eda0a0e6cb8b7dba9217b43d703b34f067dab297d,work/plans/baseline73_v2/baselines.json,analysis/baseline73_v2,work/baseline73_v2/lfr_n1000_o00_m20_s12__nocd_graph_oracleK__s73/result.json
lfr_n1000_o00_m20_s11__highway_python__s73,lfr_n1000_o00_m20_s11,highway_python,graph_only_native_K,cpu,1,73,COMPLETED,0.27699983306229115,54689792,completed,0.7550929412602243,0.7504145936981758,0.0,,23,SCORED,0.00645562494173646,0.7652661337175758,SCORED,,0.4,32.5,0.928,0.0,,0.0,0.0,,0.0,initial_baseline73_v2,1000,11,development,a35780a9cf45692523fdb1d1201a34875c1096949d372be6c47dbfc73870d261,work/plans/baseline73_v2/baselines.json,analysis/baseline73_v2,work/baseline73_v2/lfr_n1000_o00_m20_s11__highway_python__s73/result.json
lfr_n1000_o20_m20_s11__ego_sknetwork_fixed__s73,lfr_n1000_o20_m20_s11,ego_sknetwork_fixed,graph_only_native_K,cpu,1,73,COMPLETED,2.877074584364891,248594432,completed,0.01541257230259653,0.3003205668972499,0.3336113427856547,0.305,1770,SCORED,0.01716774981468916,0.09202436705157915,SCORED,0.305,0.3848822141186674,30.75,1.0,0.2002002002002002,1.0,0.3336113427856547,0.016367051247652267,0.305,0.03106697224344283,initial_baseline73_v2,1000,11,development,b9ec7da4aa6e47601b73592baf154d2326fe95f36c4fe05faf59857cae26b7b0,work/plans/baseline73_v2/baselines.json,analysis/baseline73_v2,work/baseline73_v2/lfr_n1000_o20_m20_s11__ego_sknetwork_fixed__s73/result.json
lfr_n1000_o40_m20_s12__nocd_graph_oracleK__s73,lfr_n1000_o40_m20_s12,nocd_graph_oracleK,oracle_K,cpu,1,73,COMPLETED,6.392707125283778,470827008,completed,0.9456794696553005,0.9647639182522904,0.9619631901840491,0.9475,26,SCORED,0.007199916057288647,0.9577563927486763,SCORED,0.9475,0.808582449373192,32.25,1.0,0.944578313253012,0.98,0.9619631901840491,0.865296803652968,0.9475,0.9045346062052506,initial_baseline73_v2,1000,12,development,b110655fab996b66e797594117b662036a79c10b57587b66f41344ff7e5f5b10,work/plans/baseline73_v2/baselines.json,analysis/baseline73_v2,work/baseline73_v2/lfr_n1000_o40_m20_s12__nocd_graph_oracleK__s73/result.json
lfr_n5000_o40_m50_s12__slpa_cdlib__s73,lfr_n5000_o40_m50_s12,slpa_cdlib,graph_only_native_K,cpu,1,73,COMPLETED,2.4597764587961137,70205440,completed,0.29201910104841095,0.6014585465711362,0.5614478114478114,0.218,580,SCORED,0.0645965002477169,0.37586202304491223,SCORED,0.218,0.7667046701930489,29.0,1.0,0.48473837209302323,0.667,0.5614478114478114,0.12004405286343613,0.218,0.15482954545454544,initial_baseline73_v2,5000,12,development,a4d5adccafffd7e6d399fb6b891010de478c5ca569589bbe3cd0198f2095d767,work/plans/baseline73_v2/baselines.json,analysis/baseline73_v2,work/baseline73_v2/lfr_n5000_o40_m50_s12__slpa_cdlib__s73/result.json
lfr_n1000_o40_m20_s11__ego_sknetwork_fixed__s73,lfr_n1000_o40_m20_s11,ego_sknetwork_fixed,graph_only_native_K,cpu,1,73,COMPLETED,2.902785209007561,250691584,completed,0.015771253622397594,0.30752980232382676,0.5722460658082976,0.3925,1952,SCORED,0.020115207880735397,0.08903445905151705,SCORED,0.3925,0.3367249348892339,32.25,1.0,0.40080160320641284,1.0,0.5722460658082976,0.03714218121599243,0.3925,0.06786254592608602,initial_baseline73_v2,1000,11,development,cfd1429b346f9fe0e517cfdf747133a08aa2d127fb3f5cef15e5f948777b5a72,work/plans/baseline73_v2/baselines.json,analysis/baseline73_v2,work/baseline73_v2/lfr_n1000_o40_m20_s11__ego_sknetwork_fixed__s73/result.json
lfr_n1000_o40_m20_s11__ego_karateclub__s73,lfr_n1000_o40_m20_s11,ego_karateclub,graph_only_native_K,cpu,1,73,COMPLETED,0.2806644169613719,78348288,completed,0.6734152365853111,0.6816666666666666,0.0,0.0,19,SCORED,0.011614458169788122,0.4809772733988496,SCORED,0.0,0.3532212885154062,32.25,1.0,,0.0,0.0,,0.0,0.0,initial_baseline73_v2,1000,11,development,cfd1429b346f9fe0e517cfdf747133a08aa2d127fb3f5cef15e5f948777b5a72,work/plans/baseline73_v2/baselines.json,analysis/baseline73_v2,work/baseline73_v2/lfr_n1000_o40_m20_s11__ego_karateclub__s73/result.json
lfr_n5000_o40_m50_s11__bigclam_native__s73,lfr_n5000_o40_m50_s11,bigclam_native,graph_only_native_K,cpu,1,73,TIMEOUT,300.01594862528145,301826048,,,,,,,NO_PREDICTION,,,,,,,,,,,,,,initial_baseline73_v2,5000,11,development,79b9f441f15a9bd642d27166eaea695a2f5641b670c084ca99bd4fcfd8cdf6f6,work/plans/baseline73_v2/baselines.json,analysis/baseline73_v2,work/baseline73_v2/lfr_n5000_o40_m50_s11__bigclam_native__s73/result.json
lfr_n5000_o20_m50_s12__bigclam_native__s73,lfr_n5000_o20_m50_s12,bigclam_native,graph_only_native_K,cpu,1,73,TIMEOUT,300.0150923328474,293797888,,,,,,,NO_PREDICTION,,,,,,,,,,,,,,initial_baseline73_v2,5000,12,development,c907a9b0df2fd832ea4e459b6bdbc3d4a56e28eed0e2628be61c7bd960b2ceec,work/plans/baseline73_v2/baselines.json,analysis/baseline73_v2,work/baseline73_v2/lfr_n5000_o20_m50_s12__bigclam_native__s73/result.json
lfr_n1000_o40_m20_s11__highway_python__s73,lfr_n1000_o40_m20_s11,highway_python,graph_only_native_K,cpu,1,73,COMPLETED,0.31141437496989965,54460416,completed,0.5221173168701005,0.5042324410889957,0.5714285714285714,0.31,30,SCORED,0.007502125110477209,0.26072251670091817,SCORED,0.31,0.4444851053527735,32.25,1.0,0.4,1.0,0.5714285714285714,0.06291222729578894,0.31,0.10459721636440321,initial_baseline73_v2,1000,11,development,cfd1429b346f9fe0e517cfdf747133a08aa2d127fb3f5cef15e5f948777b5a72,work/plans/baseline73_v2/baselines.json,analysis/baseline73_v2,work/baseline73_v2/lfr_n1000_o40_m20_s11__highway_python__s73/result.json
lfr_n1000_o40_m50_s11__bigclam_native__s73,lfr_n1000_o40_m50_s11,bigclam_native,graph_only_native_K,cpu,1,73,COMPLETED,17.383895667269826,76611584,completed,0.12055864116994078,0.1888045540796964,0.22040816326530613,0.0075,5,SCORED,0.005741124972701073,0.0,SCORED,0.0075,0.0,32.25,0.609,0.6,0.135,0.22040816326530613,0.030303030303030304,0.0075,0.012024048096192385,initial_baseline73_v2,1000,11,development,c2a580289d2c174c317ff5d05236a52a38bc2b9468c86a5d90342da21622f7f1,work/plans/baseline73_v2/baselines.json,analysis/baseline73_v2,work/baseline73_v2/lfr_n1000_o40_m50_s11__bigclam_native__s73/result.json
lfr_n5000_o00_m20_s11__ego_sknetwork_fixed__s73,lfr_n5000_o00_m20_s11,ego_sknetwork_fixed,graph_only_native_K,cpu,1,73,COMPLETED,3.193327167071402,270090240,completed,0.02067880796665134,0.33186578613834966,0.0,,10021,SCORED,0.2317282916046679,0.13253297543891793,SCORED,,0.9645130907549373,27.0,1.0,0.0,,0.0,0.0,,0.0,initial_baseline73_v2,5000,11,development,83c0014ded94a5ae7083c562287d7c194336c812d43477ea984e1da49948b9cd,work/plans/baseline73_v2/baselines.json,analysis/baseline73_v2,work/baseline73_v2/lfr_n5000_o00_m20_s11__ego_sknetwork_fixed__s73/result.json
lfr_n5000_o00_m20_s12__ego_sknetwork_fixed__s73,lfr_n5000_o00_m20_s12,ego_sknetwork_fixed,graph_only_native_K,cpu,1,73,COMPLETED,2.9628595830872655,272433152,completed,0.020408853322466013,0.3349077144675577,0.0,,9937,SCORED,0.23323029186576605,0.13328405235344973,SCORED,,0.9943743260940141,28.0,1.0,0.0,,0.0,0.0,,0.0,initial_baseline73_v2,5000,12,development,9bb415b7ddd37767edc6b2cf20dc4c265f87a0c7d917a1e8166b187815356c7f,work/plans/baseline73_v2/baselines.json,analysis/baseline73_v2,work/baseline73_v2/lfr_n5000_o00_m20_s12__ego_sknetwork_fixed__s73/result.json
lfr_n5000_o20_m20_s12__ego_karateclub_loopless_fix__s73,lfr_n5000_o20_m20_s12,ego_karateclub_loopless_fix,graph_only_native_K,cpu,1,73,COMPLETED,1.5138607500120997,136282112,completed,0.013462732887253553,0.252486610558531,0.33344448149383127,0.413,10387,SCORED,0.2722917920909822,0.09420967383038935,SCORED,0.413,0.5909746597779245,29.0,1.0,0.2000800320128051,1.0,0.33344448149383127,0.019054209919261822,0.413,0.036427783902976844,initial_baseline73_v2,5000,12,development,d696c4ebed7dbaf052fdd0cef148d274c4d89f6fdd46db4608fb698928310459,work/plans/baseline73_v2/baselines.json,analysis/baseline73_v2,work/baseline73_v2/lfr_n5000_o20_m20_s12__ego_karateclub_loopless_fix__s73/result.json
lfr_n5000_o00_m50_s12__ego_karateclub_loopless_fix__s73,lfr_n5000_o00_m50_s12,ego_karateclub_loopless_fix,graph_only_native_K,cpu,1,73,COMPLETED,2.8559166248887777,188874752,completed,0.006059862231120489,0.1333204271932372,0.0,,25671,SCORED,0.5465940828435123,0.04171559906322378,SCORED,,0.7807062594100239,28.0,1.0,0.0,,0.0,0.0,,0.0,initial_baseline73_v2,5000,12,development,9c811f86b58592d69e88e29fd6eff0618e39d9d1f4794fa87ba119f25bce2ee5,work/plans/baseline73_v2/baselines.json,analysis/baseline73_v2,work/baseline73_v2/lfr_n5000_o00_m50_s12__ego_karateclub_loopless_fix__s73/result.json
lfr_n5000_o00_m20_s12__bigclam_oracleK__s73,lfr_n5000_o00_m20_s12,bigclam_oracleK,oracle_K,cpu,1,73,COMPLETED,5.385759208817035,86048768,completed,0.9275494730800004,0.932802485919596,0.0,,104,SCORED,0.04732145834714174,0.9193528356497447,SCORED,,0.7691550584042453,28.0,1.0,0.0,,0.0,0.0,,0.0,initial_baseline73_v2,5000,12,development,9bb415b7ddd37767edc6b2cf20dc4c265f87a0c7d917a1e8166b187815356c7f,work/plans/baseline73_v2/baselines.json,analysis/baseline73_v2,work/baseline73_v2/lfr_n5000_o00_m20_s12__bigclam_oracleK__s73/result.json
lfr_n5000_o40_m20_s12__slpa_cdlib__s73,lfr_n5000_o40_m20_s12,slpa_cdlib,graph_only_native_K,cpu,1,73,COMPLETED,2.183912333101034,70008832,completed,0.7317405672012289,0.879412637199644,0.6617473435655253,0.4925,214,SCORED,0.05207554204389453,0.8025292137133717,SCORED,0.4925,0.8852618147166208,29.0,1.0,0.8076368876080692,0.5605,0.6617473435655253,0.6637466307277629,0.4925,0.5654420206659012,initial_baseline73_v2,5000,12,development,c61ece0036f9fe4b85b260c16c11343db079cf989942f73ba1327d9a0aedc8fe,work/plans/baseline73_v2/baselines.json,analysis/baseline73_v2,work/baseline73_v2/lfr_n5000_o40_m20_s12__slpa_cdlib__s73/result.json
lfr_n5000_o20_m20_s12__bigclam_native__s73,lfr_n5000_o20_m20_s12,bigclam_native,graph_only_native_K,cpu,1,73,TIMEOUT,300.0140156671405,284737536,,,,,,,NO_PREDICTION,,,,,,,,,,,,,,initial_baseline73_v2,5000,12,development,d696c4ebed7dbaf052fdd0cef148d274c4d89f6fdd46db4608fb698928310459,work/plans/baseline73_v2/baselines.json,analysis/baseline73_v2,work/baseline73_v2/lfr_n5000_o20_m20_s12__bigclam_native__s73/result.json
lfr_n1000_o40_m50_s12__highway_python__s73,lfr_n1000_o40_m50_s12,highway_python,graph_only_native_K,cpu,1,73,COMPLETED,0.3628091663122177,54558720,completed,0.31764435179629763,0.30250569476082007,0.5714285714285714,0.07,30,SCORED,0.008274875115603209,0.007851464663322438,SCORED,0.07,0.3063987496570416,32.25,1.0,0.4,1.0,0.5714285714285714,0.01407035175879397,0.07,0.023430962343096235,initial_baseline73_v2,1000,12,development,f6f8bf8a5134cdf18e38d9071370d0760a8003ce42977c8500f29ae6c4142fad,work/plans/baseline73_v2/baselines.json,analysis/baseline73_v2,work/baseline73_v2/lfr_n1000_o40_m50_s12__highway_python__s73/result.json
lfr_n1000_o20_m20_s12__bigclam_oracleK__s73,lfr_n1000_o20_m20_s12,bigclam_oracleK,oracle_K,cpu,1,73,COMPLETED,0.5942880003713071,60768256,completed,0.8341522918783929,0.8341708542713567,0.6766169154228856,0.505,23,SCORED,0.0066340831108391285,0.7824279854365453,SCORED,0.505,0.763618119266055,32.5,0.977,0.6732673267326733,0.68,0.6766169154228856,0.4786729857819905,0.505,0.49148418491484186,initial_baseline73_v2,1000,12,development,e3295f93cfd939934501e9c63e20f87691c58a1adec57246eaf0244c644f0975,work/plans/baseline73_v2/baselines.json,analysis/baseline73_v2,work/baseline73_v2/lfr_n1000_o20_m20_s12__bigclam_oracleK__s73/result.json
lfr_n5000_o40_m50_s12__bigclam_native__s73,lfr_n5000_o40_m50_s12,bigclam_native,graph_only_native_K,cpu,1,73,TIMEOUT,300.0157752078958,299876352,,,,,,,NO_PREDICTION,,,,,,,,,,,,,,initial_baseline73_v2,5000,12,development,a4d5adccafffd7e6d399fb6b891010de478c5ca569589bbe3cd0198f2095d767,work/plans/baseline73_v2/baselines.json,analysis/baseline73_v2,work/baseline73_v2/lfr_n5000_o40_m50_s12__bigclam_native__s73/result.json
lfr_n1000_o40_m20_s12__bigclam_oracleK__s73,lfr_n1000_o40_m20_s12,bigclam_oracleK,oracle_K,cpu,1,73,COMPLETED,0.6332534169778228,60342272,completed,0.8588130664735902,0.8521931441208994,0.819672131147541,0.6175,26,SCORED,0.006625457666814327,0.7832846126655044,SCORED,0.6175,0.8605042016806722,32.25,0.96,0.9036144578313253,0.75,0.819672131147541,0.6997167138810199,0.6175,0.6560424966799469,initial_baseline73_v2,1000,12,development,b110655fab996b66e797594117b662036a79c10b57587b66f41344ff7e5f5b10,work/plans/baseline73_v2/baselines.json,analysis/baseline73_v2,work/baseline73_v2/lfr_n1000_o40_m20_s12__bigclam_oracleK__s73/result.json
lfr_n5000_o00_m20_s11__bigclam_native__s73,lfr_n5000_o00_m20_s11,bigclam_native,graph_only_native_K,cpu,1,73,TIMEOUT,300.011550874915,305119232,,,,,,,NO_PREDICTION,,,,,,,,,,,,,,initial_baseline73_v2,5000,11,development,83c0014ded94a5ae7083c562287d7c194336c812d43477ea984e1da49948b9cd,work/plans/baseline73_v2/baselines.json,analysis/baseline73_v2,work/baseline73_v2/lfr_n5000_o00_m20_s11__bigclam_native__s73/result.json
lfr_n1000_o20_m50_s12__highway_python__s73,lfr_n1000_o20_m50_s12,highway_python,graph_only_native_K,cpu,1,73,COMPLETED,0.34128245897591114,54411264,completed,0.4162338815492347,0.37917860553963706,0.3333333333333333,0.175,30,SCORED,0.011768334079533815,0.0907977883651957,SCORED,0.175,0.4264800055552944,32.5,1.0,0.2,1.0,0.3333333333333333,0.017605633802816902,0.175,0.031992687385740404,initial_baseline73_v2,1000,12,development,403a3c26db4d9c5d8e165c3f850837e9e7bb3f9e96dc7f7205beabc0543ee70c,work/plans/baseline73_v2/baselines.json,analysis/baseline73_v2,work/baseline73_v2/lfr_n1000_o20_m50_s12__highway_python__s73/result.json
lfr_n1000_o00_m50_s12__bigclam_native__s73,lfr_n1000_o00_m50_s12,bigclam_native,graph_only_native_K,cpu,1,73,COMPLETED,17.10464279074222,76611584,completed,0.7818337122405493,0.7874324987727049,0.0,,17,SCORED,0.00603133300319314,0.6838274955657506,SCORED,,0.5441674975074775,32.25,0.931,0.0,,0.0,0.0,,0.0,initial_baseline73_v2,1000,12,development,898f0fd80f831cccb10fec496f1dfbefac4c51abd860619b57c40c9819791ec0,work/plans/baseline73_v2/baselines.json,analysis/baseline73_v2,work/baseline73_v2/lfr_n1000_o00_m50_s12__bigclam_native__s73/result.json
lfr_n1000_o40_m50_s11__nocd_graph_oracleK__s73,lfr_n1000_o40_m50_s11,nocd_graph_oracleK,oracle_K,cpu,1,73,COMPLETED,6.703119041398168,440057856,completed,0.7572579582944567,0.7646867900032457,0.6246056782334385,0.555,26,SCORED,0.007392332889139652,0.5507686548717764,SCORED,0.555,0.6159419475552779,32.25,0.989,0.5390199637023594,0.7425,0.6246056782334385,0.3208092485549133,0.555,0.4065934065934066,initial_baseline73_v2,1000,11,development,c2a580289d2c174c317ff5d05236a52a38bc2b9468c86a5d90342da21622f7f1,work/plans/baseline73_v2/baselines.json,analysis/baseline73_v2,work/baseline73_v2/lfr_n1000_o40_m50_s11__nocd_graph_oracleK__s73/result.json
lfr_n5000_o00_m20_s12__bigclam_native__s73,lfr_n5000_o00_m20_s12,bigclam_native,graph_only_native_K,cpu,1,73,TIMEOUT,300.0178981660865,293322752,,,,,,,NO_PREDICTION,,,,,,,,,,,,,,initial_baseline73_v2,5000,12,development,9bb415b7ddd37767edc6b2cf20dc4c265f87a0c7d917a1e8166b187815356c7f,work/plans/baseline73_v2/baselines.json,analysis/baseline73_v2,work/baseline73_v2/lfr_n5000_o00_m20_s12__bigclam_native__s73/result.json
lfr_n5000_o20_m50_s12__nocd_graph_oracleK__s73,lfr_n5000_o20_m50_s12,nocd_graph_oracleK,oracle_K,cpu,1,73,COMPLETED,25.844735875260085,720650240,completed,0.3075223338341211,0.4015142410767937,0.2345132743362832,0.134,106,SCORED,0.0445610829629004,0.11953255370056096,SCORED,0.134,0.12926081431024067,29.0,0.9688,0.15056818181818182,0.53,0.2345132743362832,0.023111417730251813,0.134,0.03942335981170932,initial_baseline73_v2,5000,12,development,c907a9b0df2fd832ea4e459b6bdbc3d4a56e28eed0e2628be61c7bd960b2ceec,work/plans/baseline73_v2/baselines.json,analysis/baseline73_v2,work/baseline73_v2/lfr_n5000_o20_m50_s12__nocd_graph_oracleK__s73/result.json
lfr_n5000_o20_m50_s11__ego_karateclub_loopless_fix__s73,lfr_n5000_o20_m50_s11,ego_karateclub_loopless_fix,graph_only_native_K,cpu,1,73,COMPLETED,3.0573449581861496,191299584,completed,0.004166595367793281,0.09549111657886394,0.3333333333333333,0.183,26985,SCORED,0.6714449590072036,0.020602624575074044,SCORED,0.183,0.5024489709783325,27.0,1.0,0.2,1.0,0.3333333333333333,0.0033123970532336596,0.183,0.006507013707397728,initial_baseline73_v2,5000,11,development,042577b3a9f9781ab87a53c6bccd8139197f7c2166d0fb257b724a958c7c8cbe,work/plans/baseline73_v2/baselines.json,analysis/baseline73_v2,work/baseline73_v2/lfr_n5000_o20_m50_s11__ego_karateclub_loopless_fix__s73/result.json
lfr_n5000_o20_m50_s11__bigclam_oracleK__s73,lfr_n5000_o20_m50_s11,bigclam_oracleK,oracle_K,cpu,1,73,COMPLETED,12.50854116678238,89063424,completed,0.8367091501472325,0.8553172067549064,0.6661791590493601,0.796,129,SCORED,0.05037587508559227,0.725807226406599,SCORED,0.796,0.740275779576106,27.0,0.9998,0.5250720461095101,0.911,0.6661791590493601,0.3707498835584537,0.796,0.5058786145535431,initial_baseline73_v2,5000,11,development,042577b3a9f9781ab87a53c6bccd8139197f7c2166d0fb257b724a958c7c8cbe,work/plans/baseline73_v2/baselines.json,analysis/baseline73_v2,work/baseline73_v2/lfr_n5000_o20_m50_s11__bigclam_oracleK__s73/result.json
lfr_n1000_o40_m20_s11__nocd_graph_oracleK__s73,lfr_n1000_o40_m20_s11,nocd_graph_oracleK,oracle_K,cpu,1,73,COMPLETED,6.261772207915783,439631872,completed,0.8975185003684369,0.9516072059342988,0.9396135265700483,0.915,26,SCORED,0.007048000115901232,0.9427101514626453,SCORED,0.915,0.6309155241043786,32.25,1.0,0.9088785046728972,0.9725,0.9396135265700483,0.8491879350348028,0.915,0.8808664259927798,initial_baseline73_v2,1000,11,development,cfd1429b346f9fe0e517cfdf747133a08aa2d127fb3f5cef15e5f948777b5a72,work/plans/baseline73_v2/baselines.json,analysis/baseline73_v2,work/baseline73_v2/lfr_n1000_o40_m20_s11__nocd_graph_oracleK__s73/result.json
lfr_n1000_o00_m20_s12__bigclam_native__s73,lfr_n1000_o00_m20_s12,bigclam_native,graph_only_native_K,cpu,1,73,COMPLETED,12.709543999750167,76939264,completed,0.8723954354469061,0.867231638418079,0.0,,22,SCORED,0.005939499940723181,0.8441085383928632,SCORED,,1.0,32.25,0.997,0.0,,0.0,0.0,,0.0,initial_baseline73_v2,1000,12,development,821213e90ec77ac8424a2f1eda0a0e6cb8b7dba9217b43d703b34f067dab297d,work/plans/baseline73_v2/baselines.json,analysis/baseline73_v2,work/baseline73_v2/lfr_n1000_o00_m20_s12__bigclam_native__s73/result.json
lfr_n1000_o00_m50_s12__ego_sknetwork_fixed__s73,lfr_n1000_o00_m50_s12,ego_sknetwork_fixed,graph_only_native_K,cpu,1,73,COMPLETED,2.885944874957204,250134528,completed,0.0072168233506316095,0.17715167888846006,0.0,,3948,SCORED,0.030200333800166845,0.03961271975507118,SCORED,,0.870484544695071,32.25,1.0,0.0,,0.0,0.0,,0.0,initial_baseline73_v2,1000,12,development,898f0fd80f831cccb10fec496f1dfbefac4c51abd860619b57c40c9819791ec0,work/plans/baseline73_v2/baselines.json,analysis/baseline73_v2,work/baseline73_v2/lfr_n1000_o00_m50_s12__ego_sknetwork_fixed__s73/result.json
lfr_n5000_o00_m20_s11__highway_native__s73,lfr_n5000_o00_m20_s11,highway_native,graph_only_native_K,cpu,1,73,COMPLETED,0.18152650026604533,245760,completed,0.36955716723755233,0.41325622775800713,0.0,,29,SCORED,0.03662254195660353,0.3352427266045316,SCORED,,0.0,27.0,0.3992,0.0,,0.0,0.0,,0.0,initial_baseline73_v2,5000,11,development,83c0014ded94a5ae7083c562287d7c194336c812d43477ea984e1da49948b9cd,work/plans/baseline73_v2/baselines.json,analysis/baseline73_v2,work/baseline73_v2/lfr_n5000_o00_m20_s11__highway_native__s73/result.json
lfr_n5000_o20_m50_s12__ego_sknetwork_fixed__s73,lfr_n5000_o20_m50_s12,ego_sknetwork_fixed,graph_only_native_K,cpu,1,73,COMPLETED,2.9808567501604557,282853376,completed,0.004420426690801321,0.10297898079540299,0.3333333333333333,0.237,26989,SCORED,0.653845458291471,0.023866768511532337,SCORED,0.237,0.5118974402975176,29.0,1.0,0.2,1.0,0.3333333333333333,0.004298929802285507,0.237,0.008444681988241581,initial_baseline73_v2,5000,12,development,c907a9b0df2fd832ea4e459b6bdbc3d4a56e28eed0e2628be61c7bd960b2ceec,work/plans/baseline73_v2/baselines.json,analysis/baseline73_v2,work/baseline73_v2/lfr_n5000_o20_m50_s12__ego_sknetwork_fixed__s73/result.json
lfr_n5000_o40_m50_s11__bigclam_oracleK__s73,lfr_n5000_o40_m50_s11,bigclam_oracleK,oracle_K,cpu,1,73,COMPLETED,18.171880290843546,92880896,completed,0.7600536942077329,0.7726221079691517,0.7773403324584427,0.6745,149,SCORED,0.0552955842576921,0.6103609268841312,SCORED,0.6745,0.6379978773113868,27.0,0.9986,0.6909020217729394,0.8885,0.7773403324584427,0.37818895430333616,0.6745,0.48464163822525597,initial_baseline73_v2,5000,11,development,79b9f441f15a9bd642d27166eaea695a2f5641b670c084ca99bd4fcfd8cdf6f6,work/plans/baseline73_v2/baselines.json,analysis/baseline73_v2,work/baseline73_v2/lfr_n5000_o40_m50_s11__bigclam_oracleK__s73/result.json
lfr_n1000_o00_m20_s11__bigclam_oracleK__s73,lfr_n1000_o00_m20_s11,bigclam_oracleK,oracle_K,cpu,1,73,COMPLETED,0.49517416721209884,60375040,completed,0.9329330240033966,0.9535113748763601,0.0,,19,SCORED,0.008333333767950535,0.9416845758685825,SCORED,,0.8,32.5,1.0,0.0,,0.0,0.0,,0.0,initial_baseline73_v2,1000,11,development,a35780a9cf45692523fdb1d1201a34875c1096949d372be6c47dbfc73870d261,work/plans/baseline73_v2/baselines.json,analysis/baseline73_v2,work/baseline73_v2/lfr_n1000_o00_m20_s11__bigclam_oracleK__s73/result.json
lfr_n5000_o40_m20_s12__highway_native__s73,lfr_n5000_o40_m20_s12,highway_native,graph_only_native_K,cpu,1,73,COMPLETED,0.1966300830245018,245760,completed,0.1304224954525443,0.16275910943128802,0.5757969133131401,0.005,29,SCORED,0.039719542022794485,0.010175007764307149,SCORED,0.005,0.0,29.0,1.0,0.40462193391445367,0.998,0.5757969133131401,0.002027163997567403,0.005,0.0028847540747151306,initial_baseline73_v2,5000,12,development,c61ece0036f9fe4b85b260c16c11343db079cf989942f73ba1327d9a0aedc8fe,work/plans/baseline73_v2/baselines.json,analysis/baseline73_v2,work/baseline73_v2/lfr_n5000_o40_m20_s12__highway_native__s73/result.json
lfr_n5000_o40_m50_s11__ego_karateclub_loopless_fix__s73,lfr_n5000_o40_m50_s11,ego_karateclub_loopless_fix,graph_only_native_K,cpu,1,73,COMPLETED,3.7489952500909567,195248128,completed,0.0034328251790928317,0.07552899824253076,0.5714285714285714,0.102,28810,SCORED,0.8062165840528905,0.011946385796209897,SCORED,0.102,0.34943219629942646,27.0,1.0,0.4,1.0,0.5714285714285714,0.003450317124735729,0.102,0.006674846625766871,initial_baseline73_v2,5000,11,development,79b9f441f15a9bd642d27166eaea695a2f5641b670c084ca99bd4fcfd8cdf6f6,work/plans/baseline73_v2/baselines.json,analysis/baseline73_v2,work/baseline73_v2/lfr_n5000_o40_m50_s11__ego_karateclub_loopless_fix__s73/result.json
lfr_n1000_o20_m20_s12__highway_native__s73,lfr_n1000_o20_m20_s12,highway_native,graph_only_native_K,cpu,1,73,COMPLETED,0.13025891687721014,278528,completed,0.6523994136741708,0.4915254237288136,0.33558178752107926,0.01,29,SCORED,0.007711290847510099,0.5201322733709194,SCORED,0.01,0.6961203335731246,32.5,1.0,0.20182555780933062,0.995,0.33558178752107926,0.002028397565922921,0.01,0.003372681281618887,initial_baseline73_v2,1000,12,development,e3295f93cfd939934501e9c63e20f87691c58a1adec57246eaf0244c644f0975,work/plans/baseline73_v2/baselines.json,analysis/baseline73_v2,work/baseline73_v2/lfr_n1000_o20_m20_s12__highway_native__s73/result.json
lfr_n1000_o20_m20_s12__nocd_graph_oracleK__s73,lfr_n1000_o20_m20_s12,nocd_graph_oracleK,oracle_K,cpu,1,73,COMPLETED,6.0365392081439495,434110464,completed,0.9414373767943421,0.9628712871287128,0.9052132701421801,0.905,23,SCORED,0.006438208278268576,0.9551439937450554,SCORED,0.905,0.7857259313605608,32.5,0.999,0.8603603603603603,0.955,0.9052132701421801,0.8044444444444444,0.905,0.851764705882353,initial_baseline73_v2,1000,12,development,e3295f93cfd939934501e9c63e20f87691c58a1adec57246eaf0244c644f0975,work/plans/baseline73_v2/baselines.json,analysis/baseline73_v2,work/baseline73_v2/lfr_n1000_o20_m20_s12__nocd_graph_oracleK__s73/result.json
lfr_n1000_o40_m50_s11__highway_native__s73,lfr_n1000_o40_m50_s11,highway_native,graph_only_native_K,cpu,1,73,COMPLETED,0.13743704184889793,1900544,completed,0.4018927816432688,0.31743174317431744,0.5701425356339085,0.04,29,SCORED,0.007066457998007536,0.08320881513833153,SCORED,0.04,0.5813961746931157,32.25,1.0,0.40728831725616294,0.95,0.5701425356339085,0.01714898177920686,0.04,0.024006001500375095,initial_baseline73_v2,1000,11,development,c2a580289d2c174c317ff5d05236a52a38bc2b9468c86a5d90342da21622f7f1,work/plans/baseline73_v2/baselines.json,analysis/baseline73_v2,work/baseline73_v2/lfr_n1000_o40_m50_s11__highway_native__s73/result.json
lfr_n5000_o00_m50_s12__nocd_graph_oracleK__s73,lfr_n5000_o00_m50_s12,nocd_graph_oracleK,oracle_K,cpu,1,73,COMPLETED,24.878636915702373,897335296,completed,0.4465162360579139,0.5363037424437954,0.0,,91,SCORED,0.04132749978452921,0.34145887797389013,SCORED,,0.14538117568209022,28.0,0.9998,0.0,,0.0,0.0,,0.0,initial_baseline73_v2,5000,12,development,9c811f86b58592d69e88e29fd6eff0618e39d9d1f4794fa87ba119f25bce2ee5,work/plans/baseline73_v2/baselines.json,analysis/baseline73_v2,work/baseline73_v2/lfr_n5000_o00_m50_s12__nocd_graph_oracleK__s73/result.json
lfr_n5000_o00_m50_s12__highway_python__s73,lfr_n5000_o00_m50_s12,highway_python,graph_only_native_K,cpu,1,73,COMPLETED,0.8421906670555472,77676544,completed,0.15324420805037775,0.23812367663825398,0.0,,30,SCORED,0.0412237080745399,0.02429879441801154,SCORED,,0.0,28.0,0.948,0.0,,0.0,0.0,,0.0,initial_baseline73_v2,5000,12,development,9c811f86b58592d69e88e29fd6eff0618e39d9d1f4794fa87ba119f25bce2ee5,work/plans/baseline73_v2/baselines.json,analysis/baseline73_v2,work/baseline73_v2/lfr_n5000_o00_m50_s12__highway_python__s73/result.json
lfr_n5000_o40_m20_s12__bigclam_native__s73,lfr_n5000_o40_m20_s12,bigclam_native,graph_only_native_K,cpu,1,73,TIMEOUT,300.0147954579443,296845312,,,,,,,NO_PREDICTION,,,,,,,,,,,,,,initial_baseline73_v2,5000,12,development,c61ece0036f9fe4b85b260c16c11343db079cf989942f73ba1327d9a0aedc8fe,work/plans/baseline73_v2/baselines.json,analysis/baseline73_v2,work/baseline73_v2/lfr_n5000_o40_m20_s12__bigclam_native__s73/result.json
lfr_n1000_o40_m20_s11__slpa_cdlib__s73,lfr_n1000_o40_m20_s11,slpa_cdlib,graph_only_native_K,cpu,1,73,COMPLETED,0.5728650828823447,52772864,completed,0.73325687048537,0.8728070175438597,0.6619519094766619,0.5125,38,SCORED,0.00772124994546175,0.7786063901112852,SCORED,0.5125,0.9590731087099226,32.25,1.0,0.762214983713355,0.585,0.6619519094766619,0.6101190476190477,0.5125,0.5570652173913043,initial_baseline73_v2,1000,11,development,cfd1429b346f9fe0e517cfdf747133a08aa2d127fb3f5cef15e5f948777b5a72,work/plans/baseline73_v2/baselines.json,analysis/baseline73_v2,work/baseline73_v2/lfr_n1000_o40_m20_s11__slpa_cdlib__s73/result.json
lfr_n5000_o20_m20_s12__highway_python__s73,lfr_n5000_o20_m20_s12,highway_python,graph_only_native_K,cpu,1,73,COMPLETED,0.8076168340630829,79249408,completed,0.10833677805884784,0.18456260720411663,0.3348168435467306,0.033,30,SCORED,0.04068162525072694,0.008607601187758235,SCORED,0.033,0.0,29.0,0.9828,0.20198265179677818,0.978,0.3348168435467306,0.003476978189864082,0.033,0.0062911066628538745,initial_baseline73_v2,5000,12,development,d696c4ebed7dbaf052fdd0cef148d274c4d89f6fdd46db4608fb698928310459,work/plans/baseline73_v2/baselines.json,analysis/baseline73_v2,work/baseline73_v2/lfr_n5000_o20_m20_s12__highway_python__s73/result.json
lfr_n1000_o00_m50_s11__nocd_graph_oracleK__s73,lfr_n1000_o00_m50_s11,nocd_graph_oracleK,oracle_K,cpu,1,73,COMPLETED,5.780428082682192,433487872,completed,0.9262297984027911,0.9319664492078286,0.0,,19,SCORED,0.007741792127490044,0.8046334939321493,SCORED,,0.8986664159427529,32.5,1.0,0.0,,0.0,0.0,,0.0,initial_baseline73_v2,1000,11,development,c9da5300026662c691131b6bb6ea5bc9612836e2ee55fa75fb9d37718203da43,work/plans/baseline73_v2/baselines.json,analysis/baseline73_v2,work/baseline73_v2/lfr_n1000_o00_m50_s11__nocd_graph_oracleK__s73/result.json
lfr_n1000_o20_m50_s12__ego_karateclub__s73,lfr_n1000_o20_m50_s12,ego_karateclub,graph_only_native_K,cpu,1,73,COMPLETED,0.2570091672241688,76627968,completed,0.7763211934071002,0.7963636363636364,0.0,0.0,19,SCORED,0.0067848749458789825,0.6033462096146863,SCORED,0.0,0.42076719576719573,32.5,1.0,,0.0,0.0,,0.0,0.0,initial_baseline73_v2,1000,12,development,403a3c26db4d9c5d8e165c3f850837e9e7bb3f9e96dc7f7205beabc0543ee70c,work/plans/baseline73_v2/baselines.json,analysis/baseline73_v2,work/baseline73_v2/lfr_n1000_o20_m50_s12__ego_karateclub__s73/result.json
lfr_n1000_o40_m20_s11__bigclam_oracleK__s73,lfr_n1000_o40_m20_s11,bigclam_oracleK,oracle_K,cpu,1,73,COMPLETED,0.6382174999453127,61390848,completed,0.8100996433070757,0.8380881808077065,0.772027972027972,0.5525,26,SCORED,0.01153300004079938,0.7599940675511998,SCORED,0.5525,0.6655017114033507,32.25,0.968,0.8761904761904762,0.69,0.772027972027972,0.6676737160120846,0.5525,0.6046511627906976,initial_baseline73_v2,1000,11,development,cfd1429b346f9fe0e517cfdf747133a08aa2d127fb3f5cef15e5f948777b5a72,work/plans/baseline73_v2/baselines.json,analysis/baseline73_v2,work/baseline73_v2/lfr_n1000_o40_m20_s11__bigclam_oracleK__s73/result.json
lfr_n5000_o20_m50_s12__highway_native__s73,lfr_n5000_o20_m50_s12,highway_native,graph_only_native_K,cpu,1,73,COMPLETED,0.1919927503913641,360448,completed,0.15247171646571905,0.166446499339498,0.3374597252840427,0.002,29,SCORED,0.03953420789912343,0.024742135853480018,SCORED,0.002,0.01548731642189586,29.0,1.0,0.20318562385133757,0.995,0.3374597252840427,0.0004084133142740453,0.002,0.0006783110055960658,initial_baseline73_v2,5000,12,development,c907a9b0df2fd832ea4e459b6bdbc3d4a56e28eed0e2628be61c7bd960b2ceec,work/plans/baseline73_v2/baselines.json,analysis/baseline73_v2,work/baseline73_v2/lfr_n5000_o20_m50_s12__highway_native__s73/result.json
lfr_n5000_o00_m20_s12__nocd_graph_oracleK__s73,lfr_n5000_o00_m20_s12,nocd_graph_oracleK,oracle_K,cpu,1,73,COMPLETED,24.449580625165254,843563008,completed,0.48898061026654427,0.5488573947243507,0.0,,91,SCORED,0.04435520898550749,0.39808573393790525,SCORED,,0.13993870307342177,28.0,1.0,0.0,,0.0,0.0,,0.0,initial_baseline73_v2,5000,12,development,9bb415b7ddd37767edc6b2cf20dc4c265f87a0c7d917a1e8166b187815356c7f,work/plans/baseline73_v2/baselines.json,analysis/baseline73_v2,work/baseline73_v2/lfr_n5000_o00_m20_s12__nocd_graph_oracleK__s73/result.json
lfr_n1000_o40_m20_s12__bigclam_native__s73,lfr_n1000_o40_m20_s12,bigclam_native,graph_only_native_K,cpu,1,73,COMPLETED,13.644591290969402,77643776,completed,0.8977817633048157,0.9048316251830161,0.8184281842818428,0.705,29,SCORED,0.007582749705761671,0.8524787038692787,SCORED,0.705,0.9968253968253968,32.25,0.973,0.893491124260355,0.755,0.8184281842818428,0.7855153203342619,0.705,0.7430830039525692,initial_baseline73_v2,1000,12,development,b110655fab996b66e797594117b662036a79c10b57587b66f41344ff7e5f5b10,work/plans/baseline73_v2/baselines.json,analysis/baseline73_v2,work/baseline73_v2/lfr_n1000_o40_m20_s12__bigclam_native__s73/result.json
lfr_n5000_o20_m20_s12__highway_native__s73,lfr_n5000_o20_m20_s12,highway_native,graph_only_native_K,cpu,1,73,COMPLETED,0.24474924989044666,61407232,completed,0.18932655966997988,0.20615813482007095,0.3342419080068143,0.003,29,SCORED,0.04048433341085911,0.06907385674933099,SCORED,0.003,0.039632624538284915,29.0,0.9828,0.20143737166324435,0.981,0.3342419080068143,0.0006160164271047228,0.003,0.0010221465076660989,initial_baseline73_v2,5000,12,development,d696c4ebed7dbaf052fdd0cef148d274c4d89f6fdd46db4608fb698928310459,work/plans/baseline73_v2/baselines.json,analysis/baseline73_v2,work/baseline73_v2/lfr_n5000_o20_m20_s12__highway_native__s73/result.json
lfr_n5000_o40_m50_s12__ego_sknetwork_fixed__s73,lfr_n5000_o40_m50_s12,ego_sknetwork_fixed,graph_only_native_K,cpu,1,73,COMPLETED,3.209445666987449,284966912,completed,0.003781343514652608,0.07894699354691662,0.5714285714285714,0.126,28313,SCORED,0.7950425827875733,0.013258840207642227,SCORED,0.126,0.4378599910237396,29.0,1.0,0.4,1.0,0.5714285714285714,0.00432997130534889,0.126,0.008372232096878686,initial_baseline73_v2,5000,12,development,a4d5adccafffd7e6d399fb6b891010de478c5ca569589bbe3cd0198f2095d767,work/plans/baseline73_v2/baselines.json,analysis/baseline73_v2,work/baseline73_v2/lfr_n5000_o40_m50_s12__ego_sknetwork_fixed__s73/result.json
lfr_n5000_o00_m20_s11__ego_karateclub__s73,lfr_n5000_o00_m20_s11,ego_karateclub,graph_only_native_K,cpu,1,73,COMPLETED,0.6323981247842312,119783424,completed,0.9087318238032676,0.9454,,,95,SCORED,0.05234024999663234,0.9424225610573124,SCORED,,0.5891003265740108,27.0,1.0,,,,,,,initial_baseline73_v2,5000,11,development,83c0014ded94a5ae7083c562287d7c194336c812d43477ea984e1da49948b9cd,work/plans/baseline73_v2/baselines.json,analysis/baseline73_v2,work/baseline73_v2/lfr_n5000_o00_m20_s11__ego_karateclub__s73/result.json
lfr_n1000_o20_m50_s12__slpa_cdlib__s73,lfr_n1000_o20_m50_s12,slpa_cdlib,graph_only_native_K,cpu,1,73,COMPLETED,0.5419839159585536,53084160,completed,0.2548711584882935,0.18520084566596196,0.17032967032967034,0.01,5,SCORED,0.006906791124492884,0.0924737366151989,SCORED,0.01,0.3033151904997526,32.5,1.0,0.18902439024390244,0.155,0.17032967032967034,0.012121212121212121,0.01,0.010958904109589041,initial_baseline73_v2,1000,12,development,403a3c26db4d9c5d8e165c3f850837e9e7bb3f9e96dc7f7205beabc0543ee70c,work/plans/baseline73_v2/baselines.json,analysis/baseline73_v2,work/baseline73_v2/lfr_n1000_o20_m50_s12__slpa_cdlib__s73/result.json
lfr_n1000_o40_m50_s11__highway_python__s73,lfr_n1000_o40_m50_s11,highway_python,graph_only_native_K,cpu,1,73,COMPLETED,0.27108091674745083,54296576,completed,0.34292903870545155,0.325591985428051,0.5714285714285714,0.125,30,SCORED,0.008081125095486641,0.01515855004176715,SCORED,0.125,0.3674505199651619,32.25,1.0,0.4,1.0,0.5714285714285714,0.025100401606425703,0.125,0.04180602006688963,initial_baseline73_v2,1000,11,development,c2a580289d2c174c317ff5d05236a52a38bc2b9468c86a5d90342da21622f7f1,work/plans/baseline73_v2/baselines.json,analysis/baseline73_v2,work/baseline73_v2/lfr_n1000_o40_m50_s11__highway_python__s73/result.json
lfr_n1000_o00_m50_s12__highway_native__s73,lfr_n1000_o00_m50_s12,highway_native,graph_only_native_K,cpu,1,73,COMPLETED,0.13068545842543244,245760,completed,0.5145351035618302,0.3551212938005391,0.0,,29,SCORED,0.006394042167812586,0.3362174570417047,SCORED,,0.8522192822192821,32.25,1.0,0.0,,0.0,0.0,,0.0,initial_baseline73_v2,1000,12,development,898f0fd80f831cccb10fec496f1dfbefac4c51abd860619b57c40c9819791ec0,work/plans/baseline73_v2/baselines.json,analysis/baseline73_v2,work/baseline73_v2/lfr_n1000_o00_m50_s12__highway_native__s73/result.json
lfr_n1000_o00_m20_s12__ego_sknetwork_fixed__s73,lfr_n1000_o00_m20_s12,ego_sknetwork_fixed,graph_only_native_K,cpu,1,73,COMPLETED,2.6470188749954104,250691584,completed,0.019783625408644687,0.3637686431429611,0.0,,1691,SCORED,0.020066875033080578,0.11781541726048848,SCORED,,0.9526031654559883,32.25,1.0,0.0,,0.0,0.0,,0.0,initial_baseline73_v2,1000,12,development,821213e90ec77ac8424a2f1eda0a0e6cb8b7dba9217b43d703b34f067dab297d,work/plans/baseline73_v2/baselines.json,analysis/baseline73_v2,work/baseline73_v2/lfr_n1000_o00_m20_s12__ego_sknetwork_fixed__s73/result.json
lfr_n1000_o20_m20_s12__highway_python__s73,lfr_n1000_o20_m20_s12,highway_python,graph_only_native_K,cpu,1,73,COMPLETED,0.26431670831516385,54362112,completed,0.5452954648853512,0.5020339794209141,0.3333333333333333,0.27,30,SCORED,0.00751908402889967,0.3085427123692085,SCORED,0.27,0.49352584350701184,32.5,1.0,0.2,1.0,0.3333333333333333,0.027286508337544216,0.27,0.04956402019274897,initial_baseline73_v2,1000,12,development,e3295f93cfd939934501e9c63e20f87691c58a1adec57246eaf0244c644f0975,work/plans/baseline73_v2/baselines.json,analysis/baseline73_v2,work/baseline73_v2/lfr_n1000_o20_m20_s12__highway_python__s73/result.json
lfr_n5000_o40_m50_s11__highway_python__s73,lfr_n5000_o40_m50_s11,highway_python,graph_only_native_K,cpu,1,73,COMPLETED,0.8778975829482079,82067456,completed,0.06050512997547174,0.1283222212074162,0.5714285714285714,0.018,30,SCORED,0.042839915957301855,0.0,SCORED,0.018,0.0,27.0,1.0,0.4,1.0,0.5714285714285714,0.003637098403717923,0.018,0.006051437216338881,initial_baseline73_v2,5000,11,development,79b9f441f15a9bd642d27166eaea695a2f5641b670c084ca99bd4fcfd8cdf6f6,work/plans/baseline73_v2/baselines.json,analysis/baseline73_v2,work/baseline73_v2/lfr_n5000_o40_m50_s11__highway_python__s73/result.json
lfr_n5000_o20_m20_s11__ego_karateclub_loopless_fix__s73,lfr_n5000_o20_m20_s11,ego_karateclub_loopless_fix,graph_only_native_K,cpu,1,73,COMPLETED,1.3337403750047088,133447680,completed,0.012010167137275284,0.23382437460298255,0.33344448149383127,0.372,10593,SCORED,0.2857112502679229,0.08016700746004486,SCORED,0.372,0.5004084719132909,27.0,1.0,0.2000800320128051,1.0,0.33344448149383127,0.016863865089079288,0.372,0.03226505919597554,initial_baseline73_v2,5000,11,development,10633120772bb6c2f4e6e6445293c062b15f160f4ce30890cdf14ebcfe3baea7,work/plans/baseline73_v2/baselines.json,analysis/baseline73_v2,work/baseline73_v2/lfr_n5000_o20_m20_s11__ego_karateclub_loopless_fix__s73/result.json
lfr_n1000_o40_m20_s12__ego_karateclub_loopless_fix__s73,lfr_n1000_o40_m20_s12,ego_karateclub_loopless_fix,graph_only_native_K,cpu,1,73,COMPLETED,0.39572337502613664,65732608,completed,0.013576038589940576,0.266304347826087,0.5730659025787965,0.28,1956,SCORED,0.024232666939496994,0.07647034404368928,SCORED,0.28,0.3346836552635124,32.25,1.0,0.40160642570281124,1.0,0.5730659025787965,0.026515151515151516,0.28,0.04844290657439446,initial_baseline73_v2,1000,12,development,b110655fab996b66e797594117b662036a79c10b57587b66f41344ff7e5f5b10,work/plans/baseline73_v2/baselines.json,analysis/baseline73_v2,work/baseline73_v2/lfr_n1000_o40_m20_s12__ego_karateclub_loopless_fix__s73/result.json
lfr_n1000_o20_m20_s12__ego_karateclub__s73,lfr_n1000_o20_m20_s12,ego_karateclub,graph_only_native_K,cpu,1,73,COMPLETED,0.23698658403009176,77135872,completed,0.7948908782090621,0.8309090909090909,0.0,0.0,19,SCORED,0.007365124765783548,0.675027065252352,SCORED,0.0,0.44144144144144143,32.5,1.0,,0.0,0.0,,0.0,0.0,initial_baseline73_v2,1000,12,development,e3295f93cfd939934501e9c63e20f87691c58a1adec57246eaf0244c644f0975,work/plans/baseline73_v2/baselines.json,analysis/baseline73_v2,work/baseline73_v2/lfr_n1000_o20_m20_s12__ego_karateclub__s73/result.json
lfr_n1000_o40_m20_s12__highway_python__s73,lfr_n1000_o40_m20_s12,highway_python,graph_only_native_K,cpu,1,73,COMPLETED,0.2706964579410851,54476800,completed,0.4963958482009607,0.4772105742935278,0.5714285714285714,0.2725,30,SCORED,0.00767112523317337,0.20815969884386845,SCORED,0.2725,0.5139383805178986,32.25,1.0,0.4,1.0,0.5714285714285714,0.05482897384305835,0.2725,0.09128978224455611,initial_baseline73_v2,1000,12,development,b110655fab996b66e797594117b662036a79c10b57587b66f41344ff7e5f5b10,work/plans/baseline73_v2/baselines.json,analysis/baseline73_v2,work/baseline73_v2/lfr_n1000_o40_m20_s12__highway_python__s73/result.json
lfr_n5000_o40_m50_s12__ego_karateclub_loopless_fix__s73,lfr_n5000_o40_m50_s12,ego_karateclub_loopless_fix,graph_only_native_K,cpu,1,73,COMPLETED,3.858851083088666,215597056,completed,0.003759314034165002,0.0792341553057823,0.5714285714285714,0.1215,28313,SCORED,0.7977737919427454,0.013486618177427702,SCORED,0.1215,0.4378599910237396,29.0,1.0,0.4,1.0,0.5714285714285714,0.004175472962523841,0.1215,0.00807349203448677,initial_baseline73_v2,5000,12,development,a4d5adccafffd7e6d399fb6b891010de478c5ca569589bbe3cd0198f2095d767,work/plans/baseline73_v2/baselines.json,analysis/baseline73_v2,work/baseline73_v2/lfr_n5000_o40_m50_s12__ego_karateclub_loopless_fix__s73/result.json
lfr_n1000_o00_m20_s11__ego_karateclub__s73,lfr_n1000_o00_m20_s11,ego_karateclub,graph_only_native_K,cpu,1,73,COMPLETED,0.22718816669657826,64618496,completed,1.0,1.0,,,19,SCORED,0.008245124947279692,1.0,SCORED,,1.0,32.5,1.0,,,,,,,initial_baseline73_v2,1000,11,development,a35780a9cf45692523fdb1d1201a34875c1096949d372be6c47dbfc73870d261,work/plans/baseline73_v2/baselines.json,analysis/baseline73_v2,work/baseline73_v2/lfr_n1000_o00_m20_s11__ego_karateclub__s73/result.json
lfr_n5000_o20_m20_s11__highway_native__s73,lfr_n5000_o20_m20_s11,highway_native,graph_only_native_K,cpu,1,73,COMPLETED,0.19077729200944304,540672,completed,0.1768117310373255,0.157760323808606,0.3312531624219936,0.018,30,SCORED,0.039752166252583265,0.04966155122905562,SCORED,0.018,0.09019361590790163,27.0,0.9858,0.19922905254615542,0.982,0.3312531624219936,0.0018322475570032573,0.018,0.0033259423503325942,initial_baseline73_v2,5000,11,development,10633120772bb6c2f4e6e6445293c062b15f160f4ce30890cdf14ebcfe3baea7,work/plans/baseline73_v2/baselines.json,analysis/baseline73_v2,work/baseline73_v2/lfr_n5000_o20_m20_s11__highway_native__s73/result.json
lfr_n1000_o20_m50_s12__bigclam_oracleK__s73,lfr_n1000_o20_m50_s12,bigclam_oracleK,oracle_K,cpu,1,73,COMPLETED,1.54163150023669,60407808,completed,0.8343412019276757,0.8493870402802102,0.5146198830409356,0.4,23,SCORED,0.0070203747600317,0.6822972079585885,SCORED,0.4,0.7032399466361731,32.5,0.923,0.6197183098591549,0.44,0.5146198830409356,0.4968944099378882,0.4,0.44321329639889195,initial_baseline73_v2,1000,12,development,403a3c26db4d9c5d8e165c3f850837e9e7bb3f9e96dc7f7205beabc0543ee70c,work/plans/baseline73_v2/baselines.json,analysis/baseline73_v2,work/baseline73_v2/lfr_n1000_o20_m50_s12__bigclam_oracleK__s73/result.json
lfr_n5000_o20_m50_s11__nocd_graph_oracleK__s73,lfr_n5000_o20_m50_s11,nocd_graph_oracleK,oracle_K,cpu,1,73,COMPLETED,25.36502395896241,720453632,completed,0.32089317163049574,0.40850114483649386,0.2136121361213612,0.129,100,SCORED,0.04490745812654495,0.10327943037463472,SCORED,0.129,0.0800634061931045,27.0,0.9652,0.1343476018566271,0.521,0.2136121361213612,0.020782986950217495,0.129,0.03579852920771472,initial_baseline73_v2,5000,11,development,042577b3a9f9781ab87a53c6bccd8139197f7c2166d0fb257b724a958c7c8cbe,work/plans/baseline73_v2/baselines.json,analysis/baseline73_v2,work/baseline73_v2/lfr_n5000_o20_m50_s11__nocd_graph_oracleK__s73/result.json
lfr_n5000_o20_m20_s11__highway_python__s73,lfr_n5000_o20_m20_s11,highway_python,graph_only_native_K,cpu,1,73,COMPLETED,0.8093864172697067,81084416,completed,0.1134275302506723,0.18336698015658082,0.3290444330073769,0.038,30,SCORED,0.040089167188853025,0.005945666946263874,SCORED,0.038,0.05714285714285714,27.0,0.9858,0.19859184096086147,0.959,0.3290444330073769,0.004051172707889125,0.038,0.007321772639691715,initial_baseline73_v2,5000,11,development,10633120772bb6c2f4e6e6445293c062b15f160f4ce30890cdf14ebcfe3baea7,work/plans/baseline73_v2/baselines.json,analysis/baseline73_v2,work/baseline73_v2/lfr_n5000_o20_m20_s11__highway_python__s73/result.json
lfr_n5000_o00_m50_s11__bigclam_native__s73,lfr_n5000_o00_m50_s11,bigclam_native,graph_only_native_K,cpu,1,73,TIMEOUT,300.01135587505996,299679744,,,,,,,NO_PREDICTION,,,,,,,,,,,,,,initial_baseline73_v2,5000,11,development,a21da2eb7f2bb0e98d84af95e71dbbc99cc2895b6b338959b09ac2d47cec74d1,work/plans/baseline73_v2/baselines.json,analysis/baseline73_v2,work/baseline73_v2/lfr_n5000_o00_m50_s11__bigclam_native__s73/result.json
lfr_n5000_o40_m20_s12__highway_python__s73,lfr_n5000_o40_m20_s12,highway_python,graph_only_native_K,cpu,1,73,COMPLETED,0.8562445002608001,82329600,completed,0.07162920528709465,0.14971454670015985,0.5714285714285714,0.026,30,SCORED,0.04346291674301028,0.0,SCORED,0.026,0.0,29.0,1.0,0.4,1.0,0.5714285714285714,0.0052551793835270335,0.026,0.008743169398907104,initial_baseline73_v2,5000,12,development,c61ece0036f9fe4b85b260c16c11343db079cf989942f73ba1327d9a0aedc8fe,work/plans/baseline73_v2/baselines.json,analysis/baseline73_v2,work/baseline73_v2/lfr_n5000_o40_m20_s12__highway_python__s73/result.json
lfr_n1000_o40_m50_s12__slpa_cdlib__s73,lfr_n1000_o40_m50_s12,slpa_cdlib,graph_only_native_K,cpu,1,73,COMPLETED,0.5479386253282428,52887552,completed,0.3006356938585425,0.22621184919210055,0.4648074369189907,0.0375,12,SCORED,0.007321625016629696,0.10872447512941391,SCORED,0.0375,0.5120868668203638,32.25,1.0,0.49575070821529743,0.4375,0.4648074369189907,0.03896103896103896,0.0375,0.03821656050955414,initial_baseline73_v2,1000,12,development,f6f8bf8a5134cdf18e38d9071370d0760a8003ce42977c8500f29ae6c4142fad,work/plans/baseline73_v2/baselines.json,analysis/baseline73_v2,work/baseline73_v2/lfr_n1000_o40_m50_s12__slpa_cdlib__s73/result.json
lfr_n1000_o00_m20_s11__ego_sknetwork_fixed__s73,lfr_n1000_o00_m20_s11,ego_sknetwork_fixed,graph_only_native_K,cpu,1,73,COMPLETED,2.736596167087555,244006912,completed,0.020055527651019842,0.35423308537017356,0.0,,1782,SCORED,0.016337917186319828,0.11687275434578556,SCORED,,0.9638337215295378,32.5,1.0,0.0,,0.0,0.0,,0.0,initial_baseline73_v2,1000,11,development,a35780a9cf45692523fdb1d1201a34875c1096949d372be6c47dbfc73870d261,work/plans/baseline73_v2/baselines.json,analysis/baseline73_v2,work/baseline73_v2/lfr_n1000_o00_m20_s11__ego_sknetwork_fixed__s73/result.json
lfr_n1000_o20_m20_s12__slpa_cdlib__s73,lfr_n1000_o20_m20_s12,slpa_cdlib,graph_only_native_K,cpu,1,73,COMPLETED,0.5101071656681597,53067776,completed,0.9351475220699325,0.9727427597955707,0.8208092485549133,0.71,25,SCORED,0.012272791936993599,0.9178096177062978,SCORED,0.71,0.9739018087855298,32.5,1.0,0.9726027397260274,0.71,0.8208092485549133,0.9594594594594594,0.71,0.8160919540229885,initial_baseline73_v2,1000,12,development,e3295f93cfd939934501e9c63e20f87691c58a1adec57246eaf0244c644f0975,work/plans/baseline73_v2/baselines.json,analysis/baseline73_v2,work/baseline73_v2/lfr_n1000_o20_m20_s12__slpa_cdlib__s73/result.json
lfr_n1000_o20_m20_s11__slpa_cdlib__s73,lfr_n1000_o20_m20_s11,slpa_cdlib,graph_only_native_K,cpu,1,73,COMPLETED,0.5227502910420299,51855360,completed,0.9389489682741643,0.9767047861075815,0.8587257617728532,0.765,26,SCORED,0.0068343328312039375,0.9316136594628922,SCORED,0.765,0.9681566818842406,30.75,1.0,0.9627329192546584,0.775,0.8587257617728532,0.9503105590062112,0.765,0.8476454293628809,initial_baseline73_v2,1000,11,development,b9ec7da4aa6e47601b73592baf154d2326fe95f36c4fe05faf59857cae26b7b0,work/plans/baseline73_v2/baselines.json,analysis/baseline73_v2,work/baseline73_v2/lfr_n1000_o20_m20_s11__slpa_cdlib__s73/result.json
lfr_n5000_o40_m20_s12__ego_sknetwork_fixed__s73,lfr_n5000_o40_m20_s12,ego_sknetwork_fixed,graph_only_native_K,cpu,1,73,COMPLETED,2.96236062515527,270532608,completed,0.008722709059990785,0.19096029674405826,0.5714285714285714,0.225,11327,SCORED,0.33628504164516926,0.057652811448617954,SCORED,0.225,0.28585736061875916,29.0,1.0,0.4,1.0,0.5714285714285714,0.01844640295142447,0.225,0.03409736692555408,initial_baseline73_v2,5000,12,development,c61ece0036f9fe4b85b260c16c11343db079cf989942f73ba1327d9a0aedc8fe,work/plans/baseline73_v2/baselines.json,analysis/baseline73_v2,work/baseline73_v2/lfr_n5000_o40_m20_s12__ego_sknetwork_fixed__s73/result.json
lfr_n5000_o00_m50_s12__bigclam_native__s73,lfr_n5000_o00_m50_s12,bigclam_native,graph_only_native_K,cpu,1,73,TIMEOUT,300.01206799969077,290111488,,,,,,,NO_PREDICTION,,,,,,,,,,,,,,initial_baseline73_v2,5000,12,development,9c811f86b58592d69e88e29fd6eff0618e39d9d1f4794fa87ba119f25bce2ee5,work/plans/baseline73_v2/baselines.json,analysis/baseline73_v2,work/baseline73_v2/lfr_n5000_o00_m50_s12__bigclam_native__s73/result.json
lfr_n1000_o40_m50_s12__highway_native__s73,lfr_n1000_o40_m50_s12,highway_native,graph_only_native_K,cpu,1,73,COMPLETED,0.2244934169575572,50692096,completed,0.34783828018651236,0.27041993539455467,0.5714285714285714,0.065,30,SCORED,0.00758962519466877,0.035922105508439224,SCORED,0.065,0.4190225621373162,32.25,1.0,0.4,1.0,0.5714285714285714,0.01344364012409514,0.065,0.022279348757497857,initial_baseline73_v2,1000,12,development,f6f8bf8a5134cdf18e38d9071370d0760a8003ce42977c8500f29ae6c4142fad,work/plans/baseline73_v2/baselines.json,analysis/baseline73_v2,work/baseline73_v2/lfr_n1000_o40_m50_s12__highway_native__s73/result.json
lfr_n5000_o00_m50_s12__highway_native__s73,lfr_n5000_o00_m50_s12,highway_native,graph_only_native_K,cpu,1,73,COMPLETED,0.19262691726908088,245760,completed,0.2383341364305776,0.24799224591525892,0.0,,29,SCORED,0.03761083260178566,0.14125260244160867,SCORED,,0.0,28.0,0.948,0.0,,0.0,0.0,,0.0,initial_baseline73_v2,5000,12,development,9c811f86b58592d69e88e29fd6eff0618e39d9d1f4794fa87ba119f25bce2ee5,work/plans/baseline73_v2/baselines.json,analysis/baseline73_v2,work/baseline73_v2/lfr_n5000_o00_m50_s12__highway_native__s73/result.json
lfr_n5000_o40_m20_s11__nocd_graph_oracleK__s73,lfr_n5000_o40_m20_s11,nocd_graph_oracleK,oracle_K,cpu,1,73,COMPLETED,29.16408587479964,790151168,completed,0.32532692878223457,0.4051360496917443,0.5102943419246607,0.284,126,SCORED,0.04987412504851818,0.11726002358669191,SCORED,0.284,0.09824343164117283,27.0,0.9858,0.3671274961597542,0.8365,0.5102943419246607,0.05889672335130651,0.284,0.0975609756097561,initial_baseline73_v2,5000,11,development,e5e3c94841b01169042533f6d646204967555f9e0768e12d7ed45875d5492a7b,work/plans/baseline73_v2/baselines.json,analysis/baseline73_v2,work/baseline73_v2/lfr_n5000_o40_m20_s11__nocd_graph_oracleK__s73/result.json
lfr_n1000_o20_m50_s12__nocd_graph_oracleK__s73,lfr_n1000_o20_m50_s12,nocd_graph_oracleK,oracle_K,cpu,1,73,COMPLETED,6.082367375027388,434339840,completed,0.8011858556170458,0.8213751868460388,0.528052805280528,0.63,23,SCORED,0.007848666049540043,0.6325962476445156,SCORED,0.63,0.5959545419690347,32.5,0.997,0.39408866995073893,0.8,0.528052805280528,0.2630480167014614,0.63,0.3711340206185567,initial_baseline73_v2,1000,12,development,403a3c26db4d9c5d8e165c3f850837e9e7bb3f9e96dc7f7205beabc0543ee70c,work/plans/baseline73_v2/baselines.json,analysis/baseline73_v2,work/baseline73_v2/lfr_n1000_o20_m50_s12__nocd_graph_oracleK__s73/result.json
lfr_n1000_o20_m20_s11__ego_karateclub_loopless_fix__s73,lfr_n1000_o20_m20_s11,ego_karateclub_loopless_fix,graph_only_native_K,cpu,1,73,COMPLETED,0.3166332500986755,65781760,completed,0.015376237712745754,0.29959514170040485,0.3336113427856547,0.31,1770,SCORED,0.017361124977469444,0.09164071449236408,SCORED,0.31,0.3848822141186674,30.75,1.0,0.2002002002002002,1.0,0.3336113427856547,0.016630901287553648,0.31,0.031568228105906315,initial_baseline73_v2,1000,11,development,b9ec7da4aa6e47601b73592baf154d2326fe95f36c4fe05faf59857cae26b7b0,work/plans/baseline73_v2/baselines.json,analysis/baseline73_v2,work/baseline73_v2/lfr_n1000_o20_m20_s11__ego_karateclub_loopless_fix__s73/result.json
lfr_n5000_o40_m50_s12__nocd_graph_oracleK__s73,lfr_n5000_o40_m50_s12,nocd_graph_oracleK,oracle_K,cpu,1,73,COMPLETED,27.826627250295132,788627456,completed,0.22083328603487823,0.29480775932164016,0.31013992716120375,0.0605,103,SCORED,0.0460642920807004,0.013670876657700752,SCORED,0.0605,0.07277277986172218,29.0,0.8528,0.25147653092943734,0.4045,0.31013992716120375,0.02032247228753779,0.0605,0.03042494342469198,initial_baseline73_v2,5000,12,development,a4d5adccafffd7e6d399fb6b891010de478c5ca569589bbe3cd0198f2095d767,work/plans/baseline73_v2/baselines.json,analysis/baseline73_v2,work/baseline73_v2/lfr_n5000_o40_m50_s12__nocd_graph_oracleK__s73/result.json
lfr_n5000_o20_m20_s12__nocd_graph_oracleK__s73,lfr_n5000_o20_m20_s12,nocd_graph_oracleK,oracle_K,cpu,1,73,COMPLETED,25.3404072499834,724058112,completed,0.3919042818518749,0.45815415150512734,0.30247813411078717,0.314,100,SCORED,0.045849916990846395,0.2261011634149681,SCORED,0.314,0.12476260560494139,29.0,0.9948,0.18493761140819964,0.83,0.30247813411078717,0.04383026242322725,0.314,0.07692307692307693,initial_baseline73_v2,5000,12,development,d696c4ebed7dbaf052fdd0cef148d274c4d89f6fdd46db4608fb698928310459,work/plans/baseline73_v2/baselines.json,analysis/baseline73_v2,work/baseline73_v2/lfr_n5000_o20_m20_s12__nocd_graph_oracleK__s73/result.json
lfr_n1000_o20_m20_s12__ego_karateclub_loopless_fix__s73,lfr_n1000_o20_m20_s12,ego_karateclub_loopless_fix,graph_only_native_K,cpu,1,73,COMPLETED,0.3758895839564502,57671680,completed,0.014284900103153624,0.30338196286472147,0.3333333333333333,0.345,1824,SCORED,0.019085874781012535,0.08887238206140967,SCORED,0.345,0.09691553544494723,32.5,1.0,0.2,1.0,0.3333333333333333,0.0180062630480167,0.345,0.03422619047619048,initial_baseline73_v2,1000,12,development,e3295f93cfd939934501e9c63e20f87691c58a1adec57246eaf0244c644f0975,work/plans/baseline73_v2/baselines.json,analysis/baseline73_v2,work/baseline73_v2/lfr_n1000_o20_m20_s12__ego_karateclub_loopless_fix__s73/result.json
lfr_n1000_o00_m50_s11__highway_native__s73,lfr_n1000_o00_m50_s11,highway_native,graph_only_native_K,cpu,1,73,COMPLETED,0.13342958316206932,245760,completed,0.42173909024080886,0.24008036162732296,0.0,,30,SCORED,0.0071172090247273445,0.24638125398948918,SCORED,,0.6075868250828496,32.5,1.0,0.0,,0.0,0.0,,0.0,initial_baseline73_v2,1000,11,development,c9da5300026662c691131b6bb6ea5bc9612836e2ee55fa75fb9d37718203da43,work/plans/baseline73_v2/baselines.json,analysis/baseline73_v2,work/baseline73_v2/lfr_n1000_o00_m50_s11__highway_native__s73/result.json
lfr_n5000_o00_m50_s12__bigclam_oracleK__s73,lfr_n5000_o00_m50_s12,bigclam_oracleK,oracle_K,cpu,1,73,COMPLETED,14.119102749973536,87261184,completed,0.8317480463015131,0.861337982931082,0.0,,104,SCORED,0.040368542075157166,0.7596290206369612,SCORED,,0.6067654487769202,28.0,1.0,0.0,,0.0,0.0,,0.0,initial_baseline73_v2,5000,12,development,9c811f86b58592d69e88e29fd6eff0618e39d9d1f4794fa87ba119f25bce2ee5,work/plans/baseline73_v2/baselines.json,analysis/baseline73_v2,work/baseline73_v2/lfr_n5000_o00_m50_s12__bigclam_oracleK__s73/result.json
lfr_n5000_o00_m50_s11__nocd_graph_oracleK__s73,lfr_n5000_o00_m50_s11,nocd_graph_oracleK,oracle_K,cpu,1,73,COMPLETED,23.7772610001266,710868992,completed,0.41393311888863715,0.4913848944163752,0.0,,95,SCORED,0.04438387509435415,0.32306893558907723,SCORED,,0.13963463092627856,27.0,0.999,0.0,,0.0,0.0,,0.0,initial_baseline73_v2,5000,11,development,a21da2eb7f2bb0e98d84af95e71dbbc99cc2895b6b338959b09ac2d47cec74d1,work/plans/baseline73_v2/baselines.json,analysis/baseline73_v2,work/baseline73_v2/lfr_n5000_o00_m50_s11__nocd_graph_oracleK__s73/result.json
lfr_n5000_o00_m20_s11__nocd_graph_oracleK__s73,lfr_n5000_o00_m20_s11,nocd_graph_oracleK,oracle_K,cpu,1,73,COMPLETED,23.868251250125468,691355648,completed,0.4647716574926278,0.5412749605434708,0.0,,94,SCORED,0.04320408310741186,0.4110445459169496,SCORED,,0.13645187684276402,27.0,1.0,0.0,,0.0,0.0,,0.0,initial_baseline73_v2,5000,11,development,83c0014ded94a5ae7083c562287d7c194336c812d43477ea984e1da49948b9cd,work/plans/baseline73_v2/baselines.json,analysis/baseline73_v2,work/baseline73_v2/lfr_n5000_o00_m20_s11__nocd_graph_oracleK__s73/result.json
lfr_n1000_o20_m50_s12__ego_sknetwork_fixed__s73,lfr_n1000_o20_m50_s12,ego_sknetwork_fixed,graph_only_native_K,cpu,1,73,COMPLETED,2.970596041996032,245383168,completed,0.004304532624839504,0.1243081390073496,0.3333333333333333,0.13,4115,SCORED,0.031775208190083504,0.019355623207788452,SCORED,0.13,0.2092766465560583,32.5,1.0,0.2,1.0,0.3333333333333333,0.0029475116199977327,0.13,0.005764327679858109,initial_baseline73_v2,1000,12,development,403a3c26db4d9c5d8e165c3f850837e9e7bb3f9e96dc7f7205beabc0543ee70c,work/plans/baseline73_v2/baselines.json,analysis/baseline73_v2,work/baseline73_v2/lfr_n1000_o20_m50_s12__ego_sknetwork_fixed__s73/result.json
lfr_n5000_o00_m50_s11__ego_karateclub__s73,lfr_n5000_o00_m50_s11,ego_karateclub,graph_only_native_K,cpu,1,73,COMPLETED,0.8156710839830339,121667584,completed,0.6937785429326431,0.8044,,,70,SCORED,0.0409100828692317,0.7603850924273612,SCORED,,0.1092253823422681,27.0,1.0,,,,,,,initial_baseline73_v2,5000,11,development,a21da2eb7f2bb0e98d84af95e71dbbc99cc2895b6b338959b09ac2d47cec74d1,work/plans/baseline73_v2/baselines.json,analysis/baseline73_v2,work/baseline73_v2/lfr_n5000_o00_m50_s11__ego_karateclub__s73/result.json
lfr_n1000_o00_m20_s11__slpa_cdlib__s73,lfr_n1000_o00_m20_s11,slpa_cdlib,graph_only_native_K,cpu,1,73,COMPLETED,0.5178896668367088,53395456,completed,0.9987760097919216,0.9995002498750625,0.0,,19,SCORED,0.006409000139683485,0.9979385618438402,SCORED,,0.9953488372093023,32.5,1.0,0.0,,0.0,0.0,,0.0,initial_baseline73_v2,1000,11,development,a35780a9cf45692523fdb1d1201a34875c1096949d372be6c47dbfc73870d261,work/plans/baseline73_v2/baselines.json,analysis/baseline73_v2,work/baseline73_v2/lfr_n1000_o00_m20_s11__slpa_cdlib__s73/result.json
lfr_n1000_o20_m50_s11__ego_sknetwork_fixed__s73,lfr_n1000_o20_m50_s11,ego_sknetwork_fixed,graph_only_native_K,cpu,1,73,COMPLETED,2.6675009578466415,252133376,completed,0.004679445178829927,0.1284764491057215,0.3333333333333333,0.18,3952,SCORED,0.03636124962940812,0.02292807935130809,SCORED,0.18,0.19254325218343207,30.75,1.0,0.2,1.0,0.3333333333333333,0.004245783700908126,0.18,0.00829588662288282,initial_baseline73_v2,1000,11,development,5655a0fb6e603038468724cf7784c1d74c61d0636dae30d9c3afb214deace494,work/plans/baseline73_v2/baselines.json,analysis/baseline73_v2,work/baseline73_v2/lfr_n1000_o20_m50_s11__ego_sknetwork_fixed__s73/result.json
lfr_n1000_o00_m20_s12__highway_python__s73,lfr_n1000_o00_m20_s12,highway_python,graph_only_native_K,cpu,1,73,COMPLETED,0.254589875228703,54411264,completed,0.9591836734693877,0.958,,,17,SCORED,0.0060212090611457825,0.945955008871563,SCORED,,1.0,32.25,1.0,,,,,,,initial_baseline73_v2,1000,12,development,821213e90ec77ac8424a2f1eda0a0e6cb8b7dba9217b43d703b34f067dab297d,work/plans/baseline73_v2/baselines.json,analysis/baseline73_v2,work/baseline73_v2/lfr_n1000_o00_m20_s12__highway_python__s73/result.json
lfr_n5000_o40_m50_s12__highway_native__s73,lfr_n5000_o40_m50_s12,highway_native,graph_only_native_K,cpu,1,73,COMPLETED,0.1987974587827921,245760,completed,0.11691865471758868,0.14209465069386787,0.5735937044593413,0.005,29,SCORED,0.03888254193589091,6.497680481227107e-17,SCORED,0.005,0.027243846770711243,29.0,1.0,0.40477169888934594,0.984,0.5735937044593413,0.0020567667626491155,0.005,0.002914602156805596,initial_baseline73_v2,5000,12,development,a4d5adccafffd7e6d399fb6b891010de478c5ca569589bbe3cd0198f2095d767,work/plans/baseline73_v2/baselines.json,analysis/baseline73_v2,work/baseline73_v2/lfr_n5000_o40_m50_s12__highway_native__s73/result.json
lfr_n1000_o00_m20_s12__highway_native__s73,lfr_n1000_o00_m20_s12,highway_native,graph_only_native_K,cpu,1,73,COMPLETED,0.13457491621375084,245760,completed,0.6344485007569393,0.4563982626127631,0.0,,29,SCORED,0.007668000180274248,0.6092218253941458,SCORED,,1.0,32.25,1.0,0.0,,0.0,0.0,,0.0,initial_baseline73_v2,1000,12,development,821213e90ec77ac8424a2f1eda0a0e6cb8b7dba9217b43d703b34f067dab297d,work/plans/baseline73_v2/baselines.json,analysis/baseline73_v2,work/baseline73_v2/lfr_n1000_o00_m20_s12__highway_native__s73/result.json
lfr_n1000_o40_m20_s12__slpa_cdlib__s73,lfr_n1000_o40_m20_s12,slpa_cdlib,graph_only_native_K,cpu,1,73,COMPLETED,0.5237596668303013,52740096,completed,0.6595413692061997,0.8151382823871907,0.5962910128388017,0.415,42,SCORED,0.006747459061443806,0.6847909279686974,SCORED,0.415,0.9580878001932469,32.25,1.0,0.6943521594684385,0.5225,0.5962910128388017,0.47701149425287354,0.415,0.44385026737967914,initial_baseline73_v2,1000,12,development,b110655fab996b66e797594117b662036a79c10b57587b66f41344ff7e5f5b10,work/plans/baseline73_v2/baselines.json,analysis/baseline73_v2,work/baseline73_v2/lfr_n1000_o40_m20_s12__slpa_cdlib__s73/result.json
lfr_n5000_o40_m50_s12__ego_karateclub__s73,lfr_n5000_o40_m50_s12,ego_karateclub,graph_only_native_K,cpu,1,73,COMPLETED,0.7889521247707307,118243328,completed,0.2298387317029538,0.33316666666666667,0.0,0.0,39,SCORED,0.03944649966433644,0.0868444622179958,SCORED,0.0,0.0,29.0,1.0,,0.0,0.0,,0.0,0.0,initial_baseline73_v2,5000,12,development,a4d5adccafffd7e6d399fb6b891010de478c5ca569589bbe3cd0198f2095d767,work/plans/baseline73_v2/baselines.json,analysis/baseline73_v2,work/baseline73_v2/lfr_n5000_o40_m50_s12__ego_karateclub__s73/result.json
lfr_n1000_o40_m50_s11__ego_karateclub_loopless_fix__s73,lfr_n1000_o40_m50_s11,ego_karateclub_loopless_fix,graph_only_native_K,cpu,1,73,COMPLETED,0.5417472501285374,73711616,completed,0.003320200137156826,0.09492969748615253,0.5714285714285714,0.085,4354,SCORED,0.04325354192405939,0.01127678127667139,SCORED,0.085,0.19571833113763448,32.25,1.0,0.4,1.0,0.5714285714285714,0.003642206748794858,0.085,0.006985105290190036,initial_baseline73_v2,1000,11,development,c2a580289d2c174c317ff5d05236a52a38bc2b9468c86a5d90342da21622f7f1,work/plans/baseline73_v2/baselines.json,analysis/baseline73_v2,work/baseline73_v2/lfr_n1000_o40_m50_s11__ego_karateclub_loopless_fix__s73/result.json
lfr_n1000_o00_m50_s11__slpa_cdlib__s73,lfr_n1000_o00_m50_s11,slpa_cdlib,graph_only_native_K,cpu,1,73,COMPLETED,0.5547210830263793,53018624,completed,0.30149512106429943,0.6541411042944786,0.0,,83,SCORED,0.007287458050996065,0.4053360622076009,SCORED,,0.9579770114942529,32.5,1.0,0.0,,0.0,0.0,,0.0,initial_baseline73_v2,1000,11,development,c9da5300026662c691131b6bb6ea5bc9612836e2ee55fa75fb9d37718203da43,work/plans/baseline73_v2/baselines.json,analysis/baseline73_v2,work/baseline73_v2/lfr_n1000_o00_m50_s11__slpa_cdlib__s73/result.json
lfr_n1000_o40_m20_s12__ego_sknetwork_fixed__s73,lfr_n1000_o40_m20_s12,ego_sknetwork_fixed,graph_only_native_K,cpu,1,73,COMPLETED,2.6659887498244643,248283136,completed,0.01446452190383775,0.28420576255845525,0.5730659025787965,0.33,1957,SCORED,0.01937895780429244,0.08127920282504342,SCORED,0.33,0.3346836552635124,32.25,1.0,0.40160642570281124,1.0,0.5730659025787965,0.031213052731142114,0.33,0.057031756318859365,initial_baseline73_v2,1000,12,development,b110655fab996b66e797594117b662036a79c10b57587b66f41344ff7e5f5b10,work/plans/baseline73_v2/baselines.json,analysis/baseline73_v2,work/baseline73_v2/lfr_n1000_o40_m20_s12__ego_sknetwork_fixed__s73/result.json
lfr_n5000_o00_m50_s12__slpa_cdlib__s73,lfr_n5000_o00_m50_s12,slpa_cdlib,graph_only_native_K,cpu,1,73,COMPLETED,2.2487759171053767,73056256,completed,0.42595570885992495,0.832819986310746,0.0,,361,SCORED,0.048635624814778566,0.6575711409372126,SCORED,,0.9367841995496514,28.0,1.0,0.0,,0.0,0.0,,0.0,initial_baseline73_v2,5000,12,development,9c811f86b58592d69e88e29fd6eff0618e39d9d1f4794fa87ba119f25bce2ee5,work/plans/baseline73_v2/baselines.json,analysis/baseline73_v2,work/baseline73_v2/lfr_n5000_o00_m50_s12__slpa_cdlib__s73/result.json
lfr_n5000_o20_m20_s12__bigclam_oracleK__s73,lfr_n5000_o20_m20_s12,bigclam_oracleK,oracle_K,cpu,1,73,COMPLETED,7.333532333374023,86802432,completed,0.9381590758307601,0.9338748984565394,0.8856121537086684,0.903,125,SCORED,0.046619624830782413,0.9223861834528222,SCORED,0.903,0.8837272835811152,29.0,1.0,0.8004846526655897,0.991,0.8856121537086684,0.6893129770992367,0.903,0.7818181818181819,initial_baseline73_v2,5000,12,development,d696c4ebed7dbaf052fdd0cef148d274c4d89f6fdd46db4608fb698928310459,work/plans/baseline73_v2/baselines.json,analysis/baseline73_v2,work/baseline73_v2/lfr_n5000_o20_m20_s12__bigclam_oracleK__s73/result.json
lfr_n1000_o20_m20_s12__bigclam_native__s73,lfr_n1000_o20_m20_s12,bigclam_native,graph_only_native_K,cpu,1,73,COMPLETED,13.22575195832178,76824576,completed,0.8245239027583151,0.8080482897384306,0.6147368421052631,0.575,29,SCORED,0.006734916009008884,0.7766438599345616,SCORED,0.575,1.0,32.5,0.986,0.5309090909090909,0.73,0.6147368421052631,0.38461538461538464,0.575,0.46092184368737477,initial_baseline73_v2,1000,12,development,e3295f93cfd939934501e9c63e20f87691c58a1adec57246eaf0244c644f0975,work/plans/baseline73_v2/baselines.json,analysis/baseline73_v2,work/baseline73_v2/lfr_n1000_o20_m20_s12__bigclam_native__s73/result.json
lfr_n1000_o00_m50_s11__ego_karateclub__s73,lfr_n1000_o00_m50_s11,ego_karateclub,graph_only_native_K,cpu,1,73,COMPLETED,0.22771445801481605,77070336,completed,0.9972194339057661,0.996,,,19,SCORED,0.006046167109161615,0.9879703342974685,SCORED,,1.0,32.5,1.0,,,,,,,initial_baseline73_v2,1000,11,development,c9da5300026662c691131b6bb6ea5bc9612836e2ee55fa75fb9d37718203da43,work/plans/baseline73_v2/baselines.json,analysis/baseline73_v2,work/baseline73_v2/lfr_n1000_o00_m50_s11__ego_karateclub__s73/result.json
lfr_n5000_o00_m50_s11__slpa_cdlib__s73,lfr_n5000_o00_m50_s11,slpa_cdlib,graph_only_native_K,cpu,1,73,COMPLETED,2.2881769998930395,73007104,completed,0.4292232108416202,0.8071266492982604,0.0,,367,SCORED,0.05166433332487941,0.6465420103065813,SCORED,,0.9305831217827273,27.0,1.0,0.0,,0.0,0.0,,0.0,initial_baseline73_v2,5000,11,development,a21da2eb7f2bb0e98d84af95e71dbbc99cc2895b6b338959b09ac2d47cec74d1,work/plans/baseline73_v2/baselines.json,analysis/baseline73_v2,work/baseline73_v2/lfr_n5000_o00_m50_s11__slpa_cdlib__s73/result.json
lfr_n1000_o00_m20_s12__slpa_cdlib__s73,lfr_n1000_o00_m20_s12,slpa_cdlib,graph_only_native_K,cpu,1,73,COMPLETED,0.5102179171517491,51216384,completed,0.972972972972973,0.999000999000999,0.0,,19,SCORED,0.00678833294659853,0.9961740055501136,SCORED,,1.0,32.25,1.0,0.0,,0.0,0.0,,0.0,initial_baseline73_v2,1000,12,development,821213e90ec77ac8424a2f1eda0a0e6cb8b7dba9217b43d703b34f067dab297d,work/plans/baseline73_v2/baselines.json,analysis/baseline73_v2,work/baseline73_v2/lfr_n1000_o00_m20_s12__slpa_cdlib__s73/result.json
lfr_n1000_o00_m20_s11__ego_karateclub_loopless_fix__s73,lfr_n1000_o00_m20_s11,ego_karateclub_loopless_fix,graph_only_native_K,cpu,1,73,COMPLETED,0.29188304115086794,65142784,completed,0.020055527651019842,0.35423308537017356,0.0,,1782,SCORED,0.01592908427119255,0.11687275434578466,SCORED,,0.9638337215295378,32.5,1.0,0.0,,0.0,0.0,,0.0,initial_baseline73_v2,1000,11,development,a35780a9cf45692523fdb1d1201a34875c1096949d372be6c47dbfc73870d261,work/plans/baseline73_v2/baselines.json,analysis/baseline73_v2,work/baseline73_v2/lfr_n1000_o00_m20_s11__ego_karateclub_loopless_fix__s73/result.json
lfr_n5000_o00_m20_s11__highway_python__s73,lfr_n5000_o00_m20_s11,highway_python,graph_only_native_K,cpu,1,73,COMPLETED,0.6227234997786582,77840384,completed,0.4148148148148148,0.5706117781589479,,,28,SCORED,0.03561366721987724,0.37503047062121686,SCORED,,0.0,27.0,0.3992,,,,,,,initial_baseline73_v2,5000,11,development,83c0014ded94a5ae7083c562287d7c194336c812d43477ea984e1da49948b9cd,work/plans/baseline73_v2/baselines.json,analysis/baseline73_v2,work/baseline73_v2/lfr_n5000_o00_m20_s11__highway_python__s73/result.json
lfr_n5000_o20_m20_s11__nocd_graph_oracleK__s73,lfr_n5000_o20_m20_s11,nocd_graph_oracleK,oracle_K,cpu,1,73,COMPLETED,26.406754250172526,728891392,completed,0.37751075155189157,0.46477246477246476,0.34286833855799376,0.308,98,SCORED,0.04565900005400181,0.24648686103846534,SCORED,0.308,0.12187700431006053,27.0,0.9984,0.2132066276803119,0.875,0.34286833855799376,0.048703352308665404,0.308,0.08410704533042053,initial_baseline73_v2,5000,11,development,10633120772bb6c2f4e6e6445293c062b15f160f4ce30890cdf14ebcfe3baea7,work/plans/baseline73_v2/baselines.json,analysis/baseline73_v2,work/baseline73_v2/lfr_n5000_o20_m20_s11__nocd_graph_oracleK__s73/result.json
lfr_n5000_o40_m20_s12__bigclam_oracleK__s73,lfr_n5000_o40_m20_s12,bigclam_oracleK,oracle_K,cpu,1,73,COMPLETED,4.266347167082131,86179840,completed,0.936280396395588,0.9474051339285714,0.9539049438738954,0.934,147,SCORED,0.04963620798662305,0.9251790366404045,SCORED,0.934,0.846316168701173,29.0,1.0,0.9131229995427527,0.9985,0.9539049438738954,0.7996575342465754,0.934,0.8616236162361623,initial_baseline73_v2,5000,12,development,c61ece0036f9fe4b85b260c16c11343db079cf989942f73ba1327d9a0aedc8fe,work/plans/baseline73_v2/baselines.json,analysis/baseline73_v2,work/baseline73_v2/lfr_n5000_o40_m20_s12__bigclam_oracleK__s73/result.json
lfr_n5000_o00_m20_s12__highway_python__s73,lfr_n5000_o00_m20_s12,highway_python,graph_only_native_K,cpu,1,73,COMPLETED,0.6271165423095226,79888384,completed,0.43609022556390975,0.5811577752553916,,,29,SCORED,0.03601441718637943,0.38791917985259305,SCORED,,0.0,28.0,0.4096,,,,,,,initial_baseline73_v2,5000,12,development,9bb415b7ddd37767edc6b2cf20dc4c265f87a0c7d917a1e8166b187815356c7f,work/plans/baseline73_v2/baselines.json,analysis/baseline73_v2,work/baseline73_v2/lfr_n5000_o00_m20_s12__highway_python__s73/result.json
lfr_n1000_o20_m50_s12__highway_native__s73,lfr_n1000_o20_m50_s12,highway_native,graph_only_native_K,cpu,1,73,COMPLETED,0.13632933283224702,245760,completed,0.4164355284127169,0.316387748658036,0.33590402742073694,0.06,29,SCORED,0.006686666049063206,0.15303452246595053,SCORED,0.06,0.5652388183750271,32.5,1.0,0.20268872802481902,0.98,0.33590402742073694,0.012409513960703205,0.06,0.02056555269922879,initial_baseline73_v2,1000,12,development,403a3c26db4d9c5d8e165c3f850837e9e7bb3f9e96dc7f7205beabc0543ee70c,work/plans/baseline73_v2/baselines.json,analysis/baseline73_v2,work/baseline73_v2/lfr_n1000_o20_m50_s12__highway_native__s73/result.json
lfr_n5000_o40_m20_s12__ego_karateclub__s73,lfr_n5000_o40_m20_s12,ego_karateclub,graph_only_native_K,cpu,1,73,COMPLETED,0.7586388341151178,119488512,completed,0.24890828809248347,0.355,0.0,0.0,42,SCORED,0.040054334327578545,0.09659417509169467,SCORED,0.0,0.03160160416563124,29.0,1.0,,0.0,0.0,,0.0,0.0,initial_baseline73_v2,5000,12,development,c61ece0036f9fe4b85b260c16c11343db079cf989942f73ba1327d9a0aedc8fe,work/plans/baseline73_v2/baselines.json,analysis/baseline73_v2,work/baseline73_v2/lfr_n5000_o40_m20_s12__ego_karateclub__s73/result.json
lfr_n5000_o40_m20_s11__slpa_cdlib__s73,lfr_n5000_o40_m20_s11,slpa_cdlib,graph_only_native_K,cpu,1,73,COMPLETED,2.212483874987811,69812224,completed,0.8072521701802482,0.9042435014441236,0.7271142109851787,0.577,195,SCORED,0.050874290987849236,0.8395933975331494,SCORED,0.577,0.9642691281990645,27.0,1.0,0.868147120055517,0.6255,0.7271142109851787,0.7677977378576181,0.577,0.6588638310019983,initial_baseline73_v2,5000,11,development,e5e3c94841b01169042533f6d646204967555f9e0768e12d7ed45875d5492a7b,work/plans/baseline73_v2/baselines.json,analysis/baseline73_v2,work/baseline73_v2/lfr_n5000_o40_m20_s11__slpa_cdlib__s73/result.json
lfr_n5000_o20_m20_s11__slpa_cdlib__s73,lfr_n5000_o20_m20_s11,slpa_cdlib,graph_only_native_K,cpu,1,73,COMPLETED,2.162780167069286,72777728,completed,0.9372540368940119,0.9630889607076033,0.7612535612535613,0.662,139,SCORED,0.04685287503525615,0.9243940731478534,SCORED,0.662,0.979937347828585,27.0,1.0,0.8847682119205298,0.668,0.7612535612535613,0.8733509234828496,0.662,0.7531285551763367,initial_baseline73_v2,5000,11,development,10633120772bb6c2f4e6e6445293c062b15f160f4ce30890cdf14ebcfe3baea7,work/plans/baseline73_v2/baselines.json,analysis/baseline73_v2,work/baseline73_v2/lfr_n5000_o20_m20_s11__slpa_cdlib__s73/result.json
lfr_n1000_o00_m20_s12__ego_karateclub__s73,lfr_n1000_o00_m20_s12,ego_karateclub,graph_only_native_K,cpu,1,73,COMPLETED,0.21211591688916087,376832,completed,1.0,1.0,,,18,SCORED,0.006641291081905365,1.0,SCORED,,1.0,32.25,1.0,,,,,,,initial_baseline73_v2,1000,12,development,821213e90ec77ac8424a2f1eda0a0e6cb8b7dba9217b43d703b34f067dab297d,work/plans/baseline73_v2/baselines.json,analysis/baseline73_v2,work/baseline73_v2/lfr_n1000_o00_m20_s12__ego_karateclub__s73/result.json
lfr_n1000_o00_m20_s11__nocd_graph_oracleK__s73,lfr_n1000_o00_m20_s11,nocd_graph_oracleK,oracle_K,cpu,1,73,COMPLETED,5.5417420831508934,423985152,completed,0.9303931766174328,0.9588638589618022,0.0,,19,SCORED,0.00600083265453577,0.9471230036419714,SCORED,,0.7354940711462451,32.5,1.0,0.0,,0.0,0.0,,0.0,initial_baseline73_v2,1000,11,development,a35780a9cf45692523fdb1d1201a34875c1096949d372be6c47dbfc73870d261,work/plans/baseline73_v2/baselines.json,analysis/baseline73_v2,work/baseline73_v2/lfr_n1000_o00_m20_s11__nocd_graph_oracleK__s73/result.json
lfr_n1000_o40_m50_s12__ego_sknetwork_fixed__s73,lfr_n1000_o40_m50_s12,ego_sknetwork_fixed,graph_only_native_K,cpu,1,73,COMPLETED,2.679019832983613,253460480,completed,0.0035652795180769726,0.09709918360257078,0.5714285714285714,0.095,4229,SCORED,0.038400250021368265,0.008384903808350448,SCORED,0.095,0.21049456634174243,32.25,1.0,0.4,1.0,0.5714285714285714,0.004169409699363616,0.095,0.007988227874710952,initial_baseline73_v2,1000,12,development,f6f8bf8a5134cdf18e38d9071370d0760a8003ce42977c8500f29ae6c4142fad,work/plans/baseline73_v2/baselines.json,analysis/baseline73_v2,work/baseline73_v2/lfr_n1000_o40_m50_s12__ego_sknetwork_fixed__s73/result.json
lfr_n5000_o20_m50_s11__highway_python__s73,lfr_n5000_o20_m50_s11,highway_python,graph_only_native_K,cpu,1,73,COMPLETED,0.8501358754001558,82804736,completed,0.08293599813388486,0.16564593301435407,0.3333333333333333,0.031,30,SCORED,0.041011166758835316,0.0,SCORED,0.031,0.0,27.0,1.0,0.2,1.0,0.3333333333333333,0.0031313131313131315,0.031,0.005688073394495413,initial_baseline73_v2,5000,11,development,042577b3a9f9781ab87a53c6bccd8139197f7c2166d0fb257b724a958c7c8cbe,work/plans/baseline73_v2/baselines.json,analysis/baseline73_v2,work/baseline73_v2/lfr_n5000_o20_m50_s11__highway_python__s73/result.json
lfr_n5000_o40_m20_s11__bigclam_oracleK__s73,lfr_n5000_o40_m20_s11,bigclam_oracleK,oracle_K,cpu,1,73,COMPLETED,5.244378208182752,84688896,completed,0.9064270053662644,0.9229592546238353,0.9415399239543726,0.8905,149,SCORED,0.0516203329898417,0.8978807339882728,SCORED,0.8905,0.7963716031085376,27.0,1.0,0.8971920289855072,0.9905,0.9415399239543726,0.7476910159529807,0.8905,0.8128708352350524,initial_baseline73_v2,5000,11,development,e5e3c94841b01169042533f6d646204967555f9e0768e12d7ed45875d5492a7b,work/plans/baseline73_v2/baselines.json,analysis/baseline73_v2,work/baseline73_v2/lfr_n5000_o40_m20_s11__bigclam_oracleK__s73/result.json
lfr_n5000_o40_m20_s11__highway_python__s73,lfr_n5000_o40_m20_s11,highway_python,graph_only_native_K,cpu,1,73,COMPLETED,0.8389465832151473,80150528,completed,0.07400844218192308,0.15045502355147025,0.5714285714285714,0.0255,30,SCORED,0.042007040698081255,0.003991871519981564,SCORED,0.0255,0.0,27.0,1.0,0.4,1.0,0.5714285714285714,0.005168744299179082,0.0255,0.008595264177972529,initial_baseline73_v2,5000,11,development,e5e3c94841b01169042533f6d646204967555f9e0768e12d7ed45875d5492a7b,work/plans/baseline73_v2/baselines.json,analysis/baseline73_v2,work/baseline73_v2/lfr_n5000_o40_m20_s11__highway_python__s73/result.json
lfr_n5000_o00_m50_s11__highway_python__s73,lfr_n5000_o00_m50_s11,highway_python,graph_only_native_K,cpu,1,73,COMPLETED,0.80131566664204,82395136,completed,0.13573155137252568,0.234551924943384,0.0,,30,SCORED,0.04223704198375344,0.009522895514267837,SCORED,,0.0,27.0,0.9538,0.0,,0.0,0.0,,0.0,initial_baseline73_v2,5000,11,development,a21da2eb7f2bb0e98d84af95e71dbbc99cc2895b6b338959b09ac2d47cec74d1,work/plans/baseline73_v2/baselines.json,analysis/baseline73_v2,work/baseline73_v2/lfr_n5000_o00_m50_s11__highway_python__s73/result.json
lfr_n5000_o20_m50_s11__slpa_cdlib__s73,lfr_n5000_o20_m50_s11,slpa_cdlib,graph_only_native_K,cpu,1,73,COMPLETED,2.4021251248195767,73154560,completed,0.36254631707979057,0.7079342387419585,0.41701870850935424,0.35,482,SCORED,0.05937862489372492,0.5080859048266535,SCORED,0.35,0.8631757618454042,27.0,1.0,0.2986171132238548,0.691,0.41701870850935424,0.11705685618729098,0.35,0.17543859649122806,initial_baseline73_v2,5000,11,development,042577b3a9f9781ab87a53c6bccd8139197f7c2166d0fb257b724a958c7c8cbe,work/plans/baseline73_v2/baselines.json,analysis/baseline73_v2,work/baseline73_v2/lfr_n5000_o20_m50_s11__slpa_cdlib__s73/result.json
lfr_n1000_o40_m20_s11__ego_karateclub_loopless_fix__s73,lfr_n1000_o40_m20_s11,ego_karateclub_loopless_fix,graph_only_native_K,cpu,1,73,COMPLETED,0.3385588340461254,66158592,completed,0.01343404588946879,0.2801086628433444,0.5718370264474625,0.3225,1950,SCORED,0.02025679126381874,0.0797507645905014,SCORED,0.3225,0.2564957766659052,32.25,1.0,0.4004004004004004,1.0,0.5718370264474625,0.03052531945101751,0.3225,0.055771725032425425,initial_baseline73_v2,1000,11,development,cfd1429b346f9fe0e517cfdf747133a08aa2d127fb3f5cef15e5f948777b5a72,work/plans/baseline73_v2/baselines.json,analysis/baseline73_v2,work/baseline73_v2/lfr_n1000_o40_m20_s11__ego_karateclub_loopless_fix__s73/result.json
lfr_n5000_o20_m50_s12__slpa_cdlib__s73,lfr_n5000_o20_m50_s12,slpa_cdlib,graph_only_native_K,cpu,1,73,COMPLETED,2.317960458341986,70631424,completed,0.35767945412789875,0.7466007416563659,0.44221105527638194,0.391,483,SCORED,0.057113042101264,0.5446792367091681,SCORED,0.391,0.8700290745413444,29.0,1.0,0.32234432234432236,0.704,0.44221105527638194,0.14202687976752634,0.391,0.20836664002131627,initial_baseline73_v2,5000,12,development,c907a9b0df2fd832ea4e459b6bdbc3d4a56e28eed0e2628be61c7bd960b2ceec,work/plans/baseline73_v2/baselines.json,analysis/baseline73_v2,work/baseline73_v2/lfr_n5000_o20_m50_s12__slpa_cdlib__s73/result.json
lfr_n1000_o20_m50_s11__highway_python__s73,lfr_n1000_o20_m50_s11,highway_python,graph_only_native_K,cpu,1,73,COMPLETED,0.2676141248084605,54116352,completed,0.433120370000256,0.38939321548017203,0.3333333333333333,0.15,30,SCORED,0.008020249661058187,0.1273819526417525,SCORED,0.15,0.39892232767232766,30.75,1.0,0.2,1.0,0.3333333333333333,0.015105740181268883,0.15,0.027447392497712716,initial_baseline73_v2,1000,11,development,5655a0fb6e603038468724cf7784c1d74c61d0636dae30d9c3afb214deace494,work/plans/baseline73_v2/baselines.json,analysis/baseline73_v2,work/baseline73_v2/lfr_n1000_o20_m50_s11__highway_python__s73/result.json
lfr_n5000_o40_m20_s11__ego_karateclub_loopless_fix__s73,lfr_n5000_o40_m20_s11,ego_karateclub_loopless_fix,graph_only_native_K,cpu,1,73,COMPLETED,1.41891337512061,137805824,completed,0.009809531824952745,0.20226010342846198,0.5714285714285714,0.241,11390,SCORED,0.35205866675823927,0.0643948519693732,SCORED,0.241,0.4453831363503474,27.0,1.0,0.4,1.0,0.5714285714285714,0.01963580070884426,0.241,0.036312954382792785,initial_baseline73_v2,5000,11,development,e5e3c94841b01169042533f6d646204967555f9e0768e12d7ed45875d5492a7b,work/plans/baseline73_v2/baselines.json,analysis/baseline73_v2,work/baseline73_v2/lfr_n5000_o40_m20_s11__ego_karateclub_loopless_fix__s73/result.json
lfr_n5000_o20_m20_s12__ego_sknetwork_fixed__s73,lfr_n5000_o20_m20_s12,ego_sknetwork_fixed,graph_only_native_K,cpu,1,73,COMPLETED,2.981603083666414,273367040,completed,0.013203678155190832,0.2483932178490543,0.33344448149383127,0.421,10386,SCORED,0.2741739167831838,0.0945865793020712,SCORED,0.421,0.5909746597779245,29.0,1.0,0.2000800320128051,1.0,0.33344448149383127,0.019424194887884102,0.421,0.037135044544412105,initial_baseline73_v2,5000,12,development,d696c4ebed7dbaf052fdd0cef148d274c4d89f6fdd46db4608fb698928310459,work/plans/baseline73_v2/baselines.json,analysis/baseline73_v2,work/baseline73_v2/lfr_n5000_o20_m20_s12__ego_sknetwork_fixed__s73/result.json
lfr_n1000_o40_m50_s12__bigclam_oracleK__s73,lfr_n1000_o40_m50_s12,bigclam_oracleK,oracle_K,cpu,1,73,COMPLETED,1.579527124762535,60555264,completed,0.7207674152669525,0.6822429906542056,0.5119236883942766,0.26,26,SCORED,0.007847834378480911,0.4532466479251691,SCORED,0.26,0.7890856610461474,32.25,0.886,0.7030567685589519,0.4025,0.5119236883942766,0.36879432624113473,0.26,0.30498533724340177,initial_baseline73_v2,1000,12,development,f6f8bf8a5134cdf18e38d9071370d0760a8003ce42977c8500f29ae6c4142fad,work/plans/baseline73_v2/baselines.json,analysis/baseline73_v2,work/baseline73_v2/lfr_n1000_o40_m50_s12__bigclam_oracleK__s73/result.json
lfr_n5000_o00_m20_s12__slpa_cdlib__s73,lfr_n5000_o00_m20_s12,slpa_cdlib,graph_only_native_K,cpu,1,73,COMPLETED,2.117384749930352,69648384,completed,0.9717885575829501,0.9982032341784788,0.0,,110,SCORED,0.041336874943226576,0.9944420722988769,SCORED,,1.0,28.0,1.0,0.0,,0.0,0.0,,0.0,initial_baseline73_v2,5000,12,development,9bb415b7ddd37767edc6b2cf20dc4c265f87a0c7d917a1e8166b187815356c7f,work/plans/baseline73_v2/baselines.json,analysis/baseline73_v2,work/baseline73_v2/lfr_n5000_o00_m20_s12__slpa_cdlib__s73/result.json
lfr_n5000_o00_m50_s12__ego_sknetwork_defaults_fixed__s73,lfr_n5000_o00_m50_s12,ego_sknetwork_defaults_fixed,graph_only_native_K,cpu,1,73,COMPLETED,4.729024208150804,284475392,completed,0.7667859799697184,0.8017872421332827,0.0,,101,SCORED,0.04104637494310737,0.7106596449359417,SCORED,,0.7674305610768543,28.0,0.9596,0.0,,0.0,0.0,,0.0,existing_ego_controls73_v1,5000,12,development,9c811f86b58592d69e88e29fd6eff0618e39d9d1f4794fa87ba119f25bce2ee5,work/plans/ego_controls73_v1/controls.json,analysis/ego_controls73_v1,work/ego_controls73_v1/lfr_n5000_o00_m50_s12__ego_sknetwork_defaults_fixed__s73/result.json
lfr_n1000_o20_m20_s11__ego_sknetwork_CC_Louvain_min5__s73,lfr_n1000_o20_m20_s11,ego_sknetwork_CC_Louvain_min5,graph_only_native_K,cpu,1,73,COMPLETED,2.5280733332037926,244711424,completed,0.6573529582243324,0.728251864125932,0.6212121212121212,0.285,16,SCORED,0.007927624974399805,0.5856764303747621,SCORED,0.285,0.32235621521335805,30.75,0.999,0.6275510204081632,0.615,0.6212121212121212,0.2651162790697674,0.285,0.2746987951807229,existing_ego_controls73_v1,1000,11,development,b9ec7da4aa6e47601b73592baf154d2326fe95f36c4fe05faf59857cae26b7b0,work/plans/ego_controls73_v1/controls.json,analysis/ego_controls73_v1,work/ego_controls73_v1/lfr_n1000_o20_m20_s11__ego_sknetwork_CC_Louvain_min5__s73/result.json
lfr_n5000_o20_m20_s12__ego_sknetwork_defaults_fixed__s73,lfr_n5000_o20_m20_s12,ego_sknetwork_defaults_fixed,graph_only_native_K,cpu,1,73,COMPLETED,4.344718457665294,273268736,completed,0.8936316306583895,0.8909405654933641,0.909702209414025,0.782,110,SCORED,0.04331966582685709,0.8604090815754792,SCORED,0.782,0.8471420785432415,29.0,1.0,0.8752310536044362,0.947,0.909702209414025,0.6914235190097259,0.782,0.7339277334584702,existing_ego_controls73_v1,5000,12,development,d696c4ebed7dbaf052fdd0cef148d274c4d89f6fdd46db4608fb698928310459,work/plans/ego_controls73_v1/controls.json,analysis/ego_controls73_v1,work/ego_controls73_v1/lfr_n5000_o20_m20_s12__ego_sknetwork_defaults_fixed__s73/result.json
lfr_n1000_o40_m50_s11__ego_sknetwork_defaults_fixed__s73,lfr_n1000_o40_m50_s11,ego_sknetwork_defaults_fixed,graph_only_native_K,cpu,1,73,COMPLETED,2.8765586246736348,252592128,completed,0.37086846997480205,0.46296296296296297,0.5231431646932185,0.17,31,SCORED,0.007287874817848206,0.18524059796216114,SCORED,0.17,0.4013335250887378,32.25,0.946,0.45935727788279773,0.6075,0.5231431646932185,0.08651399491094147,0.17,0.11467116357504216,existing_ego_controls73_v1,1000,11,development,c2a580289d2c174c317ff5d05236a52a38bc2b9468c86a5d90342da21622f7f1,work/plans/ego_controls73_v1/controls.json,analysis/ego_controls73_v1,work/ego_controls73_v1/lfr_n1000_o40_m50_s11__ego_sknetwork_defaults_fixed__s73/result.json
lfr_n1000_o20_m50_s11__ego_sknetwork_CC_Louvain_min5__s73,lfr_n1000_o20_m50_s11,ego_sknetwork_CC_Louvain_min5,graph_only_native_K,cpu,1,73,COMPLETED,2.549180333968252,244678656,completed,0.38015080097980664,0.49703703703703705,0.3704918032786885,0.155,20,SCORED,0.00698562478646636,0.2949011217839833,SCORED,0.155,0.07865168539325842,30.75,0.961,0.275609756097561,0.565,0.3704918032786885,0.0575139146567718,0.155,0.08389715832205684,existing_ego_controls73_v1,1000,11,development,5655a0fb6e603038468724cf7784c1d74c61d0636dae30d9c3afb214deace494,work/plans/ego_controls73_v1/controls.json,analysis/ego_controls73_v1,work/ego_controls73_v1/lfr_n1000_o20_m50_s11__ego_sknetwork_CC_Louvain_min5__s73/result.json
lfr_n1000_o00_m50_s12__ego_sknetwork_defaults_fixed__s73,lfr_n1000_o00_m50_s12,ego_sknetwork_defaults_fixed,graph_only_native_K,cpu,1,73,COMPLETED,2.854601875413209,251183104,completed,0.6902937127346075,0.726904376012966,0.0,,19,SCORED,0.011200665961951017,0.4604290980832205,SCORED,,0.6553065894550041,32.25,0.962,0.0,,0.0,0.0,,0.0,existing_ego_controls73_v1,1000,12,development,898f0fd80f831cccb10fec496f1dfbefac4c51abd860619b57c40c9819791ec0,work/plans/ego_controls73_v1/controls.json,analysis/ego_controls73_v1,work/ego_controls73_v1/lfr_n1000_o00_m50_s12__ego_sknetwork_defaults_fixed__s73/result.json
lfr_n1000_o40_m20_s12__ego_sknetwork_defaults_fixed__s73,lfr_n1000_o40_m20_s12,ego_sknetwork_defaults_fixed,graph_only_native_K,cpu,1,73,COMPLETED,2.98906029202044,244531200,completed,0.7841561389969744,0.7809323519102699,0.8287841191066998,0.5625,21,SCORED,0.006526916287839413,0.6703636244218674,SCORED,0.5625,0.8135095071809831,32.25,0.999,0.8226600985221675,0.835,0.8287841191066998,0.4955947136563877,0.5625,0.5269320843091335,existing_ego_controls73_v1,1000,12,development,b110655fab996b66e797594117b662036a79c10b57587b66f41344ff7e5f5b10,work/plans/ego_controls73_v1/controls.json,analysis/ego_controls73_v1,work/ego_controls73_v1/lfr_n1000_o40_m20_s12__ego_sknetwork_defaults_fixed__s73/result.json
lfr_n5000_o20_m50_s12__ego_sknetwork_CC_Louvain_min5__s73,lfr_n5000_o20_m50_s12,ego_sknetwork_CC_Louvain_min5,graph_only_native_K,cpu,1,73,COMPLETED,2.9724801662378013,277446656,completed,0.5317383827260682,0.5526050420168067,0.5382716049382716,0.207,80,SCORED,0.03927516704425216,0.3643386470688904,SCORED,0.207,0.4539866033102605,29.0,0.94,0.5317073170731708,0.545,0.5382716049382716,0.1725,0.207,0.18818181818181817,existing_ego_controls73_v1,5000,12,development,c907a9b0df2fd832ea4e459b6bdbc3d4a56e28eed0e2628be61c7bd960b2ceec,work/plans/ego_controls73_v1/controls.json,analysis/ego_controls73_v1,work/ego_controls73_v1/lfr_n5000_o20_m50_s12__ego_sknetwork_CC_Louvain_min5__s73/result.json
lfr_n5000_o20_m50_s11__ego_sknetwork_CC_Louvain_min5__s73,lfr_n5000_o20_m50_s11,ego_sknetwork_CC_Louvain_min5,graph_only_native_K,cpu,1,73,COMPLETED,2.876951166894287,281378816,completed,0.47030832054480276,0.5052894627238651,0.5254716981132076,0.157,87,SCORED,0.04182354221120477,0.3168323710991802,SCORED,0.157,0.4450701976848024,27.0,0.9392,0.4973214285714286,0.557,0.5254716981132076,0.119938884644767,0.157,0.13598960588999567,existing_ego_controls73_v1,5000,11,development,042577b3a9f9781ab87a53c6bccd8139197f7c2166d0fb257b724a958c7c8cbe,work/plans/ego_controls73_v1/controls.json,analysis/ego_controls73_v1,work/ego_controls73_v1/lfr_n5000_o20_m50_s11__ego_sknetwork_CC_Louvain_min5__s73/result.json
lfr_n5000_o40_m50_s12__ego_sknetwork_defaults_fixed__s73,lfr_n5000_o40_m50_s12,ego_sknetwork_defaults_fixed,graph_only_native_K,cpu,1,73,COMPLETED,4.310141250025481,286572544,completed,0.4706268621622229,0.504822182037372,0.5862470862470862,0.1665,111,SCORED,0.04445329075679183,0.2654679362176487,SCORED,0.1665,0.41701166887172597,29.0,0.9038,0.702513966480447,0.503,0.5862470862470862,0.18996006845407873,0.1665,0.1774580335731415,existing_ego_controls73_v1,5000,12,development,a4d5adccafffd7e6d399fb6b891010de478c5ca569589bbe3cd0198f2095d767,work/plans/ego_controls73_v1/controls.json,analysis/ego_controls73_v1,work/ego_controls73_v1/lfr_n5000_o40_m50_s12__ego_sknetwork_defaults_fixed__s73/result.json
lfr_n5000_o00_m20_s11__ego_sknetwork_defaults_fixed__s73,lfr_n5000_o00_m20_s11,ego_sknetwork_defaults_fixed,graph_only_native_K,cpu,1,73,COMPLETED,4.3994709169492126,272285696,completed,0.9825920654619138,0.9814522494080505,0.0,,106,SCORED,0.04222054174169898,0.9534270993596016,SCORED,,0.9621321383739847,27.0,1.0,0.0,,0.0,0.0,,0.0,existing_ego_controls73_v1,5000,11,development,83c0014ded94a5ae7083c562287d7c194336c812d43477ea984e1da49948b9cd,work/plans/ego_controls73_v1/controls.json,analysis/ego_controls73_v1,work/ego_controls73_v1/lfr_n5000_o00_m20_s11__ego_sknetwork_defaults_fixed__s73/result.json
lfr_n5000_o40_m50_s11__ego_sknetwork_defaults_fixed__s73,lfr_n5000_o40_m50_s11,ego_sknetwork_defaults_fixed,graph_only_native_K,cpu,1,73,COMPLETED,4.323879707604647,289914880,completed,0.4231484697561214,0.4847794731648068,0.5669891527411316,0.154,116,SCORED,0.046391541603952646,0.23695013039468843,SCORED,0.154,0.2983777412118615,27.0,0.8932,0.6853295535081503,0.4835,0.5669891527411316,0.18043350908025776,0.154,0.1661721068249258,existing_ego_controls73_v1,5000,11,development,79b9f441f15a9bd642d27166eaea695a2f5641b670c084ca99bd4fcfd8cdf6f6,work/plans/ego_controls73_v1/controls.json,analysis/ego_controls73_v1,work/ego_controls73_v1/lfr_n5000_o40_m50_s11__ego_sknetwork_defaults_fixed__s73/result.json
lfr_n1000_o40_m20_s11__ego_sknetwork_defaults_fixed__s73,lfr_n1000_o40_m20_s11,ego_sknetwork_defaults_fixed,graph_only_native_K,cpu,1,73,COMPLETED,2.8799931658431888,249004032,completed,0.8237857826763921,0.835530881332408,0.8345498783454988,0.655,22,SCORED,0.007369207683950663,0.7184099796082064,SCORED,0.655,0.6714954706868453,32.25,0.999,0.8127962085308057,0.8575,0.8345498783454988,0.5424430641821946,0.655,0.5934314835787089,existing_ego_controls73_v1,1000,11,development,cfd1429b346f9fe0e517cfdf747133a08aa2d127fb3f5cef15e5f948777b5a72,work/plans/ego_controls73_v1/controls.json,analysis/ego_controls73_v1,work/ego_controls73_v1/lfr_n1000_o40_m20_s11__ego_sknetwork_defaults_fixed__s73/result.json
lfr_n1000_o00_m50_s11__ego_sknetwork_defaults_fixed__s73,lfr_n1000_o00_m50_s11,ego_sknetwork_defaults_fixed,graph_only_native_K,cpu,1,73,COMPLETED,2.8725587921217084,249806848,completed,0.6536402541535601,0.717948717948718,0.0,,22,SCORED,0.006190167274326086,0.45139663856066436,SCORED,,0.6091892091655202,32.5,0.968,0.0,,0.0,0.0,,0.0,existing_ego_controls73_v1,1000,11,development,c9da5300026662c691131b6bb6ea5bc9612836e2ee55fa75fb9d37718203da43,work/plans/ego_controls73_v1/controls.json,analysis/ego_controls73_v1,work/ego_controls73_v1/lfr_n1000_o00_m50_s11__ego_sknetwork_defaults_fixed__s73/result.json
lfr_n1000_o20_m20_s11__ego_sknetwork_defaults_fixed__s73,lfr_n1000_o20_m20_s11,ego_sknetwork_defaults_fixed,graph_only_native_K,cpu,1,73,COMPLETED,2.879413957707584,246218752,completed,0.9173188844125698,0.9257922182109908,0.7939262472885033,0.85,23,SCORED,0.010835416615009308,0.8235819255160667,SCORED,0.85,0.8004670014381793,30.75,0.999,0.7011494252873564,0.915,0.7939262472885033,0.5782312925170068,0.85,0.6882591093117408,existing_ego_controls73_v1,1000,11,development,b9ec7da4aa6e47601b73592baf154d2326fe95f36c4fe05faf59857cae26b7b0,work/plans/ego_controls73_v1/controls.json,analysis/ego_controls73_v1,work/ego_controls73_v1/lfr_n1000_o20_m20_s11__ego_sknetwork_defaults_fixed__s73/result.json
lfr_n1000_o00_m20_s11__ego_sknetwork_defaults_fixed__s73,lfr_n1000_o00_m20_s11,ego_sknetwork_defaults_fixed,graph_only_native_K,cpu,1,73,COMPLETED,2.8548145410604775,246972416,completed,0.9487360494840329,0.9433962264150944,0.0,,19,SCORED,0.005738749634474516,0.8338127373962531,SCORED,,0.9608500385458548,32.5,1.0,0.0,,0.0,0.0,,0.0,existing_ego_controls73_v1,1000,11,development,a35780a9cf45692523fdb1d1201a34875c1096949d372be6c47dbfc73870d261,work/plans/ego_controls73_v1/controls.json,analysis/ego_controls73_v1,work/ego_controls73_v1/lfr_n1000_o00_m20_s11__ego_sknetwork_defaults_fixed__s73/result.json
lfr_n1000_o00_m50_s12__ego_sknetwork_CC_Louvain_min5__s73,lfr_n1000_o00_m50_s12,ego_sknetwork_CC_Louvain_min5,graph_only_native_K,cpu,1,73,COMPLETED,2.57457470940426,243154944,completed,0.7735654434758098,0.769811320754717,0.0,,19,SCORED,0.006424332968890667,0.5176597841490859,SCORED,,0.870484544695071,32.25,0.965,0.0,,0.0,0.0,,0.0,existing_ego_controls73_v1,1000,12,development,898f0fd80f831cccb10fec496f1dfbefac4c51abd860619b57c40c9819791ec0,work/plans/ego_controls73_v1/controls.json,analysis/ego_controls73_v1,work/ego_controls73_v1/lfr_n1000_o00_m50_s12__ego_sknetwork_CC_Louvain_min5__s73/result.json
lfr_n5000_o40_m20_s11__ego_sknetwork_CC_Louvain_min5__s73,lfr_n5000_o40_m20_s11,ego_sknetwork_CC_Louvain_min5,graph_only_native_K,cpu,1,73,COMPLETED,2.9731980836950243,265584640,completed,0.4711317042518814,0.5211430220811084,0.8888888888888888,0.229,65,SCORED,0.041200249921530485,0.39053359039855684,SCORED,0.229,0.3881375006083501,27.0,0.9994,0.941307993292342,0.842,0.8888888888888888,0.246104245029554,0.229,0.23724423724423724,existing_ego_controls73_v1,5000,11,development,e5e3c94841b01169042533f6d646204967555f9e0768e12d7ed45875d5492a7b,work/plans/ego_controls73_v1/controls.json,analysis/ego_controls73_v1,work/ego_controls73_v1/lfr_n5000_o40_m20_s11__ego_sknetwork_CC_Louvain_min5__s73/result.json
lfr_n1000_o40_m50_s12__ego_sknetwork_defaults_fixed__s73,lfr_n1000_o40_m50_s12,ego_sknetwork_defaults_fixed,graph_only_native_K,cpu,1,73,COMPLETED,2.886402875185013,249495552,completed,0.3281786840489453,0.4099142040038132,0.5398230088495575,0.155,31,SCORED,0.007834750227630138,0.15970853996705253,SCORED,0.155,0.3345954822766619,32.25,0.937,0.48412698412698413,0.61,0.5398230088495575,0.07654320987654321,0.155,0.1024793388429752,existing_ego_controls73_v1,1000,12,development,f6f8bf8a5134cdf18e38d9071370d0760a8003ce42977c8500f29ae6c4142fad,work/plans/ego_controls73_v1/controls.json,analysis/ego_controls73_v1,work/ego_controls73_v1/lfr_n1000_o40_m50_s12__ego_sknetwork_defaults_fixed__s73/result.json
lfr_n1000_o40_m50_s12__ego_sknetwork_CC_Louvain_min5__s73,lfr_n1000_o40_m50_s12,ego_sknetwork_CC_Louvain_min5,graph_only_native_K,cpu,1,73,COMPLETED,2.6186397499404848,253313024,completed,0.26794889074432016,0.35977050286871415,0.5295508274231678,0.085,25,SCORED,0.0063316673040390015,0.10477896976406224,SCORED,0.085,0.15737805297892365,32.25,0.94,0.5022421524663677,0.56,0.5295508274231678,0.05457463884430177,0.085,0.06647116324535679,existing_ego_controls73_v1,1000,12,development,f6f8bf8a5134cdf18e38d9071370d0760a8003ce42977c8500f29ae6c4142fad,work/plans/ego_controls73_v1/controls.json,analysis/ego_controls73_v1,work/ego_controls73_v1/lfr_n1000_o40_m50_s12__ego_sknetwork_CC_Louvain_min5__s73/result.json
lfr_n1000_o20_m20_s12__ego_sknetwork_defaults_fixed__s73,lfr_n1000_o20_m20_s12,ego_sknetwork_defaults_fixed,graph_only_native_K,cpu,1,73,COMPLETED,2.889791874680668,246562816,completed,0.921973913181517,0.9268488745980707,0.7619047619047619,0.83,22,SCORED,0.011819667182862759,0.8183718065446406,SCORED,0.83,0.8117227106814197,32.5,1.0,0.6717557251908397,0.88,0.7619047619047619,0.5763888888888888,0.83,0.680327868852459,existing_ego_controls73_v1,1000,12,development,e3295f93cfd939934501e9c63e20f87691c58a1adec57246eaf0244c644f0975,work/plans/ego_controls73_v1/controls.json,analysis/ego_controls73_v1,work/ego_controls73_v1/lfr_n1000_o20_m20_s12__ego_sknetwork_defaults_fixed__s73/result.json
lfr_n1000_o40_m50_s11__ego_sknetwork_CC_Louvain_min5__s73,lfr_n1000_o40_m50_s11,ego_sknetwork_CC_Louvain_min5,graph_only_native_K,cpu,1,73,COMPLETED,2.568456083070487,242171904,completed,0.26089232608889673,0.3619631901840491,0.4959254947613504,0.0575,22,SCORED,0.006307457573711872,0.11061794055010854,SCORED,0.0575,0.15419472439402843,32.25,0.95,0.46405228758169936,0.5325,0.4959254947613504,0.039383561643835614,0.0575,0.046747967479674794,existing_ego_controls73_v1,1000,11,development,c2a580289d2c174c317ff5d05236a52a38bc2b9468c86a5d90342da21622f7f1,work/plans/ego_controls73_v1/controls.json,analysis/ego_controls73_v1,work/ego_controls73_v1/lfr_n1000_o40_m50_s11__ego_sknetwork_CC_Louvain_min5__s73/result.json
lfr_n1000_o20_m50_s11__ego_sknetwork_defaults_fixed__s73,lfr_n1000_o20_m50_s11,ego_sknetwork_defaults_fixed,graph_only_native_K,cpu,1,73,COMPLETED,2.880447540897876,248856576,completed,0.40942640653239065,0.4987619384506544,0.37910447761194027,0.185,22,SCORED,0.006424499675631523,0.2866687611729434,SCORED,0.185,0.31029815561674307,30.75,0.959,0.2702127659574468,0.635,0.37910447761194027,0.05538922155688623,0.185,0.08525345622119816,existing_ego_controls73_v1,1000,11,development,5655a0fb6e603038468724cf7784c1d74c61d0636dae30d9c3afb214deace494,work/plans/ego_controls73_v1/controls.json,analysis/ego_controls73_v1,work/ego_controls73_v1/lfr_n1000_o20_m50_s11__ego_sknetwork_defaults_fixed__s73/result.json
lfr_n5000_o00_m50_s11__ego_sknetwork_defaults_fixed__s73,lfr_n5000_o00_m50_s11,ego_sknetwork_defaults_fixed,graph_only_native_K,cpu,1,73,COMPLETED,4.4360933331772685,280395776,completed,0.7814820684347101,0.8209408194233687,0.0,,102,SCORED,0.03891020780429244,0.7058851558036778,SCORED,,0.7266823168481712,27.0,0.9566,0.0,,0.0,0.0,,0.0,existing_ego_controls73_v1,5000,11,development,a21da2eb7f2bb0e98d84af95e71dbbc99cc2895b6b338959b09ac2d47cec74d1,work/plans/ego_controls73_v1/controls.json,analysis/ego_controls73_v1,work/ego_controls73_v1/lfr_n5000_o00_m50_s11__ego_sknetwork_defaults_fixed__s73/result.json
lfr_n1000_o20_m20_s12__ego_sknetwork_CC_Louvain_min5__s73,lfr_n1000_o20_m20_s12,ego_sknetwork_CC_Louvain_min5,graph_only_native_K,cpu,1,73,COMPLETED,2.596309832762927,240812032,completed,0.6563536138839757,0.7498963085856492,0.6015037593984962,0.32,15,SCORED,0.006456582807004452,0.5881836798975797,SCORED,0.32,0.0,32.5,1.0,0.6030150753768844,0.6,0.6015037593984962,0.3033175355450237,0.32,0.31143552311435524,existing_ego_controls73_v1,1000,12,development,e3295f93cfd939934501e9c63e20f87691c58a1adec57246eaf0244c644f0975,work/plans/ego_controls73_v1/controls.json,analysis/ego_controls73_v1,work/ego_controls73_v1/lfr_n1000_o20_m20_s12__ego_sknetwork_CC_Louvain_min5__s73/result.json
lfr_n5000_o20_m20_s12__ego_sknetwork_CC_Louvain_min5__s73,lfr_n5000_o20_m20_s12,ego_sknetwork_CC_Louvain_min5,graph_only_native_K,cpu,1,73,COMPLETED,2.87935541709885,268271616,completed,0.6524323463419376,0.6627336933942667,0.8688688688688688,0.386,77,SCORED,0.03932783333584666,0.6034377246624525,SCORED,0.386,0.5375135676627723,29.0,1.0,0.8697394789579158,0.868,0.8688688688688688,0.37294685990338167,0.386,0.37936117936117936,existing_ego_controls73_v1,5000,12,development,d696c4ebed7dbaf052fdd0cef148d274c4d89f6fdd46db4608fb698928310459,work/plans/ego_controls73_v1/controls.json,analysis/ego_controls73_v1,work/ego_controls73_v1/lfr_n5000_o20_m20_s12__ego_sknetwork_CC_Louvain_min5__s73/result.json
lfr_n5000_o40_m20_s12__ego_sknetwork_defaults_fixed__s73,lfr_n5000_o40_m20_s12,ego_sknetwork_defaults_fixed,graph_only_native_K,cpu,1,73,COMPLETED,4.433570209424943,267206656,completed,0.7228213949607728,0.7493739715246477,0.92173017507724,0.5295,100,SCORED,0.04358537495136261,0.6693310287019586,SCORED,0.5295,0.49875190068414077,29.0,0.9994,0.9501061571125266,0.895,0.92173017507724,0.5348484848484848,0.5295,0.5321608040201005,existing_ego_controls73_v1,5000,12,development,c61ece0036f9fe4b85b260c16c11343db079cf989942f73ba1327d9a0aedc8fe,work/plans/ego_controls73_v1/controls.json,analysis/ego_controls73_v1,work/ego_controls73_v1/lfr_n5000_o40_m20_s12__ego_sknetwork_defaults_fixed__s73/result.json
lfr_n1000_o00_m50_s11__ego_sknetwork_CC_Louvain_min5__s73,lfr_n1000_o00_m50_s11,ego_sknetwork_CC_Louvain_min5,graph_only_native_K,cpu,1,73,COMPLETED,2.5809118752367795,241991680,completed,0.701042674904723,0.7560674619498149,0.0,,21,SCORED,0.006548083852976561,0.5094819072324451,SCORED,,0.6120330190414155,32.5,0.97,0.0,,0.0,0.0,,0.0,existing_ego_controls73_v1,1000,11,development,c9da5300026662c691131b6bb6ea5bc9612836e2ee55fa75fb9d37718203da43,work/plans/ego_controls73_v1/controls.json,analysis/ego_controls73_v1,work/ego_controls73_v1/lfr_n1000_o00_m50_s11__ego_sknetwork_CC_Louvain_min5__s73/result.json
lfr_n5000_o00_m50_s12__ego_sknetwork_CC_Louvain_min5__s73,lfr_n5000_o00_m50_s12,ego_sknetwork_CC_Louvain_min5,graph_only_native_K,cpu,1,73,COMPLETED,2.873933833092451,280051712,completed,0.7666557607153898,0.7890431805212098,0.0,,99,SCORED,0.03808333305642009,0.7067294505243054,SCORED,,0.7674305610768543,28.0,0.9616,0.0,,0.0,0.0,,0.0,existing_ego_controls73_v1,5000,12,development,9c811f86b58592d69e88e29fd6eff0618e39d9d1f4794fa87ba119f25bce2ee5,work/plans/ego_controls73_v1/controls.json,analysis/ego_controls73_v1,work/ego_controls73_v1/lfr_n5000_o00_m50_s12__ego_sknetwork_CC_Louvain_min5__s73/result.json
lfr_n5000_o20_m20_s11__ego_sknetwork_CC_Louvain_min5__s73,lfr_n5000_o20_m20_s11,ego_sknetwork_CC_Louvain_min5,graph_only_native_K,cpu,1,73,COMPLETED,3.027608959004283,274087936,completed,0.609513931554178,0.6418271234475286,0.8565636087176888,0.355,72,SCORED,0.03905095811933279,0.5313975080188911,SCORED,0.355,0.4558441558441559,27.0,0.9992,0.868448098663926,0.845,0.8565636087176888,0.3546453546453546,0.355,0.3548225887056472,existing_ego_controls73_v1,5000,11,development,10633120772bb6c2f4e6e6445293c062b15f160f4ce30890cdf14ebcfe3baea7,work/plans/ego_controls73_v1/controls.json,analysis/ego_controls73_v1,work/ego_controls73_v1/lfr_n5000_o20_m20_s11__ego_sknetwork_CC_Louvain_min5__s73/result.json
lfr_n1000_o20_m50_s12__ego_sknetwork_CC_Louvain_min5__s73,lfr_n1000_o20_m50_s12,ego_sknetwork_CC_Louvain_min5,graph_only_native_K,cpu,1,73,COMPLETED,2.597970124799758,242450432,completed,0.3805628555065238,0.48762467676394533,0.3753943217665615,0.1,19,SCORED,0.006826333701610565,0.26620981991633424,SCORED,0.1,0.1333962639109698,32.5,0.948,0.27419354838709675,0.595,0.3753943217665615,0.03577817531305903,0.1,0.052700922266139656,existing_ego_controls73_v1,1000,12,development,403a3c26db4d9c5d8e165c3f850837e9e7bb3f9e96dc7f7205beabc0543ee70c,work/plans/ego_controls73_v1/controls.json,analysis/ego_controls73_v1,work/ego_controls73_v1/lfr_n1000_o20_m50_s12__ego_sknetwork_CC_Louvain_min5__s73/result.json
lfr_n1000_o00_m20_s12__ego_sknetwork_defaults_fixed__s73,lfr_n1000_o00_m20_s12,ego_sknetwork_defaults_fixed,graph_only_native_K,cpu,1,73,COMPLETED,2.910008290782571,244744192,completed,0.9376901645801534,0.9315323707498836,0.0,,18,SCORED,0.0058177076280117035,0.8046689307837764,SCORED,,0.9526031654559883,32.25,1.0,0.0,,0.0,0.0,,0.0,existing_ego_controls73_v1,1000,12,development,821213e90ec77ac8424a2f1eda0a0e6cb8b7dba9217b43d703b34f067dab297d,work/plans/ego_controls73_v1/controls.json,analysis/ego_controls73_v1,work/ego_controls73_v1/lfr_n1000_o00_m20_s12__ego_sknetwork_defaults_fixed__s73/result.json
lfr_n5000_o20_m50_s12__ego_sknetwork_defaults_fixed__s73,lfr_n5000_o20_m50_s12,ego_sknetwork_defaults_fixed,graph_only_native_K,cpu,1,73,COMPLETED,4.426710832864046,279740416,completed,0.6266782847635386,0.648752720575925,0.5473071324599709,0.297,95,SCORED,0.03912804089486599,0.49357435218581963,SCORED,0.297,0.48136755569121276,29.0,0.938,0.5315739868049011,0.564,0.5473071324599709,0.23646496815286625,0.297,0.2632978723404255,existing_ego_controls73_v1,5000,12,development,c907a9b0df2fd832ea4e459b6bdbc3d4a56e28eed0e2628be61c7bd960b2ceec,work/plans/ego_controls73_v1/controls.json,analysis/ego_controls73_v1,work/ego_controls73_v1/lfr_n5000_o20_m50_s12__ego_sknetwork_defaults_fixed__s73/result.json
lfr_n5000_o00_m20_s12__ego_sknetwork_CC_Louvain_min5__s73,lfr_n5000_o00_m20_s12,ego_sknetwork_CC_Louvain_min5,graph_only_native_K,cpu,1,73,COMPLETED,2.865904124919325,269697024,completed,0.9852177702446213,0.9826044226044226,0.0,,104,SCORED,0.03885549958795309,0.9480461835657951,SCORED,,0.9943743260940141,28.0,0.9998,0.0,,0.0,0.0,,0.0,existing_ego_controls73_v1,5000,12,development,9bb415b7ddd37767edc6b2cf20dc4c265f87a0c7d917a1e8166b187815356c7f,work/plans/ego_controls73_v1/controls.json,analysis/ego_controls73_v1,work/ego_controls73_v1/lfr_n5000_o00_m20_s12__ego_sknetwork_CC_Louvain_min5__s73/result.json
lfr_n5000_o40_m50_s12__ego_sknetwork_CC_Louvain_min5__s73,lfr_n5000_o40_m50_s12,ego_sknetwork_CC_Louvain_min5,graph_only_native_K,cpu,1,73,COMPLETED,2.8791505419649184,283688960,completed,0.3923785194093645,0.3919247115968427,0.581409117821196,0.102,85,SCORED,0.040748332627117634,0.18147205760851076,SCORED,0.102,0.3774551914569467,29.0,0.906,0.7126269956458636,0.491,0.581409117821196,0.12393681652490887,0.102,0.11190345584201865,existing_ego_controls73_v1,5000,12,development,a4d5adccafffd7e6d399fb6b891010de478c5ca569589bbe3cd0198f2095d767,work/plans/ego_controls73_v1/controls.json,analysis/ego_controls73_v1,work/ego_controls73_v1/lfr_n5000_o40_m50_s12__ego_sknetwork_CC_Louvain_min5__s73/result.json
lfr_n1000_o40_m20_s11__ego_sknetwork_CC_Louvain_min5__s73,lfr_n1000_o40_m20_s11,ego_sknetwork_CC_Louvain_min5,graph_only_native_K,cpu,1,73,COMPLETED,2.5814657076261938,241041408,completed,0.672328389118703,0.732435384055333,0.6907073509015257,0.3725,18,SCORED,0.007159542292356491,0.5481230205870058,SCORED,0.3725,0.25963215474869195,32.25,0.999,0.7757009345794392,0.6225,0.6907073509015257,0.4281609195402299,0.3725,0.3983957219251337,existing_ego_controls73_v1,1000,11,development,cfd1429b346f9fe0e517cfdf747133a08aa2d127fb3f5cef15e5f948777b5a72,work/plans/ego_controls73_v1/controls.json,analysis/ego_controls73_v1,work/ego_controls73_v1/lfr_n1000_o40_m20_s11__ego_sknetwork_CC_Louvain_min5__s73/result.json
lfr_n5000_o20_m50_s11__ego_sknetwork_defaults_fixed__s73,lfr_n5000_o20_m50_s11,ego_sknetwork_defaults_fixed,graph_only_native_K,cpu,1,73,COMPLETED,4.435890499968082,280723456,completed,0.5291692142268912,0.5837550817223928,0.5321610365571494,0.231,102,SCORED,0.04019154096022248,0.42586334742310106,SCORED,0.231,0.4471865998012045,27.0,0.937,0.49526270456503013,0.575,0.5321610365571494,0.16885964912280702,0.231,0.19510135135135134,existing_ego_controls73_v1,5000,11,development,042577b3a9f9781ab87a53c6bccd8139197f7c2166d0fb257b724a958c7c8cbe,work/plans/ego_controls73_v1/controls.json,analysis/ego_controls73_v1,work/ego_controls73_v1/lfr_n5000_o20_m50_s11__ego_sknetwork_defaults_fixed__s73/result.json
lfr_n1000_o00_m20_s12__ego_sknetwork_CC_Louvain_min5__s73,lfr_n1000_o00_m20_s12,ego_sknetwork_CC_Louvain_min5,graph_only_native_K,cpu,1,73,COMPLETED,2.688865709118545,252772352,completed,0.9391726617603824,0.9328358208955224,0.0,,18,SCORED,0.006145665887743235,0.8082748954183974,SCORED,,0.9526031654559883,32.25,1.0,0.0,,0.0,0.0,,0.0,existing_ego_controls73_v1,1000,12,development,821213e90ec77ac8424a2f1eda0a0e6cb8b7dba9217b43d703b34f067dab297d,work/plans/ego_controls73_v1/controls.json,analysis/ego_controls73_v1,work/ego_controls73_v1/lfr_n1000_o00_m20_s12__ego_sknetwork_CC_Louvain_min5__s73/result.json
lfr_n1000_o00_m20_s11__ego_sknetwork_CC_Louvain_min5__s73,lfr_n1000_o00_m20_s11,ego_sknetwork_CC_Louvain_min5,graph_only_native_K,cpu,1,73,COMPLETED,2.583721624687314,239796224,completed,0.950526455249651,0.944733112895607,0.0,,19,SCORED,0.006080833729356527,0.8373290046159421,SCORED,,0.9638337215295378,32.5,1.0,0.0,,0.0,0.0,,0.0,existing_ego_controls73_v1,1000,11,development,a35780a9cf45692523fdb1d1201a34875c1096949d372be6c47dbfc73870d261,work/plans/ego_controls73_v1/controls.json,analysis/ego_controls73_v1,work/ego_controls73_v1/lfr_n1000_o00_m20_s11__ego_sknetwork_CC_Louvain_min5__s73/result.json
lfr_n5000_o00_m20_s12__ego_sknetwork_defaults_fixed__s73,lfr_n5000_o00_m20_s12,ego_sknetwork_defaults_fixed,graph_only_native_K,cpu,1,73,COMPLETED,4.462397332768887,266092544,completed,0.9851495830361465,0.9825078616352201,0.0,,104,SCORED,0.03827745793387294,0.9477682159748141,SCORED,,0.9943743260940141,28.0,0.9998,0.0,,0.0,0.0,,0.0,existing_ego_controls73_v1,5000,12,development,9bb415b7ddd37767edc6b2cf20dc4c265f87a0c7d917a1e8166b187815356c7f,work/plans/ego_controls73_v1/controls.json,analysis/ego_controls73_v1,work/ego_controls73_v1/lfr_n5000_o00_m20_s12__ego_sknetwork_defaults_fixed__s73/result.json
lfr_n5000_o20_m20_s11__ego_sknetwork_defaults_fixed__s73,lfr_n5000_o20_m20_s11,ego_sknetwork_defaults_fixed,graph_only_native_K,cpu,1,73,COMPLETED,4.466384792234749,267714560,completed,0.8807302659053118,0.8717015468607825,0.9058252427184466,0.722,111,SCORED,0.044105082750320435,0.8491169629562759,SCORED,0.722,0.7969866734572617,27.0,0.999,0.880188679245283,0.933,0.9058252427184466,0.659963436928702,0.722,0.6895893027698186,existing_ego_controls73_v1,5000,11,development,10633120772bb6c2f4e6e6445293c062b15f160f4ce30890cdf14ebcfe3baea7,work/plans/ego_controls73_v1/controls.json,analysis/ego_controls73_v1,work/ego_controls73_v1/lfr_n5000_o20_m20_s11__ego_sknetwork_defaults_fixed__s73/result.json
lfr_n5000_o40_m50_s11__ego_sknetwork_CC_Louvain_min5__s73,lfr_n5000_o40_m50_s11,ego_sknetwork_CC_Louvain_min5,graph_only_native_K,cpu,1,73,COMPLETED,2.903672333806753,277856256,completed,0.3429039142910055,0.3890503135035938,0.5549895115373089,0.0915,89,SCORED,0.041369208600372076,0.16909219768748504,SCORED,0.0915,0.2554841395844212,27.0,0.8954,0.6925953627524308,0.463,0.5549895115373089,0.11430356027482823,0.0915,0.10163843376839767,existing_ego_controls73_v1,5000,11,development,79b9f441f15a9bd642d27166eaea695a2f5641b670c084ca99bd4fcfd8cdf6f6,work/plans/ego_controls73_v1/controls.json,analysis/ego_controls73_v1,work/ego_controls73_v1/lfr_n5000_o40_m50_s11__ego_sknetwork_CC_Louvain_min5__s73/result.json
lfr_n1000_o40_m20_s12__ego_sknetwork_CC_Louvain_min5__s73,lfr_n1000_o40_m20_s12,ego_sknetwork_CC_Louvain_min5,graph_only_native_K,cpu,1,73,COMPLETED,2.584583000279963,243286016,completed,0.6319380909643633,0.6791072081961215,0.6807909604519774,0.31,17,SCORED,0.006755916867405176,0.5000944683069869,SCORED,0.31,0.27457699721567785,32.25,0.999,0.7824675324675324,0.6025,0.6807909604519774,0.3712574850299401,0.31,0.33787465940054495,existing_ego_controls73_v1,1000,12,development,b110655fab996b66e797594117b662036a79c10b57587b66f41344ff7e5f5b10,work/plans/ego_controls73_v1/controls.json,analysis/ego_controls73_v1,work/ego_controls73_v1/lfr_n1000_o40_m20_s12__ego_sknetwork_CC_Louvain_min5__s73/result.json
lfr_n5000_o40_m20_s12__ego_sknetwork_CC_Louvain_min5__s73,lfr_n5000_o40_m20_s12,ego_sknetwork_CC_Louvain_min5,graph_only_native_K,cpu,1,73,COMPLETED,2.8711355831474066,271417344,completed,0.41344227241986353,0.48149489389440137,0.8776167471819646,0.1935,58,SCORED,0.03939104126766324,0.3420503732093636,SCORED,0.1935,0.20765835699672064,29.0,0.9994,0.9472769409038239,0.8175,0.8776167471819646,0.2138121546961326,0.1935,0.2031496062992126,existing_ego_controls73_v1,5000,12,development,c61ece0036f9fe4b85b260c16c11343db079cf989942f73ba1327d9a0aedc8fe,work/plans/ego_controls73_v1/controls.json,analysis/ego_controls73_v1,work/ego_controls73_v1/lfr_n5000_o40_m20_s12__ego_sknetwork_CC_Louvain_min5__s73/result.json
lfr_n1000_o20_m50_s12__ego_sknetwork_defaults_fixed__s73,lfr_n1000_o20_m50_s12,ego_sknetwork_defaults_fixed,graph_only_native_K,cpu,1,73,COMPLETED,2.9036125829443336,247414784,completed,0.4686029577307017,0.5651867512332629,0.3908701854493581,0.26,23,SCORED,0.007019958924502134,0.30680994849348286,SCORED,0.26,0.1729707235325213,32.5,0.948,0.27345309381237526,0.685,0.3908701854493581,0.07536231884057971,0.26,0.11685393258426967,existing_ego_controls73_v1,1000,12,development,403a3c26db4d9c5d8e165c3f850837e9e7bb3f9e96dc7f7205beabc0543ee70c,work/plans/ego_controls73_v1/controls.json,analysis/ego_controls73_v1,work/ego_controls73_v1/lfr_n1000_o20_m50_s12__ego_sknetwork_defaults_fixed__s73/result.json
lfr_n5000_o40_m20_s11__ego_sknetwork_defaults_fixed__s73,lfr_n5000_o40_m20_s11,ego_sknetwork_defaults_fixed,graph_only_native_K,cpu,1,73,COMPLETED,4.494671290740371,263651328,completed,0.7647941886750581,0.7716569145140574,0.9277721261444557,0.5515,109,SCORED,0.044074167031794786,0.7137998932346509,SCORED,0.5515,0.6202659415364205,27.0,0.999,0.9440993788819876,0.912,0.9277721261444557,0.546310054482417,0.5515,0.5488927593928838,existing_ego_controls73_v1,5000,11,development,e5e3c94841b01169042533f6d646204967555f9e0768e12d7ed45875d5492a7b,work/plans/ego_controls73_v1/controls.json,analysis/ego_controls73_v1,work/ego_controls73_v1/lfr_n5000_o40_m20_s11__ego_sknetwork_defaults_fixed__s73/result.json
lfr_n5000_o00_m20_s11__ego_sknetwork_CC_Louvain_min5__s73,lfr_n5000_o00_m20_s11,ego_sknetwork_CC_Louvain_min5,graph_only_native_K,cpu,1,73,COMPLETED,2.8918272498995066,270368768,completed,0.9825920654619138,0.9814522494080505,0.0,,106,SCORED,0.04187999991700053,0.9534270993596016,SCORED,,0.9621321383739847,27.0,1.0,0.0,,0.0,0.0,,0.0,existing_ego_controls73_v1,5000,11,development,83c0014ded94a5ae7083c562287d7c194336c812d43477ea984e1da49948b9cd,work/plans/ego_controls73_v1/controls.json,analysis/ego_controls73_v1,work/ego_controls73_v1/lfr_n5000_o00_m20_s11__ego_sknetwork_CC_Louvain_min5__s73/result.json
lfr_n5000_o00_m50_s11__ego_sknetwork_CC_Louvain_min5__s73,lfr_n5000_o00_m50_s11,ego_sknetwork_CC_Louvain_min5,graph_only_native_K,cpu,1,73,COMPLETED,2.901702499948442,273514496,completed,0.7836100841058239,0.8106621134509581,0.0,,99,SCORED,0.03881149971857667,0.708086626791328,SCORED,,0.7577167996067918,27.0,0.9594,0.0,,0.0,0.0,,0.0,existing_ego_controls73_v1,5000,11,development,a21da2eb7f2bb0e98d84af95e71dbbc99cc2895b6b338959b09ac2d47cec74d1,work/plans/ego_controls73_v1/controls.json,analysis/ego_controls73_v1,work/ego_controls73_v1/lfr_n5000_o00_m50_s11__ego_sknetwork_CC_Louvain_min5__s73/result.json
lfr_n1000_o20_m50_s12__nocd_pairdot_csr500__s73,lfr_n1000_o20_m50_s12,nocd_pairdot_csr500,oracle_K,cpu,1,73,COMPLETED,6.708597375079989,405520384,completed,0.8121480233567123,0.8323262839879154,0.5398981324278438,0.645,23,SCORED,0.014226707629859447,0.656216511329425,SCORED,0.645,0.6026660755370995,32.5,0.997,0.4087403598971722,0.795,0.5398981324278438,0.2860310421286031,0.645,0.39631336405529954,pairdot_development_three_seeds,1000,12,development,403a3c26db4d9c5d8e165c3f850837e9e7bb3f9e96dc7f7205beabc0543ee70c,work/plans/nocd_pairdot_dev_all_v1/development.json,analysis/nocd_pairdot_dev_all_v1,work/nocd_pairdot_dev_all_v1/lfr_n1000_o20_m50_s12__nocd_pairdot_csr500__s73/result.json
lfr_n5000_o20_m50_s12__nocd_pairdot_csr500__s73,lfr_n5000_o20_m50_s12,nocd_pairdot_csr500,oracle_K,cpu,1,73,COMPLETED,20.5708218337968,697090048,completed,0.2951779266049583,0.39388835418671797,0.22937000887311446,0.127,106,SCORED,0.04526987485587597,0.1019048924600351,SCORED,0.127,0.10767788711491509,29.0,0.9714,0.14737742303306728,0.517,0.22937000887311446,0.022021848448066587,0.127,0.03753509679326142,pairdot_development_three_seeds,5000,12,development,c907a9b0df2fd832ea4e459b6bdbc3d4a56e28eed0e2628be61c7bd960b2ceec,work/plans/nocd_pairdot_dev_all_v1/development.json,analysis/nocd_pairdot_dev_all_v1,work/nocd_pairdot_dev_all_v1/lfr_n5000_o20_m50_s12__nocd_pairdot_csr500__s73/result.json
lfr_n5000_o00_m50_s11__nocd_pairdot_elementwise500__s73,lfr_n5000_o00_m50_s11,nocd_pairdot_elementwise500,oracle_K,cpu,1,73,COMPLETED,23.41206270782277,712376320,completed,0.41393311888863715,0.4913848944163752,0.0,,95,SCORED,0.04451679112389684,0.32306893558907723,SCORED,,0.13963463092627856,27.0,0.999,0.0,,0.0,0.0,,0.0,pairdot_development_three_seeds,5000,11,development,a21da2eb7f2bb0e98d84af95e71dbbc99cc2895b6b338959b09ac2d47cec74d1,work/plans/nocd_pairdot_dev_all_v1/development.json,analysis/nocd_pairdot_dev_all_v1,work/nocd_pairdot_dev_all_v1/lfr_n5000_o00_m50_s11__nocd_pairdot_elementwise500__s73/result.json
lfr_n5000_o40_m20_s11__nocd_pairdot_elementwise1000__s73,lfr_n5000_o40_m20_s11,nocd_pairdot_elementwise1000,oracle_K,cpu,1,73,COMPLETED,52.78111212514341,792412160,completed,0.3229011185321076,0.40523731587561374,0.5197568389057751,0.275,123,SCORED,0.05060966592282057,0.12172526107723346,SCORED,0.275,0.09312580428058241,27.0,0.9892,0.37336244541484714,0.855,0.5197568389057751,0.058268884415722005,0.275,0.0961622519451001,pairdot_development_three_seeds,5000,11,development,e5e3c94841b01169042533f6d646204967555f9e0768e12d7ed45875d5492a7b,work/plans/nocd_pairdot_dev_all_v1/development.json,analysis/nocd_pairdot_dev_all_v1,work/nocd_pairdot_dev_all_v1/lfr_n5000_o40_m20_s11__nocd_pairdot_elementwise1000__s73/result.json
lfr_n1000_o40_m50_s11__nocd_pairdot_elementwise1000__s73,lfr_n1000_o40_m50_s11,nocd_pairdot_elementwise1000,oracle_K,cpu,1,73,COMPLETED,6.055498290807009,476659712,completed,0.7572579582944567,0.7646867900032457,0.6246056782334385,0.555,26,SCORED,0.008775833062827587,0.5507686548717764,SCORED,0.555,0.6159419475552779,32.25,0.989,0.5390199637023594,0.7425,0.6246056782334385,0.3208092485549133,0.555,0.4065934065934066,pairdot_development_three_seeds,1000,11,development,c2a580289d2c174c317ff5d05236a52a38bc2b9468c86a5d90342da21622f7f1,work/plans/nocd_pairdot_dev_all_v1/development.json,analysis/nocd_pairdot_dev_all_v1,work/nocd_pairdot_dev_all_v1/lfr_n1000_o40_m50_s11__nocd_pairdot_elementwise1000__s73/result.json
lfr_n5000_o20_m20_s11__nocd_pairdot_elementwise1000__s73,lfr_n5000_o20_m20_s11,nocd_pairdot_elementwise1000,oracle_K,cpu,1,73,COMPLETED,48.66585554089397,748240896,completed,0.3684236035509935,0.4732350659425912,0.3634914308489438,0.309,93,SCORED,0.045430708676576614,0.2529781583189508,SCORED,0.309,0.0851644262050499,27.0,0.9988,0.2269785963165754,0.912,0.3634914308489438,0.05361790733992712,0.309,0.09137956528167973,pairdot_development_three_seeds,5000,11,development,10633120772bb6c2f4e6e6445293c062b15f160f4ce30890cdf14ebcfe3baea7,work/plans/nocd_pairdot_dev_all_v1/development.json,analysis/nocd_pairdot_dev_all_v1,work/nocd_pairdot_dev_all_v1/lfr_n5000_o20_m20_s11__nocd_pairdot_elementwise1000__s73/result.json
lfr_n1000_o40_m50_s12__nocd_pairdot_bmm500__s73,lfr_n1000_o40_m50_s12,nocd_pairdot_bmm500,oracle_K,cpu,1,73,COMPLETED,6.150945999659598,438779904,completed,0.7060438077109553,0.7107176730951629,0.6158536585365854,0.4775,26,SCORED,0.007861083373427391,0.47132275206458984,SCORED,0.4775,0.6225759439232236,32.25,0.994,0.5188356164383562,0.7575,0.6158536585365854,0.2483745123537061,0.4775,0.32677502138579984,pairdot_development_three_seeds,1000,12,development,f6f8bf8a5134cdf18e38d9071370d0760a8003ce42977c8500f29ae6c4142fad,work/plans/nocd_pairdot_dev_all_v1/development.json,analysis/nocd_pairdot_dev_all_v1,work/nocd_pairdot_dev_all_v1/lfr_n1000_o40_m50_s12__nocd_pairdot_bmm500__s73/result.json
lfr_n1000_o00_m20_s11__nocd_pairdot_bmm500__s73,lfr_n1000_o00_m20_s11,nocd_pairdot_bmm500,oracle_K,cpu,1,73,COMPLETED,5.555343374609947,434733056,completed,0.931350114416476,0.9602746444335458,0.0,,19,SCORED,0.006849875207990408,0.9416570490149084,SCORED,,0.7391304347826086,32.5,1.0,0.0,,0.0,0.0,,0.0,pairdot_development_three_seeds,1000,11,development,a35780a9cf45692523fdb1d1201a34875c1096949d372be6c47dbfc73870d261,work/plans/nocd_pairdot_dev_all_v1/development.json,analysis/nocd_pairdot_dev_all_v1,work/nocd_pairdot_dev_all_v1/lfr_n1000_o00_m20_s11__nocd_pairdot_bmm500__s73/result.json
lfr_n1000_o40_m50_s11__nocd_pairdot_csr500__s73,lfr_n1000_o40_m50_s11,nocd_pairdot_csr500,oracle_K,cpu,1,73,COMPLETED,5.944973499979824,416825344,completed,0.7519196825927759,0.759935379644588,0.6244725738396625,0.555,26,SCORED,0.007055915892124176,0.5382627238215814,SCORED,0.555,0.6103903171916983,32.25,0.99,0.5401459854014599,0.74,0.6244725738396625,0.3148936170212766,0.555,0.40180995475113124,pairdot_development_three_seeds,1000,11,development,c2a580289d2c174c317ff5d05236a52a38bc2b9468c86a5d90342da21622f7f1,work/plans/nocd_pairdot_dev_all_v1/development.json,analysis/nocd_pairdot_dev_all_v1,work/nocd_pairdot_dev_all_v1/lfr_n1000_o40_m50_s11__nocd_pairdot_csr500__s73/result.json
lfr_n1000_o20_m20_s12__nocd_pairdot_bmm500__s73,lfr_n1000_o20_m20_s12,nocd_pairdot_bmm500,oracle_K,cpu,1,73,COMPLETED,6.002607791684568,465240064,completed,0.9425306957821588,0.9633594071634417,0.910377358490566,0.915,23,SCORED,0.011260792147368193,0.9581228111719101,SCORED,0.915,0.7857259313605608,32.5,1.0,0.8616071428571429,0.965,0.910377358490566,0.7991266375545851,0.915,0.8531468531468531,pairdot_development_three_seeds,1000,12,development,e3295f93cfd939934501e9c63e20f87691c58a1adec57246eaf0244c644f0975,work/plans/nocd_pairdot_dev_all_v1/development.json,analysis/nocd_pairdot_dev_all_v1,work/nocd_pairdot_dev_all_v1/lfr_n1000_o20_m20_s12__nocd_pairdot_bmm500__s73/result.json
lfr_n1000_o00_m50_s12__nocd_pairdot_elementwise1000__s73,lfr_n1000_o00_m50_s12,nocd_pairdot_elementwise1000,oracle_K,cpu,1,73,COMPLETED,6.663551500067115,437174272,completed,0.9149118252998417,0.9208103130755064,0.0,,18,SCORED,0.006417207885533571,0.7765277344212307,SCORED,,0.8838285730197942,32.25,1.0,0.0,,0.0,0.0,,0.0,pairdot_development_three_seeds,1000,12,development,898f0fd80f831cccb10fec496f1dfbefac4c51abd860619b57c40c9819791ec0,work/plans/nocd_pairdot_dev_all_v1/development.json,analysis/nocd_pairdot_dev_all_v1,work/nocd_pairdot_dev_all_v1/lfr_n1000_o00_m50_s12__nocd_pairdot_elementwise1000__s73/result.json
lfr_n5000_o00_m50_s12__nocd_pairdot_elementwise500__s73,lfr_n5000_o00_m50_s12,nocd_pairdot_elementwise500,oracle_K,cpu,1,73,COMPLETED,24.668669458013028,870547456,completed,0.4465162360579139,0.5363037424437954,0.0,,91,SCORED,0.0433034161105752,0.34145887797389013,SCORED,,0.14538117568209022,28.0,0.9998,0.0,,0.0,0.0,,0.0,pairdot_development_three_seeds,5000,12,development,9c811f86b58592d69e88e29fd6eff0618e39d9d1f4794fa87ba119f25bce2ee5,work/plans/nocd_pairdot_dev_all_v1/development.json,analysis/nocd_pairdot_dev_all_v1,work/nocd_pairdot_dev_all_v1/lfr_n5000_o00_m50_s12__nocd_pairdot_elementwise500__s73/result.json
lfr_n1000_o20_m50_s11__nocd_pairdot_elementwise500__s73,lfr_n1000_o20_m50_s11,nocd_pairdot_elementwise500,oracle_K,cpu,1,73,COMPLETED,5.477471041958779,438550528,completed,0.7723619397904994,0.7954040029651593,0.4992,0.61,24,SCORED,0.0073851668275892735,0.6108222752656077,SCORED,0.61,0.5786493477282951,30.75,0.992,0.36705882352941177,0.78,0.4992,0.24110671936758893,0.61,0.34560906515580736,pairdot_development_three_seeds,1000,11,development,5655a0fb6e603038468724cf7784c1d74c61d0636dae30d9c3afb214deace494,work/plans/nocd_pairdot_dev_all_v1/development.json,analysis/nocd_pairdot_dev_all_v1,work/nocd_pairdot_dev_all_v1/lfr_n1000_o20_m50_s11__nocd_pairdot_elementwise500__s73/result.json
lfr_n1000_o00_m20_s12__nocd_pairdot_elementwise1000__s73,lfr_n1000_o00_m20_s12,nocd_pairdot_elementwise1000,oracle_K,cpu,1,73,COMPLETED,8.915468417108059,421380096,completed,0.9297573435504469,0.9663699307616221,0.0,,18,SCORED,0.006577750202268362,0.9624662541637411,SCORED,,0.7471264367816092,32.25,1.0,0.0,,0.0,0.0,,0.0,pairdot_development_three_seeds,1000,12,development,821213e90ec77ac8424a2f1eda0a0e6cb8b7dba9217b43d703b34f067dab297d,work/plans/nocd_pairdot_dev_all_v1/development.json,analysis/nocd_pairdot_dev_all_v1,work/nocd_pairdot_dev_all_v1/lfr_n1000_o00_m20_s12__nocd_pairdot_elementwise1000__s73/result.json
lfr_n1000_o20_m50_s12__nocd_pairdot_bmm500__s73,lfr_n1000_o20_m50_s12,nocd_pairdot_bmm500,oracle_K,cpu,1,73,COMPLETED,5.849963000044227,434683904,completed,0.8106643194539566,0.830954169797145,0.5497470489038786,0.655,23,SCORED,0.006494916044175625,0.6517625520747384,SCORED,0.655,0.6153263994588195,32.5,0.998,0.41475826972010177,0.815,0.5497470489038786,0.2823275862068966,0.655,0.39457831325301207,pairdot_development_three_seeds,1000,12,development,403a3c26db4d9c5d8e165c3f850837e9e7bb3f9e96dc7f7205beabc0543ee70c,work/plans/nocd_pairdot_dev_all_v1/development.json,analysis/nocd_pairdot_dev_all_v1,work/nocd_pairdot_dev_all_v1/lfr_n1000_o20_m50_s12__nocd_pairdot_bmm500__s73/result.json
lfr_n1000_o20_m20_s11__nocd_pairdot_csr500__s73,lfr_n1000_o20_m20_s11,nocd_pairdot_csr500,oracle_K,cpu,1,73,COMPLETED,6.158528834115714,423477248,completed,0.9473786613876465,0.966804979253112,0.9584352078239609,0.925,24,SCORED,0.0116886249743402,0.9674891115093781,SCORED,0.925,1.0,30.75,1.0,0.937799043062201,0.98,0.9584352078239609,0.8809523809523809,0.925,0.9024390243902439,pairdot_development_three_seeds,1000,11,development,b9ec7da4aa6e47601b73592baf154d2326fe95f36c4fe05faf59857cae26b7b0,work/plans/nocd_pairdot_dev_all_v1/development.json,analysis/nocd_pairdot_dev_all_v1,work/nocd_pairdot_dev_all_v1/lfr_n1000_o20_m20_s11__nocd_pairdot_csr500__s73/result.json
lfr_n1000_o00_m50_s12__nocd_pairdot_csr500__s73,lfr_n1000_o00_m50_s12,nocd_pairdot_csr500,oracle_K,cpu,1,73,COMPLETED,6.064606000203639,397246464,completed,0.9222243779885524,0.929368029739777,0.0,,18,SCORED,0.006249875295907259,0.7963440332438538,SCORED,,0.8829004334047497,32.25,1.0,0.0,,0.0,0.0,,0.0,pairdot_development_three_seeds,1000,12,development,898f0fd80f831cccb10fec496f1dfbefac4c51abd860619b57c40c9819791ec0,work/plans/nocd_pairdot_dev_all_v1/development.json,analysis/nocd_pairdot_dev_all_v1,work/nocd_pairdot_dev_all_v1/lfr_n1000_o00_m50_s12__nocd_pairdot_csr500__s73/result.json
lfr_n1000_o00_m50_s12__nocd_pairdot_bmm500__s73,lfr_n1000_o00_m50_s12,nocd_pairdot_bmm500,oracle_K,cpu,1,73,COMPLETED,5.416042834054679,421036032,completed,0.9234131922373334,0.9276437847866419,0.0,,18,SCORED,0.006145958323031664,0.792099309811959,SCORED,,0.8986346827447973,32.25,1.0,0.0,,0.0,0.0,,0.0,pairdot_development_three_seeds,1000,12,development,898f0fd80f831cccb10fec496f1dfbefac4c51abd860619b57c40c9819791ec0,work/plans/nocd_pairdot_dev_all_v1/development.json,analysis/nocd_pairdot_dev_all_v1,work/nocd_pairdot_dev_all_v1/lfr_n1000_o00_m50_s12__nocd_pairdot_bmm500__s73/result.json
lfr_n5000_o40_m50_s11__nocd_pairdot_elementwise1000__s73,lfr_n5000_o40_m50_s11,nocd_pairdot_elementwise1000,oracle_K,cpu,1,73,COMPLETED,48.89476749999449,811778048,completed,0.21899150039558613,0.29410441044104413,0.30754645430413347,0.062,102,SCORED,0.047306290827691555,0.0042938357669334735,SCORED,0.062,0.052341722340825264,27.0,0.8382,0.24770922419059255,0.4055,0.30754645430413347,0.018830675778283977,0.062,0.028887594641817123,pairdot_development_three_seeds,5000,11,development,79b9f441f15a9bd642d27166eaea695a2f5641b670c084ca99bd4fcfd8cdf6f6,work/plans/nocd_pairdot_dev_all_v1/development.json,analysis/nocd_pairdot_dev_all_v1,work/nocd_pairdot_dev_all_v1/lfr_n5000_o40_m50_s11__nocd_pairdot_elementwise1000__s73/result.json
lfr_n1000_o20_m20_s11__nocd_pairdot_elementwise1000__s73,lfr_n1000_o20_m20_s11,nocd_pairdot_elementwise1000,oracle_K,cpu,1,73,COMPLETED,9.828209000173956,439713792,completed,0.9456109487838412,0.9592088998763906,0.9133489461358314,0.92,24,SCORED,0.00730816600844264,0.9558624395933273,SCORED,0.92,0.9940476190476191,30.75,1.0,0.8590308370044053,0.975,0.9133489461358314,0.8105726872246696,0.92,0.8618266978922716,pairdot_development_three_seeds,1000,11,development,b9ec7da4aa6e47601b73592baf154d2326fe95f36c4fe05faf59857cae26b7b0,work/plans/nocd_pairdot_dev_all_v1/development.json,analysis/nocd_pairdot_dev_all_v1,work/nocd_pairdot_dev_all_v1/lfr_n1000_o20_m20_s11__nocd_pairdot_elementwise1000__s73/result.json
lfr_n5000_o20_m20_s12__nocd_pairdot_bmm500__s73,lfr_n5000_o20_m20_s12,nocd_pairdot_bmm500,oracle_K,cpu,1,73,COMPLETED,26.20137537503615,738197504,completed,0.38749514888719766,0.4595139433307201,0.31123491179201485,0.288,100,SCORED,0.04990875022485852,0.21664039186284917,SCORED,0.288,0.09919166927795318,29.0,0.9958,0.1911060433295325,0.838,0.31123491179201485,0.041866550370693416,0.288,0.07310572407665948,pairdot_development_three_seeds,5000,12,development,d696c4ebed7dbaf052fdd0cef148d274c4d89f6fdd46db4608fb698928310459,work/plans/nocd_pairdot_dev_all_v1/development.json,analysis/nocd_pairdot_dev_all_v1,work/nocd_pairdot_dev_all_v1/lfr_n5000_o20_m20_s12__nocd_pairdot_bmm500__s73/result.json
lfr_n1000_o00_m20_s12__nocd_pairdot_elementwise500__s73,lfr_n1000_o00_m20_s12,nocd_pairdot_elementwise500,oracle_K,cpu,1,73,COMPLETED,5.401352291926742,421134336,completed,0.9297573435504469,0.9635108481262328,0.0,,18,SCORED,0.007106957957148552,0.9570987360533344,SCORED,,0.7471264367816092,32.25,1.0,0.0,,0.0,0.0,,0.0,pairdot_development_three_seeds,1000,12,development,821213e90ec77ac8424a2f1eda0a0e6cb8b7dba9217b43d703b34f067dab297d,work/plans/nocd_pairdot_dev_all_v1/development.json,analysis/nocd_pairdot_dev_all_v1,work/nocd_pairdot_dev_all_v1/lfr_n1000_o00_m20_s12__nocd_pairdot_elementwise500__s73/result.json
lfr_n1000_o40_m20_s12__nocd_pairdot_csr500__s73,lfr_n1000_o40_m20_s12,nocd_pairdot_csr500,oracle_K,cpu,1,73,COMPLETED,6.184599332977086,411631616,completed,0.9454012399190201,0.9653954802259888,0.9605911330049262,0.9425,26,SCORED,0.008602499961853027,0.9565993692676846,SCORED,0.9425,0.8109243697478992,32.25,1.0,0.9466019417475728,0.975,0.9605911330049262,0.8726851851851852,0.9425,0.90625,pairdot_development_three_seeds,1000,12,development,b110655fab996b66e797594117b662036a79c10b57587b66f41344ff7e5f5b10,work/plans/nocd_pairdot_dev_all_v1/development.json,analysis/nocd_pairdot_dev_all_v1,work/nocd_pairdot_dev_all_v1/lfr_n1000_o40_m20_s12__nocd_pairdot_csr500__s73/result.json
lfr_n5000_o20_m20_s11__nocd_pairdot_csr500__s73,lfr_n5000_o20_m20_s11,nocd_pairdot_csr500,oracle_K,cpu,1,73,COMPLETED,21.3546718750149,699678720,completed,0.372341514144093,0.4685494223363286,0.3510011778563015,0.295,100,SCORED,0.0442606252618134,0.2543012585769524,SCORED,0.295,0.0945990706956303,27.0,0.9986,0.21836834391792867,0.894,0.3510011778563015,0.04800650935720097,0.295,0.08257522743177047,pairdot_development_three_seeds,5000,11,development,10633120772bb6c2f4e6e6445293c062b15f160f4ce30890cdf14ebcfe3baea7,work/plans/nocd_pairdot_dev_all_v1/development.json,analysis/nocd_pairdot_dev_all_v1,work/nocd_pairdot_dev_all_v1/lfr_n5000_o20_m20_s11__nocd_pairdot_csr500__s73/result.json
lfr_n1000_o20_m50_s11__nocd_pairdot_elementwise1000__s73,lfr_n1000_o20_m50_s11,nocd_pairdot_elementwise1000,oracle_K,cpu,1,73,COMPLETED,5.25757670821622,432357376,completed,0.7723619397904994,0.7954040029651593,0.4992,0.61,24,SCORED,0.007349874824285507,0.6108222752656077,SCORED,0.61,0.5786493477282951,30.75,0.992,0.36705882352941177,0.78,0.4992,0.24110671936758893,0.61,0.34560906515580736,pairdot_development_three_seeds,1000,11,development,5655a0fb6e603038468724cf7784c1d74c61d0636dae30d9c3afb214deace494,work/plans/nocd_pairdot_dev_all_v1/development.json,analysis/nocd_pairdot_dev_all_v1,work/nocd_pairdot_dev_all_v1/lfr_n1000_o20_m50_s11__nocd_pairdot_elementwise1000__s73/result.json
lfr_n5000_o20_m50_s11__nocd_pairdot_bmm500__s73,lfr_n5000_o20_m50_s11,nocd_pairdot_bmm500,oracle_K,cpu,1,73,COMPLETED,26.493079042062163,720928768,completed,0.3233209085963614,0.4155752628178775,0.21796456530696334,0.131,102,SCORED,0.044809416867792606,0.11345481239804071,SCORED,0.131,0.09128182129514481,27.0,0.9664,0.1372599896211728,0.529,0.21796456530696334,0.021146085552865214,0.131,0.0364141765114663,pairdot_development_three_seeds,5000,11,development,042577b3a9f9781ab87a53c6bccd8139197f7c2166d0fb257b724a958c7c8cbe,work/plans/nocd_pairdot_dev_all_v1/development.json,analysis/nocd_pairdot_dev_all_v1,work/nocd_pairdot_dev_all_v1/lfr_n5000_o20_m50_s11__nocd_pairdot_bmm500__s73/result.json
lfr_n1000_o40_m20_s12__nocd_pairdot_bmm500__s73,lfr_n1000_o40_m20_s12,nocd_pairdot_bmm500,oracle_K,cpu,1,73,COMPLETED,6.406466666609049,451919872,completed,0.996717456683387,0.9957081545064378,0.9861635220125786,0.98,26,SCORED,0.007701916620135307,0.9855561062207447,SCORED,0.98,1.0,32.25,1.0,0.9924050632911392,0.98,0.9861635220125786,0.98989898989899,0.98,0.9849246231155779,pairdot_development_three_seeds,1000,12,development,b110655fab996b66e797594117b662036a79c10b57587b66f41344ff7e5f5b10,work/plans/nocd_pairdot_dev_all_v1/development.json,analysis/nocd_pairdot_dev_all_v1,work/nocd_pairdot_dev_all_v1/lfr_n1000_o40_m20_s12__nocd_pairdot_bmm500__s73/result.json
lfr_n5000_o40_m50_s11__nocd_pairdot_bmm500__s73,lfr_n5000_o40_m50_s11,nocd_pairdot_bmm500,oracle_K,cpu,1,73,COMPLETED,29.061441916041076,795951104,completed,0.2178055633766986,0.2919016467403564,0.3021194605009634,0.0595,107,SCORED,0.049454750027507544,0.015437513117786494,SCORED,0.0595,0.07390347633524846,27.0,0.8388,0.2457680250783699,0.392,0.3021194605009634,0.018201284796573874,0.0595,0.027875380651206372,pairdot_development_three_seeds,5000,11,development,79b9f441f15a9bd642d27166eaea695a2f5641b670c084ca99bd4fcfd8cdf6f6,work/plans/nocd_pairdot_dev_all_v1/development.json,analysis/nocd_pairdot_dev_all_v1,work/nocd_pairdot_dev_all_v1/lfr_n5000_o40_m50_s11__nocd_pairdot_bmm500__s73/result.json
lfr_n5000_o00_m50_s11__nocd_pairdot_bmm500__s73,lfr_n5000_o00_m50_s11,nocd_pairdot_bmm500,oracle_K,cpu,1,73,COMPLETED,24.284052208065987,690831360,completed,0.41286324566664506,0.4955591572123177,0.0,,95,SCORED,0.044509457889944315,0.33031778964266717,SCORED,,0.1302012143613985,27.0,0.9992,0.0,,0.0,0.0,,0.0,pairdot_development_three_seeds,5000,11,development,a21da2eb7f2bb0e98d84af95e71dbbc99cc2895b6b338959b09ac2d47cec74d1,work/plans/nocd_pairdot_dev_all_v1/development.json,analysis/nocd_pairdot_dev_all_v1,work/nocd_pairdot_dev_all_v1/lfr_n5000_o00_m50_s11__nocd_pairdot_bmm500__s73/result.json
lfr_n1000_o20_m20_s12__nocd_pairdot_elementwise1000__s73,lfr_n1000_o20_m20_s12,nocd_pairdot_elementwise1000,oracle_K,cpu,1,73,COMPLETED,9.967320667114109,464748544,completed,0.9423688750454332,0.9701739850869926,0.9440389294403893,0.92,23,SCORED,0.00711299991235137,0.9564994998102666,SCORED,0.92,0.7857259313605608,32.5,1.0,0.919431279620853,0.97,0.9440389294403893,0.8598130841121495,0.92,0.8888888888888888,pairdot_development_three_seeds,1000,12,development,e3295f93cfd939934501e9c63e20f87691c58a1adec57246eaf0244c644f0975,work/plans/nocd_pairdot_dev_all_v1/development.json,analysis/nocd_pairdot_dev_all_v1,work/nocd_pairdot_dev_all_v1/lfr_n1000_o20_m20_s12__nocd_pairdot_elementwise1000__s73/result.json
lfr_n5000_o00_m50_s12__nocd_pairdot_csr500__s73,lfr_n5000_o00_m50_s12,nocd_pairdot_csr500,oracle_K,cpu,1,73,COMPLETED,19.506282625254244,648380416,completed,0.44735824668112084,0.5373277575923767,0.0,,87,SCORED,0.04159445781260729,0.3462320872438339,SCORED,,0.12806156228313012,28.0,1.0,0.0,,0.0,0.0,,0.0,pairdot_development_three_seeds,5000,12,development,9c811f86b58592d69e88e29fd6eff0618e39d9d1f4794fa87ba119f25bce2ee5,work/plans/nocd_pairdot_dev_all_v1/development.json,analysis/nocd_pairdot_dev_all_v1,work/nocd_pairdot_dev_all_v1/lfr_n5000_o00_m50_s12__nocd_pairdot_csr500__s73/result.json
lfr_n1000_o20_m20_s12__nocd_pairdot_elementwise500__s73,lfr_n1000_o20_m20_s12,nocd_pairdot_elementwise500,oracle_K,cpu,1,73,COMPLETED,5.777043959125876,438435840,completed,0.9414373767943421,0.9628712871287128,0.9052132701421801,0.905,23,SCORED,0.007012291345745325,0.9551439937450554,SCORED,0.905,0.7857259313605608,32.5,0.999,0.8603603603603603,0.955,0.9052132701421801,0.8044444444444444,0.905,0.851764705882353,pairdot_development_three_seeds,1000,12,development,e3295f93cfd939934501e9c63e20f87691c58a1adec57246eaf0244c644f0975,work/plans/nocd_pairdot_dev_all_v1/development.json,analysis/nocd_pairdot_dev_all_v1,work/nocd_pairdot_dev_all_v1/lfr_n1000_o20_m20_s12__nocd_pairdot_elementwise500__s73/result.json
lfr_n5000_o40_m50_s11__nocd_pairdot_elementwise500__s73,lfr_n5000_o40_m50_s11,nocd_pairdot_elementwise500,oracle_K,cpu,1,73,COMPLETED,27.945540708955377,778518528,completed,0.2179319883597255,0.2921701984149289,0.30270682424704537,0.062,105,SCORED,0.04532641591504216,0.004156246128721097,SCORED,0.062,0.07261784396774167,27.0,0.8396,0.24460874922982132,0.397,0.30270682424704537,0.018807826482633096,0.062,0.028860700570231584,pairdot_development_three_seeds,5000,11,development,79b9f441f15a9bd642d27166eaea695a2f5641b670c084ca99bd4fcfd8cdf6f6,work/plans/nocd_pairdot_dev_all_v1/development.json,analysis/nocd_pairdot_dev_all_v1,work/nocd_pairdot_dev_all_v1/lfr_n5000_o40_m50_s11__nocd_pairdot_elementwise500__s73/result.json
lfr_n1000_o40_m50_s12__nocd_pairdot_csr500__s73,lfr_n1000_o40_m50_s12,nocd_pairdot_csr500,oracle_K,cpu,1,73,COMPLETED,6.042937416117638,407879680,completed,0.7071022611452918,0.7098609355246523,0.6234817813765182,0.4775,26,SCORED,0.007341667078435421,0.46645899304871824,SCORED,0.4775,0.6223601165085834,32.25,0.995,0.5238095238095238,0.77,0.6234817813765182,0.2483745123537061,0.4775,0.32677502138579984,pairdot_development_three_seeds,1000,12,development,f6f8bf8a5134cdf18e38d9071370d0760a8003ce42977c8500f29ae6c4142fad,work/plans/nocd_pairdot_dev_all_v1/development.json,analysis/nocd_pairdot_dev_all_v1,work/nocd_pairdot_dev_all_v1/lfr_n1000_o40_m50_s12__nocd_pairdot_csr500__s73/result.json
lfr_n1000_o20_m20_s11__nocd_pairdot_elementwise500__s73,lfr_n1000_o20_m20_s11,nocd_pairdot_elementwise500,oracle_K,cpu,1,73,COMPLETED,5.881723208818585,463683584,completed,0.9461871387018107,0.9599669830788279,0.9216152019002375,0.915,24,SCORED,0.00694883381947875,0.9553514308691664,SCORED,0.915,1.0,30.75,1.0,0.8778280542986425,0.97,0.9216152019002375,0.820627802690583,0.915,0.8652482269503546,pairdot_development_three_seeds,1000,11,development,b9ec7da4aa6e47601b73592baf154d2326fe95f36c4fe05faf59857cae26b7b0,work/plans/nocd_pairdot_dev_all_v1/development.json,analysis/nocd_pairdot_dev_all_v1,work/nocd_pairdot_dev_all_v1/lfr_n1000_o20_m20_s11__nocd_pairdot_elementwise500__s73/result.json
lfr_n5000_o00_m20_s12__nocd_pairdot_elementwise500__s73,lfr_n5000_o00_m20_s12,nocd_pairdot_elementwise500,oracle_K,cpu,1,73,COMPLETED,24.516227917280048,848592896,completed,0.48898061026654427,0.5488573947243507,0.0,,91,SCORED,0.048151707742363214,0.39808573393790525,SCORED,,0.13993870307342177,28.0,1.0,0.0,,0.0,0.0,,0.0,pairdot_development_three_seeds,5000,12,development,9bb415b7ddd37767edc6b2cf20dc4c265f87a0c7d917a1e8166b187815356c7f,work/plans/nocd_pairdot_dev_all_v1/development.json,analysis/nocd_pairdot_dev_all_v1,work/nocd_pairdot_dev_all_v1/lfr_n5000_o00_m20_s12__nocd_pairdot_elementwise500__s73/result.json
lfr_n1000_o40_m20_s12__nocd_pairdot_elementwise500__s73,lfr_n1000_o40_m20_s12,nocd_pairdot_elementwise500,oracle_K,cpu,1,73,COMPLETED,6.410395957995206,441073664,completed,0.9456794696553005,0.9647639182522904,0.9619631901840491,0.9475,26,SCORED,0.008035208098590374,0.9577563927486763,SCORED,0.9475,0.808582449373192,32.25,1.0,0.944578313253012,0.98,0.9619631901840491,0.865296803652968,0.9475,0.9045346062052506,pairdot_development_three_seeds,1000,12,development,b110655fab996b66e797594117b662036a79c10b57587b66f41344ff7e5f5b10,work/plans/nocd_pairdot_dev_all_v1/development.json,analysis/nocd_pairdot_dev_all_v1,work/nocd_pairdot_dev_all_v1/lfr_n1000_o40_m20_s12__nocd_pairdot_elementwise500__s73/result.json
lfr_n5000_o20_m20_s11__nocd_pairdot_bmm500__s73,lfr_n5000_o20_m20_s11,nocd_pairdot_bmm500,oracle_K,cpu,1,73,COMPLETED,26.957484040874988,744275968,completed,0.3678565663328116,0.46092577628996884,0.34519363082366816,0.276,100,SCORED,0.044256375171244144,0.24337565800256897,SCORED,0.276,0.09607122021798142,27.0,0.9972,0.21482750183508686,0.878,0.34519363082366816,0.043533123028391164,0.276,0.07520435967302452,pairdot_development_three_seeds,5000,11,development,10633120772bb6c2f4e6e6445293c062b15f160f4ce30890cdf14ebcfe3baea7,work/plans/nocd_pairdot_dev_all_v1/development.json,analysis/nocd_pairdot_dev_all_v1,work/nocd_pairdot_dev_all_v1/lfr_n5000_o20_m20_s11__nocd_pairdot_bmm500__s73/result.json
lfr_n1000_o40_m50_s11__nocd_pairdot_elementwise500__s73,lfr_n1000_o40_m50_s11,nocd_pairdot_elementwise500,oracle_K,cpu,1,73,COMPLETED,5.760213459376246,446840832,completed,0.7572579582944567,0.7646867900032457,0.6246056782334385,0.555,26,SCORED,0.007606708910316229,0.5507686548717764,SCORED,0.555,0.6159419475552779,32.25,0.989,0.5390199637023594,0.7425,0.6246056782334385,0.3208092485549133,0.555,0.4065934065934066,pairdot_development_three_seeds,1000,11,development,c2a580289d2c174c317ff5d05236a52a38bc2b9468c86a5d90342da21622f7f1,work/plans/nocd_pairdot_dev_all_v1/development.json,analysis/nocd_pairdot_dev_all_v1,work/nocd_pairdot_dev_all_v1/lfr_n1000_o40_m50_s11__nocd_pairdot_elementwise500__s73/result.json
lfr_n1000_o20_m50_s11__nocd_pairdot_bmm500__s73,lfr_n1000_o20_m50_s11,nocd_pairdot_bmm500,oracle_K,cpu,1,73,COMPLETED,6.089287624694407,436011008,completed,0.8424422412697882,0.8576982892690513,0.5758157389635317,0.655,24,SCORED,0.0069072917103767395,0.6975060325020421,SCORED,0.655,0.7454972563668215,30.75,0.992,0.4672897196261682,0.75,0.5758157389635317,0.3447368421052632,0.655,0.4517241379310345,pairdot_development_three_seeds,1000,11,development,5655a0fb6e603038468724cf7784c1d74c61d0636dae30d9c3afb214deace494,work/plans/nocd_pairdot_dev_all_v1/development.json,analysis/nocd_pairdot_dev_all_v1,work/nocd_pairdot_dev_all_v1/lfr_n1000_o20_m50_s11__nocd_pairdot_bmm500__s73/result.json
lfr_n5000_o40_m20_s12__nocd_pairdot_bmm500__s73,lfr_n5000_o40_m20_s12,nocd_pairdot_bmm500,oracle_K,cpu,1,73,COMPLETED,29.14286783291027,789053440,completed,0.3160973964602163,0.40359310512260255,0.5189393939393939,0.2615,112,SCORED,0.04855383327230811,0.14450297522949532,SCORED,0.2615,0.09448839278566354,29.0,0.9898,0.37915129151291516,0.822,0.5189393939393939,0.06049040018505667,0.2615,0.09825286492579373,pairdot_development_three_seeds,5000,12,development,c61ece0036f9fe4b85b260c16c11343db079cf989942f73ba1327d9a0aedc8fe,work/plans/nocd_pairdot_dev_all_v1/development.json,analysis/nocd_pairdot_dev_all_v1,work/nocd_pairdot_dev_all_v1/lfr_n5000_o40_m20_s12__nocd_pairdot_bmm500__s73/result.json
lfr_n1000_o00_m50_s11__nocd_pairdot_elementwise1000__s73,lfr_n1000_o00_m50_s11,nocd_pairdot_elementwise1000,oracle_K,cpu,1,73,COMPLETED,6.965411790646613,423247872,completed,0.9262297984027911,0.9319664492078286,0.0,,19,SCORED,0.00820770813152194,0.8046334939321493,SCORED,,0.8986664159427529,32.5,1.0,0.0,,0.0,0.0,,0.0,pairdot_development_three_seeds,1000,11,development,c9da5300026662c691131b6bb6ea5bc9612836e2ee55fa75fb9d37718203da43,work/plans/nocd_pairdot_dev_all_v1/development.json,analysis/nocd_pairdot_dev_all_v1,work/nocd_pairdot_dev_all_v1/lfr_n1000_o00_m50_s11__nocd_pairdot_elementwise1000__s73/result.json
lfr_n5000_o20_m20_s12__nocd_pairdot_elementwise1000__s73,lfr_n5000_o20_m20_s12,nocd_pairdot_elementwise1000,oracle_K,cpu,1,73,COMPLETED,49.67354641715065,761004032,completed,0.384853436267656,0.469499223825677,0.329595134004942,0.324,93,SCORED,0.042582790832966566,0.229423173718278,SCORED,0.324,0.0887564307835441,29.0,0.9984,0.2034733630603145,0.867,0.329595134004942,0.050617091079518825,0.324,0.08755573571139036,pairdot_development_three_seeds,5000,12,development,d696c4ebed7dbaf052fdd0cef148d274c4d89f6fdd46db4608fb698928310459,work/plans/nocd_pairdot_dev_all_v1/development.json,analysis/nocd_pairdot_dev_all_v1,work/nocd_pairdot_dev_all_v1/lfr_n5000_o20_m20_s12__nocd_pairdot_elementwise1000__s73/result.json
lfr_n5000_o00_m20_s12__nocd_pairdot_csr500__s73,lfr_n5000_o00_m20_s12,nocd_pairdot_csr500,oracle_K,cpu,1,73,COMPLETED,20.07086725020781,636993536,completed,0.47694086906131855,0.5477359519912711,0.0,,91,SCORED,0.04043491557240486,0.4335885497323153,SCORED,,0.08370419603696895,28.0,1.0,0.0,,0.0,0.0,,0.0,pairdot_development_three_seeds,5000,12,development,9bb415b7ddd37767edc6b2cf20dc4c265f87a0c7d917a1e8166b187815356c7f,work/plans/nocd_pairdot_dev_all_v1/development.json,analysis/nocd_pairdot_dev_all_v1,work/nocd_pairdot_dev_all_v1/lfr_n5000_o00_m20_s12__nocd_pairdot_csr500__s73/result.json
lfr_n1000_o40_m20_s11__nocd_pairdot_bmm500__s73,lfr_n1000_o40_m20_s11,nocd_pairdot_bmm500,oracle_K,cpu,1,73,COMPLETED,6.333965125028044,441548800,completed,0.897888567010464,0.9534883720930233,0.9541062801932367,0.9275,26,SCORED,0.007797624915838242,0.9409521363610825,SCORED,0.9275,0.6309155241043786,32.25,1.0,0.9228971962616822,0.9875,0.9541062801932367,0.8470319634703196,0.9275,0.8854415274463007,pairdot_development_three_seeds,1000,11,development,cfd1429b346f9fe0e517cfdf747133a08aa2d127fb3f5cef15e5f948777b5a72,work/plans/nocd_pairdot_dev_all_v1/development.json,analysis/nocd_pairdot_dev_all_v1,work/nocd_pairdot_dev_all_v1/lfr_n1000_o40_m20_s11__nocd_pairdot_bmm500__s73/result.json
lfr_n1000_o20_m50_s11__nocd_pairdot_csr500__s73,lfr_n1000_o20_m50_s11,nocd_pairdot_csr500,oracle_K,cpu,1,73,COMPLETED,5.948952499777079,405094400,completed,0.7879815645876994,0.8112781954887218,0.5254237288135594,0.63,24,SCORED,0.006993750110268593,0.6454525086016375,SCORED,0.63,0.5923325847810974,30.75,0.995,0.3974358974358974,0.775,0.5254237288135594,0.2709677419354839,0.63,0.37894736842105264,pairdot_development_three_seeds,1000,11,development,5655a0fb6e603038468724cf7784c1d74c61d0636dae30d9c3afb214deace494,work/plans/nocd_pairdot_dev_all_v1/development.json,analysis/nocd_pairdot_dev_all_v1,work/nocd_pairdot_dev_all_v1/lfr_n1000_o20_m50_s11__nocd_pairdot_csr500__s73/result.json
lfr_n5000_o20_m50_s12__nocd_pairdot_elementwise500__s73,lfr_n5000_o20_m50_s12,nocd_pairdot_elementwise500,oracle_K,cpu,1,73,COMPLETED,25.89581866702065,750895104,completed,0.3075223338341211,0.4015142410767937,0.2345132743362832,0.134,106,SCORED,0.04374612495303154,0.11953255370056096,SCORED,0.134,0.12926081431024067,29.0,0.9688,0.15056818181818182,0.53,0.2345132743362832,0.023111417730251813,0.134,0.03942335981170932,pairdot_development_three_seeds,5000,12,development,c907a9b0df2fd832ea4e459b6bdbc3d4a56e28eed0e2628be61c7bd960b2ceec,work/plans/nocd_pairdot_dev_all_v1/development.json,analysis/nocd_pairdot_dev_all_v1,work/nocd_pairdot_dev_all_v1/lfr_n5000_o20_m50_s12__nocd_pairdot_elementwise500__s73/result.json
lfr_n5000_o40_m50_s12__nocd_pairdot_bmm500__s73,lfr_n5000_o40_m50_s12,nocd_pairdot_bmm500,oracle_K,cpu,1,73,COMPLETED,29.377824084367603,771260416,completed,0.21999377469675108,0.2983955966740836,0.30936902485659656,0.062,101,SCORED,0.047912875190377235,0.0,SCORED,0.062,0.06898789400303625,29.0,0.857,0.25046439628482975,0.4045,0.30936902485659656,0.02140514413947868,0.062,0.03182343128448608,pairdot_development_three_seeds,5000,12,development,a4d5adccafffd7e6d399fb6b891010de478c5ca569589bbe3cd0198f2095d767,work/plans/nocd_pairdot_dev_all_v1/development.json,analysis/nocd_pairdot_dev_all_v1,work/nocd_pairdot_dev_all_v1/lfr_n5000_o40_m50_s12__nocd_pairdot_bmm500__s73/result.json
lfr_n5000_o20_m20_s12__nocd_pairdot_csr500__s73,lfr_n5000_o20_m20_s12,nocd_pairdot_csr500,oracle_K,cpu,1,73,COMPLETED,21.763590042013675,707543040,completed,0.3972499719589644,0.4620712401055409,0.3045797314695604,0.296,102,SCORED,0.04419470811262727,0.22753792955808214,SCORED,0.296,0.11550616976264566,29.0,0.996,0.18661257606490872,0.828,0.3045797314695604,0.041042706600110924,0.296,0.07208962493911349,pairdot_development_three_seeds,5000,12,development,d696c4ebed7dbaf052fdd0cef148d274c4d89f6fdd46db4608fb698928310459,work/plans/nocd_pairdot_dev_all_v1/development.json,analysis/nocd_pairdot_dev_all_v1,work/nocd_pairdot_dev_all_v1/lfr_n5000_o20_m20_s12__nocd_pairdot_csr500__s73/result.json
lfr_n1000_o20_m20_s11__nocd_pairdot_bmm500__s73,lfr_n1000_o20_m20_s11,nocd_pairdot_bmm500,oracle_K,cpu,1,73,COMPLETED,6.0643543330952525,433487872,completed,0.9467370758831986,0.97,0.975,0.92,24,SCORED,0.007492125034332275,0.9604642195582463,SCORED,0.92,1.0,30.75,1.0,0.975,0.975,0.975,0.92,0.92,0.92,pairdot_development_three_seeds,1000,11,development,b9ec7da4aa6e47601b73592baf154d2326fe95f36c4fe05faf59857cae26b7b0,work/plans/nocd_pairdot_dev_all_v1/development.json,analysis/nocd_pairdot_dev_all_v1,work/nocd_pairdot_dev_all_v1/lfr_n1000_o20_m20_s11__nocd_pairdot_bmm500__s73/result.json
lfr_n5000_o20_m50_s11__nocd_pairdot_elementwise1000__s73,lfr_n5000_o20_m50_s11,nocd_pairdot_elementwise1000,oracle_K,cpu,1,73,COMPLETED,50.17463145824149,753352704,completed,0.3176850514539683,0.415143758557057,0.22611924902001238,0.127,101,SCORED,0.044746917206794024,0.11602538398066813,SCORED,0.127,0.07076626926038451,27.0,0.9698,0.1424486612945152,0.548,0.22611924902001238,0.02134453781512605,0.127,0.036546762589928054,pairdot_development_three_seeds,5000,11,development,042577b3a9f9781ab87a53c6bccd8139197f7c2166d0fb257b724a958c7c8cbe,work/plans/nocd_pairdot_dev_all_v1/development.json,analysis/nocd_pairdot_dev_all_v1,work/nocd_pairdot_dev_all_v1/lfr_n5000_o20_m50_s11__nocd_pairdot_elementwise1000__s73/result.json
lfr_n5000_o00_m50_s12__nocd_pairdot_bmm500__s73,lfr_n5000_o00_m50_s12,nocd_pairdot_bmm500,oracle_K,cpu,1,73,COMPLETED,25.911184917204082,841138176,completed,0.44674912168471503,0.5319810682893847,0.0,,92,SCORED,0.04206091584637761,0.3421543247353618,SCORED,,0.15198826491482312,28.0,0.9998,0.0,,0.0,0.0,,0.0,pairdot_development_three_seeds,5000,12,development,9c811f86b58592d69e88e29fd6eff0618e39d9d1f4794fa87ba119f25bce2ee5,work/plans/nocd_pairdot_dev_all_v1/development.json,analysis/nocd_pairdot_dev_all_v1,work/nocd_pairdot_dev_all_v1/lfr_n5000_o00_m50_s12__nocd_pairdot_bmm500__s73/result.json
lfr_n5000_o00_m50_s11__nocd_pairdot_csr500__s73,lfr_n5000_o00_m50_s11,nocd_pairdot_csr500,oracle_K,cpu,1,73,COMPLETED,20.854688833002,639107072,completed,0.416680378046629,0.497872618969693,0.0,,96,SCORED,0.042135583236813545,0.3348228069450292,SCORED,,0.12620347297428985,27.0,0.9992,0.0,,0.0,0.0,,0.0,pairdot_development_three_seeds,5000,11,development,a21da2eb7f2bb0e98d84af95e71dbbc99cc2895b6b338959b09ac2d47cec74d1,work/plans/nocd_pairdot_dev_all_v1/development.json,analysis/nocd_pairdot_dev_all_v1,work/nocd_pairdot_dev_all_v1/lfr_n5000_o00_m50_s11__nocd_pairdot_csr500__s73/result.json
lfr_n5000_o40_m50_s11__nocd_pairdot_csr500__s73,lfr_n5000_o40_m50_s11,nocd_pairdot_csr500,oracle_K,cpu,1,73,COMPLETED,22.76089037489146,749125632,completed,0.21410093420371137,0.2922147575227234,0.2923136645962733,0.061,109,SCORED,0.046582458075135946,0.015888542327763683,SCORED,0.061,0.06982275851342949,27.0,0.8292,0.23889593908629442,0.3765,0.2923136645962733,0.018577737170701995,0.061,0.028481382047391153,pairdot_development_three_seeds,5000,11,development,79b9f441f15a9bd642d27166eaea695a2f5641b670c084ca99bd4fcfd8cdf6f6,work/plans/nocd_pairdot_dev_all_v1/development.json,analysis/nocd_pairdot_dev_all_v1,work/nocd_pairdot_dev_all_v1/lfr_n5000_o40_m50_s11__nocd_pairdot_csr500__s73/result.json
lfr_n5000_o00_m20_s11__nocd_pairdot_bmm500__s73,lfr_n5000_o00_m20_s11,nocd_pairdot_bmm500,oracle_K,cpu,1,73,COMPLETED,25.10872987518087,694173696,completed,0.46600966180250686,0.5438808087974459,0.0,,91,SCORED,0.043823833111673594,0.41439577858753457,SCORED,,0.1378020159281778,27.0,1.0,0.0,,0.0,0.0,,0.0,pairdot_development_three_seeds,5000,11,development,83c0014ded94a5ae7083c562287d7c194336c812d43477ea984e1da49948b9cd,work/plans/nocd_pairdot_dev_all_v1/development.json,analysis/nocd_pairdot_dev_all_v1,work/nocd_pairdot_dev_all_v1/lfr_n5000_o00_m20_s11__nocd_pairdot_bmm500__s73/result.json
lfr_n1000_o40_m50_s12__nocd_pairdot_elementwise1000__s73,lfr_n1000_o40_m50_s12,nocd_pairdot_elementwise1000,oracle_K,cpu,1,73,COMPLETED,5.7522853328846395,447021056,completed,0.704341378367036,0.7081761006289308,0.6268958543983822,0.48,26,SCORED,0.007252332754433155,0.4635370923177096,SCORED,0.48,0.612447741902877,32.25,0.994,0.5263157894736842,0.775,0.6268958543983822,0.24427480916030533,0.48,0.32377740303541314,pairdot_development_three_seeds,1000,12,development,f6f8bf8a5134cdf18e38d9071370d0760a8003ce42977c8500f29ae6c4142fad,work/plans/nocd_pairdot_dev_all_v1/development.json,analysis/nocd_pairdot_dev_all_v1,work/nocd_pairdot_dev_all_v1/lfr_n1000_o40_m50_s12__nocd_pairdot_elementwise1000__s73/result.json
lfr_n1000_o00_m50_s12__nocd_pairdot_elementwise500__s73,lfr_n1000_o00_m50_s12,nocd_pairdot_elementwise500,oracle_K,cpu,1,73,COMPLETED,5.363302458077669,422690816,completed,0.9149118252998417,0.9208103130755064,0.0,,18,SCORED,0.006433167029172182,0.7765277344212307,SCORED,,0.8838285730197942,32.25,1.0,0.0,,0.0,0.0,,0.0,pairdot_development_three_seeds,1000,12,development,898f0fd80f831cccb10fec496f1dfbefac4c51abd860619b57c40c9819791ec0,work/plans/nocd_pairdot_dev_all_v1/development.json,analysis/nocd_pairdot_dev_all_v1,work/nocd_pairdot_dev_all_v1/lfr_n1000_o00_m50_s12__nocd_pairdot_elementwise500__s73/result.json
lfr_n5000_o40_m20_s12__nocd_pairdot_elementwise500__s73,lfr_n5000_o40_m20_s12,nocd_pairdot_elementwise500,oracle_K,cpu,1,73,COMPLETED,28.12703441688791,786710528,completed,0.3112099238423021,0.4030734595996672,0.5266825019794141,0.2525,109,SCORED,0.04706633277237415,0.13049200199780775,SCORED,0.2525,0.08535634276586922,29.0,0.9906,0.3853997682502897,0.8315,0.5266825019794141,0.05955188679245283,0.2525,0.09637404580152671,pairdot_development_three_seeds,5000,12,development,c61ece0036f9fe4b85b260c16c11343db079cf989942f73ba1327d9a0aedc8fe,work/plans/nocd_pairdot_dev_all_v1/development.json,analysis/nocd_pairdot_dev_all_v1,work/nocd_pairdot_dev_all_v1/lfr_n5000_o40_m20_s12__nocd_pairdot_elementwise500__s73/result.json
lfr_n1000_o40_m20_s11__nocd_pairdot_csr500__s73,lfr_n1000_o40_m20_s11,nocd_pairdot_csr500,oracle_K,cpu,1,73,COMPLETED,6.63124524988234,411189248,completed,0.9945959327152293,0.9953554841014648,0.9886792452830189,0.9825,26,SCORED,0.008121332619339228,0.9850176204332035,SCORED,0.9825,0.9935064935064936,32.25,1.0,0.9949367088607595,0.9825,0.9886792452830189,0.9849624060150376,0.9825,0.983729662077597,pairdot_development_three_seeds,1000,11,development,cfd1429b346f9fe0e517cfdf747133a08aa2d127fb3f5cef15e5f948777b5a72,work/plans/nocd_pairdot_dev_all_v1/development.json,analysis/nocd_pairdot_dev_all_v1,work/nocd_pairdot_dev_all_v1/lfr_n1000_o40_m20_s11__nocd_pairdot_csr500__s73/result.json
lfr_n5000_o00_m20_s11__nocd_pairdot_csr500__s73,lfr_n5000_o00_m20_s11,nocd_pairdot_csr500,oracle_K,cpu,1,73,COMPLETED,20.66001933440566,643072000,completed,0.46668192403762604,0.5456622634773295,0.0,,98,SCORED,0.042479250114411116,0.41913337781503485,SCORED,,0.14423414426773765,27.0,1.0,0.0,,0.0,0.0,,0.0,pairdot_development_three_seeds,5000,11,development,83c0014ded94a5ae7083c562287d7c194336c812d43477ea984e1da49948b9cd,work/plans/nocd_pairdot_dev_all_v1/development.json,analysis/nocd_pairdot_dev_all_v1,work/nocd_pairdot_dev_all_v1/lfr_n5000_o00_m20_s11__nocd_pairdot_csr500__s73/result.json
lfr_n1000_o40_m20_s11__nocd_pairdot_elementwise500__s73,lfr_n1000_o40_m20_s11,nocd_pairdot_elementwise500,oracle_K,cpu,1,73,COMPLETED,6.070623291190714,440090624,completed,0.8975185003684369,0.9516072059342988,0.9396135265700483,0.915,26,SCORED,0.007065541110932827,0.9427101514626453,SCORED,0.915,0.6309155241043786,32.25,1.0,0.9088785046728972,0.9725,0.9396135265700483,0.8491879350348028,0.915,0.8808664259927798,pairdot_development_three_seeds,1000,11,development,cfd1429b346f9fe0e517cfdf747133a08aa2d127fb3f5cef15e5f948777b5a72,work/plans/nocd_pairdot_dev_all_v1/development.json,analysis/nocd_pairdot_dev_all_v1,work/nocd_pairdot_dev_all_v1/lfr_n1000_o40_m20_s11__nocd_pairdot_elementwise500__s73/result.json
lfr_n5000_o20_m50_s12__nocd_pairdot_elementwise1000__s73,lfr_n5000_o20_m50_s12,nocd_pairdot_elementwise1000,oracle_K,cpu,1,73,COMPLETED,41.76799020823091,743309312,completed,0.30810812308037966,0.3994432003873389,0.2295302013422819,0.126,105,SCORED,0.04290041700005531,0.12023190045458522,SCORED,0.126,0.12878483660836115,29.0,0.966,0.14783861671469742,0.513,0.2295302013422819,0.022132443351484277,0.126,0.03765127745405648,pairdot_development_three_seeds,5000,12,development,c907a9b0df2fd832ea4e459b6bdbc3d4a56e28eed0e2628be61c7bd960b2ceec,work/plans/nocd_pairdot_dev_all_v1/development.json,analysis/nocd_pairdot_dev_all_v1,work/nocd_pairdot_dev_all_v1/lfr_n5000_o20_m50_s12__nocd_pairdot_elementwise1000__s73/result.json
lfr_n5000_o40_m50_s12__nocd_pairdot_elementwise500__s73,lfr_n5000_o40_m50_s12,nocd_pairdot_elementwise500,oracle_K,cpu,1,73,COMPLETED,28.321569541003555,800784384,completed,0.22083328603487823,0.29480775932164016,0.31013992716120375,0.0605,103,SCORED,0.050469332840293646,0.013670876657700752,SCORED,0.0605,0.07277277986172218,29.0,0.8528,0.25147653092943734,0.4045,0.31013992716120375,0.02032247228753779,0.0605,0.03042494342469198,pairdot_development_three_seeds,5000,12,development,a4d5adccafffd7e6d399fb6b891010de478c5ca569589bbe3cd0198f2095d767,work/plans/nocd_pairdot_dev_all_v1/development.json,analysis/nocd_pairdot_dev_all_v1,work/nocd_pairdot_dev_all_v1/lfr_n5000_o40_m50_s12__nocd_pairdot_elementwise500__s73/result.json
lfr_n5000_o40_m20_s12__nocd_pairdot_elementwise1000__s73,lfr_n5000_o40_m20_s12,nocd_pairdot_elementwise1000,oracle_K,cpu,1,73,COMPLETED,46.217878124676645,809811968,completed,0.3115417142623622,0.4084569513577448,0.5330604534005038,0.263,106,SCORED,0.04794612526893616,0.14333907937351084,SCORED,0.263,0.08096876048950445,29.0,0.9904,0.3890165441176471,0.8465,0.5330604534005038,0.06307710756685454,0.263,0.10175065286778219,pairdot_development_three_seeds,5000,12,development,c61ece0036f9fe4b85b260c16c11343db079cf989942f73ba1327d9a0aedc8fe,work/plans/nocd_pairdot_dev_all_v1/development.json,analysis/nocd_pairdot_dev_all_v1,work/nocd_pairdot_dev_all_v1/lfr_n5000_o40_m20_s12__nocd_pairdot_elementwise1000__s73/result.json
lfr_n1000_o00_m20_s11__nocd_pairdot_elementwise500__s73,lfr_n1000_o00_m20_s11,nocd_pairdot_elementwise500,oracle_K,cpu,1,73,COMPLETED,5.833312625065446,423100416,completed,0.9303931766174328,0.9588638589618022,0.0,,19,SCORED,0.007472417317330837,0.9471230036419714,SCORED,,0.7354940711462451,32.5,1.0,0.0,,0.0,0.0,,0.0,pairdot_development_three_seeds,1000,11,development,a35780a9cf45692523fdb1d1201a34875c1096949d372be6c47dbfc73870d261,work/plans/nocd_pairdot_dev_all_v1/development.json,analysis/nocd_pairdot_dev_all_v1,work/nocd_pairdot_dev_all_v1/lfr_n1000_o00_m20_s11__nocd_pairdot_elementwise500__s73/result.json
lfr_n1000_o20_m50_s12__nocd_pairdot_elementwise1000__s73,lfr_n1000_o20_m50_s12,nocd_pairdot_elementwise1000,oracle_K,cpu,1,73,COMPLETED,5.720849042292684,431898624,completed,0.8011858556170458,0.8213751868460388,0.528052805280528,0.63,23,SCORED,0.006419416982680559,0.6325962476445156,SCORED,0.63,0.5959545419690347,32.5,0.997,0.39408866995073893,0.8,0.528052805280528,0.2630480167014614,0.63,0.3711340206185567,pairdot_development_three_seeds,1000,12,development,403a3c26db4d9c5d8e165c3f850837e9e7bb3f9e96dc7f7205beabc0543ee70c,work/plans/nocd_pairdot_dev_all_v1/development.json,analysis/nocd_pairdot_dev_all_v1,work/nocd_pairdot_dev_all_v1/lfr_n1000_o20_m50_s12__nocd_pairdot_elementwise1000__s73/result.json
lfr_n5000_o20_m50_s12__nocd_pairdot_bmm500__s73,lfr_n5000_o20_m50_s12,nocd_pairdot_bmm500,oracle_K,cpu,1,73,COMPLETED,26.706215541344136,719011840,completed,0.30106054830596873,0.3947007220862923,0.22355024347056218,0.12,103,SCORED,0.04415650013834238,0.10399759688313691,SCORED,0.12,0.10737763687083444,29.0,0.963,0.1435474701534963,0.505,0.22355024347056218,0.02019522046449007,0.12,0.03457216940363008,pairdot_development_three_seeds,5000,12,development,c907a9b0df2fd832ea4e459b6bdbc3d4a56e28eed0e2628be61c7bd960b2ceec,work/plans/nocd_pairdot_dev_all_v1/development.json,analysis/nocd_pairdot_dev_all_v1,work/nocd_pairdot_dev_all_v1/lfr_n5000_o20_m50_s12__nocd_pairdot_bmm500__s73/result.json
lfr_n5000_o40_m50_s12__nocd_pairdot_csr500__s73,lfr_n5000_o40_m50_s12,nocd_pairdot_csr500,oracle_K,cpu,1,73,COMPLETED,22.575445749796927,750256128,completed,0.2201088358300322,0.29368975102016676,0.3195995379283789,0.0575,100,SCORED,0.04565420839935541,0.006966747775760235,SCORED,0.0575,0.0588768782393071,29.0,0.859,0.2598622417031935,0.415,0.3195995379283789,0.020484503028143926,0.0575,0.030207512477016023,pairdot_development_three_seeds,5000,12,development,a4d5adccafffd7e6d399fb6b891010de478c5ca569589bbe3cd0198f2095d767,work/plans/nocd_pairdot_dev_all_v1/development.json,analysis/nocd_pairdot_dev_all_v1,work/nocd_pairdot_dev_all_v1/lfr_n5000_o40_m50_s12__nocd_pairdot_csr500__s73/result.json
lfr_n1000_o00_m50_s11__nocd_pairdot_elementwise500__s73,lfr_n1000_o00_m50_s11,nocd_pairdot_elementwise500,oracle_K,cpu,1,73,COMPLETED,5.788233415689319,423411712,completed,0.9262297984027911,0.9319664492078286,0.0,,19,SCORED,0.007011083886027336,0.8046334939321493,SCORED,,0.8986664159427529,32.5,1.0,0.0,,0.0,0.0,,0.0,pairdot_development_three_seeds,1000,11,development,c9da5300026662c691131b6bb6ea5bc9612836e2ee55fa75fb9d37718203da43,work/plans/nocd_pairdot_dev_all_v1/development.json,analysis/nocd_pairdot_dev_all_v1,work/nocd_pairdot_dev_all_v1/lfr_n1000_o00_m50_s11__nocd_pairdot_elementwise500__s73/result.json
lfr_n1000_o40_m50_s11__nocd_pairdot_bmm500__s73,lfr_n1000_o40_m50_s11,nocd_pairdot_bmm500,oracle_K,cpu,1,73,COMPLETED,6.024424416013062,440532992,completed,0.7512238212275736,0.7610448242502419,0.6281512605042017,0.555,26,SCORED,0.00735583296045661,0.5419337434870555,SCORED,0.555,0.6097926661233514,32.25,0.991,0.5416666666666666,0.7475,0.6281512605042017,0.3126760563380282,0.555,0.4,pairdot_development_three_seeds,1000,11,development,c2a580289d2c174c317ff5d05236a52a38bc2b9468c86a5d90342da21622f7f1,work/plans/nocd_pairdot_dev_all_v1/development.json,analysis/nocd_pairdot_dev_all_v1,work/nocd_pairdot_dev_all_v1/lfr_n1000_o40_m50_s11__nocd_pairdot_bmm500__s73/result.json
lfr_n5000_o00_m20_s11__nocd_pairdot_elementwise500__s73,lfr_n5000_o00_m20_s11,nocd_pairdot_elementwise500,oracle_K,cpu,1,73,COMPLETED,24.14068033406511,690733056,completed,0.4647716574926278,0.5412749605434708,0.0,,94,SCORED,0.04181691585108638,0.4110445459169496,SCORED,,0.13645187684276402,27.0,1.0,0.0,,0.0,0.0,,0.0,pairdot_development_three_seeds,5000,11,development,83c0014ded94a5ae7083c562287d7c194336c812d43477ea984e1da49948b9cd,work/plans/nocd_pairdot_dev_all_v1/development.json,analysis/nocd_pairdot_dev_all_v1,work/nocd_pairdot_dev_all_v1/lfr_n5000_o00_m20_s11__nocd_pairdot_elementwise500__s73/result.json
lfr_n1000_o00_m50_s11__nocd_pairdot_bmm500__s73,lfr_n1000_o00_m50_s11,nocd_pairdot_bmm500,oracle_K,cpu,1,73,COMPLETED,5.664536290802062,452771840,completed,0.924650078537333,0.9298000929800093,0.0,,19,SCORED,0.007129124831408262,0.7983448081765825,SCORED,,0.9076758737074343,32.5,1.0,0.0,,0.0,0.0,,0.0,pairdot_development_three_seeds,1000,11,development,c9da5300026662c691131b6bb6ea5bc9612836e2ee55fa75fb9d37718203da43,work/plans/nocd_pairdot_dev_all_v1/development.json,analysis/nocd_pairdot_dev_all_v1,work/nocd_pairdot_dev_all_v1/lfr_n1000_o00_m50_s11__nocd_pairdot_bmm500__s73/result.json
lfr_n1000_o40_m50_s12__nocd_pairdot_elementwise500__s73,lfr_n1000_o40_m50_s12,nocd_pairdot_elementwise500,oracle_K,cpu,1,73,COMPLETED,5.835984957870096,468828160,completed,0.704341378367036,0.7081761006289308,0.6268958543983822,0.48,26,SCORED,0.007010000292211771,0.4635370923177096,SCORED,0.48,0.612447741902877,32.25,0.994,0.5263157894736842,0.775,0.6268958543983822,0.24427480916030533,0.48,0.32377740303541314,pairdot_development_three_seeds,1000,12,development,f6f8bf8a5134cdf18e38d9071370d0760a8003ce42977c8500f29ae6c4142fad,work/plans/nocd_pairdot_dev_all_v1/development.json,analysis/nocd_pairdot_dev_all_v1,work/nocd_pairdot_dev_all_v1/lfr_n1000_o40_m50_s12__nocd_pairdot_elementwise500__s73/result.json
lfr_n5000_o20_m20_s12__nocd_pairdot_elementwise500__s73,lfr_n5000_o20_m20_s12,nocd_pairdot_elementwise500,oracle_K,cpu,1,73,COMPLETED,25.555246332660317,723206144,completed,0.3919042818518749,0.45815415150512734,0.30247813411078717,0.314,100,SCORED,0.04450620897114277,0.2261011634149681,SCORED,0.314,0.12476260560494139,29.0,0.9948,0.18493761140819964,0.83,0.30247813411078717,0.04383026242322725,0.314,0.07692307692307693,pairdot_development_three_seeds,5000,12,development,d696c4ebed7dbaf052fdd0cef148d274c4d89f6fdd46db4608fb698928310459,work/plans/nocd_pairdot_dev_all_v1/development.json,analysis/nocd_pairdot_dev_all_v1,work/nocd_pairdot_dev_all_v1/lfr_n5000_o20_m20_s12__nocd_pairdot_elementwise500__s73/result.json
lfr_n1000_o20_m20_s12__nocd_pairdot_csr500__s73,lfr_n1000_o20_m20_s12,nocd_pairdot_csr500,oracle_K,cpu,1,73,COMPLETED,6.572982625104487,405766144,completed,0.888585512758298,0.9385245901639344,0.8816705336426914,0.855,23,SCORED,0.007178915664553642,0.9260487048012597,SCORED,0.855,0.615513165403114,32.5,1.0,0.8225108225108225,0.95,0.8816705336426914,0.7125,0.855,0.7772727272727272,pairdot_development_three_seeds,1000,12,development,e3295f93cfd939934501e9c63e20f87691c58a1adec57246eaf0244c644f0975,work/plans/nocd_pairdot_dev_all_v1/development.json,analysis/nocd_pairdot_dev_all_v1,work/nocd_pairdot_dev_all_v1/lfr_n1000_o20_m20_s12__nocd_pairdot_csr500__s73/result.json
lfr_n1000_o00_m50_s11__nocd_pairdot_csr500__s73,lfr_n1000_o00_m50_s11,nocd_pairdot_csr500,oracle_K,cpu,1,73,COMPLETED,6.2097310409881175,398082048,completed,0.9283332311199941,0.9315323707498836,0.0,,19,SCORED,0.0067309169098734856,0.8032216610270982,SCORED,,0.9136615845982805,32.5,1.0,0.0,,0.0,0.0,,0.0,pairdot_development_three_seeds,1000,11,development,c9da5300026662c691131b6bb6ea5bc9612836e2ee55fa75fb9d37718203da43,work/plans/nocd_pairdot_dev_all_v1/development.json,analysis/nocd_pairdot_dev_all_v1,work/nocd_pairdot_dev_all_v1/lfr_n1000_o00_m50_s11__nocd_pairdot_csr500__s73/result.json
lfr_n5000_o00_m50_s12__nocd_pairdot_elementwise1000__s73,lfr_n5000_o00_m50_s12,nocd_pairdot_elementwise1000,oracle_K,cpu,1,73,COMPLETED,28.545014916919172,886341632,completed,0.4465162360579139,0.5363037424437954,0.0,,91,SCORED,0.039647291880100965,0.34145887797389013,SCORED,,0.14538117568209022,28.0,0.9998,0.0,,0.0,0.0,,0.0,pairdot_development_three_seeds,5000,12,development,9c811f86b58592d69e88e29fd6eff0618e39d9d1f4794fa87ba119f25bce2ee5,work/plans/nocd_pairdot_dev_all_v1/development.json,analysis/nocd_pairdot_dev_all_v1,work/nocd_pairdot_dev_all_v1/lfr_n5000_o00_m50_s12__nocd_pairdot_elementwise1000__s73/result.json
lfr_n1000_o00_m20_s12__nocd_pairdot_bmm500__s73,lfr_n1000_o00_m20_s12,nocd_pairdot_bmm500,oracle_K,cpu,1,73,COMPLETED,5.921458332799375,420331520,completed,0.9432185592185591,0.9678377041068777,0.0,,18,SCORED,0.0065781245939433575,0.9504262106892161,SCORED,,0.8131868131868132,32.25,1.0,0.0,,0.0,0.0,,0.0,pairdot_development_three_seeds,1000,12,development,821213e90ec77ac8424a2f1eda0a0e6cb8b7dba9217b43d703b34f067dab297d,work/plans/nocd_pairdot_dev_all_v1/development.json,analysis/nocd_pairdot_dev_all_v1,work/nocd_pairdot_dev_all_v1/lfr_n1000_o00_m20_s12__nocd_pairdot_bmm500__s73/result.json
lfr_n1000_o00_m20_s11__nocd_pairdot_elementwise1000__s73,lfr_n1000_o00_m20_s11,nocd_pairdot_elementwise1000,oracle_K,cpu,1,73,COMPLETED,9.27638458320871,425459712,completed,0.931350114416476,0.9616895874263262,0.0,,19,SCORED,0.006471916101872921,0.9537524333193574,SCORED,,0.7391304347826086,32.5,1.0,0.0,,0.0,0.0,,0.0,pairdot_development_three_seeds,1000,11,development,a35780a9cf45692523fdb1d1201a34875c1096949d372be6c47dbfc73870d261,work/plans/nocd_pairdot_dev_all_v1/development.json,analysis/nocd_pairdot_dev_all_v1,work/nocd_pairdot_dev_all_v1/lfr_n1000_o00_m20_s11__nocd_pairdot_elementwise1000__s73/result.json
lfr_n5000_o00_m20_s12__nocd_pairdot_elementwise1000__s73,lfr_n5000_o00_m20_s12,nocd_pairdot_elementwise1000,oracle_K,cpu,1,73,COMPLETED,48.73382500000298,883933184,completed,0.47428495099228013,0.5602441816100725,0.0,,76,SCORED,0.04057270800694823,0.4443712054546662,SCORED,,0.0915943500234688,28.0,1.0,0.0,,0.0,0.0,,0.0,pairdot_development_three_seeds,5000,12,development,9bb415b7ddd37767edc6b2cf20dc4c265f87a0c7d917a1e8166b187815356c7f,work/plans/nocd_pairdot_dev_all_v1/development.json,analysis/nocd_pairdot_dev_all_v1,work/nocd_pairdot_dev_all_v1/lfr_n5000_o00_m20_s12__nocd_pairdot_elementwise1000__s73/result.json
lfr_n5000_o20_m50_s11__nocd_pairdot_csr500__s73,lfr_n5000_o20_m50_s11,nocd_pairdot_csr500,oracle_K,cpu,1,73,COMPLETED,21.905008791014552,691339264,completed,0.3147020124087203,0.4000463821892393,0.2132292522596549,0.121,105,SCORED,0.04641095828264952,0.09048839637124051,SCORED,0.121,0.08553270834100273,27.0,0.9616,0.13417786970010342,0.519,0.2132292522596549,0.018788819875776398,0.121,0.032526881720430105,pairdot_development_three_seeds,5000,11,development,042577b3a9f9781ab87a53c6bccd8139197f7c2166d0fb257b724a958c7c8cbe,work/plans/nocd_pairdot_dev_all_v1/development.json,analysis/nocd_pairdot_dev_all_v1,work/nocd_pairdot_dev_all_v1/lfr_n5000_o20_m50_s11__nocd_pairdot_csr500__s73/result.json
lfr_n5000_o40_m50_s12__nocd_pairdot_elementwise1000__s73,lfr_n5000_o40_m50_s12,nocd_pairdot_elementwise1000,oracle_K,cpu,1,73,COMPLETED,37.00639474997297,773423104,completed,0.22083328603487823,0.29480775932164016,0.31013992716120375,0.0605,103,SCORED,0.045874207746237516,0.013670876657700752,SCORED,0.0605,0.07277277986172218,29.0,0.8528,0.25147653092943734,0.4045,0.31013992716120375,0.02032247228753779,0.0605,0.03042494342469198,pairdot_development_three_seeds,5000,12,development,a4d5adccafffd7e6d399fb6b891010de478c5ca569589bbe3cd0198f2095d767,work/plans/nocd_pairdot_dev_all_v1/development.json,analysis/nocd_pairdot_dev_all_v1,work/nocd_pairdot_dev_all_v1/lfr_n5000_o40_m50_s12__nocd_pairdot_elementwise1000__s73/result.json
lfr_n1000_o40_m20_s11__nocd_pairdot_elementwise1000__s73,lfr_n1000_o40_m20_s11,nocd_pairdot_elementwise1000,oracle_K,cpu,1,73,COMPLETED,8.728595667053014,472907776,completed,0.8975185003684369,0.9516072059342988,0.9396135265700483,0.915,26,SCORED,0.007571542169898748,0.9427101514626453,SCORED,0.915,0.6309155241043786,32.25,1.0,0.9088785046728972,0.9725,0.9396135265700483,0.8491879350348028,0.915,0.8808664259927798,pairdot_development_three_seeds,1000,11,development,cfd1429b346f9fe0e517cfdf747133a08aa2d127fb3f5cef15e5f948777b5a72,work/plans/nocd_pairdot_dev_all_v1/development.json,analysis/nocd_pairdot_dev_all_v1,work/nocd_pairdot_dev_all_v1/lfr_n1000_o40_m20_s11__nocd_pairdot_elementwise1000__s73/result.json
lfr_n5000_o20_m50_s11__nocd_pairdot_elementwise500__s73,lfr_n5000_o20_m50_s11,nocd_pairdot_elementwise500,oracle_K,cpu,1,73,COMPLETED,26.314951249863952,723353600,completed,0.32089317163049574,0.40850114483649386,0.2136121361213612,0.129,100,SCORED,0.04491345910355449,0.10327943037463472,SCORED,0.129,0.0800634061931045,27.0,0.9652,0.1343476018566271,0.521,0.2136121361213612,0.020782986950217495,0.129,0.03579852920771472,pairdot_development_three_seeds,5000,11,development,042577b3a9f9781ab87a53c6bccd8139197f7c2166d0fb257b724a958c7c8cbe,work/plans/nocd_pairdot_dev_all_v1/development.json,analysis/nocd_pairdot_dev_all_v1,work/nocd_pairdot_dev_all_v1/lfr_n5000_o20_m50_s11__nocd_pairdot_elementwise500__s73/result.json
lfr_n1000_o00_m20_s12__nocd_pairdot_csr500__s73,lfr_n1000_o00_m20_s12,nocd_pairdot_csr500,oracle_K,cpu,1,73,COMPLETED,6.380571708083153,398458880,completed,0.9282700421940928,0.9550342130987293,0.0,,18,SCORED,0.0069420840591192245,0.9577904597129617,SCORED,,0.7417721518987342,32.25,1.0,0.0,,0.0,0.0,,0.0,pairdot_development_three_seeds,1000,12,development,821213e90ec77ac8424a2f1eda0a0e6cb8b7dba9217b43d703b34f067dab297d,work/plans/nocd_pairdot_dev_all_v1/development.json,analysis/nocd_pairdot_dev_all_v1,work/nocd_pairdot_dev_all_v1/lfr_n1000_o00_m20_s12__nocd_pairdot_csr500__s73/result.json
lfr_n1000_o00_m20_s11__nocd_pairdot_csr500__s73,lfr_n1000_o00_m20_s11,nocd_pairdot_csr500,oracle_K,cpu,1,73,COMPLETED,6.252390875015408,402800640,completed,0.9354780813927401,0.9665024630541872,0.0,,19,SCORED,0.006683750078082085,0.9488573642759551,SCORED,,0.7548167092924126,32.5,1.0,0.0,,0.0,0.0,,0.0,pairdot_development_three_seeds,1000,11,development,a35780a9cf45692523fdb1d1201a34875c1096949d372be6c47dbfc73870d261,work/plans/nocd_pairdot_dev_all_v1/development.json,analysis/nocd_pairdot_dev_all_v1,work/nocd_pairdot_dev_all_v1/lfr_n1000_o00_m20_s11__nocd_pairdot_csr500__s73/result.json
lfr_n5000_o00_m20_s12__nocd_pairdot_bmm500__s73,lfr_n5000_o00_m20_s12,nocd_pairdot_bmm500,oracle_K,cpu,1,73,COMPLETED,25.96037312503904,871579648,completed,0.47468102896831177,0.5326827964175912,0.0,,91,SCORED,0.04119508294388652,0.39035710452209255,SCORED,,0.1163983674621646,28.0,1.0,0.0,,0.0,0.0,,0.0,pairdot_development_three_seeds,5000,12,development,9bb415b7ddd37767edc6b2cf20dc4c265f87a0c7d917a1e8166b187815356c7f,work/plans/nocd_pairdot_dev_all_v1/development.json,analysis/nocd_pairdot_dev_all_v1,work/nocd_pairdot_dev_all_v1/lfr_n5000_o00_m20_s12__nocd_pairdot_bmm500__s73/result.json
lfr_n5000_o40_m20_s11__nocd_pairdot_csr500__s73,lfr_n5000_o40_m20_s11,nocd_pairdot_csr500,oracle_K,cpu,1,73,COMPLETED,22.903168791439384,728694784,completed,0.31977142101691874,0.39709805757079336,0.5148828372387587,0.2585,123,SCORED,0.05002437485381961,0.12990942150500354,SCORED,0.2585,0.1063242132193754,27.0,0.9864,0.3767377201112141,0.813,0.5148828372387587,0.054807590374218174,0.2585,0.09043995451762442,pairdot_development_three_seeds,5000,11,development,e5e3c94841b01169042533f6d646204967555f9e0768e12d7ed45875d5492a7b,work/plans/nocd_pairdot_dev_all_v1/development.json,analysis/nocd_pairdot_dev_all_v1,work/nocd_pairdot_dev_all_v1/lfr_n5000_o40_m20_s11__nocd_pairdot_csr500__s73/result.json
lfr_n5000_o20_m20_s11__nocd_pairdot_elementwise500__s73,lfr_n5000_o20_m20_s11,nocd_pairdot_elementwise500,oracle_K,cpu,1,73,COMPLETED,26.170098583213985,728629248,completed,0.37751075155189157,0.46477246477246476,0.34286833855799376,0.308,98,SCORED,0.04613600019365549,0.24648686103846534,SCORED,0.308,0.12187700431006053,27.0,0.9984,0.2132066276803119,0.875,0.34286833855799376,0.048703352308665404,0.308,0.08410704533042053,pairdot_development_three_seeds,5000,11,development,10633120772bb6c2f4e6e6445293c062b15f160f4ce30890cdf14ebcfe3baea7,work/plans/nocd_pairdot_dev_all_v1/development.json,analysis/nocd_pairdot_dev_all_v1,work/nocd_pairdot_dev_all_v1/lfr_n5000_o20_m20_s11__nocd_pairdot_elementwise500__s73/result.json
lfr_n5000_o40_m20_s11__nocd_pairdot_bmm500__s73,lfr_n5000_o40_m20_s11,nocd_pairdot_bmm500,oracle_K,cpu,1,73,COMPLETED,29.632261957973242,806748160,completed,0.31467694265488827,0.40075170307728447,0.5165927511851965,0.263,119,SCORED,0.04816649993881583,0.12325158404470424,SCORED,0.263,0.0799610126830216,27.0,0.9892,0.3721083939193655,0.8445,0.5165927511851965,0.05632294678231074,0.263,0.09277714084134403,pairdot_development_three_seeds,5000,11,development,e5e3c94841b01169042533f6d646204967555f9e0768e12d7ed45875d5492a7b,work/plans/nocd_pairdot_dev_all_v1/development.json,analysis/nocd_pairdot_dev_all_v1,work/nocd_pairdot_dev_all_v1/lfr_n5000_o40_m20_s11__nocd_pairdot_bmm500__s73/result.json
lfr_n1000_o40_m20_s12__nocd_pairdot_elementwise1000__s73,lfr_n1000_o40_m20_s12,nocd_pairdot_elementwise1000,oracle_K,cpu,1,73,COMPLETED,7.575540917459875,440745984,completed,0.9456794696553005,0.9647639182522904,0.9619631901840491,0.9475,26,SCORED,0.007735124789178371,0.9577563927486763,SCORED,0.9475,0.808582449373192,32.25,1.0,0.944578313253012,0.98,0.9619631901840491,0.865296803652968,0.9475,0.9045346062052506,pairdot_development_three_seeds,1000,12,development,b110655fab996b66e797594117b662036a79c10b57587b66f41344ff7e5f5b10,work/plans/nocd_pairdot_dev_all_v1/development.json,analysis/nocd_pairdot_dev_all_v1,work/nocd_pairdot_dev_all_v1/lfr_n1000_o40_m20_s12__nocd_pairdot_elementwise1000__s73/result.json
lfr_n5000_o40_m20_s12__nocd_pairdot_csr500__s73,lfr_n5000_o40_m20_s12,nocd_pairdot_csr500,oracle_K,cpu,1,73,COMPLETED,22.622706667054445,716079104,completed,0.3114358453772772,0.40231520086329525,0.5202075798081459,0.25,110,SCORED,0.04552704095840454,0.1317356303188634,SCORED,0.25,0.08547968214875637,29.0,0.989,0.3794448267951365,0.827,0.5202075798081459,0.059227671167969675,0.25,0.0957670944263551,pairdot_development_three_seeds,5000,12,development,c61ece0036f9fe4b85b260c16c11343db079cf989942f73ba1327d9a0aedc8fe,work/plans/nocd_pairdot_dev_all_v1/development.json,analysis/nocd_pairdot_dev_all_v1,work/nocd_pairdot_dev_all_v1/lfr_n5000_o40_m20_s12__nocd_pairdot_csr500__s73/result.json
lfr_n1000_o20_m50_s12__nocd_pairdot_elementwise500__s73,lfr_n1000_o20_m50_s12,nocd_pairdot_elementwise500,oracle_K,cpu,1,73,COMPLETED,5.863878624979407,430391296,completed,0.8011858556170458,0.8213751868460388,0.528052805280528,0.63,23,SCORED,0.007595291826874018,0.6325962476445156,SCORED,0.63,0.5959545419690347,32.5,0.997,0.39408866995073893,0.8,0.528052805280528,0.2630480167014614,0.63,0.3711340206185567,pairdot_development_three_seeds,1000,12,development,403a3c26db4d9c5d8e165c3f850837e9e7bb3f9e96dc7f7205beabc0543ee70c,work/plans/nocd_pairdot_dev_all_v1/development.json,analysis/nocd_pairdot_dev_all_v1,work/nocd_pairdot_dev_all_v1/lfr_n1000_o20_m50_s12__nocd_pairdot_elementwise500__s73/result.json
lfr_n5000_o40_m20_s11__nocd_pairdot_elementwise500__s73,lfr_n5000_o40_m20_s11,nocd_pairdot_elementwise500,oracle_K,cpu,1,73,COMPLETED,28.355056500062346,815448064,completed,0.32532692878223457,0.4051360496917443,0.5102943419246607,0.284,126,SCORED,0.0485143749974668,0.11726002358669191,SCORED,0.284,0.09824343164117283,27.0,0.9858,0.3671274961597542,0.8365,0.5102943419246607,0.05889672335130651,0.284,0.0975609756097561,pairdot_development_three_seeds,5000,11,development,e5e3c94841b01169042533f6d646204967555f9e0768e12d7ed45875d5492a7b,work/plans/nocd_pairdot_dev_all_v1/development.json,analysis/nocd_pairdot_dev_all_v1,work/nocd_pairdot_dev_all_v1/lfr_n5000_o40_m20_s11__nocd_pairdot_elementwise500__s73/result.json
lfr_n5000_o00_m20_s11__nocd_pairdot_elementwise1000__s73,lfr_n5000_o00_m20_s11,nocd_pairdot_elementwise1000,oracle_K,cpu,1,73,COMPLETED,46.088117165956646,725499904,completed,0.46217847029514264,0.5710222784010112,0.0,,77,SCORED,0.04086058307439089,0.46618264629310613,SCORED,,0.06791593048473782,27.0,1.0,0.0,,0.0,0.0,,0.0,pairdot_development_three_seeds,5000,11,development,83c0014ded94a5ae7083c562287d7c194336c812d43477ea984e1da49948b9cd,work/plans/nocd_pairdot_dev_all_v1/development.json,analysis/nocd_pairdot_dev_all_v1,work/nocd_pairdot_dev_all_v1/lfr_n5000_o00_m20_s11__nocd_pairdot_elementwise1000__s73/result.json
lfr_n5000_o00_m50_s11__nocd_pairdot_elementwise1000__s73,lfr_n5000_o00_m50_s11,nocd_pairdot_elementwise1000,oracle_K,cpu,1,73,COMPLETED,25.83543137507513,687505408,completed,0.41393311888863715,0.4913848944163752,0.0,,95,SCORED,0.04502358287572861,0.32306893558907723,SCORED,,0.13963463092627856,27.0,0.999,0.0,,0.0,0.0,,0.0,pairdot_development_three_seeds,5000,11,development,a21da2eb7f2bb0e98d84af95e71dbbc99cc2895b6b338959b09ac2d47cec74d1,work/plans/nocd_pairdot_dev_all_v1/development.json,analysis/nocd_pairdot_dev_all_v1,work/nocd_pairdot_dev_all_v1/lfr_n5000_o00_m50_s11__nocd_pairdot_elementwise1000__s73/result.json
lfr_n1000_o20_m50_s12__nocd_pairdot_csr500__s74,lfr_n1000_o20_m50_s12,nocd_pairdot_csr500,oracle_K,cpu,1,74,COMPLETED,5.967741082888097,401620992,completed,0.8047417470882314,0.8330192235205428,0.5263157894736842,0.615,23,SCORED,0.007224707864224911,0.6358086176799007,SCORED,0.615,0.601899415452486,32.5,0.999,0.39845758354755784,0.775,0.5263157894736842,0.2709251101321586,0.615,0.3761467889908257,pairdot_development_three_seeds,1000,12,development,403a3c26db4d9c5d8e165c3f850837e9e7bb3f9e96dc7f7205beabc0543ee70c,work/plans/nocd_pairdot_dev_all_v1/development.json,analysis/nocd_pairdot_dev_all_v1,work/nocd_pairdot_dev_all_v1/lfr_n1000_o20_m50_s12__nocd_pairdot_csr500__s74/result.json
lfr_n5000_o20_m50_s12__nocd_pairdot_csr500__s74,lfr_n5000_o20_m50_s12,nocd_pairdot_csr500,oracle_K,cpu,1,74,COMPLETED,21.441471667028964,710082560,completed,0.33324111374413434,0.417221996870835,0.21338305365651544,0.147,107,SCORED,0.045079207979142666,0.11240496824327278,SCORED,0.147,0.13468333590450215,29.0,0.9594,0.13457015939378103,0.515,0.21338305365651544,0.022755417956656348,0.147,0.03941018766756032,pairdot_development_three_seeds,5000,12,development,c907a9b0df2fd832ea4e459b6bdbc3d4a56e28eed0e2628be61c7bd960b2ceec,work/plans/nocd_pairdot_dev_all_v1/development.json,analysis/nocd_pairdot_dev_all_v1,work/nocd_pairdot_dev_all_v1/lfr_n5000_o20_m50_s12__nocd_pairdot_csr500__s74/result.json
lfr_n5000_o00_m50_s11__nocd_pairdot_elementwise500__s74,lfr_n5000_o00_m50_s11,nocd_pairdot_elementwise500,oracle_K,cpu,1,74,COMPLETED,24.26574350008741,690356224,completed,0.4404082139833367,0.5190972222222222,0.0,,91,SCORED,0.04483437491580844,0.33377721516821995,SCORED,,0.11443569991525912,27.0,0.9992,0.0,,0.0,0.0,,0.0,pairdot_development_three_seeds,5000,11,development,a21da2eb7f2bb0e98d84af95e71dbbc99cc2895b6b338959b09ac2d47cec74d1,work/plans/nocd_pairdot_dev_all_v1/development.json,analysis/nocd_pairdot_dev_all_v1,work/nocd_pairdot_dev_all_v1/lfr_n5000_o00_m50_s11__nocd_pairdot_elementwise500__s74/result.json
lfr_n5000_o40_m20_s11__nocd_pairdot_elementwise1000__s74,lfr_n5000_o40_m20_s11,nocd_pairdot_elementwise1000,oracle_K,cpu,1,74,COMPLETED,54.75839629210532,802226176,completed,0.3051894232043194,0.4050022155482251,0.5311152187307455,0.254,104,SCORED,0.04987349966540933,0.14169211452033476,SCORED,0.254,0.03443085910708408,27.0,0.9942,0.383793410507569,0.862,0.5311152187307455,0.06091127098321343,0.254,0.09825918762088975,pairdot_development_three_seeds,5000,11,development,e5e3c94841b01169042533f6d646204967555f9e0768e12d7ed45875d5492a7b,work/plans/nocd_pairdot_dev_all_v1/development.json,analysis/nocd_pairdot_dev_all_v1,work/nocd_pairdot_dev_all_v1/lfr_n5000_o40_m20_s11__nocd_pairdot_elementwise1000__s74/result.json
lfr_n1000_o40_m50_s11__nocd_pairdot_elementwise1000__s74,lfr_n1000_o40_m50_s11,nocd_pairdot_elementwise1000,oracle_K,cpu,1,74,COMPLETED,6.589292666874826,437665792,completed,0.7823560747383553,0.7848932676518884,0.6608315098468271,0.58,26,SCORED,0.008038042113184929,0.5648157528101854,SCORED,0.58,0.7137554141058616,32.25,0.992,0.5875486381322957,0.755,0.6608315098468271,0.3552833078101072,0.58,0.4406457739791073,pairdot_development_three_seeds,1000,11,development,c2a580289d2c174c317ff5d05236a52a38bc2b9468c86a5d90342da21622f7f1,work/plans/nocd_pairdot_dev_all_v1/development.json,analysis/nocd_pairdot_dev_all_v1,work/nocd_pairdot_dev_all_v1/lfr_n1000_o40_m50_s11__nocd_pairdot_elementwise1000__s74/result.json
lfr_n5000_o20_m20_s11__nocd_pairdot_elementwise1000__s74,lfr_n5000_o20_m20_s11,nocd_pairdot_elementwise1000,oracle_K,cpu,1,74,COMPLETED,50.33117291610688,756383744,completed,0.347757862667929,0.4455624646693047,0.34089609151572925,0.301,92,SCORED,0.04442195827141404,0.22705568618081445,SCORED,0.301,0.05575430977867903,27.0,0.998,0.21060070671378092,0.894,0.34089609151572925,0.04492537313432836,0.301,0.07818181818181819,pairdot_development_three_seeds,5000,11,development,10633120772bb6c2f4e6e6445293c062b15f160f4ce30890cdf14ebcfe3baea7,work/plans/nocd_pairdot_dev_all_v1/development.json,analysis/nocd_pairdot_dev_all_v1,work/nocd_pairdot_dev_all_v1/lfr_n5000_o20_m20_s11__nocd_pairdot_elementwise1000__s74/result.json
lfr_n1000_o40_m50_s12__nocd_pairdot_bmm500__s74,lfr_n1000_o40_m50_s12,nocd_pairdot_bmm500,oracle_K,cpu,1,74,COMPLETED,6.118944374844432,440631296,completed,0.693713639858976,0.7150159744408946,0.6276595744680851,0.4575,26,SCORED,0.007563208229839802,0.467642919854198,SCORED,0.4575,0.5032141810268466,32.25,0.993,0.5462962962962963,0.7375,0.6276595744680851,0.24830393487109906,0.4575,0.32189973614775724,pairdot_development_three_seeds,1000,12,development,f6f8bf8a5134cdf18e38d9071370d0760a8003ce42977c8500f29ae6c4142fad,work/plans/nocd_pairdot_dev_all_v1/development.json,analysis/nocd_pairdot_dev_all_v1,work/nocd_pairdot_dev_all_v1/lfr_n1000_o40_m50_s12__nocd_pairdot_bmm500__s74/result.json
lfr_n1000_o00_m20_s11__nocd_pairdot_bmm500__s74,lfr_n1000_o00_m20_s11,nocd_pairdot_bmm500,oracle_K,cpu,1,74,COMPLETED,5.674235332757235,422985728,completed,0.9934983745936484,0.9930486593843099,0.0,,19,SCORED,0.007230042014271021,0.9787487278036421,SCORED,,1.0,32.5,1.0,0.0,,0.0,0.0,,0.0,pairdot_development_three_seeds,1000,11,development,a35780a9cf45692523fdb1d1201a34875c1096949d372be6c47dbfc73870d261,work/plans/nocd_pairdot_dev_all_v1/development.json,analysis/nocd_pairdot_dev_all_v1,work/nocd_pairdot_dev_all_v1/lfr_n1000_o00_m20_s11__nocd_pairdot_bmm500__s74/result.json
lfr_n1000_o40_m50_s11__nocd_pairdot_csr500__s74,lfr_n1000_o40_m50_s11,nocd_pairdot_csr500,oracle_K,cpu,1,74,COMPLETED,6.260793167166412,409780224,completed,0.7742870832097728,0.7808084127505751,0.6652221018418202,0.5725,26,SCORED,0.01136508397758007,0.5585586893424186,SCORED,0.5725,0.6918631552762815,32.25,0.989,0.5869980879541109,0.7675,0.6652221018418202,0.35015290519877673,0.5725,0.43453510436432635,pairdot_development_three_seeds,1000,11,development,c2a580289d2c174c317ff5d05236a52a38bc2b9468c86a5d90342da21622f7f1,work/plans/nocd_pairdot_dev_all_v1/development.json,analysis/nocd_pairdot_dev_all_v1,work/nocd_pairdot_dev_all_v1/lfr_n1000_o40_m50_s11__nocd_pairdot_csr500__s74/result.json
lfr_n1000_o20_m20_s12__nocd_pairdot_bmm500__s74,lfr_n1000_o20_m20_s12,nocd_pairdot_bmm500,oracle_K,cpu,1,74,COMPLETED,6.065078165847808,456179712,completed,0.942602142942769,0.9700996677740864,0.9408866995073891,0.905,23,SCORED,0.006726874969899654,0.9631479411557962,SCORED,0.905,0.789272030651341,32.5,1.0,0.9271844660194175,0.955,0.9408866995073891,0.8701923076923077,0.905,0.8872549019607843,pairdot_development_three_seeds,1000,12,development,e3295f93cfd939934501e9c63e20f87691c58a1adec57246eaf0244c644f0975,work/plans/nocd_pairdot_dev_all_v1/development.json,analysis/nocd_pairdot_dev_all_v1,work/nocd_pairdot_dev_all_v1/lfr_n1000_o20_m20_s12__nocd_pairdot_bmm500__s74/result.json
lfr_n1000_o00_m50_s12__nocd_pairdot_elementwise1000__s74,lfr_n1000_o00_m50_s12,nocd_pairdot_elementwise1000,oracle_K,cpu,1,74,COMPLETED,5.112670666072518,423968768,completed,0.7717387161988024,0.7931609674728941,0.0,,18,SCORED,0.006524708122014999,0.6325276071962255,SCORED,,0.47900616751350145,32.25,1.0,0.0,,0.0,0.0,,0.0,pairdot_development_three_seeds,1000,12,development,898f0fd80f831cccb10fec496f1dfbefac4c51abd860619b57c40c9819791ec0,work/plans/nocd_pairdot_dev_all_v1/development.json,analysis/nocd_pairdot_dev_all_v1,work/nocd_pairdot_dev_all_v1/lfr_n1000_o00_m50_s12__nocd_pairdot_elementwise1000__s74/result.json
lfr_n5000_o00_m50_s12__nocd_pairdot_elementwise500__s74,lfr_n5000_o00_m50_s12,nocd_pairdot_elementwise500,oracle_K,cpu,1,74,COMPLETED,25.19126766687259,842481664,completed,0.42294225452304907,0.5079817947150329,0.0,,88,SCORED,0.0424149171449244,0.3438945839912443,SCORED,,0.10092926400104801,28.0,0.9994,0.0,,0.0,0.0,,0.0,pairdot_development_three_seeds,5000,12,development,9c811f86b58592d69e88e29fd6eff0618e39d9d1f4794fa87ba119f25bce2ee5,work/plans/nocd_pairdot_dev_all_v1/development.json,analysis/nocd_pairdot_dev_all_v1,work/nocd_pairdot_dev_all_v1/lfr_n5000_o00_m50_s12__nocd_pairdot_elementwise500__s74/result.json
lfr_n1000_o20_m50_s11__nocd_pairdot_elementwise500__s74,lfr_n1000_o20_m50_s11,nocd_pairdot_elementwise500,oracle_K,cpu,1,74,COMPLETED,6.051543083973229,435929088,completed,0.8248949399639128,0.8302752293577982,0.5096660808435852,0.62,24,SCORED,0.0070653329603374004,0.6640116574661223,SCORED,0.62,0.8555533172285089,30.75,0.99,0.39295392953929537,0.725,0.5096660808435852,0.29107981220657275,0.62,0.3961661341853035,pairdot_development_three_seeds,1000,11,development,5655a0fb6e603038468724cf7784c1d74c61d0636dae30d9c3afb214deace494,work/plans/nocd_pairdot_dev_all_v1/development.json,analysis/nocd_pairdot_dev_all_v1,work/nocd_pairdot_dev_all_v1/lfr_n1000_o20_m50_s11__nocd_pairdot_elementwise500__s74/result.json
lfr_n1000_o00_m20_s12__nocd_pairdot_elementwise1000__s74,lfr_n1000_o00_m20_s12,nocd_pairdot_elementwise1000,oracle_K,cpu,1,74,COMPLETED,8.996396250091493,421822464,completed,0.9282700421940928,0.9527059970745978,0.0,,18,SCORED,0.006427333224564791,0.9453695088055222,SCORED,,0.7417721518987342,32.25,1.0,0.0,,0.0,0.0,,0.0,pairdot_development_three_seeds,1000,12,development,821213e90ec77ac8424a2f1eda0a0e6cb8b7dba9217b43d703b34f067dab297d,work/plans/nocd_pairdot_dev_all_v1/development.json,analysis/nocd_pairdot_dev_all_v1,work/nocd_pairdot_dev_all_v1/lfr_n1000_o00_m20_s12__nocd_pairdot_elementwise1000__s74/result.json
lfr_n1000_o20_m50_s12__nocd_pairdot_bmm500__s74,lfr_n1000_o20_m50_s12,nocd_pairdot_bmm500,oracle_K,cpu,1,74,COMPLETED,5.759678792208433,442056704,completed,0.8101510861368443,0.837174159425765,0.548885077186964,0.635,23,SCORED,0.011670582927763462,0.6419826968651956,SCORED,0.635,0.6102522673500342,32.5,0.999,0.4177545691906005,0.8,0.548885077186964,0.28348214285714285,0.635,0.39197530864197533,pairdot_development_three_seeds,1000,12,development,403a3c26db4d9c5d8e165c3f850837e9e7bb3f9e96dc7f7205beabc0543ee70c,work/plans/nocd_pairdot_dev_all_v1/development.json,analysis/nocd_pairdot_dev_all_v1,work/nocd_pairdot_dev_all_v1/lfr_n1000_o20_m50_s12__nocd_pairdot_bmm500__s74/result.json
lfr_n1000_o20_m20_s11__nocd_pairdot_csr500__s74,lfr_n1000_o20_m20_s11,nocd_pairdot_csr500,oracle_K,cpu,1,74,COMPLETED,6.194419167004526,412221440,completed,0.9951620879691276,0.9966666666666667,0.9824561403508771,0.98,24,SCORED,0.007120042107999325,0.9896603766094854,SCORED,0.98,0.9851851851851853,30.75,1.0,0.9849246231155779,0.98,0.9824561403508771,0.98,0.98,0.98,pairdot_development_three_seeds,1000,11,development,b9ec7da4aa6e47601b73592baf154d2326fe95f36c4fe05faf59857cae26b7b0,work/plans/nocd_pairdot_dev_all_v1/development.json,analysis/nocd_pairdot_dev_all_v1,work/nocd_pairdot_dev_all_v1/lfr_n1000_o20_m20_s11__nocd_pairdot_csr500__s74/result.json
lfr_n1000_o00_m50_s12__nocd_pairdot_csr500__s74,lfr_n1000_o00_m50_s12,nocd_pairdot_csr500,oracle_K,cpu,1,74,COMPLETED,6.142836750019342,394002432,completed,0.7798472771123358,0.8049090139652983,0.0,,18,SCORED,0.006461792159825563,0.6451048124271425,SCORED,,0.461316334314046,32.25,0.999,0.0,,0.0,0.0,,0.0,pairdot_development_three_seeds,1000,12,development,898f0fd80f831cccb10fec496f1dfbefac4c51abd860619b57c40c9819791ec0,work/plans/nocd_pairdot_dev_all_v1/development.json,analysis/nocd_pairdot_dev_all_v1,work/nocd_pairdot_dev_all_v1/lfr_n1000_o00_m50_s12__nocd_pairdot_csr500__s74/result.json
lfr_n1000_o00_m50_s12__nocd_pairdot_bmm500__s74,lfr_n1000_o00_m50_s12,nocd_pairdot_bmm500,oracle_K,cpu,1,74,COMPLETED,5.549007541965693,447873024,completed,0.7900780191956535,0.8041928721174004,0.0,,18,SCORED,0.006686958018690348,0.6362753553049851,SCORED,,0.49540100250626573,32.25,1.0,0.0,,0.0,0.0,,0.0,pairdot_development_three_seeds,1000,12,development,898f0fd80f831cccb10fec496f1dfbefac4c51abd860619b57c40c9819791ec0,work/plans/nocd_pairdot_dev_all_v1/development.json,analysis/nocd_pairdot_dev_all_v1,work/nocd_pairdot_dev_all_v1/lfr_n1000_o00_m50_s12__nocd_pairdot_bmm500__s74/result.json
lfr_n5000_o40_m50_s11__nocd_pairdot_elementwise1000__s74,lfr_n5000_o40_m50_s11,nocd_pairdot_elementwise1000,oracle_K,cpu,1,74,COMPLETED,35.979884166736156,776699904,completed,0.22309951857316118,0.2951086325084234,0.2918940772185163,0.0585,105,SCORED,0.04580850014463067,0.003802538384929957,SCORED,0.0585,0.08310665514858097,27.0,0.847,0.24499491007804547,0.361,0.2918940772185163,0.019568489713998997,0.0585,0.029326983331244515,pairdot_development_three_seeds,5000,11,development,79b9f441f15a9bd642d27166eaea695a2f5641b670c084ca99bd4fcfd8cdf6f6,work/plans/nocd_pairdot_dev_all_v1/development.json,analysis/nocd_pairdot_dev_all_v1,work/nocd_pairdot_dev_all_v1/lfr_n5000_o40_m50_s11__nocd_pairdot_elementwise1000__s74/result.json
lfr_n1000_o20_m20_s11__nocd_pairdot_elementwise1000__s74,lfr_n1000_o20_m20_s11,nocd_pairdot_elementwise1000,oracle_K,cpu,1,74,COMPLETED,10.470967459026724,437207040,completed,0.9985325969244098,0.9974937343358395,0.9847715736040609,0.97,24,SCORED,0.007204917259514332,0.9913938155071761,SCORED,0.97,1.0,30.75,1.0,1.0,0.97,0.9847715736040609,1.0,0.97,0.9847715736040609,pairdot_development_three_seeds,1000,11,development,b9ec7da4aa6e47601b73592baf154d2326fe95f36c4fe05faf59857cae26b7b0,work/plans/nocd_pairdot_dev_all_v1/development.json,analysis/nocd_pairdot_dev_all_v1,work/nocd_pairdot_dev_all_v1/lfr_n1000_o20_m20_s11__nocd_pairdot_elementwise1000__s74/result.json
lfr_n5000_o20_m20_s12__nocd_pairdot_bmm500__s74,lfr_n5000_o20_m20_s12,nocd_pairdot_bmm500,oracle_K,cpu,1,74,COMPLETED,26.73169624991715,755810304,completed,0.36261481001798046,0.4650049115913556,0.37389698337779603,0.297,91,SCORED,0.04301275033503771,0.26582476589718934,SCORED,0.297,0.1097923969492387,29.0,0.999,0.23521817712367674,0.911,0.37389698337779603,0.05611184583412054,0.297,0.09439059272207215,pairdot_development_three_seeds,5000,12,development,d696c4ebed7dbaf052fdd0cef148d274c4d89f6fdd46db4608fb698928310459,work/plans/nocd_pairdot_dev_all_v1/development.json,analysis/nocd_pairdot_dev_all_v1,work/nocd_pairdot_dev_all_v1/lfr_n5000_o20_m20_s12__nocd_pairdot_bmm500__s74/result.json
lfr_n1000_o00_m20_s12__nocd_pairdot_elementwise500__s74,lfr_n1000_o00_m20_s12,nocd_pairdot_elementwise500,oracle_K,cpu,1,74,COMPLETED,5.712589375209063,423002112,completed,0.9282700421940928,0.9517778860204579,0.0,,18,SCORED,0.007789999712258577,0.9397062101421274,SCORED,,0.7417721518987342,32.25,1.0,0.0,,0.0,0.0,,0.0,pairdot_development_three_seeds,1000,12,development,821213e90ec77ac8424a2f1eda0a0e6cb8b7dba9217b43d703b34f067dab297d,work/plans/nocd_pairdot_dev_all_v1/development.json,analysis/nocd_pairdot_dev_all_v1,work/nocd_pairdot_dev_all_v1/lfr_n1000_o00_m20_s12__nocd_pairdot_elementwise500__s74/result.json
lfr_n1000_o40_m20_s12__nocd_pairdot_csr500__s74,lfr_n1000_o40_m20_s12,nocd_pairdot_csr500,oracle_K,cpu,1,74,COMPLETED,6.255755375139415,408141824,completed,0.9663122119232098,0.9799713876967096,0.9874055415617129,0.95,25,SCORED,0.006787165999412537,0.9651073985388499,SCORED,0.95,0.8168498168498168,32.25,1.0,0.9949238578680203,0.98,0.9874055415617129,0.9595959595959596,0.95,0.9547738693467337,pairdot_development_three_seeds,1000,12,development,b110655fab996b66e797594117b662036a79c10b57587b66f41344ff7e5f5b10,work/plans/nocd_pairdot_dev_all_v1/development.json,analysis/nocd_pairdot_dev_all_v1,work/nocd_pairdot_dev_all_v1/lfr_n1000_o40_m20_s12__nocd_pairdot_csr500__s74/result.json
lfr_n5000_o20_m20_s11__nocd_pairdot_csr500__s74,lfr_n5000_o20_m20_s11,nocd_pairdot_csr500,oracle_K,cpu,1,74,COMPLETED,21.420206291601062,676052992,completed,0.3608064391971202,0.43987478411053543,0.30469897209985314,0.291,104,SCORED,0.04652358312159777,0.21753194191517827,SCORED,0.291,0.08085606739299087,27.0,0.9974,0.18660071942446044,0.83,0.30469897209985314,0.03858904654555099,0.291,0.06814190375834211,pairdot_development_three_seeds,5000,11,development,10633120772bb6c2f4e6e6445293c062b15f160f4ce30890cdf14ebcfe3baea7,work/plans/nocd_pairdot_dev_all_v1/development.json,analysis/nocd_pairdot_dev_all_v1,work/nocd_pairdot_dev_all_v1/lfr_n5000_o20_m20_s11__nocd_pairdot_csr500__s74/result.json
lfr_n1000_o20_m50_s11__nocd_pairdot_elementwise1000__s74,lfr_n1000_o20_m50_s11,nocd_pairdot_elementwise1000,oracle_K,cpu,1,74,COMPLETED,6.029386708047241,438370304,completed,0.8248949399639128,0.8302752293577982,0.5096660808435852,0.62,24,SCORED,0.007514500059187412,0.6640116574661223,SCORED,0.62,0.8555533172285089,30.75,0.99,0.39295392953929537,0.725,0.5096660808435852,0.29107981220657275,0.62,0.3961661341853035,pairdot_development_three_seeds,1000,11,development,5655a0fb6e603038468724cf7784c1d74c61d0636dae30d9c3afb214deace494,work/plans/nocd_pairdot_dev_all_v1/development.json,analysis/nocd_pairdot_dev_all_v1,work/nocd_pairdot_dev_all_v1/lfr_n1000_o20_m50_s11__nocd_pairdot_elementwise1000__s74/result.json
lfr_n5000_o20_m50_s11__nocd_pairdot_bmm500__s74,lfr_n5000_o20_m50_s11,nocd_pairdot_bmm500,oracle_K,cpu,1,74,COMPLETED,27.19302766630426,731414528,completed,0.32057221631926036,0.4104742508001164,0.20497427101200685,0.121,112,SCORED,0.043595666997134686,0.11656707915234675,SCORED,0.121,0.13805450874865915,27.0,0.9586,0.1304585152838428,0.478,0.20497427101200685,0.01892991239048811,0.121,0.03273809523809524,pairdot_development_three_seeds,5000,11,development,042577b3a9f9781ab87a53c6bccd8139197f7c2166d0fb257b724a958c7c8cbe,work/plans/nocd_pairdot_dev_all_v1/development.json,analysis/nocd_pairdot_dev_all_v1,work/nocd_pairdot_dev_all_v1/lfr_n5000_o20_m50_s11__nocd_pairdot_bmm500__s74/result.json
lfr_n1000_o40_m20_s12__nocd_pairdot_bmm500__s74,lfr_n1000_o40_m20_s12,nocd_pairdot_bmm500,oracle_K,cpu,1,74,COMPLETED,6.283334208186716,440008704,completed,0.9467504181546205,0.978921043229725,0.9861635220125786,0.95,26,SCORED,0.007548000197857618,0.9644287545399363,SCORED,0.95,0.8145078964751097,32.25,1.0,0.9924050632911392,0.98,0.9861635220125786,0.9523809523809523,0.95,0.951188986232791,pairdot_development_three_seeds,1000,12,development,b110655fab996b66e797594117b662036a79c10b57587b66f41344ff7e5f5b10,work/plans/nocd_pairdot_dev_all_v1/development.json,analysis/nocd_pairdot_dev_all_v1,work/nocd_pairdot_dev_all_v1/lfr_n1000_o40_m20_s12__nocd_pairdot_bmm500__s74/result.json
lfr_n5000_o40_m50_s11__nocd_pairdot_bmm500__s74,lfr_n5000_o40_m50_s11,nocd_pairdot_bmm500,oracle_K,cpu,1,74,COMPLETED,29.863051417283714,815349760,completed,0.22600491788318053,0.3042007001166861,0.29580306698950765,0.0585,110,SCORED,0.045436291955411434,0.008098846455772996,SCORED,0.0585,0.08452313163819951,27.0,0.861,0.2479702300405954,0.3665,0.29580306698950765,0.02005141388174807,0.0585,0.02986598596043395,pairdot_development_three_seeds,5000,11,development,79b9f441f15a9bd642d27166eaea695a2f5641b670c084ca99bd4fcfd8cdf6f6,work/plans/nocd_pairdot_dev_all_v1/development.json,analysis/nocd_pairdot_dev_all_v1,work/nocd_pairdot_dev_all_v1/lfr_n5000_o40_m50_s11__nocd_pairdot_bmm500__s74/result.json
lfr_n5000_o00_m50_s11__nocd_pairdot_bmm500__s74,lfr_n5000_o00_m50_s11,nocd_pairdot_bmm500,oracle_K,cpu,1,74,COMPLETED,25.026448833290488,686931968,completed,0.42689300895090415,0.5133824799096766,0.0,,92,SCORED,0.04220795864239335,0.32341911113903415,SCORED,,0.10383542341728476,27.0,0.9972,0.0,,0.0,0.0,,0.0,pairdot_development_three_seeds,5000,11,development,a21da2eb7f2bb0e98d84af95e71dbbc99cc2895b6b338959b09ac2d47cec74d1,work/plans/nocd_pairdot_dev_all_v1/development.json,analysis/nocd_pairdot_dev_all_v1,work/nocd_pairdot_dev_all_v1/lfr_n5000_o00_m50_s11__nocd_pairdot_bmm500__s74/result.json
lfr_n1000_o20_m20_s12__nocd_pairdot_elementwise1000__s74,lfr_n1000_o20_m20_s12,nocd_pairdot_elementwise1000,oracle_K,cpu,1,74,COMPLETED,10.17957904189825,435240960,completed,0.9448182662209734,0.9614438063986874,0.9133489461358314,0.925,23,SCORED,0.007185124792158604,0.9589537366736413,SCORED,0.925,0.7941739914356547,32.5,1.0,0.8590308370044053,0.975,0.9133489461358314,0.7773109243697479,0.925,0.8447488584474886,pairdot_development_three_seeds,1000,12,development,e3295f93cfd939934501e9c63e20f87691c58a1adec57246eaf0244c644f0975,work/plans/nocd_pairdot_dev_all_v1/development.json,analysis/nocd_pairdot_dev_all_v1,work/nocd_pairdot_dev_all_v1/lfr_n1000_o20_m20_s12__nocd_pairdot_elementwise1000__s74/result.json
lfr_n5000_o00_m50_s12__nocd_pairdot_csr500__s74,lfr_n5000_o00_m50_s12,nocd_pairdot_csr500,oracle_K,cpu,1,74,COMPLETED,19.787215916905552,642269184,completed,0.4260287773534925,0.511352152529812,0.0,,89,SCORED,0.04247112479060888,0.33326922346172755,SCORED,,0.0987498613180372,28.0,0.9996,0.0,,0.0,0.0,,0.0,pairdot_development_three_seeds,5000,12,development,9c811f86b58592d69e88e29fd6eff0618e39d9d1f4794fa87ba119f25bce2ee5,work/plans/nocd_pairdot_dev_all_v1/development.json,analysis/nocd_pairdot_dev_all_v1,work/nocd_pairdot_dev_all_v1/lfr_n5000_o00_m50_s12__nocd_pairdot_csr500__s74/result.json
lfr_n1000_o20_m20_s12__nocd_pairdot_elementwise500__s74,lfr_n1000_o20_m20_s12,nocd_pairdot_elementwise500,oracle_K,cpu,1,74,COMPLETED,5.886380250100046,432488448,completed,0.9418860085316274,0.9597370583401807,0.8967136150234741,0.905,23,SCORED,0.0068937079049646854,0.9505785128242716,SCORED,0.905,0.7908541364887659,32.5,1.0,0.8451327433628318,0.955,0.8967136150234741,0.7735042735042735,0.905,0.8341013824884793,pairdot_development_three_seeds,1000,12,development,e3295f93cfd939934501e9c63e20f87691c58a1adec57246eaf0244c644f0975,work/plans/nocd_pairdot_dev_all_v1/development.json,analysis/nocd_pairdot_dev_all_v1,work/nocd_pairdot_dev_all_v1/lfr_n1000_o20_m20_s12__nocd_pairdot_elementwise500__s74/result.json
lfr_n5000_o40_m50_s11__nocd_pairdot_elementwise500__s74,lfr_n5000_o40_m50_s11,nocd_pairdot_elementwise500,oracle_K,cpu,1,74,COMPLETED,28.6701379166916,762707968,completed,0.22309951857316118,0.2951086325084234,0.2918940772185163,0.0585,105,SCORED,0.045327416621148586,0.003802538384929957,SCORED,0.0585,0.08310665514858097,27.0,0.847,0.24499491007804547,0.361,0.2918940772185163,0.019568489713998997,0.0585,0.029326983331244515,pairdot_development_three_seeds,5000,11,development,79b9f441f15a9bd642d27166eaea695a2f5641b670c084ca99bd4fcfd8cdf6f6,work/plans/nocd_pairdot_dev_all_v1/development.json,analysis/nocd_pairdot_dev_all_v1,work/nocd_pairdot_dev_all_v1/lfr_n5000_o40_m50_s11__nocd_pairdot_elementwise500__s74/result.json
lfr_n1000_o40_m50_s12__nocd_pairdot_csr500__s74,lfr_n1000_o40_m50_s12,nocd_pairdot_csr500,oracle_K,cpu,1,74,COMPLETED,6.198025417048484,415989760,completed,0.6689623698389229,0.6951296647691335,0.6209761163032191,0.445,26,SCORED,0.007693207822740078,0.4502328566246586,SCORED,0.445,0.40865800865800866,32.25,0.995,0.5310834813499112,0.7475,0.6209761163032191,0.2320730117340287,0.445,0.3050556983718937,pairdot_development_three_seeds,1000,12,development,f6f8bf8a5134cdf18e38d9071370d0760a8003ce42977c8500f29ae6c4142fad,work/plans/nocd_pairdot_dev_all_v1/development.json,analysis/nocd_pairdot_dev_all_v1,work/nocd_pairdot_dev_all_v1/lfr_n1000_o40_m50_s12__nocd_pairdot_csr500__s74/result.json
lfr_n1000_o20_m20_s11__nocd_pairdot_elementwise500__s74,lfr_n1000_o20_m20_s11,nocd_pairdot_elementwise500,oracle_K,cpu,1,74,COMPLETED,5.860335709061474,433340416,completed,0.9989349664439052,0.998330550918197,0.98989898989899,0.98,24,SCORED,0.00702212518081069,0.9935611605198136,SCORED,0.98,1.0,30.75,1.0,1.0,0.98,0.98989898989899,1.0,0.98,0.98989898989899,pairdot_development_three_seeds,1000,11,development,b9ec7da4aa6e47601b73592baf154d2326fe95f36c4fe05faf59857cae26b7b0,work/plans/nocd_pairdot_dev_all_v1/development.json,analysis/nocd_pairdot_dev_all_v1,work/nocd_pairdot_dev_all_v1/lfr_n1000_o20_m20_s11__nocd_pairdot_elementwise500__s74/result.json
lfr_n5000_o00_m20_s12__nocd_pairdot_elementwise500__s74,lfr_n5000_o00_m20_s12,nocd_pairdot_elementwise500,oracle_K,cpu,1,74,COMPLETED,25.078882208094,847904768,completed,0.4706741494830359,0.550993003039084,0.0,,90,SCORED,0.040456084068864584,0.39417097162250037,SCORED,,0.08031460824179731,28.0,1.0,0.0,,0.0,0.0,,0.0,pairdot_development_three_seeds,5000,12,development,9bb415b7ddd37767edc6b2cf20dc4c265f87a0c7d917a1e8166b187815356c7f,work/plans/nocd_pairdot_dev_all_v1/development.json,analysis/nocd_pairdot_dev_all_v1,work/nocd_pairdot_dev_all_v1/lfr_n5000_o00_m20_s12__nocd_pairdot_elementwise500__s74/result.json
lfr_n1000_o40_m20_s12__nocd_pairdot_elementwise500__s74,lfr_n1000_o40_m20_s12,nocd_pairdot_elementwise500,oracle_K,cpu,1,74,COMPLETED,6.00641241716221,436649984,completed,0.9477057087577786,0.9706402546869473,0.9598051157125457,0.955,26,SCORED,0.0076059577986598015,0.9600169949476033,SCORED,0.955,0.8145078964751097,32.25,1.0,0.9358669833729216,0.985,0.9598051157125457,0.8946135831381733,0.955,0.9238210399032648,pairdot_development_three_seeds,1000,12,development,b110655fab996b66e797594117b662036a79c10b57587b66f41344ff7e5f5b10,work/plans/nocd_pairdot_dev_all_v1/development.json,analysis/nocd_pairdot_dev_all_v1,work/nocd_pairdot_dev_all_v1/lfr_n1000_o40_m20_s12__nocd_pairdot_elementwise500__s74/result.json
lfr_n5000_o20_m20_s11__nocd_pairdot_bmm500__s74,lfr_n5000_o20_m20_s11,nocd_pairdot_bmm500,oracle_K,cpu,1,74,COMPLETED,27.409588041715324,730841088,completed,0.3689657272270007,0.442257785467128,0.30848518314006995,0.274,102,SCORED,0.04536029091104865,0.20994263055093176,SCORED,0.274,0.11354891451246633,27.0,0.9954,0.18903676968193098,0.838,0.30848518314006995,0.036441016092565504,0.274,0.06432679892006105,pairdot_development_three_seeds,5000,11,development,10633120772bb6c2f4e6e6445293c062b15f160f4ce30890cdf14ebcfe3baea7,work/plans/nocd_pairdot_dev_all_v1/development.json,analysis/nocd_pairdot_dev_all_v1,work/nocd_pairdot_dev_all_v1/lfr_n5000_o20_m20_s11__nocd_pairdot_bmm500__s74/result.json
lfr_n1000_o40_m50_s11__nocd_pairdot_elementwise500__s74,lfr_n1000_o40_m50_s11,nocd_pairdot_elementwise500,oracle_K,cpu,1,74,COMPLETED,6.0606907503679395,440320000,completed,0.7823560747383553,0.7848932676518884,0.6608315098468271,0.58,26,SCORED,0.007992375176399946,0.5648157528101854,SCORED,0.58,0.7137554141058616,32.25,0.992,0.5875486381322957,0.755,0.6608315098468271,0.3552833078101072,0.58,0.4406457739791073,pairdot_development_three_seeds,1000,11,development,c2a580289d2c174c317ff5d05236a52a38bc2b9468c86a5d90342da21622f7f1,work/plans/nocd_pairdot_dev_all_v1/development.json,analysis/nocd_pairdot_dev_all_v1,work/nocd_pairdot_dev_all_v1/lfr_n1000_o40_m50_s11__nocd_pairdot_elementwise500__s74/result.json
lfr_n1000_o20_m50_s11__nocd_pairdot_bmm500__s74,lfr_n1000_o20_m50_s11,nocd_pairdot_bmm500,oracle_K,cpu,1,74,COMPLETED,5.605111250188202,435847168,completed,0.8103690686206683,0.813622754491018,0.5107794361525705,0.63,24,SCORED,0.00671045808121562,0.6306560325630813,SCORED,0.63,0.8380080838701529,30.75,0.994,0.38213399503722084,0.77,0.5107794361525705,0.26359832635983266,0.63,0.37168141592920356,pairdot_development_three_seeds,1000,11,development,5655a0fb6e603038468724cf7784c1d74c61d0636dae30d9c3afb214deace494,work/plans/nocd_pairdot_dev_all_v1/development.json,analysis/nocd_pairdot_dev_all_v1,work/nocd_pairdot_dev_all_v1/lfr_n1000_o20_m50_s11__nocd_pairdot_bmm500__s74/result.json
lfr_n5000_o40_m20_s12__nocd_pairdot_bmm500__s74,lfr_n5000_o40_m20_s12,nocd_pairdot_bmm500,oracle_K,cpu,1,74,COMPLETED,29.366416375152767,807780352,completed,0.3165295338437159,0.40382941688424717,0.5313394845688832,0.253,118,SCORED,0.04802241688594222,0.14124679711323607,SCORED,0.253,0.08109068732368269,29.0,0.9928,0.3896406906206253,0.835,0.5313394845688832,0.05804083505391145,0.253,0.0944206008583691,pairdot_development_three_seeds,5000,12,development,c61ece0036f9fe4b85b260c16c11343db079cf989942f73ba1327d9a0aedc8fe,work/plans/nocd_pairdot_dev_all_v1/development.json,analysis/nocd_pairdot_dev_all_v1,work/nocd_pairdot_dev_all_v1/lfr_n5000_o40_m20_s12__nocd_pairdot_bmm500__s74/result.json
lfr_n1000_o00_m50_s11__nocd_pairdot_elementwise1000__s74,lfr_n1000_o00_m50_s11,nocd_pairdot_elementwise1000,oracle_K,cpu,1,74,COMPLETED,8.473258666694164,423870464,completed,0.9268541366979576,0.9341429238673518,0.0,,19,SCORED,0.007480040658265352,0.8080796705757985,SCORED,,0.8949180355626043,32.5,1.0,0.0,,0.0,0.0,,0.0,pairdot_development_three_seeds,1000,11,development,c9da5300026662c691131b6bb6ea5bc9612836e2ee55fa75fb9d37718203da43,work/plans/nocd_pairdot_dev_all_v1/development.json,analysis/nocd_pairdot_dev_all_v1,work/nocd_pairdot_dev_all_v1/lfr_n1000_o00_m50_s11__nocd_pairdot_elementwise1000__s74/result.json
lfr_n5000_o20_m20_s12__nocd_pairdot_elementwise1000__s74,lfr_n5000_o20_m20_s12,nocd_pairdot_elementwise1000,oracle_K,cpu,1,74,COMPLETED,48.841020540799946,741769216,completed,0.3902861040678978,0.48246844319775595,0.38309278350515463,0.353,92,SCORED,0.04439658299088478,0.29493075378096445,SCORED,0.353,0.09865160498589844,29.0,0.9994,0.2412987012987013,0.929,0.38309278350515463,0.06534616808589411,0.353,0.11027803811308966,pairdot_development_three_seeds,5000,12,development,d696c4ebed7dbaf052fdd0cef148d274c4d89f6fdd46db4608fb698928310459,work/plans/nocd_pairdot_dev_all_v1/development.json,analysis/nocd_pairdot_dev_all_v1,work/nocd_pairdot_dev_all_v1/lfr_n5000_o20_m20_s12__nocd_pairdot_elementwise1000__s74/result.json
lfr_n5000_o00_m20_s12__nocd_pairdot_csr500__s74,lfr_n5000_o00_m20_s12,nocd_pairdot_csr500,oracle_K,cpu,1,74,COMPLETED,20.258326499722898,639778816,completed,0.4688363150979779,0.5468828828828829,0.0,,93,SCORED,0.042352665681391954,0.4128498505675262,SCORED,,0.11554416381873246,28.0,1.0,0.0,,0.0,0.0,,0.0,pairdot_development_three_seeds,5000,12,development,9bb415b7ddd37767edc6b2cf20dc4c265f87a0c7d917a1e8166b187815356c7f,work/plans/nocd_pairdot_dev_all_v1/development.json,analysis/nocd_pairdot_dev_all_v1,work/nocd_pairdot_dev_all_v1/lfr_n5000_o00_m20_s12__nocd_pairdot_csr500__s74/result.json
lfr_n1000_o40_m20_s11__nocd_pairdot_bmm500__s74,lfr_n1000_o40_m20_s11,nocd_pairdot_bmm500,oracle_K,cpu,1,74,COMPLETED,6.28662862489,440909824,completed,0.901044108553796,0.9412176347095871,0.948780487804878,0.905,26,SCORED,0.008051833137869835,0.9304993384494298,SCORED,0.905,0.6770139634801289,32.25,1.0,0.9261904761904762,0.9725,0.948780487804878,0.7903930131004366,0.905,0.8438228438228438,pairdot_development_three_seeds,1000,11,development,cfd1429b346f9fe0e517cfdf747133a08aa2d127fb3f5cef15e5f948777b5a72,work/plans/nocd_pairdot_dev_all_v1/development.json,analysis/nocd_pairdot_dev_all_v1,work/nocd_pairdot_dev_all_v1/lfr_n1000_o40_m20_s11__nocd_pairdot_bmm500__s74/result.json
lfr_n1000_o20_m50_s11__nocd_pairdot_csr500__s74,lfr_n1000_o20_m50_s11,nocd_pairdot_csr500,oracle_K,cpu,1,74,COMPLETED,6.156635375227779,403161088,completed,0.8290307838157421,0.8334606569900688,0.5321428571428571,0.64,24,SCORED,0.0069219996221363544,0.6674914361598057,SCORED,0.64,0.8598644956132252,30.75,0.992,0.41388888888888886,0.745,0.5321428571428571,0.3004694835680751,0.64,0.40894568690095845,pairdot_development_three_seeds,1000,11,development,5655a0fb6e603038468724cf7784c1d74c61d0636dae30d9c3afb214deace494,work/plans/nocd_pairdot_dev_all_v1/development.json,analysis/nocd_pairdot_dev_all_v1,work/nocd_pairdot_dev_all_v1/lfr_n1000_o20_m50_s11__nocd_pairdot_csr500__s74/result.json
lfr_n5000_o20_m50_s12__nocd_pairdot_elementwise500__s74,lfr_n5000_o20_m50_s12,nocd_pairdot_elementwise500,oracle_K,cpu,1,74,COMPLETED,25.592418833170086,741949440,completed,0.3436596724880862,0.4248991354466859,0.21441550575408844,0.146,110,SCORED,0.04510729108005762,0.1111036811448295,SCORED,0.146,0.15008493146100646,29.0,0.959,0.13432835820895522,0.531,0.21441550575408844,0.02227307398932113,0.146,0.03864990072799471,pairdot_development_three_seeds,5000,12,development,c907a9b0df2fd832ea4e459b6bdbc3d4a56e28eed0e2628be61c7bd960b2ceec,work/plans/nocd_pairdot_dev_all_v1/development.json,analysis/nocd_pairdot_dev_all_v1,work/nocd_pairdot_dev_all_v1/lfr_n5000_o20_m50_s12__nocd_pairdot_elementwise500__s74/result.json
lfr_n5000_o40_m50_s12__nocd_pairdot_bmm500__s74,lfr_n5000_o40_m50_s12,nocd_pairdot_bmm500,oracle_K,cpu,1,74,COMPLETED,29.120269999839365,774356992,completed,0.2556721620522351,0.32314950016848254,0.3294471605866867,0.0805,106,SCORED,0.04780483338981867,0.007702388279829162,SCORED,0.0805,0.06766861202120311,29.0,0.885,0.2640144665461121,0.438,0.3294471605866867,0.02523115499138066,0.0805,0.03842023624865768,pairdot_development_three_seeds,5000,12,development,a4d5adccafffd7e6d399fb6b891010de478c5ca569589bbe3cd0198f2095d767,work/plans/nocd_pairdot_dev_all_v1/development.json,analysis/nocd_pairdot_dev_all_v1,work/nocd_pairdot_dev_all_v1/lfr_n5000_o40_m50_s12__nocd_pairdot_bmm500__s74/result.json
lfr_n5000_o20_m20_s12__nocd_pairdot_csr500__s74,lfr_n5000_o20_m20_s12,nocd_pairdot_csr500,oracle_K,cpu,1,74,COMPLETED,21.762451665941626,673923072,completed,0.39172424793571026,0.4739803910193189,0.34592370979805537,0.34,99,SCORED,0.04847508296370506,0.27133441161785155,SCORED,0.34,0.09182429267102094,29.0,0.9986,0.2127414903403864,0.925,0.34592370979805537,0.05445227418321589,0.34,0.09387078961899503,pairdot_development_three_seeds,5000,12,development,d696c4ebed7dbaf052fdd0cef148d274c4d89f6fdd46db4608fb698928310459,work/plans/nocd_pairdot_dev_all_v1/development.json,analysis/nocd_pairdot_dev_all_v1,work/nocd_pairdot_dev_all_v1/lfr_n5000_o20_m20_s12__nocd_pairdot_csr500__s74/result.json
lfr_n1000_o20_m20_s11__nocd_pairdot_bmm500__s74,lfr_n1000_o20_m20_s11,nocd_pairdot_bmm500,oracle_K,cpu,1,74,COMPLETED,6.250664500053972,458801152,completed,0.9979832827634496,0.9970796829370046,0.9848484848484849,0.975,24,SCORED,0.007760874927043915,0.9896864701229898,SCORED,0.975,1.0,30.75,1.0,0.9948979591836735,0.975,0.9848484848484849,0.9898477157360406,0.975,0.982367758186398,pairdot_development_three_seeds,1000,11,development,b9ec7da4aa6e47601b73592baf154d2326fe95f36c4fe05faf59857cae26b7b0,work/plans/nocd_pairdot_dev_all_v1/development.json,analysis/nocd_pairdot_dev_all_v1,work/nocd_pairdot_dev_all_v1/lfr_n1000_o20_m20_s11__nocd_pairdot_bmm500__s74/result.json
lfr_n5000_o20_m50_s11__nocd_pairdot_elementwise1000__s74,lfr_n5000_o20_m50_s11,nocd_pairdot_elementwise1000,oracle_K,cpu,1,74,COMPLETED,44.09197179088369,726401024,completed,0.3213021032541913,0.4017987502190037,0.20805957074025405,0.128,111,SCORED,0.046073250006884336,0.10045353001569339,SCORED,0.128,0.1455070020657887,27.0,0.9588,0.1332024677509815,0.475,0.20805957074025405,0.020224364038552694,0.128,0.03492973120480284,pairdot_development_three_seeds,5000,11,development,042577b3a9f9781ab87a53c6bccd8139197f7c2166d0fb257b724a958c7c8cbe,work/plans/nocd_pairdot_dev_all_v1/development.json,analysis/nocd_pairdot_dev_all_v1,work/nocd_pairdot_dev_all_v1/lfr_n5000_o20_m50_s11__nocd_pairdot_elementwise1000__s74/result.json
lfr_n5000_o00_m50_s12__nocd_pairdot_bmm500__s74,lfr_n5000_o00_m50_s12,nocd_pairdot_bmm500,oracle_K,cpu,1,74,COMPLETED,26.075138042215258,848805888,completed,0.43838973314212254,0.5311104910714286,0.0,,88,SCORED,0.042476875241845846,0.3656243369320027,SCORED,,0.12398411446173611,28.0,1.0,0.0,,0.0,0.0,,0.0,pairdot_development_three_seeds,5000,12,development,9c811f86b58592d69e88e29fd6eff0618e39d9d1f4794fa87ba119f25bce2ee5,work/plans/nocd_pairdot_dev_all_v1/development.json,analysis/nocd_pairdot_dev_all_v1,work/nocd_pairdot_dev_all_v1/lfr_n5000_o00_m50_s12__nocd_pairdot_bmm500__s74/result.json
lfr_n5000_o00_m50_s11__nocd_pairdot_csr500__s74,lfr_n5000_o00_m50_s11,nocd_pairdot_csr500,oracle_K,cpu,1,74,COMPLETED,20.532315084245056,643629056,completed,0.43512317834934827,0.5193124368048534,0.0,,91,SCORED,0.04140866734087467,0.34952048052529006,SCORED,,0.11907663068931978,27.0,0.9982,0.0,,0.0,0.0,,0.0,pairdot_development_three_seeds,5000,11,development,a21da2eb7f2bb0e98d84af95e71dbbc99cc2895b6b338959b09ac2d47cec74d1,work/plans/nocd_pairdot_dev_all_v1/development.json,analysis/nocd_pairdot_dev_all_v1,work/nocd_pairdot_dev_all_v1/lfr_n5000_o00_m50_s11__nocd_pairdot_csr500__s74/result.json
lfr_n5000_o40_m50_s11__nocd_pairdot_csr500__s74,lfr_n5000_o40_m50_s11,nocd_pairdot_csr500,oracle_K,cpu,1,74,COMPLETED,22.67020154139027,722321408,completed,0.2205905234197811,0.29957805907172996,0.28868813825608797,0.0645,101,SCORED,0.046432374976575375,0.011372567911892525,SCORED,0.0645,0.04941025198775958,27.0,0.8474,0.23771021992238034,0.3675,0.28868813825608797,0.022138321606315427,0.0645,0.03296282100421617,pairdot_development_three_seeds,5000,11,development,79b9f441f15a9bd642d27166eaea695a2f5641b670c084ca99bd4fcfd8cdf6f6,work/plans/nocd_pairdot_dev_all_v1/development.json,analysis/nocd_pairdot_dev_all_v1,work/nocd_pairdot_dev_all_v1/lfr_n5000_o40_m50_s11__nocd_pairdot_csr500__s74/result.json
lfr_n5000_o00_m20_s11__nocd_pairdot_bmm500__s74,lfr_n5000_o00_m20_s11,nocd_pairdot_bmm500,oracle_K,cpu,1,74,COMPLETED,22.519421792123467,689127424,completed,0.5171053432890275,0.574602948507941,0.0,,91,SCORED,0.04232870787382126,0.45220126069305194,SCORED,,0.14332743806709894,27.0,1.0,0.0,,0.0,0.0,,0.0,pairdot_development_three_seeds,5000,11,development,83c0014ded94a5ae7083c562287d7c194336c812d43477ea984e1da49948b9cd,work/plans/nocd_pairdot_dev_all_v1/development.json,analysis/nocd_pairdot_dev_all_v1,work/nocd_pairdot_dev_all_v1/lfr_n5000_o00_m20_s11__nocd_pairdot_bmm500__s74/result.json
lfr_n1000_o40_m50_s12__nocd_pairdot_elementwise1000__s74,lfr_n1000_o40_m50_s12,nocd_pairdot_elementwise1000,oracle_K,cpu,1,74,COMPLETED,5.068823332898319,438484992,completed,0.698945335059962,0.71936,0.6497354497354497,0.4725,26,SCORED,0.00771670788526535,0.47437618952683613,SCORED,0.4725,0.5070998058876218,32.25,0.989,0.563302752293578,0.7675,0.6497354497354497,0.25679347826086957,0.4725,0.33274647887323944,pairdot_development_three_seeds,1000,12,development,f6f8bf8a5134cdf18e38d9071370d0760a8003ce42977c8500f29ae6c4142fad,work/plans/nocd_pairdot_dev_all_v1/development.json,analysis/nocd_pairdot_dev_all_v1,work/nocd_pairdot_dev_all_v1/lfr_n1000_o40_m50_s12__nocd_pairdot_elementwise1000__s74/result.json
lfr_n1000_o00_m50_s12__nocd_pairdot_elementwise500__s74,lfr_n1000_o00_m50_s12,nocd_pairdot_elementwise500,oracle_K,cpu,1,74,COMPLETED,4.800740999635309,420954112,completed,0.7717387161988024,0.7931609674728941,0.0,,18,SCORED,0.006160791963338852,0.6325276071962255,SCORED,,0.47900616751350145,32.25,1.0,0.0,,0.0,0.0,,0.0,pairdot_development_three_seeds,1000,12,development,898f0fd80f831cccb10fec496f1dfbefac4c51abd860619b57c40c9819791ec0,work/plans/nocd_pairdot_dev_all_v1/development.json,analysis/nocd_pairdot_dev_all_v1,work/nocd_pairdot_dev_all_v1/lfr_n1000_o00_m50_s12__nocd_pairdot_elementwise500__s74/result.json
lfr_n5000_o40_m20_s12__nocd_pairdot_elementwise500__s74,lfr_n5000_o40_m20_s12,nocd_pairdot_elementwise500,oracle_K,cpu,1,74,COMPLETED,27.47907108394429,773980160,completed,0.32075170655423263,0.4055736732878743,0.5431821823425733,0.229,117,SCORED,0.04622066579759121,0.14940306085488836,SCORED,0.229,0.1085438028148271,29.0,0.994,0.39966988917708085,0.8475,0.5431821823425733,0.05539429124334785,0.229,0.08920919361121932,pairdot_development_three_seeds,5000,12,development,c61ece0036f9fe4b85b260c16c11343db079cf989942f73ba1327d9a0aedc8fe,work/plans/nocd_pairdot_dev_all_v1/development.json,analysis/nocd_pairdot_dev_all_v1,work/nocd_pairdot_dev_all_v1/lfr_n5000_o40_m20_s12__nocd_pairdot_elementwise500__s74/result.json
lfr_n1000_o40_m20_s11__nocd_pairdot_csr500__s74,lfr_n1000_o40_m20_s11,nocd_pairdot_csr500,oracle_K,cpu,1,74,COMPLETED,6.335196333006024,409665536,completed,0.8992855977654227,0.9382629926752704,0.9362214199759326,0.905,26,SCORED,0.0077779158018529415,0.9274276501422506,SCORED,0.905,0.6667182139746529,32.25,1.0,0.9025522041763341,0.9725,0.9362214199759326,0.7751605995717344,0.905,0.8350634371395617,pairdot_development_three_seeds,1000,11,development,cfd1429b346f9fe0e517cfdf747133a08aa2d127fb3f5cef15e5f948777b5a72,work/plans/nocd_pairdot_dev_all_v1/development.json,analysis/nocd_pairdot_dev_all_v1,work/nocd_pairdot_dev_all_v1/lfr_n1000_o40_m20_s11__nocd_pairdot_csr500__s74/result.json
lfr_n5000_o00_m20_s11__nocd_pairdot_csr500__s74,lfr_n5000_o00_m20_s11,nocd_pairdot_csr500,oracle_K,cpu,1,74,COMPLETED,20.51551229087636,641531904,completed,0.48996748296334797,0.5640171002101297,0.0,,92,SCORED,0.04230441618710756,0.4235445702132986,SCORED,,0.1002249184894736,27.0,1.0,0.0,,0.0,0.0,,0.0,pairdot_development_three_seeds,5000,11,development,83c0014ded94a5ae7083c562287d7c194336c812d43477ea984e1da49948b9cd,work/plans/nocd_pairdot_dev_all_v1/development.json,analysis/nocd_pairdot_dev_all_v1,work/nocd_pairdot_dev_all_v1/lfr_n5000_o00_m20_s11__nocd_pairdot_csr500__s74/result.json
lfr_n1000_o40_m20_s11__nocd_pairdot_elementwise500__s74,lfr_n1000_o40_m20_s11,nocd_pairdot_elementwise500,oracle_K,cpu,1,74,COMPLETED,6.083963790908456,440369152,completed,0.947759155365805,0.9641350210970464,0.964329643296433,0.9475,26,SCORED,0.007150374818593264,0.9576504951863439,SCORED,0.9475,0.8157894736842105,32.25,1.0,0.9491525423728814,0.98,0.964329643296433,0.8536036036036037,0.9475,0.8981042654028436,pairdot_development_three_seeds,1000,11,development,cfd1429b346f9fe0e517cfdf747133a08aa2d127fb3f5cef15e5f948777b5a72,work/plans/nocd_pairdot_dev_all_v1/development.json,analysis/nocd_pairdot_dev_all_v1,work/nocd_pairdot_dev_all_v1/lfr_n1000_o40_m20_s11__nocd_pairdot_elementwise500__s74/result.json
lfr_n5000_o20_m50_s12__nocd_pairdot_elementwise1000__s74,lfr_n5000_o20_m50_s12,nocd_pairdot_elementwise1000,oracle_K,cpu,1,74,COMPLETED,27.965271624736488,749912064,completed,0.3436596724880862,0.4248991354466859,0.21441550575408844,0.146,110,SCORED,0.0438078329898417,0.1111036811448295,SCORED,0.146,0.15008493146100646,29.0,0.959,0.13432835820895522,0.531,0.21441550575408844,0.02227307398932113,0.146,0.03864990072799471,pairdot_development_three_seeds,5000,12,development,c907a9b0df2fd832ea4e459b6bdbc3d4a56e28eed0e2628be61c7bd960b2ceec,work/plans/nocd_pairdot_dev_all_v1/development.json,analysis/nocd_pairdot_dev_all_v1,work/nocd_pairdot_dev_all_v1/lfr_n5000_o20_m50_s12__nocd_pairdot_elementwise1000__s74/result.json
lfr_n5000_o40_m50_s12__nocd_pairdot_elementwise500__s74,lfr_n5000_o40_m50_s12,nocd_pairdot_elementwise500,oracle_K,cpu,1,74,COMPLETED,27.785452249925584,775045120,completed,0.2560534993677908,0.32434251107497336,0.32811334824757643,0.0845,108,SCORED,0.047356207855045795,0.0039034688615097917,SCORED,0.0845,0.0751422076761415,29.0,0.8812,0.2615933412604043,0.44,0.32811334824757643,0.026295316632954722,0.0845,0.040109172896641745,pairdot_development_three_seeds,5000,12,development,a4d5adccafffd7e6d399fb6b891010de478c5ca569589bbe3cd0198f2095d767,work/plans/nocd_pairdot_dev_all_v1/development.json,analysis/nocd_pairdot_dev_all_v1,work/nocd_pairdot_dev_all_v1/lfr_n5000_o40_m50_s12__nocd_pairdot_elementwise500__s74/result.json
lfr_n5000_o40_m20_s12__nocd_pairdot_elementwise1000__s74,lfr_n5000_o40_m20_s12,nocd_pairdot_elementwise1000,oracle_K,cpu,1,74,COMPLETED,53.616591792088,806649856,completed,0.3215988659238877,0.40835336538461536,0.5420350425976531,0.234,112,SCORED,0.048634875100106,0.15189576198243426,SCORED,0.234,0.09746454435657802,29.0,0.994,0.3994314143567875,0.843,0.5420350425976531,0.058514628657164294,0.234,0.09361872374474894,pairdot_development_three_seeds,5000,12,development,c61ece0036f9fe4b85b260c16c11343db079cf989942f73ba1327d9a0aedc8fe,work/plans/nocd_pairdot_dev_all_v1/development.json,analysis/nocd_pairdot_dev_all_v1,work/nocd_pairdot_dev_all_v1/lfr_n5000_o40_m20_s12__nocd_pairdot_elementwise1000__s74/result.json
lfr_n1000_o00_m20_s11__nocd_pairdot_elementwise500__s74,lfr_n1000_o00_m20_s11,nocd_pairdot_elementwise500,oracle_K,cpu,1,74,COMPLETED,5.6242874171584845,422772736,completed,0.9391660970608339,0.9644268774703557,0.0,,19,SCORED,0.007199833169579506,0.94207954086993,SCORED,,0.8,32.5,1.0,0.0,,0.0,0.0,,0.0,pairdot_development_three_seeds,1000,11,development,a35780a9cf45692523fdb1d1201a34875c1096949d372be6c47dbfc73870d261,work/plans/nocd_pairdot_dev_all_v1/development.json,analysis/nocd_pairdot_dev_all_v1,work/nocd_pairdot_dev_all_v1/lfr_n1000_o00_m20_s11__nocd_pairdot_elementwise500__s74/result.json
lfr_n1000_o20_m50_s12__nocd_pairdot_elementwise1000__s74,lfr_n1000_o20_m50_s12,nocd_pairdot_elementwise1000,oracle_K,cpu,1,74,COMPLETED,6.010867792181671,465846272,completed,0.8174043436236104,0.8502304147465438,0.5597147950089126,0.64,23,SCORED,0.0065482077188789845,0.6642848090810647,SCORED,0.64,0.625438282049732,32.5,0.998,0.43490304709141275,0.785,0.5597147950089126,0.31527093596059114,0.64,0.42244224422442245,pairdot_development_three_seeds,1000,12,development,403a3c26db4d9c5d8e165c3f850837e9e7bb3f9e96dc7f7205beabc0543ee70c,work/plans/nocd_pairdot_dev_all_v1/development.json,analysis/nocd_pairdot_dev_all_v1,work/nocd_pairdot_dev_all_v1/lfr_n1000_o20_m50_s12__nocd_pairdot_elementwise1000__s74/result.json
lfr_n5000_o20_m50_s12__nocd_pairdot_bmm500__s74,lfr_n5000_o20_m50_s12,nocd_pairdot_bmm500,oracle_K,cpu,1,74,COMPLETED,26.75987929198891,744603648,completed,0.33649602169062837,0.4214488389599861,0.22052621008234585,0.158,105,SCORED,0.0439860001206398,0.11240178772599976,SCORED,0.158,0.11977434297861562,29.0,0.9612,0.13797436541844685,0.549,0.22052621008234585,0.024446851307442365,0.158,0.04234222162669168,pairdot_development_three_seeds,5000,12,development,c907a9b0df2fd832ea4e459b6bdbc3d4a56e28eed0e2628be61c7bd960b2ceec,work/plans/nocd_pairdot_dev_all_v1/development.json,analysis/nocd_pairdot_dev_all_v1,work/nocd_pairdot_dev_all_v1/lfr_n5000_o20_m50_s12__nocd_pairdot_bmm500__s74/result.json
lfr_n5000_o40_m50_s12__nocd_pairdot_csr500__s74,lfr_n5000_o40_m50_s12,nocd_pairdot_csr500,oracle_K,cpu,1,74,COMPLETED,22.592017584014684,720306176,completed,0.25242142324115946,0.3221461443484117,0.32333521976985474,0.0735,106,SCORED,0.04791545821353793,0.01101681901346032,SCORED,0.0735,0.06015833221834953,29.0,0.8862,0.25961829748561044,0.4285,0.32333521976985474,0.023015500234852042,0.0735,0.03505425062596876,pairdot_development_three_seeds,5000,12,development,a4d5adccafffd7e6d399fb6b891010de478c5ca569589bbe3cd0198f2095d767,work/plans/nocd_pairdot_dev_all_v1/development.json,analysis/nocd_pairdot_dev_all_v1,work/nocd_pairdot_dev_all_v1/lfr_n5000_o40_m50_s12__nocd_pairdot_csr500__s74/result.json
lfr_n1000_o00_m50_s11__nocd_pairdot_elementwise500__s74,lfr_n1000_o00_m50_s11,nocd_pairdot_elementwise500,oracle_K,cpu,1,74,COMPLETED,5.505985583178699,422854656,completed,0.9290427967590918,0.9315323707498836,0.0,,19,SCORED,0.007068166974931955,0.8045006977846145,SCORED,,0.9142103724979691,32.5,1.0,0.0,,0.0,0.0,,0.0,pairdot_development_three_seeds,1000,11,development,c9da5300026662c691131b6bb6ea5bc9612836e2ee55fa75fb9d37718203da43,work/plans/nocd_pairdot_dev_all_v1/development.json,analysis/nocd_pairdot_dev_all_v1,work/nocd_pairdot_dev_all_v1/lfr_n1000_o00_m50_s11__nocd_pairdot_elementwise500__s74/result.json
lfr_n1000_o40_m50_s11__nocd_pairdot_bmm500__s74,lfr_n1000_o40_m50_s11,nocd_pairdot_bmm500,oracle_K,cpu,1,74,COMPLETED,6.289297458250076,471990272,completed,0.7793198173706117,0.7866798549291131,0.6731391585760518,0.575,26,SCORED,0.007226540707051754,0.5673965372890099,SCORED,0.575,0.6906767621053335,32.25,0.991,0.5920303605313093,0.78,0.6731391585760518,0.3582554517133956,0.575,0.44145873320537427,pairdot_development_three_seeds,1000,11,development,c2a580289d2c174c317ff5d05236a52a38bc2b9468c86a5d90342da21622f7f1,work/plans/nocd_pairdot_dev_all_v1/development.json,analysis/nocd_pairdot_dev_all_v1,work/nocd_pairdot_dev_all_v1/lfr_n1000_o40_m50_s11__nocd_pairdot_bmm500__s74/result.json
lfr_n5000_o00_m20_s11__nocd_pairdot_elementwise500__s74,lfr_n5000_o00_m20_s11,nocd_pairdot_elementwise500,oracle_K,cpu,1,74,COMPLETED,24.14047220814973,695631872,completed,0.499138055874204,0.575414385359634,0.0,,92,SCORED,0.04110199958086014,0.4542376456315125,SCORED,,0.1267062124152476,27.0,1.0,0.0,,0.0,0.0,,0.0,pairdot_development_three_seeds,5000,11,development,83c0014ded94a5ae7083c562287d7c194336c812d43477ea984e1da49948b9cd,work/plans/nocd_pairdot_dev_all_v1/development.json,analysis/nocd_pairdot_dev_all_v1,work/nocd_pairdot_dev_all_v1/lfr_n5000_o00_m20_s11__nocd_pairdot_elementwise500__s74/result.json
lfr_n1000_o00_m50_s11__nocd_pairdot_bmm500__s74,lfr_n1000_o00_m50_s11,nocd_pairdot_bmm500,oracle_K,cpu,1,74,COMPLETED,5.654288584366441,427442176,completed,0.8515658711037929,0.8729874776386404,0.0,,19,SCORED,0.007190791890025139,0.7213614770320437,SCORED,,0.7101786162189676,32.5,1.0,0.0,,0.0,0.0,,0.0,pairdot_development_three_seeds,1000,11,development,c9da5300026662c691131b6bb6ea5bc9612836e2ee55fa75fb9d37718203da43,work/plans/nocd_pairdot_dev_all_v1/development.json,analysis/nocd_pairdot_dev_all_v1,work/nocd_pairdot_dev_all_v1/lfr_n1000_o00_m50_s11__nocd_pairdot_bmm500__s74/result.json
lfr_n1000_o40_m50_s12__nocd_pairdot_elementwise500__s74,lfr_n1000_o40_m50_s12,nocd_pairdot_elementwise500,oracle_K,cpu,1,74,COMPLETED,5.64572895783931,482705408,completed,0.698945335059962,0.71936,0.6497354497354497,0.4725,26,SCORED,0.007259665988385677,0.47437618952683613,SCORED,0.4725,0.5070998058876218,32.25,0.989,0.563302752293578,0.7675,0.6497354497354497,0.25679347826086957,0.4725,0.33274647887323944,pairdot_development_three_seeds,1000,12,development,f6f8bf8a5134cdf18e38d9071370d0760a8003ce42977c8500f29ae6c4142fad,work/plans/nocd_pairdot_dev_all_v1/development.json,analysis/nocd_pairdot_dev_all_v1,work/nocd_pairdot_dev_all_v1/lfr_n1000_o40_m50_s12__nocd_pairdot_elementwise500__s74/result.json
lfr_n5000_o20_m20_s12__nocd_pairdot_elementwise500__s74,lfr_n5000_o20_m20_s12,nocd_pairdot_elementwise500,oracle_K,cpu,1,74,COMPLETED,25.59680345794186,721829888,completed,0.38443768733054856,0.46814338454209836,0.3697547131562943,0.32,94,SCORED,0.044400999788194895,0.28092621265781464,SCORED,0.32,0.09166887135573551,29.0,0.999,0.2318840579710145,0.912,0.3697547131562943,0.055181927918606655,0.32,0.09413148992498897,pairdot_development_three_seeds,5000,12,development,d696c4ebed7dbaf052fdd0cef148d274c4d89f6fdd46db4608fb698928310459,work/plans/nocd_pairdot_dev_all_v1/development.json,analysis/nocd_pairdot_dev_all_v1,work/nocd_pairdot_dev_all_v1/lfr_n5000_o20_m20_s12__nocd_pairdot_elementwise500__s74/result.json
lfr_n1000_o20_m20_s12__nocd_pairdot_csr500__s74,lfr_n1000_o20_m20_s12,nocd_pairdot_csr500,oracle_K,cpu,1,74,COMPLETED,6.428882374893874,400637952,completed,0.941413281821398,0.9668874172185431,0.9227053140096618,0.905,23,SCORED,0.0072481669485569,0.9587956318310569,SCORED,0.905,0.7857259313605608,32.5,1.0,0.8925233644859814,0.955,0.9227053140096618,0.8379629629629629,0.905,0.8701923076923077,pairdot_development_three_seeds,1000,12,development,e3295f93cfd939934501e9c63e20f87691c58a1adec57246eaf0244c644f0975,work/plans/nocd_pairdot_dev_all_v1/development.json,analysis/nocd_pairdot_dev_all_v1,work/nocd_pairdot_dev_all_v1/lfr_n1000_o20_m20_s12__nocd_pairdot_csr500__s74/result.json
lfr_n1000_o00_m50_s11__nocd_pairdot_csr500__s74,lfr_n1000_o00_m50_s11,nocd_pairdot_csr500,oracle_K,cpu,1,74,COMPLETED,6.3243575831875205,397344768,completed,0.8590760025490949,0.8801447308909995,0.0,,19,SCORED,0.006631291005760431,0.7464053142609178,SCORED,,0.8228710015093237,32.5,1.0,0.0,,0.0,0.0,,0.0,pairdot_development_three_seeds,1000,11,development,c9da5300026662c691131b6bb6ea5bc9612836e2ee55fa75fb9d37718203da43,work/plans/nocd_pairdot_dev_all_v1/development.json,analysis/nocd_pairdot_dev_all_v1,work/nocd_pairdot_dev_all_v1/lfr_n1000_o00_m50_s11__nocd_pairdot_csr500__s74/result.json
lfr_n5000_o00_m50_s12__nocd_pairdot_elementwise1000__s74,lfr_n5000_o00_m50_s12,nocd_pairdot_elementwise1000,oracle_K,cpu,1,74,COMPLETED,47.57069699978456,901578752,completed,0.42076915174893037,0.5105396002455829,0.0,,87,SCORED,0.041790041606873274,0.3497545624184061,SCORED,,0.09263850764430889,28.0,1.0,0.0,,0.0,0.0,,0.0,pairdot_development_three_seeds,5000,12,development,9c811f86b58592d69e88e29fd6eff0618e39d9d1f4794fa87ba119f25bce2ee5,work/plans/nocd_pairdot_dev_all_v1/development.json,analysis/nocd_pairdot_dev_all_v1,work/nocd_pairdot_dev_all_v1/lfr_n5000_o00_m50_s12__nocd_pairdot_elementwise1000__s74/result.json
lfr_n1000_o00_m20_s12__nocd_pairdot_bmm500__s74,lfr_n1000_o00_m20_s12,nocd_pairdot_bmm500,oracle_K,cpu,1,74,COMPLETED,5.718356290832162,421216256,completed,0.9282700421940928,0.9503891050583657,0.0,,18,SCORED,0.0069081662222743034,0.9269761387361548,SCORED,,0.7417721518987342,32.25,1.0,0.0,,0.0,0.0,,0.0,pairdot_development_three_seeds,1000,12,development,821213e90ec77ac8424a2f1eda0a0e6cb8b7dba9217b43d703b34f067dab297d,work/plans/nocd_pairdot_dev_all_v1/development.json,analysis/nocd_pairdot_dev_all_v1,work/nocd_pairdot_dev_all_v1/lfr_n1000_o00_m20_s12__nocd_pairdot_bmm500__s74/result.json
lfr_n1000_o00_m20_s11__nocd_pairdot_elementwise1000__s74,lfr_n1000_o00_m20_s11,nocd_pairdot_elementwise1000,oracle_K,cpu,1,74,COMPLETED,9.300150499679148,449495040,completed,0.9391660970608339,0.9653808110781404,0.0,,19,SCORED,0.006125583313405514,0.950557190621092,SCORED,,0.8,32.5,1.0,0.0,,0.0,0.0,,0.0,pairdot_development_three_seeds,1000,11,development,a35780a9cf45692523fdb1d1201a34875c1096949d372be6c47dbfc73870d261,work/plans/nocd_pairdot_dev_all_v1/development.json,analysis/nocd_pairdot_dev_all_v1,work/nocd_pairdot_dev_all_v1/lfr_n1000_o00_m20_s11__nocd_pairdot_elementwise1000__s74/result.json
lfr_n5000_o00_m20_s12__nocd_pairdot_elementwise1000__s74,lfr_n5000_o00_m20_s12,nocd_pairdot_elementwise1000,oracle_K,cpu,1,74,COMPLETED,47.57083366718143,877805568,completed,0.4955675735328052,0.5764907317799449,0.0,,79,SCORED,0.04011845914646983,0.42074025501369033,SCORED,,0.10433308593952866,28.0,1.0,0.0,,0.0,0.0,,0.0,pairdot_development_three_seeds,5000,12,development,9bb415b7ddd37767edc6b2cf20dc4c265f87a0c7d917a1e8166b187815356c7f,work/plans/nocd_pairdot_dev_all_v1/development.json,analysis/nocd_pairdot_dev_all_v1,work/nocd_pairdot_dev_all_v1/lfr_n5000_o00_m20_s12__nocd_pairdot_elementwise1000__s74/result.json
lfr_n5000_o20_m50_s11__nocd_pairdot_csr500__s74,lfr_n5000_o20_m50_s11,nocd_pairdot_csr500,oracle_K,cpu,1,74,COMPLETED,21.493300625123084,694910976,completed,0.31264774019411773,0.39626615060618137,0.19738209017244962,0.116,112,SCORED,0.045817708130925894,0.08276998432316143,SCORED,0.116,0.12134309885977788,27.0,0.954,0.12457382638342512,0.475,0.19738209017244962,0.01706133254890425,0.116,0.02974740351327093,pairdot_development_three_seeds,5000,11,development,042577b3a9f9781ab87a53c6bccd8139197f7c2166d0fb257b724a958c7c8cbe,work/plans/nocd_pairdot_dev_all_v1/development.json,analysis/nocd_pairdot_dev_all_v1,work/nocd_pairdot_dev_all_v1/lfr_n5000_o20_m50_s11__nocd_pairdot_csr500__s74/result.json
lfr_n5000_o40_m50_s12__nocd_pairdot_elementwise1000__s74,lfr_n5000_o40_m50_s12,nocd_pairdot_elementwise1000,oracle_K,cpu,1,74,COMPLETED,52.98533079214394,808288256,completed,0.2525738819957478,0.325894118311769,0.3356956359567326,0.0785,107,SCORED,0.048590332735329866,0.004779464208768833,SCORED,0.0785,0.059532638715135255,29.0,0.8852,0.2676977989292088,0.45,0.3356956359567326,0.02502789733779691,0.0785,0.03795479269914179,pairdot_development_three_seeds,5000,12,development,a4d5adccafffd7e6d399fb6b891010de478c5ca569589bbe3cd0198f2095d767,work/plans/nocd_pairdot_dev_all_v1/development.json,analysis/nocd_pairdot_dev_all_v1,work/nocd_pairdot_dev_all_v1/lfr_n5000_o40_m50_s12__nocd_pairdot_elementwise1000__s74/result.json
lfr_n1000_o40_m20_s11__nocd_pairdot_elementwise1000__s74,lfr_n1000_o40_m20_s11,nocd_pairdot_elementwise1000,oracle_K,cpu,1,74,COMPLETED,8.491993082687259,440975360,completed,0.947759155365805,0.9641350210970464,0.964329643296433,0.9475,26,SCORED,0.007884790655225515,0.9576504951863439,SCORED,0.9475,0.8157894736842105,32.25,1.0,0.9491525423728814,0.98,0.964329643296433,0.8536036036036037,0.9475,0.8981042654028436,pairdot_development_three_seeds,1000,11,development,cfd1429b346f9fe0e517cfdf747133a08aa2d127fb3f5cef15e5f948777b5a72,work/plans/nocd_pairdot_dev_all_v1/development.json,analysis/nocd_pairdot_dev_all_v1,work/nocd_pairdot_dev_all_v1/lfr_n1000_o40_m20_s11__nocd_pairdot_elementwise1000__s74/result.json
lfr_n5000_o20_m50_s11__nocd_pairdot_elementwise500__s74,lfr_n5000_o20_m50_s11,nocd_pairdot_elementwise500,oracle_K,cpu,1,74,COMPLETED,25.81799104111269,741572608,completed,0.321208673305744,0.4068092028817104,0.20877192982456141,0.12,112,SCORED,0.04460054216906428,0.09553442444872806,SCORED,0.12,0.12328359582186371,27.0,0.955,0.13370786516853933,0.476,0.20877192982456141,0.0186422246388069,0.12,0.03227107704719645,pairdot_development_three_seeds,5000,11,development,042577b3a9f9781ab87a53c6bccd8139197f7c2166d0fb257b724a958c7c8cbe,work/plans/nocd_pairdot_dev_all_v1/development.json,analysis/nocd_pairdot_dev_all_v1,work/nocd_pairdot_dev_all_v1/lfr_n5000_o20_m50_s11__nocd_pairdot_elementwise500__s74/result.json
lfr_n1000_o00_m20_s12__nocd_pairdot_csr500__s74,lfr_n1000_o00_m20_s12,nocd_pairdot_csr500,oracle_K,cpu,1,74,COMPLETED,6.488354500383139,395313152,completed,1.0,1.0,,,18,SCORED,0.007246040739119053,1.0,SCORED,,1.0,32.25,1.0,,,,,,,pairdot_development_three_seeds,1000,12,development,821213e90ec77ac8424a2f1eda0a0e6cb8b7dba9217b43d703b34f067dab297d,work/plans/nocd_pairdot_dev_all_v1/development.json,analysis/nocd_pairdot_dev_all_v1,work/nocd_pairdot_dev_all_v1/lfr_n1000_o00_m20_s12__nocd_pairdot_csr500__s74/result.json
lfr_n1000_o00_m20_s11__nocd_pairdot_csr500__s74,lfr_n1000_o00_m20_s11,nocd_pairdot_csr500,oracle_K,cpu,1,74,COMPLETED,6.208574832882732,401752064,completed,1.0,1.0,,,19,SCORED,0.006095916964113712,1.0,SCORED,,1.0,32.5,1.0,,,,,,,pairdot_development_three_seeds,1000,11,development,a35780a9cf45692523fdb1d1201a34875c1096949d372be6c47dbfc73870d261,work/plans/nocd_pairdot_dev_all_v1/development.json,analysis/nocd_pairdot_dev_all_v1,work/nocd_pairdot_dev_all_v1/lfr_n1000_o00_m20_s11__nocd_pairdot_csr500__s74/result.json
lfr_n5000_o00_m20_s12__nocd_pairdot_bmm500__s74,lfr_n5000_o00_m20_s12,nocd_pairdot_bmm500,oracle_K,cpu,1,74,COMPLETED,25.158155374694616,843694080,completed,0.5055750154805345,0.5717190790907111,0.0,,91,SCORED,0.04256483307108283,0.4366025775148086,SCORED,,0.13720585003737237,28.0,1.0,0.0,,0.0,0.0,,0.0,pairdot_development_three_seeds,5000,12,development,9bb415b7ddd37767edc6b2cf20dc4c265f87a0c7d917a1e8166b187815356c7f,work/plans/nocd_pairdot_dev_all_v1/development.json,analysis/nocd_pairdot_dev_all_v1,work/nocd_pairdot_dev_all_v1/lfr_n5000_o00_m20_s12__nocd_pairdot_bmm500__s74/result.json
lfr_n5000_o40_m20_s11__nocd_pairdot_csr500__s74,lfr_n5000_o40_m20_s11,nocd_pairdot_csr500,oracle_K,cpu,1,74,COMPLETED,22.596195875201374,764887040,completed,0.320360742930999,0.40755303140624244,0.5307692307692308,0.2635,113,SCORED,0.04751245817169547,0.14435263542884266,SCORED,0.2635,0.07958185508275127,27.0,0.9936,0.38333333333333336,0.8625,0.5307692307692308,0.06104482798563651,0.2635,0.09912536443148688,pairdot_development_three_seeds,5000,11,development,e5e3c94841b01169042533f6d646204967555f9e0768e12d7ed45875d5492a7b,work/plans/nocd_pairdot_dev_all_v1/development.json,analysis/nocd_pairdot_dev_all_v1,work/nocd_pairdot_dev_all_v1/lfr_n5000_o40_m20_s11__nocd_pairdot_csr500__s74/result.json
lfr_n5000_o20_m20_s11__nocd_pairdot_elementwise500__s74,lfr_n5000_o20_m20_s11,nocd_pairdot_elementwise500,oracle_K,cpu,1,74,COMPLETED,25.870530958287418,753008640,completed,0.36161725344557166,0.43220981900942884,0.3123587038432555,0.28,101,SCORED,0.047372082713991404,0.1983484767475018,SCORED,0.28,0.11176522681317717,27.0,0.996,0.19243268337975858,0.829,0.3123587038432555,0.037463205780037465,0.28,0.0660844937455747,pairdot_development_three_seeds,5000,11,development,10633120772bb6c2f4e6e6445293c062b15f160f4ce30890cdf14ebcfe3baea7,work/plans/nocd_pairdot_dev_all_v1/development.json,analysis/nocd_pairdot_dev_all_v1,work/nocd_pairdot_dev_all_v1/lfr_n5000_o20_m20_s11__nocd_pairdot_elementwise500__s74/result.json
lfr_n5000_o40_m20_s11__nocd_pairdot_bmm500__s74,lfr_n5000_o40_m20_s11,nocd_pairdot_bmm500,oracle_K,cpu,1,74,COMPLETED,29.571420417167246,776224768,completed,0.3242460945743427,0.41024140453547914,0.5353078721745907,0.2725,110,SCORED,0.048222584184259176,0.14228700293238258,SCORED,0.2725,0.0708689393387386,27.0,0.9928,0.38890147225368066,0.8585,0.5353078721745907,0.06380985833040627,0.2725,0.10340574898017266,pairdot_development_three_seeds,5000,11,development,e5e3c94841b01169042533f6d646204967555f9e0768e12d7ed45875d5492a7b,work/plans/nocd_pairdot_dev_all_v1/development.json,analysis/nocd_pairdot_dev_all_v1,work/nocd_pairdot_dev_all_v1/lfr_n5000_o40_m20_s11__nocd_pairdot_bmm500__s74/result.json
lfr_n1000_o40_m20_s12__nocd_pairdot_elementwise1000__s74,lfr_n1000_o40_m20_s12,nocd_pairdot_elementwise1000,oracle_K,cpu,1,74,COMPLETED,8.406932707875967,446398464,completed,0.9477057087577786,0.9706402546869473,0.9598051157125457,0.955,26,SCORED,0.008079708088189363,0.9600169949476033,SCORED,0.955,0.8145078964751097,32.25,1.0,0.9358669833729216,0.985,0.9598051157125457,0.8946135831381733,0.955,0.9238210399032648,pairdot_development_three_seeds,1000,12,development,b110655fab996b66e797594117b662036a79c10b57587b66f41344ff7e5f5b10,work/plans/nocd_pairdot_dev_all_v1/development.json,analysis/nocd_pairdot_dev_all_v1,work/nocd_pairdot_dev_all_v1/lfr_n1000_o40_m20_s12__nocd_pairdot_elementwise1000__s74/result.json
lfr_n5000_o40_m20_s12__nocd_pairdot_csr500__s74,lfr_n5000_o40_m20_s12,nocd_pairdot_csr500,oracle_K,cpu,1,74,COMPLETED,22.781866500154138,748437504,completed,0.31617666818720275,0.40443568260226714,0.5305073859987155,0.232,119,SCORED,0.04836487490683794,0.14351926324341172,SCORED,0.232,0.10841179294294052,29.0,0.9924,0.39072847682119205,0.826,0.5305073859987155,0.05571565802113353,0.232,0.08985282726568551,pairdot_development_three_seeds,5000,12,development,c61ece0036f9fe4b85b260c16c11343db079cf989942f73ba1327d9a0aedc8fe,work/plans/nocd_pairdot_dev_all_v1/development.json,analysis/nocd_pairdot_dev_all_v1,work/nocd_pairdot_dev_all_v1/lfr_n5000_o40_m20_s12__nocd_pairdot_csr500__s74/result.json
lfr_n1000_o20_m50_s12__nocd_pairdot_elementwise500__s74,lfr_n1000_o20_m50_s12,nocd_pairdot_elementwise500,oracle_K,cpu,1,74,COMPLETED,5.833772291895002,432783360,completed,0.8174043436236104,0.8502304147465438,0.5597147950089126,0.64,23,SCORED,0.0075513748452067375,0.6642848090810647,SCORED,0.64,0.625438282049732,32.5,0.998,0.43490304709141275,0.785,0.5597147950089126,0.31527093596059114,0.64,0.42244224422442245,pairdot_development_three_seeds,1000,12,development,403a3c26db4d9c5d8e165c3f850837e9e7bb3f9e96dc7f7205beabc0543ee70c,work/plans/nocd_pairdot_dev_all_v1/development.json,analysis/nocd_pairdot_dev_all_v1,work/nocd_pairdot_dev_all_v1/lfr_n1000_o20_m50_s12__nocd_pairdot_elementwise500__s74/result.json
lfr_n5000_o40_m20_s11__nocd_pairdot_elementwise500__s74,lfr_n5000_o40_m20_s11,nocd_pairdot_elementwise500,oracle_K,cpu,1,74,COMPLETED,28.033314584288746,813350912,completed,0.3004975617211172,0.4003911980440098,0.530216823004767,0.264,109,SCORED,0.048680166248232126,0.1417754236339403,SCORED,0.264,0.04459730290168483,27.0,0.9922,0.38285587386186987,0.862,0.530216823004767,0.06219813876781718,0.264,0.10067689960911431,pairdot_development_three_seeds,5000,11,development,e5e3c94841b01169042533f6d646204967555f9e0768e12d7ed45875d5492a7b,work/plans/nocd_pairdot_dev_all_v1/development.json,analysis/nocd_pairdot_dev_all_v1,work/nocd_pairdot_dev_all_v1/lfr_n5000_o40_m20_s11__nocd_pairdot_elementwise500__s74/result.json
lfr_n5000_o00_m20_s11__nocd_pairdot_elementwise1000__s74,lfr_n5000_o00_m20_s11,nocd_pairdot_elementwise1000,oracle_K,cpu,1,74,COMPLETED,45.48627395788208,726056960,completed,0.519293675500875,0.601161665053243,0.0,,75,SCORED,0.04235420888289809,0.48658872718591456,SCORED,,0.14097459426378384,27.0,1.0,0.0,,0.0,0.0,,0.0,pairdot_development_three_seeds,5000,11,development,83c0014ded94a5ae7083c562287d7c194336c812d43477ea984e1da49948b9cd,work/plans/nocd_pairdot_dev_all_v1/development.json,analysis/nocd_pairdot_dev_all_v1,work/nocd_pairdot_dev_all_v1/lfr_n5000_o00_m20_s11__nocd_pairdot_elementwise1000__s74/result.json
lfr_n5000_o00_m50_s11__nocd_pairdot_elementwise1000__s74,lfr_n5000_o00_m50_s11,nocd_pairdot_elementwise1000,oracle_K,cpu,1,74,COMPLETED,25.938114665914327,696745984,completed,0.4404082139833367,0.5190972222222222,0.0,,91,SCORED,0.0422642077319324,0.33377721516821995,SCORED,,0.11443569991525912,27.0,0.9992,0.0,,0.0,0.0,,0.0,pairdot_development_three_seeds,5000,11,development,a21da2eb7f2bb0e98d84af95e71dbbc99cc2895b6b338959b09ac2d47cec74d1,work/plans/nocd_pairdot_dev_all_v1/development.json,analysis/nocd_pairdot_dev_all_v1,work/nocd_pairdot_dev_all_v1/lfr_n5000_o00_m50_s11__nocd_pairdot_elementwise1000__s74/result.json
lfr_n1000_o20_m50_s12__nocd_pairdot_csr500__s75,lfr_n1000_o20_m50_s12,nocd_pairdot_csr500,oracle_K,cpu,1,75,COMPLETED,6.481709458865225,398934016,completed,0.7679308378521256,0.7940630797773655,0.492845786963434,0.565,23,SCORED,0.007710583973675966,0.6156741098629653,SCORED,0.565,0.4978467209923214,32.5,0.995,0.3613053613053613,0.775,0.492845786963434,0.226,0.565,0.32285714285714284,pairdot_development_three_seeds,1000,12,development,403a3c26db4d9c5d8e165c3f850837e9e7bb3f9e96dc7f7205beabc0543ee70c,work/plans/nocd_pairdot_dev_all_v1/development.json,analysis/nocd_pairdot_dev_all_v1,work/nocd_pairdot_dev_all_v1/lfr_n1000_o20_m50_s12__nocd_pairdot_csr500__s75/result.json
lfr_n5000_o20_m50_s12__nocd_pairdot_csr500__s75,lfr_n5000_o20_m50_s12,nocd_pairdot_csr500,oracle_K,cpu,1,75,COMPLETED,21.245951917022467,669679616,completed,0.339995345441112,0.41662966252220246,0.1923229125445192,0.154,105,SCORED,0.04443550016731024,0.11518438312037127,SCORED,0.154,0.05949776112693362,29.0,0.9494,0.11988159842131228,0.486,0.1923229125445192,0.02118585775209795,0.154,0.03724755109444915,pairdot_development_three_seeds,5000,12,development,c907a9b0df2fd832ea4e459b6bdbc3d4a56e28eed0e2628be61c7bd960b2ceec,work/plans/nocd_pairdot_dev_all_v1/development.json,analysis/nocd_pairdot_dev_all_v1,work/nocd_pairdot_dev_all_v1/lfr_n5000_o20_m50_s12__nocd_pairdot_csr500__s75/result.json
lfr_n5000_o00_m50_s11__nocd_pairdot_elementwise500__s75,lfr_n5000_o00_m50_s11,nocd_pairdot_elementwise500,oracle_K,cpu,1,75,COMPLETED,23.753538166638464,706740224,completed,0.42596282522197515,0.5064227325807708,0.0,,97,SCORED,0.0436250832863152,0.3575169452149042,SCORED,,0.12463452545000593,27.0,1.0,0.0,,0.0,0.0,,0.0,pairdot_development_three_seeds,5000,11,development,a21da2eb7f2bb0e98d84af95e71dbbc99cc2895b6b338959b09ac2d47cec74d1,work/plans/nocd_pairdot_dev_all_v1/development.json,analysis/nocd_pairdot_dev_all_v1,work/nocd_pairdot_dev_all_v1/lfr_n5000_o00_m50_s11__nocd_pairdot_elementwise500__s75/result.json
lfr_n5000_o40_m20_s11__nocd_pairdot_elementwise1000__s75,lfr_n5000_o40_m20_s11,nocd_pairdot_elementwise1000,oracle_K,cpu,1,75,COMPLETED,53.795893707778305,804896768,completed,0.3220135042923888,0.41080123948649844,0.5244498777506112,0.2595,108,SCORED,0.04880525032058358,0.12314615456178188,SCORED,0.2595,0.08691737109533314,27.0,0.9938,0.37764084507042256,0.858,0.5244498777506112,0.062066491270031096,0.2595,0.10017371163867979,pairdot_development_three_seeds,5000,11,development,e5e3c94841b01169042533f6d646204967555f9e0768e12d7ed45875d5492a7b,work/plans/nocd_pairdot_dev_all_v1/development.json,analysis/nocd_pairdot_dev_all_v1,work/nocd_pairdot_dev_all_v1/lfr_n5000_o40_m20_s11__nocd_pairdot_elementwise1000__s75/result.json
lfr_n1000_o40_m50_s11__nocd_pairdot_elementwise1000__s75,lfr_n1000_o40_m50_s11,nocd_pairdot_elementwise1000,oracle_K,cpu,1,75,COMPLETED,6.333046291023493,439205888,completed,0.7649119217557898,0.7855973813420621,0.6559139784946236,0.5825,26,SCORED,0.007978917099535465,0.5643878274754648,SCORED,0.5825,0.6224573204487311,32.25,0.991,0.5754716981132075,0.7625,0.6559139784946236,0.3509036144578313,0.5825,0.43796992481203006,pairdot_development_three_seeds,1000,11,development,c2a580289d2c174c317ff5d05236a52a38bc2b9468c86a5d90342da21622f7f1,work/plans/nocd_pairdot_dev_all_v1/development.json,analysis/nocd_pairdot_dev_all_v1,work/nocd_pairdot_dev_all_v1/lfr_n1000_o40_m50_s11__nocd_pairdot_elementwise1000__s75/result.json
lfr_n5000_o20_m20_s11__nocd_pairdot_elementwise1000__s75,lfr_n5000_o20_m20_s11,nocd_pairdot_elementwise1000,oracle_K,cpu,1,75,COMPLETED,49.65318287489936,754630656,completed,0.38999563482754784,0.4773400136643134,0.34218512898330805,0.325,90,SCORED,0.044744959101080894,0.24863653497737997,SCORED,0.325,0.08387545703285712,27.0,0.9984,0.21114232209737827,0.902,0.34218512898330805,0.049452221545952524,0.325,0.08584257791864765,pairdot_development_three_seeds,5000,11,development,10633120772bb6c2f4e6e6445293c062b15f160f4ce30890cdf14ebcfe3baea7,work/plans/nocd_pairdot_dev_all_v1/development.json,analysis/nocd_pairdot_dev_all_v1,work/nocd_pairdot_dev_all_v1/lfr_n5000_o20_m20_s11__nocd_pairdot_elementwise1000__s75/result.json
lfr_n1000_o40_m50_s12__nocd_pairdot_bmm500__s75,lfr_n1000_o40_m50_s12,nocd_pairdot_bmm500,oracle_K,cpu,1,75,COMPLETED,6.322103374637663,446447616,completed,0.8117045377561273,0.8066334991708126,0.6703910614525139,0.595,26,SCORED,0.008034124970436096,0.5835826029505868,SCORED,0.595,0.8068529051588983,32.25,0.995,0.6060606060606061,0.75,0.6703910614525139,0.38387096774193546,0.595,0.4666666666666667,pairdot_development_three_seeds,1000,12,development,f6f8bf8a5134cdf18e38d9071370d0760a8003ce42977c8500f29ae6c4142fad,work/plans/nocd_pairdot_dev_all_v1/development.json,analysis/nocd_pairdot_dev_all_v1,work/nocd_pairdot_dev_all_v1/lfr_n1000_o40_m50_s12__nocd_pairdot_bmm500__s75/result.json
lfr_n1000_o00_m20_s11__nocd_pairdot_bmm500__s75,lfr_n1000_o00_m20_s11,nocd_pairdot_bmm500,oracle_K,cpu,1,75,COMPLETED,5.753146834205836,436600832,completed,0.9729384189217984,0.9803921568627451,0.0,,19,SCORED,0.006533083040267229,0.9611235253021945,SCORED,,0.9076923076923077,32.5,1.0,0.0,,0.0,0.0,,0.0,pairdot_development_three_seeds,1000,11,development,a35780a9cf45692523fdb1d1201a34875c1096949d372be6c47dbfc73870d261,work/plans/nocd_pairdot_dev_all_v1/development.json,analysis/nocd_pairdot_dev_all_v1,work/nocd_pairdot_dev_all_v1/lfr_n1000_o00_m20_s11__nocd_pairdot_bmm500__s75/result.json
lfr_n1000_o40_m50_s11__nocd_pairdot_csr500__s75,lfr_n1000_o40_m50_s11,nocd_pairdot_csr500,oracle_K,cpu,1,75,COMPLETED,6.0244504157453775,408322048,completed,0.7425260650530526,0.7628599158848269,0.6272439281942978,0.5525,26,SCORED,0.012912333011627197,0.5194546963219522,SCORED,0.5525,0.5906710439565553,32.25,0.992,0.5429616087751371,0.7425,0.6272439281942978,0.31616595135908443,0.5525,0.4021838034576888,pairdot_development_three_seeds,1000,11,development,c2a580289d2c174c317ff5d05236a52a38bc2b9468c86a5d90342da21622f7f1,work/plans/nocd_pairdot_dev_all_v1/development.json,analysis/nocd_pairdot_dev_all_v1,work/nocd_pairdot_dev_all_v1/lfr_n1000_o40_m50_s11__nocd_pairdot_csr500__s75/result.json
lfr_n1000_o20_m20_s12__nocd_pairdot_bmm500__s75,lfr_n1000_o20_m20_s12,nocd_pairdot_bmm500,oracle_K,cpu,1,75,COMPLETED,5.990175666753203,441745408,completed,0.9090980613173747,0.9412248253185368,0.9086651053864169,0.87,22,SCORED,0.006422291975468397,0.9415030738881913,SCORED,0.87,0.6276558690351793,32.5,1.0,0.8546255506607929,0.97,0.9086651053864169,0.7467811158798283,0.87,0.8036951501154734,pairdot_development_three_seeds,1000,12,development,e3295f93cfd939934501e9c63e20f87691c58a1adec57246eaf0244c644f0975,work/plans/nocd_pairdot_dev_all_v1/development.json,analysis/nocd_pairdot_dev_all_v1,work/nocd_pairdot_dev_all_v1/lfr_n1000_o20_m20_s12__nocd_pairdot_bmm500__s75/result.json
lfr_n1000_o00_m50_s12__nocd_pairdot_elementwise1000__s75,lfr_n1000_o00_m50_s12,nocd_pairdot_elementwise1000,oracle_K,cpu,1,75,COMPLETED,7.154131459072232,423772160,completed,0.8460986208182858,0.8555015466195316,0.0,,18,SCORED,0.006672166753560305,0.7348557140337131,SCORED,,0.8293950058655941,32.25,1.0,0.0,,0.0,0.0,,0.0,pairdot_development_three_seeds,1000,12,development,898f0fd80f831cccb10fec496f1dfbefac4c51abd860619b57c40c9819791ec0,work/plans/nocd_pairdot_dev_all_v1/development.json,analysis/nocd_pairdot_dev_all_v1,work/nocd_pairdot_dev_all_v1/lfr_n1000_o00_m50_s12__nocd_pairdot_elementwise1000__s75/result.json
lfr_n5000_o00_m50_s12__nocd_pairdot_elementwise500__s75,lfr_n5000_o00_m50_s12,nocd_pairdot_elementwise500,oracle_K,cpu,1,75,COMPLETED,24.434830124955624,854114304,completed,0.42565376895876056,0.522668127653746,0.0,,84,SCORED,0.041414666920900345,0.3258383769019348,SCORED,,0.09409462753023214,28.0,0.9998,0.0,,0.0,0.0,,0.0,pairdot_development_three_seeds,5000,12,development,9c811f86b58592d69e88e29fd6eff0618e39d9d1f4794fa87ba119f25bce2ee5,work/plans/nocd_pairdot_dev_all_v1/development.json,analysis/nocd_pairdot_dev_all_v1,work/nocd_pairdot_dev_all_v1/lfr_n5000_o00_m50_s12__nocd_pairdot_elementwise500__s75/result.json
lfr_n1000_o20_m50_s11__nocd_pairdot_elementwise500__s75,lfr_n1000_o20_m50_s11,nocd_pairdot_elementwise500,oracle_K,cpu,1,75,COMPLETED,5.861264958046377,433602560,completed,0.8404776331401781,0.8529297632906481,0.5518518518518518,0.64,24,SCORED,0.007194416597485542,0.6948107373970597,SCORED,0.64,0.698155737038416,30.75,0.993,0.43823529411764706,0.745,0.5518518518518518,0.3333333333333333,0.64,0.4383561643835616,pairdot_development_three_seeds,1000,11,development,5655a0fb6e603038468724cf7784c1d74c61d0636dae30d9c3afb214deace494,work/plans/nocd_pairdot_dev_all_v1/development.json,analysis/nocd_pairdot_dev_all_v1,work/nocd_pairdot_dev_all_v1/lfr_n1000_o20_m50_s11__nocd_pairdot_elementwise500__s75/result.json
lfr_n1000_o00_m20_s12__nocd_pairdot_elementwise1000__s75,lfr_n1000_o00_m20_s12,nocd_pairdot_elementwise1000,oracle_K,cpu,1,75,COMPLETED,8.951421999838203,432455680,completed,1.0,1.0,,,18,SCORED,0.005899833980947733,1.0,SCORED,,1.0,32.25,1.0,,,,,,,pairdot_development_three_seeds,1000,12,development,821213e90ec77ac8424a2f1eda0a0e6cb8b7dba9217b43d703b34f067dab297d,work/plans/nocd_pairdot_dev_all_v1/development.json,analysis/nocd_pairdot_dev_all_v1,work/nocd_pairdot_dev_all_v1/lfr_n1000_o00_m20_s12__nocd_pairdot_elementwise1000__s75/result.json
lfr_n1000_o20_m50_s12__nocd_pairdot_bmm500__s75,lfr_n1000_o20_m50_s12,nocd_pairdot_bmm500,oracle_K,cpu,1,75,COMPLETED,6.004487457685173,462159872,completed,0.7632235790463467,0.7916821388785741,0.5032051282051282,0.565,23,SCORED,0.010872290935367346,0.6149183720347391,SCORED,0.565,0.481737936947832,32.5,0.996,0.37028301886792453,0.785,0.5032051282051282,0.22736418511066397,0.565,0.3242467718794835,pairdot_development_three_seeds,1000,12,development,403a3c26db4d9c5d8e165c3f850837e9e7bb3f9e96dc7f7205beabc0543ee70c,work/plans/nocd_pairdot_dev_all_v1/development.json,analysis/nocd_pairdot_dev_all_v1,work/nocd_pairdot_dev_all_v1/lfr_n1000_o20_m50_s12__nocd_pairdot_bmm500__s75/result.json
lfr_n1000_o20_m20_s11__nocd_pairdot_csr500__s75,lfr_n1000_o20_m20_s11,nocd_pairdot_csr500,oracle_K,cpu,1,75,COMPLETED,6.159955707844347,417464320,completed,0.9997474747474747,0.9995831596498541,0.9974937343358395,0.995,24,SCORED,0.006476833019405603,0.9983161898809163,SCORED,0.995,1.0,30.75,1.0,1.0,0.995,0.9974937343358395,1.0,0.995,0.9974937343358395,pairdot_development_three_seeds,1000,11,development,b9ec7da4aa6e47601b73592baf154d2326fe95f36c4fe05faf59857cae26b7b0,work/plans/nocd_pairdot_dev_all_v1/development.json,analysis/nocd_pairdot_dev_all_v1,work/nocd_pairdot_dev_all_v1/lfr_n1000_o20_m20_s11__nocd_pairdot_csr500__s75/result.json
lfr_n1000_o00_m50_s12__nocd_pairdot_csr500__s75,lfr_n1000_o00_m50_s12,nocd_pairdot_csr500,oracle_K,cpu,1,75,COMPLETED,6.170480667147785,397590528,completed,0.8416575511039553,0.8543689320388349,0.0,,18,SCORED,0.006176917348057032,0.728818403797108,SCORED,,0.7034941691267299,32.25,1.0,0.0,,0.0,0.0,,0.0,pairdot_development_three_seeds,1000,12,development,898f0fd80f831cccb10fec496f1dfbefac4c51abd860619b57c40c9819791ec0,work/plans/nocd_pairdot_dev_all_v1/development.json,analysis/nocd_pairdot_dev_all_v1,work/nocd_pairdot_dev_all_v1/lfr_n1000_o00_m50_s12__nocd_pairdot_csr500__s75/result.json
lfr_n1000_o00_m50_s12__nocd_pairdot_bmm500__s75,lfr_n1000_o00_m50_s12,nocd_pairdot_bmm500,oracle_K,cpu,1,75,COMPLETED,5.476737875025719,420937728,completed,0.843600270086053,0.8543689320388349,0.0,,18,SCORED,0.006308166775852442,0.7330039763276832,SCORED,,0.7007055188841508,32.25,1.0,0.0,,0.0,0.0,,0.0,pairdot_development_three_seeds,1000,12,development,898f0fd80f831cccb10fec496f1dfbefac4c51abd860619b57c40c9819791ec0,work/plans/nocd_pairdot_dev_all_v1/development.json,analysis/nocd_pairdot_dev_all_v1,work/nocd_pairdot_dev_all_v1/lfr_n1000_o00_m50_s12__nocd_pairdot_bmm500__s75/result.json
lfr_n5000_o40_m50_s11__nocd_pairdot_elementwise1000__s75,lfr_n5000_o40_m50_s11,nocd_pairdot_elementwise1000,oracle_K,cpu,1,75,COMPLETED,32.67278779204935,777732096,completed,0.230409953386079,0.30375013746838225,0.2991918812253336,0.063,112,SCORED,0.04591287486255169,0.005827634881641188,SCORED,0.063,0.06829917546326045,27.0,0.8384,0.23968684131285758,0.398,0.2991918812253336,0.018015441807263367,0.063,0.028018679119412943,pairdot_development_three_seeds,5000,11,development,79b9f441f15a9bd642d27166eaea695a2f5641b670c084ca99bd4fcfd8cdf6f6,work/plans/nocd_pairdot_dev_all_v1/development.json,analysis/nocd_pairdot_dev_all_v1,work/nocd_pairdot_dev_all_v1/lfr_n5000_o40_m50_s11__nocd_pairdot_elementwise1000__s75/result.json
lfr_n1000_o20_m20_s11__nocd_pairdot_elementwise1000__s75,lfr_n1000_o20_m20_s11,nocd_pairdot_elementwise1000,oracle_K,cpu,1,75,COMPLETED,9.989484125282615,439173120,completed,0.9986427315219109,0.9979157982492706,0.9899497487437185,0.985,24,SCORED,0.007394958753138781,0.9933928266046487,SCORED,0.985,1.0,30.75,1.0,0.9949494949494949,0.985,0.9899497487437185,0.9899497487437185,0.985,0.9874686716791979,pairdot_development_three_seeds,1000,11,development,b9ec7da4aa6e47601b73592baf154d2326fe95f36c4fe05faf59857cae26b7b0,work/plans/nocd_pairdot_dev_all_v1/development.json,analysis/nocd_pairdot_dev_all_v1,work/nocd_pairdot_dev_all_v1/lfr_n1000_o20_m20_s11__nocd_pairdot_elementwise1000__s75/result.json
lfr_n5000_o20_m20_s12__nocd_pairdot_bmm500__s75,lfr_n5000_o20_m20_s12,nocd_pairdot_bmm500,oracle_K,cpu,1,75,COMPLETED,26.448894458822906,748109824,completed,0.3699506210447768,0.44670547907938407,0.312545322697607,0.307,100,SCORED,0.0441385000012815,0.19601498478330664,SCORED,0.307,0.10794967341184383,29.0,0.9968,0.19087688219663418,0.862,0.312545322697607,0.04151453684922245,0.307,0.07313877307921382,pairdot_development_three_seeds,5000,12,development,d696c4ebed7dbaf052fdd0cef148d274c4d89f6fdd46db4608fb698928310459,work/plans/nocd_pairdot_dev_all_v1/development.json,analysis/nocd_pairdot_dev_all_v1,work/nocd_pairdot_dev_all_v1/lfr_n5000_o20_m20_s12__nocd_pairdot_bmm500__s75/result.json
lfr_n1000_o00_m20_s12__nocd_pairdot_elementwise500__s75,lfr_n1000_o00_m20_s12,nocd_pairdot_elementwise500,oracle_K,cpu,1,75,COMPLETED,5.32176575018093,433717248,completed,1.0,1.0,,,18,SCORED,0.0067010000348091125,1.0,SCORED,,1.0,32.25,1.0,,,,,,,pairdot_development_three_seeds,1000,12,development,821213e90ec77ac8424a2f1eda0a0e6cb8b7dba9217b43d703b34f067dab297d,work/plans/nocd_pairdot_dev_all_v1/development.json,analysis/nocd_pairdot_dev_all_v1,work/nocd_pairdot_dev_all_v1/lfr_n1000_o00_m20_s12__nocd_pairdot_elementwise500__s75/result.json
lfr_n1000_o40_m20_s12__nocd_pairdot_csr500__s75,lfr_n1000_o40_m20_s12,nocd_pairdot_csr500,oracle_K,cpu,1,75,COMPLETED,6.240805957932025,404897792,completed,0.9688970346246923,0.98,0.9887076537013801,0.95,25,SCORED,0.006792249623686075,0.9658563450239697,SCORED,0.95,0.8546365914786966,32.25,1.0,0.9924433249370277,0.985,0.9887076537013801,0.95,0.95,0.95,pairdot_development_three_seeds,1000,12,development,b110655fab996b66e797594117b662036a79c10b57587b66f41344ff7e5f5b10,work/plans/nocd_pairdot_dev_all_v1/development.json,analysis/nocd_pairdot_dev_all_v1,work/nocd_pairdot_dev_all_v1/lfr_n1000_o40_m20_s12__nocd_pairdot_csr500__s75/result.json
lfr_n5000_o20_m20_s11__nocd_pairdot_csr500__s75,lfr_n5000_o20_m20_s11,nocd_pairdot_csr500,oracle_K,cpu,1,75,COMPLETED,21.47693629236892,681033728,completed,0.3685736526856363,0.4587340639677924,0.3402521823472357,0.318,96,SCORED,0.043489042203873396,0.24019602429704162,SCORED,0.318,0.06584256886413276,27.0,0.9978,0.21107099879663058,0.877,0.3402521823472357,0.04612037708484409,0.318,0.0805573147561748,pairdot_development_three_seeds,5000,11,development,10633120772bb6c2f4e6e6445293c062b15f160f4ce30890cdf14ebcfe3baea7,work/plans/nocd_pairdot_dev_all_v1/development.json,analysis/nocd_pairdot_dev_all_v1,work/nocd_pairdot_dev_all_v1/lfr_n5000_o20_m20_s11__nocd_pairdot_csr500__s75/result.json
lfr_n1000_o20_m50_s11__nocd_pairdot_elementwise1000__s75,lfr_n1000_o20_m50_s11,nocd_pairdot_elementwise1000,oracle_K,cpu,1,75,COMPLETED,5.830198749899864,434307072,completed,0.8404776331401781,0.8529297632906481,0.5518518518518518,0.64,24,SCORED,0.007399083115160465,0.6948107373970597,SCORED,0.64,0.698155737038416,30.75,0.993,0.43823529411764706,0.745,0.5518518518518518,0.3333333333333333,0.64,0.4383561643835616,pairdot_development_three_seeds,1000,11,development,5655a0fb6e603038468724cf7784c1d74c61d0636dae30d9c3afb214deace494,work/plans/nocd_pairdot_dev_all_v1/development.json,analysis/nocd_pairdot_dev_all_v1,work/nocd_pairdot_dev_all_v1/lfr_n1000_o20_m50_s11__nocd_pairdot_elementwise1000__s75/result.json
lfr_n5000_o20_m50_s11__nocd_pairdot_bmm500__s75,lfr_n5000_o20_m50_s11,nocd_pairdot_bmm500,oracle_K,cpu,1,75,COMPLETED,27.06954333325848,759169024,completed,0.31066667056620967,0.3981358955180945,0.2100248550124275,0.137,105,SCORED,0.043340958189219236,0.12023718885029709,SCORED,0.137,0.07525230996447692,27.0,0.958,0.13244514106583072,0.507,0.2100248550124275,0.020785920194204218,0.137,0.0360953761032802,pairdot_development_three_seeds,5000,11,development,042577b3a9f9781ab87a53c6bccd8139197f7c2166d0fb257b724a958c7c8cbe,work/plans/nocd_pairdot_dev_all_v1/development.json,analysis/nocd_pairdot_dev_all_v1,work/nocd_pairdot_dev_all_v1/lfr_n5000_o20_m50_s11__nocd_pairdot_bmm500__s75/result.json
lfr_n1000_o40_m20_s12__nocd_pairdot_bmm500__s75,lfr_n1000_o40_m20_s12,nocd_pairdot_bmm500,oracle_K,cpu,1,75,COMPLETED,6.21087845787406,438484992,completed,0.9487823805142465,0.9732429539778809,0.98,0.935,26,SCORED,0.008405666798353195,0.9594248660710613,SCORED,0.935,0.8571428571428571,32.25,1.0,0.98,0.98,0.98,0.9280397022332506,0.935,0.9315068493150684,pairdot_development_three_seeds,1000,12,development,b110655fab996b66e797594117b662036a79c10b57587b66f41344ff7e5f5b10,work/plans/nocd_pairdot_dev_all_v1/development.json,analysis/nocd_pairdot_dev_all_v1,work/nocd_pairdot_dev_all_v1/lfr_n1000_o40_m20_s12__nocd_pairdot_bmm500__s75/result.json
lfr_n5000_o40_m50_s11__nocd_pairdot_bmm500__s75,lfr_n5000_o40_m50_s11,nocd_pairdot_bmm500,oracle_K,cpu,1,75,COMPLETED,29.149345625191927,795770880,completed,0.2256482697895747,0.29993935049897996,0.2904377230884839,0.0625,114,SCORED,0.04887175001204014,0.005789508207376628,SCORED,0.0625,0.06214387853249472,27.0,0.836,0.23262112548901595,0.3865,0.2904377230884839,0.01796751473336208,0.0625,0.027911130959026458,pairdot_development_three_seeds,5000,11,development,79b9f441f15a9bd642d27166eaea695a2f5641b670c084ca99bd4fcfd8cdf6f6,work/plans/nocd_pairdot_dev_all_v1/development.json,analysis/nocd_pairdot_dev_all_v1,work/nocd_pairdot_dev_all_v1/lfr_n5000_o40_m50_s11__nocd_pairdot_bmm500__s75/result.json
lfr_n5000_o00_m50_s11__nocd_pairdot_bmm500__s75,lfr_n5000_o00_m50_s11,nocd_pairdot_bmm500,oracle_K,cpu,1,75,COMPLETED,24.78440300002694,706625536,completed,0.42458542211779443,0.5018982047487291,0.0,,95,SCORED,0.043996999971568584,0.34611572192107326,SCORED,,0.13179874493546484,27.0,1.0,0.0,,0.0,0.0,,0.0,pairdot_development_three_seeds,5000,11,development,a21da2eb7f2bb0e98d84af95e71dbbc99cc2895b6b338959b09ac2d47cec74d1,work/plans/nocd_pairdot_dev_all_v1/development.json,analysis/nocd_pairdot_dev_all_v1,work/nocd_pairdot_dev_all_v1/lfr_n5000_o00_m50_s11__nocd_pairdot_bmm500__s75/result.json
lfr_n1000_o20_m20_s12__nocd_pairdot_elementwise1000__s75,lfr_n1000_o20_m20_s12,nocd_pairdot_elementwise1000,oracle_K,cpu,1,75,COMPLETED,8.792213208042085,436355072,completed,0.8894439038738413,0.9357873210633947,0.8873563218390804,0.865,23,SCORED,0.007506958208978176,0.9294853111081812,SCORED,0.865,0.6274362818590705,32.5,1.0,0.8212765957446808,0.965,0.8873563218390804,0.7061224489795919,0.865,0.7775280898876404,pairdot_development_three_seeds,1000,12,development,e3295f93cfd939934501e9c63e20f87691c58a1adec57246eaf0244c644f0975,work/plans/nocd_pairdot_dev_all_v1/development.json,analysis/nocd_pairdot_dev_all_v1,work/nocd_pairdot_dev_all_v1/lfr_n1000_o20_m20_s12__nocd_pairdot_elementwise1000__s75/result.json
lfr_n5000_o00_m50_s12__nocd_pairdot_csr500__s75,lfr_n5000_o00_m50_s12,nocd_pairdot_csr500,oracle_K,cpu,1,75,COMPLETED,19.648171083070338,641400832,completed,0.41932273733702846,0.5239558597569492,0.0,,80,SCORED,0.04448266560211778,0.3506667339332223,SCORED,,0.07630676775942033,28.0,0.9998,0.0,,0.0,0.0,,0.0,pairdot_development_three_seeds,5000,12,development,9c811f86b58592d69e88e29fd6eff0618e39d9d1f4794fa87ba119f25bce2ee5,work/plans/nocd_pairdot_dev_all_v1/development.json,analysis/nocd_pairdot_dev_all_v1,work/nocd_pairdot_dev_all_v1/lfr_n5000_o00_m50_s12__nocd_pairdot_csr500__s75/result.json
lfr_n1000_o20_m20_s12__nocd_pairdot_elementwise500__s75,lfr_n1000_o20_m20_s12,nocd_pairdot_elementwise500,oracle_K,cpu,1,75,COMPLETED,5.844878667034209,433291264,completed,0.8893206606235426,0.9373720835038887,0.8940092165898618,0.87,23,SCORED,0.007599583826959133,0.9336105578595597,SCORED,0.87,0.6260430390865174,32.5,1.0,0.8290598290598291,0.97,0.8940092165898618,0.7160493827160493,0.87,0.7855530474040632,pairdot_development_three_seeds,1000,12,development,e3295f93cfd939934501e9c63e20f87691c58a1adec57246eaf0244c644f0975,work/plans/nocd_pairdot_dev_all_v1/development.json,analysis/nocd_pairdot_dev_all_v1,work/nocd_pairdot_dev_all_v1/lfr_n1000_o20_m20_s12__nocd_pairdot_elementwise500__s75/result.json
lfr_n5000_o40_m50_s11__nocd_pairdot_elementwise500__s75,lfr_n5000_o40_m50_s11,nocd_pairdot_elementwise500,oracle_K,cpu,1,75,COMPLETED,28.068024458829314,789331968,completed,0.230409953386079,0.30375013746838225,0.2991918812253336,0.063,112,SCORED,0.047296665608882904,0.005827634881641188,SCORED,0.063,0.06829917546326045,27.0,0.8384,0.23968684131285758,0.398,0.2991918812253336,0.018015441807263367,0.063,0.028018679119412943,pairdot_development_three_seeds,5000,11,development,79b9f441f15a9bd642d27166eaea695a2f5641b670c084ca99bd4fcfd8cdf6f6,work/plans/nocd_pairdot_dev_all_v1/development.json,analysis/nocd_pairdot_dev_all_v1,work/nocd_pairdot_dev_all_v1/lfr_n5000_o40_m50_s11__nocd_pairdot_elementwise500__s75/result.json
lfr_n1000_o40_m50_s12__nocd_pairdot_csr500__s75,lfr_n1000_o40_m50_s12,nocd_pairdot_csr500,oracle_K,cpu,1,75,COMPLETED,6.279327208176255,414367744,completed,0.7720835499769756,0.7774086378737541,0.6473214285714286,0.5325,26,SCORED,0.007706792093813419,0.5511757470667457,SCORED,0.5325,0.6863638618492626,32.25,0.991,0.5846774193548387,0.725,0.6473214285714286,0.3441033925686591,0.5325,0.4180569185475957,pairdot_development_three_seeds,1000,12,development,f6f8bf8a5134cdf18e38d9071370d0760a8003ce42977c8500f29ae6c4142fad,work/plans/nocd_pairdot_dev_all_v1/development.json,analysis/nocd_pairdot_dev_all_v1,work/nocd_pairdot_dev_all_v1/lfr_n1000_o40_m50_s12__nocd_pairdot_csr500__s75/result.json
lfr_n1000_o20_m20_s11__nocd_pairdot_elementwise500__s75,lfr_n1000_o20_m20_s11,nocd_pairdot_elementwise500,oracle_K,cpu,1,75,COMPLETED,5.797940083313733,436600832,completed,0.9989363143631437,0.998330550918197,0.98989898989899,0.98,24,SCORED,0.006765124853700399,0.9938578903070373,SCORED,0.98,1.0,30.75,1.0,1.0,0.98,0.98989898989899,1.0,0.98,0.98989898989899,pairdot_development_three_seeds,1000,11,development,b9ec7da4aa6e47601b73592baf154d2326fe95f36c4fe05faf59857cae26b7b0,work/plans/nocd_pairdot_dev_all_v1/development.json,analysis/nocd_pairdot_dev_all_v1,work/nocd_pairdot_dev_all_v1/lfr_n1000_o20_m20_s11__nocd_pairdot_elementwise500__s75/result.json
lfr_n5000_o00_m20_s12__nocd_pairdot_elementwise500__s75,lfr_n5000_o00_m20_s12,nocd_pairdot_elementwise500,oracle_K,cpu,1,75,COMPLETED,24.658949041273445,844398592,completed,0.46753410289065384,0.5558983399441751,0.0,,85,SCORED,0.04074216680601239,0.3975266230208987,SCORED,,0.09612209789801886,28.0,1.0,0.0,,0.0,0.0,,0.0,pairdot_development_three_seeds,5000,12,development,9bb415b7ddd37767edc6b2cf20dc4c265f87a0c7d917a1e8166b187815356c7f,work/plans/nocd_pairdot_dev_all_v1/development.json,analysis/nocd_pairdot_dev_all_v1,work/nocd_pairdot_dev_all_v1/lfr_n5000_o00_m20_s12__nocd_pairdot_elementwise500__s75/result.json
lfr_n1000_o40_m20_s12__nocd_pairdot_elementwise500__s75,lfr_n1000_o40_m20_s12,nocd_pairdot_elementwise500,oracle_K,cpu,1,75,COMPLETED,6.187222541309893,483917824,completed,0.9503813358094982,0.962390158172232,0.9511002444987775,0.9425,26,SCORED,0.007452667225152254,0.949150042593867,SCORED,0.9425,0.8628815628815628,32.25,1.0,0.930622009569378,0.9725,0.9511002444987775,0.8471910112359551,0.9425,0.8923076923076924,pairdot_development_three_seeds,1000,12,development,b110655fab996b66e797594117b662036a79c10b57587b66f41344ff7e5f5b10,work/plans/nocd_pairdot_dev_all_v1/development.json,analysis/nocd_pairdot_dev_all_v1,work/nocd_pairdot_dev_all_v1/lfr_n1000_o40_m20_s12__nocd_pairdot_elementwise500__s75/result.json
lfr_n5000_o20_m20_s11__nocd_pairdot_bmm500__s75,lfr_n5000_o20_m20_s11,nocd_pairdot_bmm500,oracle_K,cpu,1,75,COMPLETED,27.0907001667656,740786176,completed,0.3763731812448694,0.4596101816575562,0.31678399407187846,0.321,95,SCORED,0.04481741599738598,0.2184242174132415,SCORED,0.321,0.09649915105091061,27.0,0.997,0.19440654843110505,0.855,0.31678399407187846,0.04504630928992422,0.321,0.07900566084174256,pairdot_development_three_seeds,5000,11,development,10633120772bb6c2f4e6e6445293c062b15f160f4ce30890cdf14ebcfe3baea7,work/plans/nocd_pairdot_dev_all_v1/development.json,analysis/nocd_pairdot_dev_all_v1,work/nocd_pairdot_dev_all_v1/lfr_n5000_o20_m20_s11__nocd_pairdot_bmm500__s75/result.json
lfr_n1000_o40_m50_s11__nocd_pairdot_elementwise500__s75,lfr_n1000_o40_m50_s11,nocd_pairdot_elementwise500,oracle_K,cpu,1,75,COMPLETED,6.07149345939979,457916416,completed,0.7649119217557898,0.7855973813420621,0.6559139784946236,0.5825,26,SCORED,0.007897584233433008,0.5643878274754648,SCORED,0.5825,0.6224573204487311,32.25,0.991,0.5754716981132075,0.7625,0.6559139784946236,0.3509036144578313,0.5825,0.43796992481203006,pairdot_development_three_seeds,1000,11,development,c2a580289d2c174c317ff5d05236a52a38bc2b9468c86a5d90342da21622f7f1,work/plans/nocd_pairdot_dev_all_v1/development.json,analysis/nocd_pairdot_dev_all_v1,work/nocd_pairdot_dev_all_v1/lfr_n1000_o40_m50_s11__nocd_pairdot_elementwise500__s75/result.json
lfr_n1000_o20_m50_s11__nocd_pairdot_bmm500__s75,lfr_n1000_o20_m50_s11,nocd_pairdot_bmm500,oracle_K,cpu,1,75,COMPLETED,6.0353361251764,435568640,completed,0.7847984918850684,0.8066001534919417,0.5044404973357016,0.53,24,SCORED,0.006776333320885897,0.6506519326923837,SCORED,0.53,0.6765806827608823,30.75,0.989,0.39118457300275483,0.71,0.5044404973357016,0.2541966426858513,0.53,0.34359805510534847,pairdot_development_three_seeds,1000,11,development,5655a0fb6e603038468724cf7784c1d74c61d0636dae30d9c3afb214deace494,work/plans/nocd_pairdot_dev_all_v1/development.json,analysis/nocd_pairdot_dev_all_v1,work/nocd_pairdot_dev_all_v1/lfr_n1000_o20_m50_s11__nocd_pairdot_bmm500__s75/result.json
lfr_n5000_o40_m20_s12__nocd_pairdot_bmm500__s75,lfr_n5000_o40_m20_s12,nocd_pairdot_bmm500,oracle_K,cpu,1,75,COMPLETED,29.073824166785926,818937856,completed,0.32064333292706726,0.40555045206207996,0.5310407790626902,0.2525,112,SCORED,0.047577792312949896,0.11257564503581145,SCORED,0.2525,0.12603065934591476,29.0,0.9936,0.38167104111986,0.8725,0.5310407790626902,0.057946069994262765,0.2525,0.09426038264115726,pairdot_development_three_seeds,5000,12,development,c61ece0036f9fe4b85b260c16c11343db079cf989942f73ba1327d9a0aedc8fe,work/plans/nocd_pairdot_dev_all_v1/development.json,analysis/nocd_pairdot_dev_all_v1,work/nocd_pairdot_dev_all_v1/lfr_n5000_o40_m20_s12__nocd_pairdot_bmm500__s75/result.json
lfr_n1000_o00_m50_s11__nocd_pairdot_elementwise1000__s75,lfr_n1000_o00_m50_s11,nocd_pairdot_elementwise1000,oracle_K,cpu,1,75,COMPLETED,5.582534500397742,429522944,completed,0.9160484808258719,0.9216589861751152,0.0,,19,SCORED,0.007489499635994434,0.7799117533012148,SCORED,,0.8986343678898638,32.5,1.0,0.0,,0.0,0.0,,0.0,pairdot_development_three_seeds,1000,11,development,c9da5300026662c691131b6bb6ea5bc9612836e2ee55fa75fb9d37718203da43,work/plans/nocd_pairdot_dev_all_v1/development.json,analysis/nocd_pairdot_dev_all_v1,work/nocd_pairdot_dev_all_v1/lfr_n1000_o00_m50_s11__nocd_pairdot_elementwise1000__s75/result.json
lfr_n5000_o20_m20_s12__nocd_pairdot_elementwise1000__s75,lfr_n5000_o20_m20_s12,nocd_pairdot_elementwise1000,oracle_K,cpu,1,75,COMPLETED,48.762838709168136,774160384,completed,0.36832341397106655,0.4487438313144908,0.32599599781699107,0.303,91,SCORED,0.044440832920372486,0.20073892246418001,SCORED,0.303,0.12922136351466915,29.0,0.9976,0.19924394040471424,0.896,0.32599599781699107,0.044272355347749856,0.303,0.07725650178480367,pairdot_development_three_seeds,5000,12,development,d696c4ebed7dbaf052fdd0cef148d274c4d89f6fdd46db4608fb698928310459,work/plans/nocd_pairdot_dev_all_v1/development.json,analysis/nocd_pairdot_dev_all_v1,work/nocd_pairdot_dev_all_v1/lfr_n5000_o20_m20_s12__nocd_pairdot_elementwise1000__s75/result.json
lfr_n5000_o00_m20_s12__nocd_pairdot_csr500__s75,lfr_n5000_o00_m20_s12,nocd_pairdot_csr500,oracle_K,cpu,1,75,COMPLETED,19.97856070799753,664633344,completed,0.4852523676055971,0.552135768732921,0.0,,87,SCORED,0.04225529218092561,0.39704322144906995,SCORED,,0.2060215407043667,28.0,1.0,0.0,,0.0,0.0,,0.0,pairdot_development_three_seeds,5000,12,development,9bb415b7ddd37767edc6b2cf20dc4c265f87a0c7d917a1e8166b187815356c7f,work/plans/nocd_pairdot_dev_all_v1/development.json,analysis/nocd_pairdot_dev_all_v1,work/nocd_pairdot_dev_all_v1/lfr_n5000_o00_m20_s12__nocd_pairdot_csr500__s75/result.json
lfr_n1000_o40_m20_s11__nocd_pairdot_bmm500__s75,lfr_n1000_o40_m20_s11,nocd_pairdot_bmm500,oracle_K,cpu,1,75,COMPLETED,6.23944737482816,439451648,completed,0.9953336582878826,0.9953521630318198,0.9886506935687264,0.98,26,SCORED,0.0073842923156917095,0.9852751645435088,SCORED,0.98,0.9935064935064936,32.25,1.0,0.9974554707379135,0.98,0.9886506935687264,0.9874055415617129,0.98,0.9836888331242158,pairdot_development_three_seeds,1000,11,development,cfd1429b346f9fe0e517cfdf747133a08aa2d127fb3f5cef15e5f948777b5a72,work/plans/nocd_pairdot_dev_all_v1/development.json,analysis/nocd_pairdot_dev_all_v1,work/nocd_pairdot_dev_all_v1/lfr_n1000_o40_m20_s11__nocd_pairdot_bmm500__s75/result.json
lfr_n1000_o20_m50_s11__nocd_pairdot_csr500__s75,lfr_n1000_o20_m50_s11,nocd_pairdot_csr500,oracle_K,cpu,1,75,COMPLETED,6.228990375064313,403996672,completed,0.7736389266485023,0.7927382753403933,0.48896434634974534,0.515,24,SCORED,0.006778165698051453,0.6363726306711155,SCORED,0.515,0.6577144289910247,30.75,0.99,0.37017994858611825,0.72,0.48896434634974534,0.22687224669603523,0.515,0.3149847094801223,pairdot_development_three_seeds,1000,11,development,5655a0fb6e603038468724cf7784c1d74c61d0636dae30d9c3afb214deace494,work/plans/nocd_pairdot_dev_all_v1/development.json,analysis/nocd_pairdot_dev_all_v1,work/nocd_pairdot_dev_all_v1/lfr_n1000_o20_m50_s11__nocd_pairdot_csr500__s75/result.json
lfr_n5000_o20_m50_s12__nocd_pairdot_elementwise500__s75,lfr_n5000_o20_m50_s12,nocd_pairdot_elementwise500,oracle_K,cpu,1,75,COMPLETED,25.994744250085205,771473408,completed,0.34625935809637326,0.41913693965276616,0.19274193548387097,0.146,104,SCORED,0.04303904063999653,0.10028764504462348,SCORED,0.146,0.09140754972624178,29.0,0.9578,0.12070707070707071,0.478,0.19274193548387097,0.020494104435710276,0.146,0.035942885278188084,pairdot_development_three_seeds,5000,12,development,c907a9b0df2fd832ea4e459b6bdbc3d4a56e28eed0e2628be61c7bd960b2ceec,work/plans/nocd_pairdot_dev_all_v1/development.json,analysis/nocd_pairdot_dev_all_v1,work/nocd_pairdot_dev_all_v1/lfr_n5000_o20_m50_s12__nocd_pairdot_elementwise500__s75/result.json
lfr_n5000_o40_m50_s12__nocd_pairdot_bmm500__s75,lfr_n5000_o40_m50_s12,nocd_pairdot_bmm500,oracle_K,cpu,1,75,COMPLETED,29.807087374851108,799539200,completed,0.24371430161527208,0.3094533474789212,0.2852864095844253,0.066,112,SCORED,0.04732837527990341,0.004227716790869999,SCORED,0.066,0.09808780737810475,29.0,0.8192,0.22800718132854578,0.381,0.2852864095844253,0.019374724790841038,0.066,0.0299557471916487,pairdot_development_three_seeds,5000,12,development,a4d5adccafffd7e6d399fb6b891010de478c5ca569589bbe3cd0198f2095d767,work/plans/nocd_pairdot_dev_all_v1/development.json,analysis/nocd_pairdot_dev_all_v1,work/nocd_pairdot_dev_all_v1/lfr_n5000_o40_m50_s12__nocd_pairdot_bmm500__s75/result.json
lfr_n5000_o20_m20_s12__nocd_pairdot_csr500__s75,lfr_n5000_o20_m20_s12,nocd_pairdot_csr500,oracle_K,cpu,1,75,COMPLETED,21.94013312505558,710836224,completed,0.3574168172198737,0.4312852800694746,0.31367536972795323,0.271,99,SCORED,0.04536187509074807,0.19299952133329087,SCORED,0.271,0.1022449757498286,29.0,0.9966,0.19186955550591914,0.859,0.31367536972795323,0.036419836043542535,0.271,0.0642104016111835,pairdot_development_three_seeds,5000,12,development,d696c4ebed7dbaf052fdd0cef148d274c4d89f6fdd46db4608fb698928310459,work/plans/nocd_pairdot_dev_all_v1/development.json,analysis/nocd_pairdot_dev_all_v1,work/nocd_pairdot_dev_all_v1/lfr_n5000_o20_m20_s12__nocd_pairdot_csr500__s75/result.json
lfr_n1000_o20_m20_s11__nocd_pairdot_bmm500__s75,lfr_n1000_o20_m20_s11,nocd_pairdot_bmm500,oracle_K,cpu,1,75,COMPLETED,6.136212124954909,435224576,completed,0.9986848594898262,0.9979157982492706,0.9899497487437185,0.985,24,SCORED,0.007158250082284212,0.993362239204043,SCORED,0.985,1.0,30.75,1.0,0.9949494949494949,0.985,0.9899497487437185,0.9899497487437185,0.985,0.9874686716791979,pairdot_development_three_seeds,1000,11,development,b9ec7da4aa6e47601b73592baf154d2326fe95f36c4fe05faf59857cae26b7b0,work/plans/nocd_pairdot_dev_all_v1/development.json,analysis/nocd_pairdot_dev_all_v1,work/nocd_pairdot_dev_all_v1/lfr_n1000_o20_m20_s11__nocd_pairdot_bmm500__s75/result.json
lfr_n5000_o20_m50_s11__nocd_pairdot_elementwise1000__s75,lfr_n5000_o20_m50_s11,nocd_pairdot_elementwise1000,oracle_K,cpu,1,75,COMPLETED,32.3607696252875,753287168,completed,0.30794110246180867,0.39974582635318584,0.21591380024865314,0.126,105,SCORED,0.046647833194583654,0.12663254750039205,SCORED,0.126,0.07224270695914399,27.0,0.96,0.13617354939884999,0.521,0.21591380024865314,0.019351866072799876,0.126,0.033550792171481825,pairdot_development_three_seeds,5000,11,development,042577b3a9f9781ab87a53c6bccd8139197f7c2166d0fb257b724a958c7c8cbe,work/plans/nocd_pairdot_dev_all_v1/development.json,analysis/nocd_pairdot_dev_all_v1,work/nocd_pairdot_dev_all_v1/lfr_n5000_o20_m50_s11__nocd_pairdot_elementwise1000__s75/result.json
lfr_n5000_o00_m50_s12__nocd_pairdot_bmm500__s75,lfr_n5000_o00_m50_s12,nocd_pairdot_bmm500,oracle_K,cpu,1,75,COMPLETED,25.984079665970057,848052224,completed,0.4317730188874152,0.5296829166084649,0.0,,85,SCORED,0.050552917178720236,0.37133027401313323,SCORED,,0.0649913263823738,28.0,0.9996,0.0,,0.0,0.0,,0.0,pairdot_development_three_seeds,5000,12,development,9c811f86b58592d69e88e29fd6eff0618e39d9d1f4794fa87ba119f25bce2ee5,work/plans/nocd_pairdot_dev_all_v1/development.json,analysis/nocd_pairdot_dev_all_v1,work/nocd_pairdot_dev_all_v1/lfr_n5000_o00_m50_s12__nocd_pairdot_bmm500__s75/result.json
lfr_n5000_o00_m50_s11__nocd_pairdot_csr500__s75,lfr_n5000_o00_m50_s11,nocd_pairdot_csr500,oracle_K,cpu,1,75,COMPLETED,20.96864308277145,694075392,completed,0.42627285687275995,0.5013898765272481,0.0,,95,SCORED,0.04382758308202028,0.3349707855395782,SCORED,,0.12173642094179433,27.0,1.0,0.0,,0.0,0.0,,0.0,pairdot_development_three_seeds,5000,11,development,a21da2eb7f2bb0e98d84af95e71dbbc99cc2895b6b338959b09ac2d47cec74d1,work/plans/nocd_pairdot_dev_all_v1/development.json,analysis/nocd_pairdot_dev_all_v1,work/nocd_pairdot_dev_all_v1/lfr_n5000_o00_m50_s11__nocd_pairdot_csr500__s75/result.json
lfr_n5000_o40_m50_s11__nocd_pairdot_csr500__s75,lfr_n5000_o40_m50_s11,nocd_pairdot_csr500,oracle_K,cpu,1,75,COMPLETED,23.39806591719389,751632384,completed,0.2206381482311031,0.2924041502524552,0.28901289205310754,0.0585,112,SCORED,0.04707633284851909,0.0,SCORED,0.0585,0.08074843437994203,27.0,0.8296,0.23490772599311854,0.3755,0.28901289205310754,0.017018181818181818,0.0585,0.026366197183098593,pairdot_development_three_seeds,5000,11,development,79b9f441f15a9bd642d27166eaea695a2f5641b670c084ca99bd4fcfd8cdf6f6,work/plans/nocd_pairdot_dev_all_v1/development.json,analysis/nocd_pairdot_dev_all_v1,work/nocd_pairdot_dev_all_v1/lfr_n5000_o40_m50_s11__nocd_pairdot_csr500__s75/result.json
lfr_n5000_o00_m20_s11__nocd_pairdot_bmm500__s75,lfr_n5000_o00_m20_s11,nocd_pairdot_bmm500,oracle_K,cpu,1,75,COMPLETED,25.413884374778718,729382912,completed,0.4475375201084608,0.5139001349527665,0.0,,89,SCORED,0.04368812497705221,0.35966909090386706,SCORED,,0.1353487928578476,27.0,1.0,0.0,,0.0,0.0,,0.0,pairdot_development_three_seeds,5000,11,development,83c0014ded94a5ae7083c562287d7c194336c812d43477ea984e1da49948b9cd,work/plans/nocd_pairdot_dev_all_v1/development.json,analysis/nocd_pairdot_dev_all_v1,work/nocd_pairdot_dev_all_v1/lfr_n5000_o00_m20_s11__nocd_pairdot_bmm500__s75/result.json
lfr_n1000_o40_m50_s12__nocd_pairdot_elementwise1000__s75,lfr_n1000_o40_m50_s12,nocd_pairdot_elementwise1000,oracle_K,cpu,1,75,COMPLETED,6.476448750123382,440516608,completed,0.8114711546019878,0.8070525615435795,0.671875,0.595,26,SCORED,0.007671875413507223,0.5852935104419732,SCORED,0.595,0.7929102749987237,32.25,0.992,0.6068548387096774,0.7525,0.671875,0.38762214983713356,0.595,0.46942800788954636,pairdot_development_three_seeds,1000,12,development,f6f8bf8a5134cdf18e38d9071370d0760a8003ce42977c8500f29ae6c4142fad,work/plans/nocd_pairdot_dev_all_v1/development.json,analysis/nocd_pairdot_dev_all_v1,work/nocd_pairdot_dev_all_v1/lfr_n1000_o40_m50_s12__nocd_pairdot_elementwise1000__s75/result.json
lfr_n1000_o00_m50_s12__nocd_pairdot_elementwise500__s75,lfr_n1000_o00_m50_s12,nocd_pairdot_elementwise500,oracle_K,cpu,1,75,COMPLETED,5.415520084090531,421363712,completed,0.8460986208182858,0.8555015466195316,0.0,,18,SCORED,0.0065264590084552765,0.7348557140337131,SCORED,,0.8293950058655941,32.25,1.0,0.0,,0.0,0.0,,0.0,pairdot_development_three_seeds,1000,12,development,898f0fd80f831cccb10fec496f1dfbefac4c51abd860619b57c40c9819791ec0,work/plans/nocd_pairdot_dev_all_v1/development.json,analysis/nocd_pairdot_dev_all_v1,work/nocd_pairdot_dev_all_v1/lfr_n1000_o00_m50_s12__nocd_pairdot_elementwise500__s75/result.json
lfr_n5000_o40_m20_s12__nocd_pairdot_elementwise500__s75,lfr_n5000_o40_m20_s12,nocd_pairdot_elementwise500,oracle_K,cpu,1,75,COMPLETED,28.639005500357598,781959168,completed,0.31300998146485554,0.394566496665359,0.528169014084507,0.2345,109,SCORED,0.04737862525507808,0.12880061142765017,SCORED,0.2345,0.08815397987894043,29.0,0.9924,0.38062665489849956,0.8625,0.528169014084507,0.055634638196915775,0.2345,0.08993288590604027,pairdot_development_three_seeds,5000,12,development,c61ece0036f9fe4b85b260c16c11343db079cf989942f73ba1327d9a0aedc8fe,work/plans/nocd_pairdot_dev_all_v1/development.json,analysis/nocd_pairdot_dev_all_v1,work/nocd_pairdot_dev_all_v1/lfr_n5000_o40_m20_s12__nocd_pairdot_elementwise500__s75/result.json
lfr_n1000_o40_m20_s11__nocd_pairdot_csr500__s75,lfr_n1000_o40_m20_s11,nocd_pairdot_csr500,oracle_K,cpu,1,75,COMPLETED,6.690771291963756,406765568,completed,0.9940416897130622,0.9939220593493028,0.9836065573770492,0.975,26,SCORED,0.007451457902789116,0.9797242920183236,SCORED,0.975,0.9935064935064936,32.25,1.0,0.9923664122137404,0.975,0.9836065573770492,0.982367758186398,0.975,0.9786700125470514,pairdot_development_three_seeds,1000,11,development,cfd1429b346f9fe0e517cfdf747133a08aa2d127fb3f5cef15e5f948777b5a72,work/plans/nocd_pairdot_dev_all_v1/development.json,analysis/nocd_pairdot_dev_all_v1,work/nocd_pairdot_dev_all_v1/lfr_n1000_o40_m20_s11__nocd_pairdot_csr500__s75/result.json
lfr_n5000_o00_m20_s11__nocd_pairdot_csr500__s75,lfr_n5000_o00_m20_s11,nocd_pairdot_csr500,oracle_K,cpu,1,75,COMPLETED,21.186788332648575,670498816,completed,0.44187681993017364,0.515088177661659,0.0,,92,SCORED,0.04345208313316107,0.3506685916535555,SCORED,,0.1211558544725895,27.0,1.0,0.0,,0.0,0.0,,0.0,pairdot_development_three_seeds,5000,11,development,83c0014ded94a5ae7083c562287d7c194336c812d43477ea984e1da49948b9cd,work/plans/nocd_pairdot_dev_all_v1/development.json,analysis/nocd_pairdot_dev_all_v1,work/nocd_pairdot_dev_all_v1/lfr_n5000_o00_m20_s11__nocd_pairdot_csr500__s75/result.json
lfr_n1000_o40_m20_s11__nocd_pairdot_elementwise500__s75,lfr_n1000_o40_m20_s11,nocd_pairdot_elementwise500,oracle_K,cpu,1,75,COMPLETED,6.1229975419119,442302464,completed,0.9951350363517046,0.9953488372093023,0.9861286254728878,0.9775,26,SCORED,0.007281625177711248,0.9840853796596303,SCORED,0.9775,0.9936382271859758,32.25,1.0,0.9949109414758269,0.9775,0.9861286254728878,0.9898734177215189,0.9775,0.9836477987421384,pairdot_development_three_seeds,1000,11,development,cfd1429b346f9fe0e517cfdf747133a08aa2d127fb3f5cef15e5f948777b5a72,work/plans/nocd_pairdot_dev_all_v1/development.json,analysis/nocd_pairdot_dev_all_v1,work/nocd_pairdot_dev_all_v1/lfr_n1000_o40_m20_s11__nocd_pairdot_elementwise500__s75/result.json
lfr_n5000_o20_m50_s12__nocd_pairdot_elementwise1000__s75,lfr_n5000_o20_m50_s12,nocd_pairdot_elementwise1000,oracle_K,cpu,1,75,COMPLETED,49.670860290993005,751173632,completed,0.34727645928346523,0.4207101587479666,0.1919517102615694,0.146,104,SCORED,0.04512100014835596,0.10541899232434897,SCORED,0.146,0.07782057279291213,29.0,0.9556,0.12015113350125944,0.477,0.1919517102615694,0.02071215775287275,0.146,0.03627779848428376,pairdot_development_three_seeds,5000,12,development,c907a9b0df2fd832ea4e459b6bdbc3d4a56e28eed0e2628be61c7bd960b2ceec,work/plans/nocd_pairdot_dev_all_v1/development.json,analysis/nocd_pairdot_dev_all_v1,work/nocd_pairdot_dev_all_v1/lfr_n5000_o20_m50_s12__nocd_pairdot_elementwise1000__s75/result.json
lfr_n5000_o40_m50_s12__nocd_pairdot_elementwise500__s75,lfr_n5000_o40_m50_s12,nocd_pairdot_elementwise500,oracle_K,cpu,1,75,COMPLETED,28.495178957935423,784334848,completed,0.24727715033234862,0.3127212389380531,0.3002759889604416,0.063,110,SCORED,0.04847424989566207,0.01368612242585404,SCORED,0.063,0.09577334881739419,29.0,0.8262,0.23755458515283842,0.408,0.3002759889604416,0.018132105338897683,0.063,0.028159570901776735,pairdot_development_three_seeds,5000,12,development,a4d5adccafffd7e6d399fb6b891010de478c5ca569589bbe3cd0198f2095d767,work/plans/nocd_pairdot_dev_all_v1/development.json,analysis/nocd_pairdot_dev_all_v1,work/nocd_pairdot_dev_all_v1/lfr_n5000_o40_m50_s12__nocd_pairdot_elementwise500__s75/result.json
lfr_n5000_o40_m20_s12__nocd_pairdot_elementwise1000__s75,lfr_n5000_o40_m20_s12,nocd_pairdot_elementwise1000,oracle_K,cpu,1,75,COMPLETED,54.61704004090279,807616512,completed,0.313447656424326,0.40209341364668705,0.539043583535109,0.2485,105,SCORED,0.04952899971976876,0.12733182071962734,SCORED,0.2485,0.1039964169493427,29.0,0.9952,0.3865017361111111,0.8905,0.539043583535109,0.06003865668035757,0.2485,0.09671142245573068,pairdot_development_three_seeds,5000,12,development,c61ece0036f9fe4b85b260c16c11343db079cf989942f73ba1327d9a0aedc8fe,work/plans/nocd_pairdot_dev_all_v1/development.json,analysis/nocd_pairdot_dev_all_v1,work/nocd_pairdot_dev_all_v1/lfr_n5000_o40_m20_s12__nocd_pairdot_elementwise1000__s75/result.json
lfr_n1000_o00_m20_s11__nocd_pairdot_elementwise500__s75,lfr_n1000_o00_m20_s11,nocd_pairdot_elementwise500,oracle_K,cpu,1,75,COMPLETED,5.826853916049004,427278336,completed,1.0,1.0,,,19,SCORED,0.007205457892268896,1.0,SCORED,,1.0,32.5,1.0,,,,,,,pairdot_development_three_seeds,1000,11,development,a35780a9cf45692523fdb1d1201a34875c1096949d372be6c47dbfc73870d261,work/plans/nocd_pairdot_dev_all_v1/development.json,analysis/nocd_pairdot_dev_all_v1,work/nocd_pairdot_dev_all_v1/lfr_n1000_o00_m20_s11__nocd_pairdot_elementwise500__s75/result.json
lfr_n1000_o20_m50_s12__nocd_pairdot_elementwise1000__s75,lfr_n1000_o20_m50_s12,nocd_pairdot_elementwise1000,oracle_K,cpu,1,75,COMPLETED,5.8694274998269975,433078272,completed,0.7637696520902076,0.7909896602658789,0.49445324881141045,0.575,23,SCORED,0.006893457844853401,0.6083885133494993,SCORED,0.575,0.4826777380717095,32.5,0.998,0.3619489559164733,0.78,0.49445324881141045,0.22549019607843138,0.575,0.323943661971831,pairdot_development_three_seeds,1000,12,development,403a3c26db4d9c5d8e165c3f850837e9e7bb3f9e96dc7f7205beabc0543ee70c,work/plans/nocd_pairdot_dev_all_v1/development.json,analysis/nocd_pairdot_dev_all_v1,work/nocd_pairdot_dev_all_v1/lfr_n1000_o20_m50_s12__nocd_pairdot_elementwise1000__s75/result.json
lfr_n5000_o20_m50_s12__nocd_pairdot_bmm500__s75,lfr_n5000_o20_m50_s12,nocd_pairdot_bmm500,oracle_K,cpu,1,75,COMPLETED,27.099191667046398,765640704,completed,0.3501702862052696,0.421104808063006,0.1958844479620103,0.151,102,SCORED,0.04840599978342652,0.10210492642637604,SCORED,0.151,0.07621916383141993,29.0,0.9548,0.12210162802170696,0.495,0.1958844479620103,0.02045239062711635,0.151,0.03602528927591554,pairdot_development_three_seeds,5000,12,development,c907a9b0df2fd832ea4e459b6bdbc3d4a56e28eed0e2628be61c7bd960b2ceec,work/plans/nocd_pairdot_dev_all_v1/development.json,analysis/nocd_pairdot_dev_all_v1,work/nocd_pairdot_dev_all_v1/lfr_n5000_o20_m50_s12__nocd_pairdot_bmm500__s75/result.json
lfr_n5000_o40_m50_s12__nocd_pairdot_csr500__s75,lfr_n5000_o40_m50_s12,nocd_pairdot_csr500,oracle_K,cpu,1,75,COMPLETED,22.758012999780476,758366208,completed,0.24497051925139152,0.3103352421193084,0.29381443298969073,0.0675,112,SCORED,0.04579549981281161,0.010866730997395553,SCORED,0.0675,0.09002407801884477,29.0,0.8206,0.23251748251748253,0.399,0.29381443298969073,0.01961069145845439,0.0675,0.030391715443493922,pairdot_development_three_seeds,5000,12,development,a4d5adccafffd7e6d399fb6b891010de478c5ca569589bbe3cd0198f2095d767,work/plans/nocd_pairdot_dev_all_v1/development.json,analysis/nocd_pairdot_dev_all_v1,work/nocd_pairdot_dev_all_v1/lfr_n5000_o40_m50_s12__nocd_pairdot_csr500__s75/result.json
lfr_n1000_o00_m50_s11__nocd_pairdot_elementwise500__s75,lfr_n1000_o00_m50_s11,nocd_pairdot_elementwise500,oracle_K,cpu,1,75,COMPLETED,5.5312606249935925,423772160,completed,0.9160484808258719,0.9216589861751152,0.0,,19,SCORED,0.007403166964650154,0.7799117533012148,SCORED,,0.8986343678898638,32.5,1.0,0.0,,0.0,0.0,,0.0,pairdot_development_three_seeds,1000,11,development,c9da5300026662c691131b6bb6ea5bc9612836e2ee55fa75fb9d37718203da43,work/plans/nocd_pairdot_dev_all_v1/development.json,analysis/nocd_pairdot_dev_all_v1,work/nocd_pairdot_dev_all_v1/lfr_n1000_o00_m50_s11__nocd_pairdot_elementwise500__s75/result.json
lfr_n1000_o40_m50_s11__nocd_pairdot_bmm500__s75,lfr_n1000_o40_m50_s11,nocd_pairdot_bmm500,oracle_K,cpu,1,75,COMPLETED,6.105485207866877,468287488,completed,0.7260039710726066,0.7515923566878981,0.628099173553719,0.5625,26,SCORED,0.007039833348244429,0.502376722618561,SCORED,0.5625,0.5436509994197315,32.25,0.993,0.5352112676056338,0.76,0.628099173553719,0.30120481927710846,0.5625,0.3923278116826504,pairdot_development_three_seeds,1000,11,development,c2a580289d2c174c317ff5d05236a52a38bc2b9468c86a5d90342da21622f7f1,work/plans/nocd_pairdot_dev_all_v1/development.json,analysis/nocd_pairdot_dev_all_v1,work/nocd_pairdot_dev_all_v1/lfr_n1000_o40_m50_s11__nocd_pairdot_bmm500__s75/result.json
lfr_n5000_o00_m20_s11__nocd_pairdot_elementwise500__s75,lfr_n5000_o00_m20_s11,nocd_pairdot_elementwise500,oracle_K,cpu,1,75,COMPLETED,24.398341459222138,720289792,completed,0.44496600805889797,0.5083510074231177,0.0,,92,SCORED,0.04124608403071761,0.35731812581494515,SCORED,,0.15339259870368044,27.0,1.0,0.0,,0.0,0.0,,0.0,pairdot_development_three_seeds,5000,11,development,83c0014ded94a5ae7083c562287d7c194336c812d43477ea984e1da49948b9cd,work/plans/nocd_pairdot_dev_all_v1/development.json,analysis/nocd_pairdot_dev_all_v1,work/nocd_pairdot_dev_all_v1/lfr_n5000_o00_m20_s11__nocd_pairdot_elementwise500__s75/result.json
lfr_n1000_o00_m50_s11__nocd_pairdot_bmm500__s75,lfr_n1000_o00_m50_s11,nocd_pairdot_bmm500,oracle_K,cpu,1,75,COMPLETED,5.666419334243983,422412288,completed,0.9157598962816117,0.922509225092251,0.0,,19,SCORED,0.006809874903410673,0.7816352389775805,SCORED,,0.890551304032489,32.5,1.0,0.0,,0.0,0.0,,0.0,pairdot_development_three_seeds,1000,11,development,c9da5300026662c691131b6bb6ea5bc9612836e2ee55fa75fb9d37718203da43,work/plans/nocd_pairdot_dev_all_v1/development.json,analysis/nocd_pairdot_dev_all_v1,work/nocd_pairdot_dev_all_v1/lfr_n1000_o00_m50_s11__nocd_pairdot_bmm500__s75/result.json
lfr_n1000_o40_m50_s12__nocd_pairdot_elementwise500__s75,lfr_n1000_o40_m50_s12,nocd_pairdot_elementwise500,oracle_K,cpu,1,75,COMPLETED,6.123676000162959,472285184,completed,0.8114711546019878,0.8070525615435795,0.671875,0.595,26,SCORED,0.00703829200938344,0.5852935104419732,SCORED,0.595,0.7929102749987237,32.25,0.992,0.6068548387096774,0.7525,0.671875,0.38762214983713356,0.595,0.46942800788954636,pairdot_development_three_seeds,1000,12,development,f6f8bf8a5134cdf18e38d9071370d0760a8003ce42977c8500f29ae6c4142fad,work/plans/nocd_pairdot_dev_all_v1/development.json,analysis/nocd_pairdot_dev_all_v1,work/nocd_pairdot_dev_all_v1/lfr_n1000_o40_m50_s12__nocd_pairdot_elementwise500__s75/result.json
lfr_n5000_o20_m20_s12__nocd_pairdot_elementwise500__s75,lfr_n5000_o20_m20_s12,nocd_pairdot_elementwise500,oracle_K,cpu,1,75,COMPLETED,25.74351774994284,734150656,completed,0.37437536349071643,0.4422890397672163,0.31288566243194194,0.271,100,SCORED,0.04330204101279378,0.18578175977405348,SCORED,0.271,0.10548955648579939,29.0,0.9958,0.19113082039911308,0.862,0.31288566243194194,0.035756696134054626,0.271,0.06317752651824222,pairdot_development_three_seeds,5000,12,development,d696c4ebed7dbaf052fdd0cef148d274c4d89f6fdd46db4608fb698928310459,work/plans/nocd_pairdot_dev_all_v1/development.json,analysis/nocd_pairdot_dev_all_v1,work/nocd_pairdot_dev_all_v1/lfr_n5000_o20_m20_s12__nocd_pairdot_elementwise500__s75/result.json
lfr_n1000_o20_m20_s12__nocd_pairdot_csr500__s75,lfr_n1000_o20_m20_s12,nocd_pairdot_csr500,oracle_K,cpu,1,75,COMPLETED,6.425143708940595,400506880,completed,0.8883738727036252,0.9250101337657073,0.8407079646017699,0.855,23,SCORED,0.007527124602347612,0.9223672356933236,SCORED,0.855,0.6273672687465791,32.5,1.0,0.753968253968254,0.95,0.8407079646017699,0.6404494382022472,0.855,0.7323340471092077,pairdot_development_three_seeds,1000,12,development,e3295f93cfd939934501e9c63e20f87691c58a1adec57246eaf0244c644f0975,work/plans/nocd_pairdot_dev_all_v1/development.json,analysis/nocd_pairdot_dev_all_v1,work/nocd_pairdot_dev_all_v1/lfr_n1000_o20_m20_s12__nocd_pairdot_csr500__s75/result.json
lfr_n1000_o00_m50_s11__nocd_pairdot_csr500__s75,lfr_n1000_o00_m50_s11,nocd_pairdot_csr500,oracle_K,cpu,1,75,COMPLETED,6.290397792123258,410353664,completed,0.9224760872515245,0.9289363678588016,0.0,,19,SCORED,0.006224750075489283,0.7963942019696586,SCORED,,0.8912889397518725,32.5,1.0,0.0,,0.0,0.0,,0.0,pairdot_development_three_seeds,1000,11,development,c9da5300026662c691131b6bb6ea5bc9612836e2ee55fa75fb9d37718203da43,work/plans/nocd_pairdot_dev_all_v1/development.json,analysis/nocd_pairdot_dev_all_v1,work/nocd_pairdot_dev_all_v1/lfr_n1000_o00_m50_s11__nocd_pairdot_csr500__s75/result.json
lfr_n5000_o00_m50_s12__nocd_pairdot_elementwise1000__s75,lfr_n5000_o00_m50_s12,nocd_pairdot_elementwise1000,oracle_K,cpu,1,75,COMPLETED,31.639855791814625,930070528,completed,0.42565376895876056,0.522668127653746,0.0,,84,SCORED,0.04132500011473894,0.3258383769019348,SCORED,,0.09409462753023214,28.0,0.9998,0.0,,0.0,0.0,,0.0,pairdot_development_three_seeds,5000,12,development,9c811f86b58592d69e88e29fd6eff0618e39d9d1f4794fa87ba119f25bce2ee5,work/plans/nocd_pairdot_dev_all_v1/development.json,analysis/nocd_pairdot_dev_all_v1,work/nocd_pairdot_dev_all_v1/lfr_n5000_o00_m50_s12__nocd_pairdot_elementwise1000__s75/result.json
lfr_n1000_o00_m20_s12__nocd_pairdot_bmm500__s75,lfr_n1000_o00_m20_s12,nocd_pairdot_bmm500,oracle_K,cpu,1,75,COMPLETED,5.700910292100161,420855808,completed,1.0,1.0,,,18,SCORED,0.006546500138938427,1.0,SCORED,,1.0,32.25,1.0,,,,,,,pairdot_development_three_seeds,1000,12,development,821213e90ec77ac8424a2f1eda0a0e6cb8b7dba9217b43d703b34f067dab297d,work/plans/nocd_pairdot_dev_all_v1/development.json,analysis/nocd_pairdot_dev_all_v1,work/nocd_pairdot_dev_all_v1/lfr_n1000_o00_m20_s12__nocd_pairdot_bmm500__s75/result.json
lfr_n1000_o00_m20_s11__nocd_pairdot_elementwise1000__s75,lfr_n1000_o00_m20_s11,nocd_pairdot_elementwise1000,oracle_K,cpu,1,75,COMPLETED,7.641419708263129,447676416,completed,1.0,1.0,,,19,SCORED,0.005956707987934351,1.0,SCORED,,1.0,32.5,1.0,,,,,,,pairdot_development_three_seeds,1000,11,development,a35780a9cf45692523fdb1d1201a34875c1096949d372be6c47dbfc73870d261,work/plans/nocd_pairdot_dev_all_v1/development.json,analysis/nocd_pairdot_dev_all_v1,work/nocd_pairdot_dev_all_v1/lfr_n1000_o00_m20_s11__nocd_pairdot_elementwise1000__s75/result.json
lfr_n5000_o00_m20_s12__nocd_pairdot_elementwise1000__s75,lfr_n5000_o00_m20_s12,nocd_pairdot_elementwise1000,oracle_K,cpu,1,75,COMPLETED,47.89693566644564,934395904,completed,0.4752977125197816,0.5694169765050233,0.0,,67,SCORED,0.03801745781674981,0.43283271294429404,SCORED,,0.06309396168324735,28.0,1.0,0.0,,0.0,0.0,,0.0,pairdot_development_three_seeds,5000,12,development,9bb415b7ddd37767edc6b2cf20dc4c265f87a0c7d917a1e8166b187815356c7f,work/plans/nocd_pairdot_dev_all_v1/development.json,analysis/nocd_pairdot_dev_all_v1,work/nocd_pairdot_dev_all_v1/lfr_n5000_o00_m20_s12__nocd_pairdot_elementwise1000__s75/result.json
lfr_n5000_o20_m50_s11__nocd_pairdot_csr500__s75,lfr_n5000_o20_m50_s11,nocd_pairdot_csr500,oracle_K,cpu,1,75,COMPLETED,22.052359624765813,678887424,completed,0.30619273903325717,0.4052628528371877,0.20952380952380953,0.124,108,SCORED,0.04627204220741987,0.13765328275106542,SCORED,0.124,0.07950856175566538,27.0,0.961,0.13211488250652742,0.506,0.20952380952380953,0.019230769230769232,0.124,0.03329752953813104,pairdot_development_three_seeds,5000,11,development,042577b3a9f9781ab87a53c6bccd8139197f7c2166d0fb257b724a958c7c8cbe,work/plans/nocd_pairdot_dev_all_v1/development.json,analysis/nocd_pairdot_dev_all_v1,work/nocd_pairdot_dev_all_v1/lfr_n5000_o20_m50_s11__nocd_pairdot_csr500__s75/result.json
lfr_n5000_o40_m50_s12__nocd_pairdot_elementwise1000__s75,lfr_n5000_o40_m50_s12,nocd_pairdot_elementwise1000,oracle_K,cpu,1,75,COMPLETED,54.32377683324739,818544640,completed,0.24693132246340924,0.3114328341714096,0.3049981758482306,0.0705,110,SCORED,0.047529750037938356,9.682466145218791e-17,SCORED,0.0705,0.0960580637850084,29.0,0.8296,0.24009190120620333,0.418,0.3049981758482306,0.020290689307814073,0.0705,0.03151190077103587,pairdot_development_three_seeds,5000,12,development,a4d5adccafffd7e6d399fb6b891010de478c5ca569589bbe3cd0198f2095d767,work/plans/nocd_pairdot_dev_all_v1/development.json,analysis/nocd_pairdot_dev_all_v1,work/nocd_pairdot_dev_all_v1/lfr_n5000_o40_m50_s12__nocd_pairdot_elementwise1000__s75/result.json
lfr_n1000_o40_m20_s11__nocd_pairdot_elementwise1000__s75,lfr_n1000_o40_m20_s11,nocd_pairdot_elementwise1000,oracle_K,cpu,1,75,COMPLETED,6.854534458834678,441483264,completed,0.9951350363517046,0.9953488372093023,0.9861286254728878,0.9775,26,SCORED,0.0074035003781318665,0.9840853796596303,SCORED,0.9775,0.9936382271859758,32.25,1.0,0.9949109414758269,0.9775,0.9861286254728878,0.9898734177215189,0.9775,0.9836477987421384,pairdot_development_three_seeds,1000,11,development,cfd1429b346f9fe0e517cfdf747133a08aa2d127fb3f5cef15e5f948777b5a72,work/plans/nocd_pairdot_dev_all_v1/development.json,analysis/nocd_pairdot_dev_all_v1,work/nocd_pairdot_dev_all_v1/lfr_n1000_o40_m20_s11__nocd_pairdot_elementwise1000__s75/result.json
lfr_n5000_o20_m50_s11__nocd_pairdot_elementwise500__s75,lfr_n5000_o20_m50_s11,nocd_pairdot_elementwise500,oracle_K,cpu,1,75,COMPLETED,26.17331675020978,726728704,completed,0.30794110246180867,0.39974582635318584,0.21591380024865314,0.126,105,SCORED,0.04451312497258186,0.12663254750039205,SCORED,0.126,0.07224270695914399,27.0,0.96,0.13617354939884999,0.521,0.21591380024865314,0.019351866072799876,0.126,0.033550792171481825,pairdot_development_three_seeds,5000,11,development,042577b3a9f9781ab87a53c6bccd8139197f7c2166d0fb257b724a958c7c8cbe,work/plans/nocd_pairdot_dev_all_v1/development.json,analysis/nocd_pairdot_dev_all_v1,work/nocd_pairdot_dev_all_v1/lfr_n5000_o20_m50_s11__nocd_pairdot_elementwise500__s75/result.json
lfr_n1000_o00_m20_s12__nocd_pairdot_csr500__s75,lfr_n1000_o00_m20_s12,nocd_pairdot_csr500,oracle_K,cpu,1,75,COMPLETED,6.254778083879501,395231232,completed,0.9996964177292047,0.9995002498750625,0.0,,18,SCORED,0.006733915768563747,0.9979216812621641,SCORED,,1.0,32.25,1.0,0.0,,0.0,0.0,,0.0,pairdot_development_three_seeds,1000,12,development,821213e90ec77ac8424a2f1eda0a0e6cb8b7dba9217b43d703b34f067dab297d,work/plans/nocd_pairdot_dev_all_v1/development.json,analysis/nocd_pairdot_dev_all_v1,work/nocd_pairdot_dev_all_v1/lfr_n1000_o00_m20_s12__nocd_pairdot_csr500__s75/result.json
lfr_n1000_o00_m20_s11__nocd_pairdot_csr500__s75,lfr_n1000_o00_m20_s11,nocd_pairdot_csr500,oracle_K,cpu,1,75,COMPLETED,6.313916832674295,397213696,completed,0.9757085020242916,0.9823182711198428,0.0,,19,SCORED,0.006052250042557716,0.9675800260037379,SCORED,,0.9076923076923077,32.5,1.0,0.0,,0.0,0.0,,0.0,pairdot_development_three_seeds,1000,11,development,a35780a9cf45692523fdb1d1201a34875c1096949d372be6c47dbfc73870d261,work/plans/nocd_pairdot_dev_all_v1/development.json,analysis/nocd_pairdot_dev_all_v1,work/nocd_pairdot_dev_all_v1/lfr_n1000_o00_m20_s11__nocd_pairdot_csr500__s75/result.json
lfr_n5000_o00_m20_s12__nocd_pairdot_bmm500__s75,lfr_n5000_o00_m20_s12,nocd_pairdot_bmm500,oracle_K,cpu,1,75,COMPLETED,25.936151292175055,875642880,completed,0.49468811024889014,0.5681320286256755,0.0,,85,SCORED,0.040693541057407856,0.4079091431002154,SCORED,,0.159022918384842,28.0,1.0,0.0,,0.0,0.0,,0.0,pairdot_development_three_seeds,5000,12,development,9bb415b7ddd37767edc6b2cf20dc4c265f87a0c7d917a1e8166b187815356c7f,work/plans/nocd_pairdot_dev_all_v1/development.json,analysis/nocd_pairdot_dev_all_v1,work/nocd_pairdot_dev_all_v1/lfr_n5000_o00_m20_s12__nocd_pairdot_bmm500__s75/result.json
lfr_n5000_o40_m20_s11__nocd_pairdot_csr500__s75,lfr_n5000_o40_m20_s11,nocd_pairdot_csr500,oracle_K,cpu,1,75,COMPLETED,24.02731587504968,733544448,completed,0.32216248956257026,0.4092252531614904,0.5134346691232918,0.2505,117,SCORED,0.048534249886870384,0.12707575641625404,SCORED,0.2505,0.09184973737315431,27.0,0.9912,0.3704852647906049,0.836,0.5134346691232918,0.057698951975123806,0.2505,0.09379387812412243,pairdot_development_three_seeds,5000,11,development,e5e3c94841b01169042533f6d646204967555f9e0768e12d7ed45875d5492a7b,work/plans/nocd_pairdot_dev_all_v1/development.json,analysis/nocd_pairdot_dev_all_v1,work/nocd_pairdot_dev_all_v1/lfr_n5000_o40_m20_s11__nocd_pairdot_csr500__s75/result.json
lfr_n5000_o20_m20_s11__nocd_pairdot_elementwise500__s75,lfr_n5000_o20_m20_s11,nocd_pairdot_elementwise500,oracle_K,cpu,1,75,COMPLETED,27.03147679194808,750436352,completed,0.39523819435471147,0.47494844786267626,0.32555555555555554,0.322,95,SCORED,0.04648912511765957,0.2321056481561367,SCORED,0.322,0.0877119386025698,27.0,0.9982,0.19977272727272727,0.879,0.32555555555555554,0.046317606444188725,0.322,0.08098591549295775,pairdot_development_three_seeds,5000,11,development,10633120772bb6c2f4e6e6445293c062b15f160f4ce30890cdf14ebcfe3baea7,work/plans/nocd_pairdot_dev_all_v1/development.json,analysis/nocd_pairdot_dev_all_v1,work/nocd_pairdot_dev_all_v1/lfr_n5000_o20_m20_s11__nocd_pairdot_elementwise500__s75/result.json
lfr_n5000_o40_m20_s11__nocd_pairdot_bmm500__s75,lfr_n5000_o40_m20_s11,nocd_pairdot_bmm500,oracle_K,cpu,1,75,COMPLETED,30.176624749787152,797540352,completed,0.3235155502292046,0.4034026650931799,0.5134511913912375,0.2335,111,SCORED,0.04901966592296958,0.1191556991833669,SCORED,0.2335,0.08865581655564703,27.0,0.9906,0.3706992230854606,0.835,0.5134511913912375,0.05570133587786259,0.2335,0.08994607087827426,pairdot_development_three_seeds,5000,11,development,e5e3c94841b01169042533f6d646204967555f9e0768e12d7ed45875d5492a7b,work/plans/nocd_pairdot_dev_all_v1/development.json,analysis/nocd_pairdot_dev_all_v1,work/nocd_pairdot_dev_all_v1/lfr_n5000_o40_m20_s11__nocd_pairdot_bmm500__s75/result.json
lfr_n1000_o40_m20_s12__nocd_pairdot_elementwise1000__s75,lfr_n1000_o40_m20_s12,nocd_pairdot_elementwise1000,oracle_K,cpu,1,75,COMPLETED,7.829460542183369,438075392,completed,0.9503813358094982,0.962390158172232,0.9511002444987775,0.9425,26,SCORED,0.007408209145069122,0.949150042593867,SCORED,0.9425,0.8628815628815628,32.25,1.0,0.930622009569378,0.9725,0.9511002444987775,0.8471910112359551,0.9425,0.8923076923076924,pairdot_development_three_seeds,1000,12,development,b110655fab996b66e797594117b662036a79c10b57587b66f41344ff7e5f5b10,work/plans/nocd_pairdot_dev_all_v1/development.json,analysis/nocd_pairdot_dev_all_v1,work/nocd_pairdot_dev_all_v1/lfr_n1000_o40_m20_s12__nocd_pairdot_elementwise1000__s75/result.json
lfr_n5000_o40_m20_s12__nocd_pairdot_csr500__s75,lfr_n5000_o40_m20_s12,nocd_pairdot_csr500,oracle_K,cpu,1,75,COMPLETED,22.67568479059264,736411648,completed,0.3158104391122597,0.39821159547067114,0.5217926998305867,0.235,111,SCORED,0.04762145830318332,0.11994855470150366,SCORED,0.235,0.11678413525578618,29.0,0.9902,0.37703093701313156,0.847,0.5217926998305867,0.05448643635520519,0.235,0.08846226237530586,pairdot_development_three_seeds,5000,12,development,c61ece0036f9fe4b85b260c16c11343db079cf989942f73ba1327d9a0aedc8fe,work/plans/nocd_pairdot_dev_all_v1/development.json,analysis/nocd_pairdot_dev_all_v1,work/nocd_pairdot_dev_all_v1/lfr_n5000_o40_m20_s12__nocd_pairdot_csr500__s75/result.json
lfr_n1000_o20_m50_s12__nocd_pairdot_elementwise500__s75,lfr_n1000_o20_m50_s12,nocd_pairdot_elementwise500,oracle_K,cpu,1,75,COMPLETED,6.143349958118051,432947200,completed,0.7637696520902076,0.7909896602658789,0.49445324881141045,0.575,23,SCORED,0.007531917188316584,0.6083885133494993,SCORED,0.575,0.4826777380717095,32.5,0.998,0.3619489559164733,0.78,0.49445324881141045,0.22549019607843138,0.575,0.323943661971831,pairdot_development_three_seeds,1000,12,development,403a3c26db4d9c5d8e165c3f850837e9e7bb3f9e96dc7f7205beabc0543ee70c,work/plans/nocd_pairdot_dev_all_v1/development.json,analysis/nocd_pairdot_dev_all_v1,work/nocd_pairdot_dev_all_v1/lfr_n1000_o20_m50_s12__nocd_pairdot_elementwise500__s75/result.json
lfr_n5000_o40_m20_s11__nocd_pairdot_elementwise500__s75,lfr_n5000_o40_m20_s11,nocd_pairdot_elementwise500,oracle_K,cpu,1,75,COMPLETED,28.755824541673064,817004544,completed,0.3199245339481976,0.40361209265802905,0.521435086652478,0.2515,107,SCORED,0.04802516708150506,0.11291602497795716,SCORED,0.2515,0.08663635907395437,27.0,0.9926,0.3746177370030581,0.8575,0.521435086652478,0.05978842267918697,0.2515,0.09661000672236628,pairdot_development_three_seeds,5000,11,development,e5e3c94841b01169042533f6d646204967555f9e0768e12d7ed45875d5492a7b,work/plans/nocd_pairdot_dev_all_v1/development.json,analysis/nocd_pairdot_dev_all_v1,work/nocd_pairdot_dev_all_v1/lfr_n5000_o40_m20_s11__nocd_pairdot_elementwise500__s75/result.json
lfr_n5000_o00_m20_s11__nocd_pairdot_elementwise1000__s75,lfr_n5000_o00_m20_s11,nocd_pairdot_elementwise1000,oracle_K,cpu,1,75,COMPLETED,46.174957958981395,740458496,completed,0.4490824088729084,0.5379503839338452,0.0,,76,SCORED,0.0416192919947207,0.39688175204054016,SCORED,,0.10107169580928871,27.0,1.0,0.0,,0.0,0.0,,0.0,pairdot_development_three_seeds,5000,11,development,83c0014ded94a5ae7083c562287d7c194336c812d43477ea984e1da49948b9cd,work/plans/nocd_pairdot_dev_all_v1/development.json,analysis/nocd_pairdot_dev_all_v1,work/nocd_pairdot_dev_all_v1/lfr_n5000_o00_m20_s11__nocd_pairdot_elementwise1000__s75/result.json
lfr_n5000_o00_m50_s11__nocd_pairdot_elementwise1000__s75,lfr_n5000_o00_m50_s11,nocd_pairdot_elementwise1000,oracle_K,cpu,1,75,COMPLETED,26.60956033412367,726499328,completed,0.42596282522197515,0.5064227325807708,0.0,,97,SCORED,0.043953292071819305,0.3575169452149042,SCORED,,0.12463452545000593,27.0,1.0,0.0,,0.0,0.0,,0.0,pairdot_development_three_seeds,5000,11,development,a21da2eb7f2bb0e98d84af95e71dbbc99cc2895b6b338959b09ac2d47cec74d1,work/plans/nocd_pairdot_dev_all_v1/development.json,analysis/nocd_pairdot_dev_all_v1,work/nocd_pairdot_dev_all_v1/lfr_n5000_o00_m50_s11__nocd_pairdot_elementwise1000__s75/result.json
lfr_n1000_o00_m50_s11__nocd_author_refcheck500__s73,lfr_n1000_o00_m50_s11,nocd_author_refcheck500,oracle_K,cpu,1,73,COMPLETED,5.6214198330417275,426229760,completed,0.9262297984027911,0.9319664492078286,0.0,,19,SCORED,0.01112920930609107,0.8046334939321493,SCORED,,0.8986664159427529,32.5,1.0,0.0,,0.0,0.0,,0.0,author_refcheck73_v1,1000,11,development,c9da5300026662c691131b6bb6ea5bc9612836e2ee55fa75fb9d37718203da43,work/plans/nocd_author_refcheck73_v1/controls.json,analysis/nocd_author_refcheck73_v1,work/nocd_author_refcheck73_v1/lfr_n1000_o00_m50_s11__nocd_author_refcheck500__s73/result.json
lfr_n5000_o00_m50_s12__nocd_author_refcheck500__s73,lfr_n5000_o00_m50_s12,nocd_author_refcheck500,oracle_K,cpu,1,73,COMPLETED,24.838255832903087,891863040,completed,0.4465162360579139,0.5363037424437954,0.0,,91,SCORED,0.041668249759823084,0.34145887797389013,SCORED,,0.14538117568209022,28.0,0.9998,0.0,,0.0,0.0,,0.0,author_refcheck73_v1,5000,12,development,9c811f86b58592d69e88e29fd6eff0618e39d9d1f4794fa87ba119f25bce2ee5,work/plans/nocd_author_refcheck73_v1/controls.json,analysis/nocd_author_refcheck73_v1,work/nocd_author_refcheck73_v1/lfr_n5000_o00_m50_s12__nocd_author_refcheck500__s73/result.json
lfr_n5000_o20_m20_s12__nocd_author_refcheck500__s73,lfr_n5000_o20_m20_s12,nocd_author_refcheck500,oracle_K,cpu,1,73,COMPLETED,26.33939545787871,767754240,completed,0.3919042818518749,0.45815415150512734,0.30247813411078717,0.314,100,SCORED,0.04748912528157234,0.2261011634149681,SCORED,0.314,0.12476260560494139,29.0,0.9948,0.18493761140819964,0.83,0.30247813411078717,0.04383026242322725,0.314,0.07692307692307693,author_refcheck73_v1,5000,12,development,d696c4ebed7dbaf052fdd0cef148d274c4d89f6fdd46db4608fb698928310459,work/plans/nocd_author_refcheck73_v1/controls.json,analysis/nocd_author_refcheck73_v1,work/nocd_author_refcheck73_v1/lfr_n5000_o20_m20_s12__nocd_author_refcheck500__s73/result.json
lfr_n1000_o20_m20_s12__nocd_author_refcheck500__s73,lfr_n1000_o20_m20_s12,nocd_author_refcheck500,oracle_K,cpu,1,73,COMPLETED,5.874306584242731,431538176,completed,0.9414373767943421,0.9628712871287128,0.9052132701421801,0.905,23,SCORED,0.007660584058612585,0.9551439937450554,SCORED,0.905,0.7857259313605608,32.5,0.999,0.8603603603603603,0.955,0.9052132701421801,0.8044444444444444,0.905,0.851764705882353,author_refcheck73_v1,1000,12,development,e3295f93cfd939934501e9c63e20f87691c58a1adec57246eaf0244c644f0975,work/plans/nocd_author_refcheck73_v1/controls.json,analysis/nocd_author_refcheck73_v1,work/nocd_author_refcheck73_v1/lfr_n1000_o20_m20_s12__nocd_author_refcheck500__s73/result.json
lfr_n1000_o00_m50_s12__nocd_author_refcheck500__s73,lfr_n1000_o00_m50_s12,nocd_author_refcheck500,oracle_K,cpu,1,73,COMPLETED,5.382590958848596,421937152,completed,0.9149118252998417,0.9208103130755064,0.0,,18,SCORED,0.0067777917720377445,0.7765277344212307,SCORED,,0.8838285730197942,32.25,1.0,0.0,,0.0,0.0,,0.0,author_refcheck73_v1,1000,12,development,898f0fd80f831cccb10fec496f1dfbefac4c51abd860619b57c40c9819791ec0,work/plans/nocd_author_refcheck73_v1/controls.json,analysis/nocd_author_refcheck73_v1,work/nocd_author_refcheck73_v1/lfr_n1000_o00_m50_s12__nocd_author_refcheck500__s73/result.json
lfr_n1000_o40_m50_s11__nocd_author_refcheck500__s73,lfr_n1000_o40_m50_s11,nocd_author_refcheck500,oracle_K,cpu,1,73,COMPLETED,6.0094901248812675,473284608,completed,0.7572579582944567,0.7646867900032457,0.6246056782334385,0.555,26,SCORED,0.007184874732047319,0.5507686548717764,SCORED,0.555,0.6159419475552779,32.25,0.989,0.5390199637023594,0.7425,0.6246056782334385,0.3208092485549133,0.555,0.4065934065934066,author_refcheck73_v1,1000,11,development,c2a580289d2c174c317ff5d05236a52a38bc2b9468c86a5d90342da21622f7f1,work/plans/nocd_author_refcheck73_v1/controls.json,analysis/nocd_author_refcheck73_v1,work/nocd_author_refcheck73_v1/lfr_n1000_o40_m50_s11__nocd_author_refcheck500__s73/result.json
lfr_n1000_o40_m20_s11__nocd_author_refcheck500__s73,lfr_n1000_o40_m20_s11,nocd_author_refcheck500,oracle_K,cpu,1,73,COMPLETED,6.089988292194903,438337536,completed,0.8975185003684369,0.9516072059342988,0.9396135265700483,0.915,26,SCORED,0.006802082993090153,0.9427101514626453,SCORED,0.915,0.6309155241043786,32.25,1.0,0.9088785046728972,0.9725,0.9396135265700483,0.8491879350348028,0.915,0.8808664259927798,author_refcheck73_v1,1000,11,development,cfd1429b346f9fe0e517cfdf747133a08aa2d127fb3f5cef15e5f948777b5a72,work/plans/nocd_author_refcheck73_v1/controls.json,analysis/nocd_author_refcheck73_v1,work/nocd_author_refcheck73_v1/lfr_n1000_o40_m20_s11__nocd_author_refcheck500__s73/result.json
lfr_n5000_o20_m50_s11__nocd_author_refcheck500__s73,lfr_n5000_o20_m50_s11,nocd_author_refcheck500,oracle_K,cpu,1,73,COMPLETED,26.14835545886308,748404736,completed,0.32089317163049574,0.40850114483649386,0.2136121361213612,0.129,100,SCORED,0.04476787522435188,0.10327943037463472,SCORED,0.129,0.0800634061931045,27.0,0.9652,0.1343476018566271,0.521,0.2136121361213612,0.020782986950217495,0.129,0.03579852920771472,author_refcheck73_v1,5000,11,development,042577b3a9f9781ab87a53c6bccd8139197f7c2166d0fb257b724a958c7c8cbe,work/plans/nocd_author_refcheck73_v1/controls.json,analysis/nocd_author_refcheck73_v1,work/nocd_author_refcheck73_v1/lfr_n5000_o20_m50_s11__nocd_author_refcheck500__s73/result.json
lfr_n1000_o20_m50_s11__nocd_author_refcheck500__s73,lfr_n1000_o20_m50_s11,nocd_author_refcheck500,oracle_K,cpu,1,73,COMPLETED,5.656473207753152,433946624,completed,0.7723619397904994,0.7954040029651593,0.4992,0.61,24,SCORED,0.007502666674554348,0.6108222752656077,SCORED,0.61,0.5786493477282951,30.75,0.992,0.36705882352941177,0.78,0.4992,0.24110671936758893,0.61,0.34560906515580736,author_refcheck73_v1,1000,11,development,5655a0fb6e603038468724cf7784c1d74c61d0636dae30d9c3afb214deace494,work/plans/nocd_author_refcheck73_v1/controls.json,analysis/nocd_author_refcheck73_v1,work/nocd_author_refcheck73_v1/lfr_n1000_o20_m50_s11__nocd_author_refcheck500__s73/result.json
lfr_n5000_o40_m50_s12__nocd_author_refcheck500__s73,lfr_n5000_o40_m50_s12,nocd_author_refcheck500,oracle_K,cpu,1,73,COMPLETED,28.03012058418244,811057152,completed,0.22083328603487823,0.29480775932164016,0.31013992716120375,0.0605,103,SCORED,0.0444451249204576,0.013670876657700752,SCORED,0.0605,0.07277277986172218,29.0,0.8528,0.25147653092943734,0.4045,0.31013992716120375,0.02032247228753779,0.0605,0.03042494342469198,author_refcheck73_v1,5000,12,development,a4d5adccafffd7e6d399fb6b891010de478c5ca569589bbe3cd0198f2095d767,work/plans/nocd_author_refcheck73_v1/controls.json,analysis/nocd_author_refcheck73_v1,work/nocd_author_refcheck73_v1/lfr_n5000_o40_m50_s12__nocd_author_refcheck500__s73/result.json
lfr_n5000_o40_m20_s12__nocd_author_refcheck500__s73,lfr_n5000_o40_m20_s12,nocd_author_refcheck500,oracle_K,cpu,1,73,COMPLETED,28.332868667319417,806584320,completed,0.3112099238423021,0.4030734595996672,0.5266825019794141,0.2525,109,SCORED,0.04769604234024882,0.13049200199780775,SCORED,0.2525,0.08535634276586922,29.0,0.9906,0.3853997682502897,0.8315,0.5266825019794141,0.05955188679245283,0.2525,0.09637404580152671,author_refcheck73_v1,5000,12,development,c61ece0036f9fe4b85b260c16c11343db079cf989942f73ba1327d9a0aedc8fe,work/plans/nocd_author_refcheck73_v1/controls.json,analysis/nocd_author_refcheck73_v1,work/nocd_author_refcheck73_v1/lfr_n5000_o40_m20_s12__nocd_author_refcheck500__s73/result.json
lfr_n1000_o20_m20_s11__nocd_author_refcheck500__s73,lfr_n1000_o20_m20_s11,nocd_author_refcheck500,oracle_K,cpu,1,73,COMPLETED,6.191077250055969,438222848,completed,0.9461871387018107,0.9599669830788279,0.9216152019002375,0.915,24,SCORED,0.0073048328049480915,0.9553514308691664,SCORED,0.915,1.0,30.75,1.0,0.8778280542986425,0.97,0.9216152019002375,0.820627802690583,0.915,0.8652482269503546,author_refcheck73_v1,1000,11,development,b9ec7da4aa6e47601b73592baf154d2326fe95f36c4fe05faf59857cae26b7b0,work/plans/nocd_author_refcheck73_v1/controls.json,analysis/nocd_author_refcheck73_v1,work/nocd_author_refcheck73_v1/lfr_n1000_o20_m20_s11__nocd_author_refcheck500__s73/result.json
lfr_n5000_o40_m50_s11__nocd_author_refcheck500__s73,lfr_n5000_o40_m50_s11,nocd_author_refcheck500,oracle_K,cpu,1,73,COMPLETED,28.511965041980147,814006272,completed,0.2179319883597255,0.2921701984149289,0.30270682424704537,0.062,105,SCORED,0.045246291905641556,0.004156246128721097,SCORED,0.062,0.07261784396774167,27.0,0.8396,0.24460874922982132,0.397,0.30270682424704537,0.018807826482633096,0.062,0.028860700570231584,author_refcheck73_v1,5000,11,development,79b9f441f15a9bd642d27166eaea695a2f5641b670c084ca99bd4fcfd8cdf6f6,work/plans/nocd_author_refcheck73_v1/controls.json,analysis/nocd_author_refcheck73_v1,work/nocd_author_refcheck73_v1/lfr_n5000_o40_m50_s11__nocd_author_refcheck500__s73/result.json
lfr_n1000_o40_m50_s12__nocd_author_refcheck500__s73,lfr_n1000_o40_m50_s12,nocd_author_refcheck500,oracle_K,cpu,1,73,COMPLETED,6.125112040899694,471007232,completed,0.704341378367036,0.7081761006289308,0.6268958543983822,0.48,26,SCORED,0.007962457835674286,0.4635370923177096,SCORED,0.48,0.612447741902877,32.25,0.994,0.5263157894736842,0.775,0.6268958543983822,0.24427480916030533,0.48,0.32377740303541314,author_refcheck73_v1,1000,12,development,f6f8bf8a5134cdf18e38d9071370d0760a8003ce42977c8500f29ae6c4142fad,work/plans/nocd_author_refcheck73_v1/controls.json,analysis/nocd_author_refcheck73_v1,work/nocd_author_refcheck73_v1/lfr_n1000_o40_m50_s12__nocd_author_refcheck500__s73/result.json
lfr_n5000_o20_m50_s12__nocd_author_refcheck500__s73,lfr_n5000_o20_m50_s12,nocd_author_refcheck500,oracle_K,cpu,1,73,COMPLETED,25.75500095775351,737280000,completed,0.3075223338341211,0.4015142410767937,0.2345132743362832,0.134,106,SCORED,0.04421795904636383,0.11953255370056096,SCORED,0.134,0.12926081431024067,29.0,0.9688,0.15056818181818182,0.53,0.2345132743362832,0.023111417730251813,0.134,0.03942335981170932,author_refcheck73_v1,5000,12,development,c907a9b0df2fd832ea4e459b6bdbc3d4a56e28eed0e2628be61c7bd960b2ceec,work/plans/nocd_author_refcheck73_v1/controls.json,analysis/nocd_author_refcheck73_v1,work/nocd_author_refcheck73_v1/lfr_n5000_o20_m50_s12__nocd_author_refcheck500__s73/result.json
lfr_n1000_o00_m20_s12__nocd_author_refcheck500__s73,lfr_n1000_o00_m20_s12,nocd_author_refcheck500,oracle_K,cpu,1,73,COMPLETED,5.353277792222798,421969920,completed,0.9297573435504469,0.9635108481262328,0.0,,18,SCORED,0.007166583091020584,0.9570987360533344,SCORED,,0.7471264367816092,32.25,1.0,0.0,,0.0,0.0,,0.0,author_refcheck73_v1,1000,12,development,821213e90ec77ac8424a2f1eda0a0e6cb8b7dba9217b43d703b34f067dab297d,work/plans/nocd_author_refcheck73_v1/controls.json,analysis/nocd_author_refcheck73_v1,work/nocd_author_refcheck73_v1/lfr_n1000_o00_m20_s12__nocd_author_refcheck500__s73/result.json
lfr_n1000_o00_m20_s11__nocd_author_refcheck500__s73,lfr_n1000_o00_m20_s11,nocd_author_refcheck500,oracle_K,cpu,1,73,COMPLETED,5.5338087091222405,457408512,completed,0.9303931766174328,0.9588638589618022,0.0,,19,SCORED,0.006263249553740025,0.9471230036419714,SCORED,,0.7354940711462451,32.5,1.0,0.0,,0.0,0.0,,0.0,author_refcheck73_v1,1000,11,development,a35780a9cf45692523fdb1d1201a34875c1096949d372be6c47dbfc73870d261,work/plans/nocd_author_refcheck73_v1/controls.json,analysis/nocd_author_refcheck73_v1,work/nocd_author_refcheck73_v1/lfr_n1000_o00_m20_s11__nocd_author_refcheck500__s73/result.json
lfr_n5000_o00_m20_s12__nocd_author_refcheck500__s73,lfr_n5000_o00_m20_s12,nocd_author_refcheck500,oracle_K,cpu,1,73,COMPLETED,24.98943524993956,893812736,completed,0.48898061026654427,0.5488573947243507,0.0,,91,SCORED,0.04057274991646409,0.39808573393790525,SCORED,,0.13993870307342177,28.0,1.0,0.0,,0.0,0.0,,0.0,author_refcheck73_v1,5000,12,development,9bb415b7ddd37767edc6b2cf20dc4c265f87a0c7d917a1e8166b187815356c7f,work/plans/nocd_author_refcheck73_v1/controls.json,analysis/nocd_author_refcheck73_v1,work/nocd_author_refcheck73_v1/lfr_n5000_o00_m20_s12__nocd_author_refcheck500__s73/result.json
lfr_n5000_o20_m20_s11__nocd_author_refcheck500__s73,lfr_n5000_o20_m20_s11,nocd_author_refcheck500,oracle_K,cpu,1,73,COMPLETED,26.595013207755983,753860608,completed,0.37751075155189157,0.46477246477246476,0.34286833855799376,0.308,98,SCORED,0.04571887478232384,0.24648686103846534,SCORED,0.308,0.12187700431006053,27.0,0.9984,0.2132066276803119,0.875,0.34286833855799376,0.048703352308665404,0.308,0.08410704533042053,author_refcheck73_v1,5000,11,development,10633120772bb6c2f4e6e6445293c062b15f160f4ce30890cdf14ebcfe3baea7,work/plans/nocd_author_refcheck73_v1/controls.json,analysis/nocd_author_refcheck73_v1,work/nocd_author_refcheck73_v1/lfr_n5000_o20_m20_s11__nocd_author_refcheck500__s73/result.json
lfr_n1000_o40_m20_s12__nocd_author_refcheck500__s73,lfr_n1000_o40_m20_s12,nocd_author_refcheck500,oracle_K,cpu,1,73,COMPLETED,6.30228554084897,440303616,completed,0.9456794696553005,0.9647639182522904,0.9619631901840491,0.9475,26,SCORED,0.007719832938164473,0.9577563927486763,SCORED,0.9475,0.808582449373192,32.25,1.0,0.944578313253012,0.98,0.9619631901840491,0.865296803652968,0.9475,0.9045346062052506,author_refcheck73_v1,1000,12,development,b110655fab996b66e797594117b662036a79c10b57587b66f41344ff7e5f5b10,work/plans/nocd_author_refcheck73_v1/controls.json,analysis/nocd_author_refcheck73_v1,work/nocd_author_refcheck73_v1/lfr_n1000_o40_m20_s12__nocd_author_refcheck500__s73/result.json
lfr_n1000_o20_m50_s12__nocd_author_refcheck500__s73,lfr_n1000_o20_m50_s12,nocd_author_refcheck500,oracle_K,cpu,1,73,COMPLETED,5.843655915930867,432766976,completed,0.8011858556170458,0.8213751868460388,0.528052805280528,0.63,23,SCORED,0.006337624974548817,0.6325962476445156,SCORED,0.63,0.5959545419690347,32.5,0.997,0.39408866995073893,0.8,0.528052805280528,0.2630480167014614,0.63,0.3711340206185567,author_refcheck73_v1,1000,12,development,403a3c26db4d9c5d8e165c3f850837e9e7bb3f9e96dc7f7205beabc0543ee70c,work/plans/nocd_author_refcheck73_v1/controls.json,analysis/nocd_author_refcheck73_v1,work/nocd_author_refcheck73_v1/lfr_n1000_o20_m50_s12__nocd_author_refcheck500__s73/result.json
lfr_n5000_o40_m20_s11__nocd_author_refcheck500__s73,lfr_n5000_o40_m20_s11,nocd_author_refcheck500,oracle_K,cpu,1,73,COMPLETED,28.442678207997233,802062336,completed,0.32532692878223457,0.4051360496917443,0.5102943419246607,0.284,126,SCORED,0.04738058289512992,0.11726002358669191,SCORED,0.284,0.09824343164117283,27.0,0.9858,0.3671274961597542,0.8365,0.5102943419246607,0.05889672335130651,0.284,0.0975609756097561,author_refcheck73_v1,5000,11,development,e5e3c94841b01169042533f6d646204967555f9e0768e12d7ed45875d5492a7b,work/plans/nocd_author_refcheck73_v1/controls.json,analysis/nocd_author_refcheck73_v1,work/nocd_author_refcheck73_v1/lfr_n5000_o40_m20_s11__nocd_author_refcheck500__s73/result.json
lfr_n5000_o00_m20_s11__nocd_author_refcheck500__s73,lfr_n5000_o00_m20_s11,nocd_author_refcheck500,oracle_K,cpu,1,73,COMPLETED,24.503970792051405,720896000,completed,0.4647716574926278,0.5412749605434708,0.0,,94,SCORED,0.04182354221120477,0.4110445459169496,SCORED,,0.13645187684276402,27.0,1.0,0.0,,0.0,0.0,,0.0,author_refcheck73_v1,5000,11,development,83c0014ded94a5ae7083c562287d7c194336c812d43477ea984e1da49948b9cd,work/plans/nocd_author_refcheck73_v1/controls.json,analysis/nocd_author_refcheck73_v1,work/nocd_author_refcheck73_v1/lfr_n5000_o00_m20_s11__nocd_author_refcheck500__s73/result.json
lfr_n5000_o00_m50_s11__nocd_author_refcheck500__s73,lfr_n5000_o00_m50_s11,nocd_author_refcheck500,oracle_K,cpu,1,73,COMPLETED,24.097742249723524,725614592,completed,0.41393311888863715,0.4913848944163752,0.0,,95,SCORED,0.04179241694509983,0.32306893558907723,SCORED,,0.13963463092627856,27.0,0.999,0.0,,0.0,0.0,,0.0,author_refcheck73_v1,5000,11,development,a21da2eb7f2bb0e98d84af95e71dbbc99cc2895b6b338959b09ac2d47cec74d1,work/plans/nocd_author_refcheck73_v1/controls.json,analysis/nocd_author_refcheck73_v1,work/nocd_author_refcheck73_v1/lfr_n5000_o00_m50_s11__nocd_author_refcheck500__s73/result.json
