diagnostic_query_id,task,split,case_id,seed,primary_status,primary_completion_claim,F1,recovery_class,diagnostic_status,diagnostic_scope_allowed,diagnostic_scope_reason,static_exact_available,C_subset_R,finite_numeric_m_c_completed,m_c_over_m_jstar_plus1,rho_hat,outside_volume_ratio,single_step_margin_min_exact,single_step_margin_negative_fraction,Z_output_minus_truth_exact,H2_objective_comparison,j_act,m_act,output_size,primary_raw_sha256,upstream_run
dev_main_v12_002__lfr_n1000_o00_m20_s11_q00_main,lfr_n1000_o00_m20_s11_q00_main,dev,lfr_n1000_o00_m20_s11,550,COMPLETED,True,1.0,RECOVERED,COMPLETED,True,DEV_ALLOWED,True,True,True,0.048370361328125,1.0,20.161125319693095,-1340740/487097243,0.01647058823529412,0,,2,198.018,24,92ef35b87e9b597be9f5704e82d7c80e036926d39b10f2212ea41bb47c0cbc53,results/m4/dev_main_v12_002
dev_main_v12_002__lfr_n1000_o00_m20_s11_q01_main,lfr_n1000_o00_m20_s11_q01_main,dev,lfr_n1000_o00_m20_s11,381,COMPLETED,True,1.0,RECOVERED,COMPLETED,True,DEV_ALLOWED,True,True,True,0.12664794921875,0.6153846153846154,6.5038363171355495,6754700/487097243,0.0,0,,3,168.0154,24,0141b87a54a631d66a943d8ac409fad3909b54398640f5b675e4845cf311c617,results/m4/dev_main_v12_002
dev_main_v12_002__lfr_n1000_o00_m20_s11_q02_main,lfr_n1000_o00_m20_s11_q02_main,dev,lfr_n1000_o00_m20_s11,46,COMPLETED,True,1.0,RECOVERED,COMPLETED,True,DEV_ALLOWED,True,True,True,0.269989013671875,1.0,4.534061362454498,-972364/234538695,0.18700787401574803,0,,3,150.01399999999998,96,2db2be2d6f27de6043885c826b8247e006fedb92ed48635b46db416c30ce7b85,results/m4/dev_main_v12_002
dev_main_v12_002__lfr_n1000_o00_m20_s11_q03_main,lfr_n1000_o00_m20_s11_q03_main,dev,lfr_n1000_o00_m20_s11,104,COMPLETED,True,1.0,RECOVERED,COMPLETED,True,DEV_ALLOWED,True,True,True,0.256561279296875,1.0,4.6016640665626625,-19788566/4456235205,0.18199233716475097,0,,3,130.012,96,783612bde1ecd69d061a311aec85c6f904943c43100f337e1301c4b5246ee9f1,results/m4/dev_main_v12_002
dev_main_v12_002__lfr_n1000_o00_m20_s11_q04_main,lfr_n1000_o00_m20_s11_q04_main,dev,lfr_n1000_o00_m20_s11,77,COMPLETED,True,1.0,RECOVERED,COMPLETED,True,DEV_ALLOWED,True,True,True,0.152740478515625,1.0,7.1704834605597965,-9567247/2193461118,0.13606911447084233,0,,2,110.00999999999999,65,17f0974bf5b60ea3ddc5d883deedbe583d68e1138eaacac1f0f997ec76a0d1ad,results/m4/dev_main_v12_002
dev_main_v12_002__lfr_n1000_o00_m20_s11_q05_main,lfr_n1000_o00_m20_s11_q05_main,dev,lfr_n1000_o00_m20_s11,183,COMPLETED,True,1.0,RECOVERED,COMPLETED,True,DEV_ALLOWED,True,True,True,0.3323974609375,0.59375,3.0780322307039865,14819467/6789653496,0.0,0,,2,121.011,65,9974d68cfea8083e93ab1ff47e14905a0ffd9674e22d80408ba059ea58d836a3,results/m4/dev_main_v12_002
dev_main_v12_002__lfr_n1000_o00_m20_s11_q06_main,lfr_n1000_o00_m20_s11_q06_main,dev,lfr_n1000_o00_m20_s11,129,COMPLETED,True,1.0,RECOVERED,COMPLETED,True,DEV_ALLOWED,True,True,True,0.26678466796875,0.9047619047619048,2.8214904679376085,515750/58794569,0.0,0,,3,143.01319999999998,32,34f8371cf97f9b666f3266264bbc259a09bb00d7e5225d88b56a05792acd061b,results/m4/dev_main_v12_002
dev_main_v12_002__lfr_n1000_o00_m20_s11_q07_main,lfr_n1000_o00_m20_s11_q07_main,dev,lfr_n1000_o00_m20_s11,637,COMPLETED,True,1.0,RECOVERED,COMPLETED,True,DEV_ALLOWED,True,True,True,0.06871795654296875,1.0,16.771230502599654,-1807705/161410557,0.060077519379844964,0,,2,220.01999999999998,32,037708a29e16404598150074c32681544e7c3cf79beefb7e7d15daaee7f146de,results/m4/dev_main_v12_002
dev_main_v12_002__lfr_n1000_o00_m20_s11_q08_main,lfr_n1000_o00_m20_s11_q08_main,dev,lfr_n1000_o00_m20_s11,334,COMPLETED,True,1.0,RECOVERED,COMPLETED,True,DEV_ALLOWED,True,True,True,0.26318359375,1.0,3.5037707390648567,17437031/17194527090,0.0,0,,2,143.013,66,4ad639162d70035547f4ff5b986d1a66993cac56bfb5617ba909ecbc28740533,results/m4/dev_main_v12_002
dev_main_v12_002__lfr_n1000_o00_m20_s11_q09_main,lfr_n1000_o00_m20_s11_q09_main,dev,lfr_n1000_o00_m20_s11,280,COMPLETED,True,1.0,RECOVERED,COMPLETED,True,DEV_ALLOWED,True,True,True,0.2669677734375,0.35526315789473684,3.2081447963800906,2567479/1910503010,0.0,0,,3,180.01680000000002,66,f702001f9ddbe1e4a05b294e74056b346cd16baf92f9db6e5a248172dc3b3cb8,results/m4/dev_main_v12_002
dev_main_v12_002__lfr_n1000_o00_m20_s11_q10_main,lfr_n1000_o00_m20_s11_q10_main,dev,lfr_n1000_o00_m20_s11,978,COMPLETED,True,1.0,RECOVERED,COMPLETED,True,DEV_ALLOWED,True,True,True,0.1806793212890625,1.0,6.923937360178971,-111977128/7674096447,0.11918604651162791,0,,2,506.04599999999994,83,39c8ff06619860fbec046400d61137a27daf856cc3ddbbfffea93b8f0d8b3451,results/m4/dev_main_v12_002
dev_main_v12_002__lfr_n1000_o00_m20_s11_q11_main,lfr_n1000_o00_m20_s11_q11_main,dev,lfr_n1000_o00_m20_s11,231,COMPLETED,True,1.0,RECOVERED,COMPLETED,True,DEV_ALLOWED,True,True,True,0.349273681640625,0.5757575757575758,2.143736017897092,33723521/31331118636,0.0,0,,3,180.01680000000002,83,be18d301709e1a035ca9512d849aeae8c571bebd0762088560124dd02dd53327,results/m4/dev_main_v12_002
dev_main_v12_002__lfr_n1000_o00_m20_s12_q00_main,lfr_n1000_o00_m20_s12_q00_main,dev,lfr_n1000_o00_m20_s12,609,COMPLETED,True,1.0,RECOVERED,COMPLETED,True,DEV_ALLOWED,True,True,True,0.19586181640625,0.2597402597402597,3.908333333333333,340273/67391352,0.0,0,,3,216.0198,42,79b056abf91bd95bd0a3b660c6a9f3f2339362e52ce830964639d84209ab5606,results/m4/dev_main_v12_002
dev_main_v12_002__lfr_n1000_o00_m20_s12_q01_main,lfr_n1000_o00_m20_s12_q01_main,dev,lfr_n1000_o00_m20_s12,416,COMPLETED,True,1.0,RECOVERED,COMPLETED,True,DEV_ALLOWED,True,True,True,0.2692413330078125,0.39285714285714285,2.4630952380952382,95849/16013340,0.0,0,,3,168.0154,42,dcc0d36f8c8983f529516339e4fa65039883e1a3b9c932a7a55f3bc17b7964d3,results/m4/dev_main_v12_002
dev_main_v12_002__lfr_n1000_o00_m20_s12_q02_main,lfr_n1000_o00_m20_s12_q02_main,dev,lfr_n1000_o00_m20_s12,43,COMPLETED,True,1.0,RECOVERED,COMPLETED,True,DEV_ALLOWED,True,True,True,0.259002685546875,1.0,5.254098360655738,-1546505/253910426,0.17142857142857143,0,,2,110.00999999999999,91,6baa145f25a51216b80e6e831e8b75f5b468324e652c795819e34ac02cf3f915,results/m4/dev_main_v12_002
dev_main_v12_002__lfr_n1000_o00_m20_s12_q03_main,lfr_n1000_o00_m20_s12_q03_main,dev,lfr_n1000_o00_m20_s12,115,COMPLETED,True,1.0,RECOVERED,COMPLETED,True,DEV_ALLOWED,True,True,True,0.220611572265625,1.0,6.5023419203747075,-41682673/3427790751,0.1393188854489164,0,,2,121.011,91,c5a3dfaf7cc3bf7eceb939d79788deca3c676c39a5d65568b6ac1a7754192adb,results/m4/dev_main_v12_002
dev_main_v12_002__lfr_n1000_o00_m20_s12_q04_main,lfr_n1000_o00_m20_s12_q04_main,dev,lfr_n1000_o00_m20_s12,84,COMPLETED,True,1.0,RECOVERED,COMPLETED,True,DEV_ALLOWED,True,True,True,0.2396697998046875,1.0,5.611174458380844,-8852721/1070624060,0.15901060070671377,0,,3,120.011,91,3789c7cdf05949597b9507148bd8332fe2e51f3b4f8a7d6406a5821edd561b5a,results/m4/dev_main_v12_002
dev_main_v12_002__lfr_n1000_o00_m20_s12_q05_main,lfr_n1000_o00_m20_s12_q05_main,dev,lfr_n1000_o00_m20_s12,205,COMPLETED,True,1.0,RECOVERED,COMPLETED,True,DEV_ALLOWED,True,True,True,0.2112274169921875,1.0,6.506841505131129,-15428945/1203745644,0.14018691588785046,0,,3,132.01209999999998,91,6bf59bcde5afc3eb0339b94620ef8dde03a22c47dd05cc66820cbaa038c433c7,results/m4/dev_main_v12_002
dev_main_v12_002__lfr_n1000_o00_m20_s12_q06_main,lfr_n1000_o00_m20_s12_q06_main,dev,lfr_n1000_o00_m20_s12,162,COMPLETED,True,1.0,RECOVERED,COMPLETED,True,DEV_ALLOWED,True,True,True,0.18792724609375,1.0,7.202597402597402,-769729/58715580,0.12520325203252033,0,,3,143.01319999999998,78,759086c6c770fc242a4db79460eb88b3756fffaacdb4f79fe3fabf80e8eb982f,results/m4/dev_main_v12_002
dev_main_v12_002__lfr_n1000_o00_m20_s12_q07_main,lfr_n1000_o00_m20_s12_q07_main,dev,lfr_n1000_o00_m20_s12,678,COMPLETED,True,1.0,RECOVERED,COMPLETED,True,DEV_ALLOWED,True,True,True,0.1958160400390625,1.0,6.0168831168831165,-1875617/264220110,0.14779270633397312,0,,3,260.024,78,40202505a1980c46446a8a9d666f88865442ab83e4aec77c52e5c4dd4814fc3e,results/m4/dev_main_v12_002
dev_main_v12_002__lfr_n1000_o00_m20_s12_q08_main,lfr_n1000_o00_m20_s12_q08_main,dev,lfr_n1000_o00_m20_s12,153,COMPLETED,True,1.0,RECOVERED,COMPLETED,True,DEV_ALLOWED,True,True,True,0.1427764892578125,0.15384615384615385,4.779569892473118,2255980/162258309,0.0,0,,2,121.011,24,a4483bdf04d2935b26376c830540b5d405ecd4a650a2c71bd4d5c6f6103e7ec7,results/m4/dev_main_v12_002
dev_main_v12_002__lfr_n1000_o00_m20_s12_q09_main,lfr_n1000_o00_m20_s12_q09_main,dev,lfr_n1000_o00_m20_s12,97,COMPLETED,True,1.0,RECOVERED,COMPLETED,True,DEV_ALLOWED,True,True,True,0.04107666015625,1.0,29.852150537634408,-394157/15315240,0.03904923599320883,0,,2,110.00999999999999,24,2580e6ee6443cd8272b90ca1f0a3fcd321b9cf8e1a7f3fae1a518668e3d5aa06,results/m4/dev_main_v12_002
dev_main_v12_002__lfr_n1000_o00_m20_s12_q10_main,lfr_n1000_o00_m20_s12_q10_main,dev,lfr_n1000_o00_m20_s12,880,COMPLETED,True,1.0,RECOVERED,COMPLETED,True,DEV_ALLOWED,True,True,True,0.2426910400390625,0.16666666666666666,2.1157894736842104,5201917/445360950,0.0,0,,2,363.033,28,a3f2e3ef65ce2624de8e05022b65ef60cee110e8383ed316e94cba54262a792e,results/m4/dev_main_v12_002
dev_main_v12_002__lfr_n1000_o00_m20_s12_q11_main,lfr_n1000_o00_m20_s12_q11_main,dev,lfr_n1000_o00_m20_s12,178,COMPLETED,True,1.0,RECOVERED,COMPLETED,True,DEV_ALLOWED,True,True,True,0.382110595703125,0.2608695652173913,0.5031578947368421,5201917/445360950,0.0,0,,3,154.0143,28,e24270f0c51d0066ff2718fa52f50e1db576be09f6d7ffb7c9a916336db5768f,results/m4/dev_main_v12_002
dev_main_v12_002__lfr_n1000_o00_m50_s11_q00_main,lfr_n1000_o00_m50_s11_q00_main,dev,lfr_n1000_o00_m50_s11,599,COMPLETED,True,1.0,RECOVERED,COMPLETED,True,DEV_ALLOWED,True,True,True,0.2973175048828125,0.2894736842105263,5.289795918367347,942083/2430440670,0.0,0,,3,228.02089999999998,24,ca8d9fdedb7864b206035074aa53b343437b6d0d7cae8b2f0e99cb319120fc6c,results/m4/dev_main_v12_002
dev_main_v12_002__lfr_n1000_o00_m50_s11_q01_main,lfr_n1000_o00_m50_s11_q01_main,dev,lfr_n1000_o00_m50_s11,394,COMPLETED,True,1.0,RECOVERED,COMPLETED,True,DEV_ALLOWED,True,True,True,0.2619171142578125,0.676923076923077,11.83265306122449,-315811/37688742,0.07876712328767123,0,,2,154.014,24,5adef262f9c22d71ddc5916fb02b869b6a6c8c91939770df6e545b641fdcd722,results/m4/dev_main_v12_002
dev_main_v12_002__lfr_n1000_o00_m50_s11_q02_main,lfr_n1000_o00_m50_s11_q02_main,dev,lfr_n1000_o00_m50_s11,17,COMPLETED,True,0.02,H1,COMPLETED,True,DEV_ALLOWED,True,False,True,31.677734375,0.047619047619047616,0.04030091348737238,3552063/11512395374,0.0,71628247/263035601,,2,110.00999999999999,4,97db71c116d17ca5124bb5b89ee87233d0befddd88033079a096907fa865031f,results/m4/dev_main_v12_002
dev_main_v12_002__lfr_n1000_o00_m50_s11_q03_main,lfr_n1000_o00_m50_s11_q03_main,dev,lfr_n1000_o00_m50_s11,91,COMPLETED,True,0.9538461538461539,H1,COMPLETED,True,DEV_ALLOWED,True,False,True,1.13885498046875,0.7708333333333334,3.893068242880172,-29321573/3700849735,0.22448979591836735,891821/67288177,,3,140.013,99,ca91bdc807aff037c1ec1d374536312661d8456a5628c1d58429cfb71753cd1a,results/m4/dev_main_v12_002
dev_main_v12_002__lfr_n1000_o00_m50_s11_q04_main,lfr_n1000_o00_m50_s11_q04_main,dev,lfr_n1000_o00_m50_s11,121,COMPLETED,True,0.9923664122137404,H2,COMPLETED,True,DEV_ALLOWED,True,True,True,0.592742919921875,0.9473684210526315,6.988145048814505,-36959675/1958483349,0.12248628884826325,-15313/89557602,output_has_lower_Z_than_truth,3,187.0176,66,b5b8a96b4d1764d9bab23a21222cf99783b0d353a93678415ba6c5118e14382d,results/m4/dev_main_v12_002
dev_main_v12_002__lfr_n1000_o00_m50_s11_q05_main,lfr_n1000_o00_m50_s11_q05_main,dev,lfr_n1000_o00_m50_s11,210,COMPLETED,True,1.0,RECOVERED,COMPLETED,True,DEV_ALLOWED,True,True,True,0.814453125,0.881578947368421,7.112273361227336,-38167672/1958483349,0.11538461538461539,0,,3,143.01319999999998,65,0d3eb6f5150e5bda320a59520abecbb9d128ffe19239386fb9f014ae8ea1d10a,results/m4/dev_main_v12_002
dev_main_v12_002__lfr_n1000_o00_m50_s11_q06_main,lfr_n1000_o00_m50_s11_q06_main,dev,lfr_n1000_o00_m50_s11,203,COMPLETED,True,0.11428571428571428,H1,COMPLETED,True,DEV_ALLOWED,True,False,True,13.1826171875,0.02127659574468085,0.10066006600660066,332546/76688997,0.0,2742839/7967688,,2,121.011,3,a45cac9d326e7386246fe6debdeed1d9313db1a569a4605a5206e3c317ba58b1,results/m4/dev_main_v12_002
dev_main_v12_002__lfr_n1000_o00_m50_s11_q07_main,lfr_n1000_o00_m50_s11_q07_main,dev,lfr_n1000_o00_m50_s11,609,COMPLETED,True,1.0,RECOVERED,COMPLETED,True,DEV_ALLOWED,True,True,True,0.266693115234375,0.7045454545454546,14.001650165016502,-2541280/92624373,0.07142857142857142,0,,3,285.0266,32,8ed2464f281fe647c726fb486e6b443f965c6622db617d33a2fdae9da03a7de5,results/m4/dev_main_v12_002
dev_main_v12_002__lfr_n1000_o00_m50_s11_q08_main,lfr_n1000_o00_m50_s11_q08_main,dev,lfr_n1000_o00_m50_s11,273,COMPLETED,True,0.9924812030075187,H2,COMPLETED,True,DEV_ALLOWED,True,True,True,0.6737060546875,1.0,10.86111111111111,-10679507/295120008,0.088,-103481/463624776,output_has_lower_Z_than_truth,2,132.012,67,9998737d056f7c5bfa21565144bcbc51c6189a4b7dd5c025df4034c66580238b,results/m4/dev_main_v12_002
dev_main_v12_002__lfr_n1000_o00_m50_s11_q09_main,lfr_n1000_o00_m50_s11_q09_main,dev,lfr_n1000_o00_m50_s11,209,COMPLETED,True,1.0,RECOVERED,COMPLETED,True,DEV_ALLOWED,True,True,True,0.79052734375,0.9375,7.777006172839506,-332464687/15936480432,0.11934900542495479,0,,3,154.0143,66,cbf6be7b3c22981ab0b95aaa86e7fcea2d52989e37a6c69ef79c6d52f950a8d3,results/m4/dev_main_v12_002
dev_main_v12_002__lfr_n1000_o00_m50_s11_q10_main,lfr_n1000_o00_m50_s11_q10_main,dev,lfr_n1000_o00_m50_s11,941,COMPLETED,True,0.8586387434554974,H2,COMPLETED,True,DEV_ALLOWED,True,True,True,0.8612060546875,0.9615384615384616,5.513593380614657,-8711021/583968420,0.1619047619047619,674483/342038646,feasible_truth_has_lower_Z_than_output,2,451.041,108,e891e469c46bf34c80f4a87fe610f3efd9376a4a84a14a6b9ba185463c9b32b7,results/m4/dev_main_v12_002
dev_main_v12_002__lfr_n1000_o00_m50_s11_q11_main,lfr_n1000_o00_m50_s11_q11_main,dev,lfr_n1000_o00_m50_s11,265,COMPLETED,True,0.803921568627451,H2,COMPLETED,True,DEV_ALLOWED,True,True,True,0.8023681640625,1.0,7.842789598108747,-7596983/291984210,0.11675824175824176,5866150/276689799,feasible_truth_has_lower_Z_than_output,2,132.012,121,e6bc8d4ba1093d70416e50e04b65adc81f13244d8bd01aad3aa15abc8d78d843,results/m4/dev_main_v12_002
dev_main_v12_002__lfr_n1000_o00_m50_s12_q00_main,lfr_n1000_o00_m50_s12_q00_main,dev,lfr_n1000_o00_m50_s12,523,COMPLETED,True,1.0,RECOVERED,COMPLETED,True,DEV_ALLOWED,True,True,True,0.58648681640625,0.5869565217391305,6.655913978494624,-986879/179787600,0.13804713804713806,0,,2,176.016,42,87eff0278d65aa9c62662804977eddd340fca8b5bca54f068a5196942a35f60d,results/m4/dev_main_v12_002
dev_main_v12_002__lfr_n1000_o00_m50_s12_q01_main,lfr_n1000_o00_m50_s12_q01_main,dev,lfr_n1000_o00_m50_s12,333,COMPLETED,True,1.0,RECOVERED,COMPLETED,True,DEV_ALLOWED,True,True,True,0.88372802734375,0.5,5.158900836320191,-6575687/6682705092,0.03557312252964427,0,,3,156.0143,42,e1ebaa334e57002f738e949c8f994dec1493d3bb1049ccbe8c857a4531e9f493,results/m4/dev_main_v12_002
dev_main_v12_002__lfr_n1000_o00_m50_s12_q02_main,lfr_n1000_o00_m50_s12_q02_main,dev,lfr_n1000_o00_m50_s12,25,COMPLETED,True,0.9005847953216374,H1,COMPLETED,True,DEV_ALLOWED,True,False,True,1.15045166015625,0.6901408450704225,4.068873465029364,-108088075/11001451338,0.22391304347826088,205030441/5008888980,,3,120.011,80,4c68aea68b5f6dae1fb1f59ca1b63af484debddb0cddd22534b0e79afe42b227,results/m4/dev_main_v12_002
dev_main_v12_002__lfr_n1000_o00_m50_s12_q03_main,lfr_n1000_o00_m50_s12_q03_main,dev,lfr_n1000_o00_m50_s12,147,COMPLETED,True,0.9617486338797814,H2,COMPLETED,True,DEV_ALLOWED,True,True,True,0.91094970703125,0.9120879120879121,5.495995728777363,-189302725/11001451338,0.18592964824120603,38914301/3785834964,feasible_truth_has_lower_Z_than_output,3,176.01649999999998,92,2b226dfcc7a142d2e9c9eaf861f905027e300d86bd54bb72853f03a565eafbeb,results/m4/dev_main_v12_002
dev_main_v12_002__lfr_n1000_o00_m50_s12_q04_main,lfr_n1000_o00_m50_s12_q04_main,dev,lfr_n1000_o00_m50_s12,56,COMPLETED,True,0.0425531914893617,H1,COMPLETED,True,DEV_ALLOWED,True,False,True,33.412109375,0.03296703296703297,0.07934721440630275,16923941/10271536236,0.0,32184851/105921639,,2,110.00999999999999,3,40f6c4c4b742f7723df7eb3eaf93795444b177e0a0ef96ac6edcd08d6411b400,results/m4/dev_main_v12_002
dev_main_v12_002__lfr_n1000_o00_m50_s12_q05_main,lfr_n1000_o00_m50_s12_q05_main,dev,lfr_n1000_o00_m50_s12,117,COMPLETED,True,0.9782608695652174,H2,COMPLETED,True,DEV_ALLOWED,True,True,True,0.85528564453125,0.8351648351648352,5.999437253798537,-554209057/29715313860,0.1527331189710611,11160379/5144356359,feasible_truth_has_lower_Z_than_output,3,132.01209999999998,93,a47191c152aa4a7cbd5e6df78ae922cd02d9cef8c6a853c7b7db335c52119aee,results/m4/dev_main_v12_002
dev_main_v12_002__lfr_n1000_o00_m50_s12_q06_main,lfr_n1000_o00_m50_s12_q06_main,dev,lfr_n1000_o00_m50_s12,174,COMPLETED,True,0.0963855421686747,H1,COMPLETED,True,DEV_ALLOWED,True,False,True,28.888671875,0.030303030303030304,0.06871247498332221,8700013/21878894340,0.0,7396169/28978668,,3,132.01209999999998,5,1907f875b43d97a6b79e2a4107416cb3fa122884bf0a9a24297e3c53e6f1eb4b,results/m4/dev_main_v12_002
dev_main_v12_002__lfr_n1000_o00_m50_s12_q07_main,lfr_n1000_o00_m50_s12_q07_main,dev,lfr_n1000_o00_m50_s12,661,COMPLETED,True,0.9487179487179487,H2,COMPLETED,True,DEV_ALLOWED,True,True,True,0.8408203125,0.9565217391304348,5.578385590393596,-48882755/3506418828,0.1759656652360515,144787855/10809043164,feasible_truth_has_lower_Z_than_output,2,220.01999999999998,78,e7f259de860341f0a3493dc495d166f656fa62d375472191cb0b73c4cc83d236,results/m4/dev_main_v12_002
dev_main_v12_002__lfr_n1000_o00_m50_s12_q08_main,lfr_n1000_o00_m50_s12_q08_main,dev,lfr_n1000_o00_m50_s12,284,COMPLETED,True,1.0,RECOVERED,COMPLETED,True,DEV_ALLOWED,True,True,True,0.242828369140625,1.0,35.3872437357631,-6406323/62393314,0.029077117572692796,0,,2,132.012,24,6bdc249d7e3cf9b963c43facef1139b09caaab555efe8455216fdb07776f63f5,results/m4/dev_main_v12_002
dev_main_v12_002__lfr_n1000_o00_m50_s12_q09_main,lfr_n1000_o00_m50_s12_q09_main,dev,lfr_n1000_o00_m50_s12,251,COMPLETED,True,1.0,RECOVERED,COMPLETED,True,DEV_ALLOWED,True,True,True,0.158966064453125,1.0,33.945330296127565,-18046231/187179942,0.03050397877984085,0,,3,180.01680000000002,24,005bf2dbcc0d868535f2c03feb2768019c586b84df4974467f6ffda1e208aa77,results/m4/dev_main_v12_002
dev_main_v12_002__lfr_n1000_o00_m50_s12_q10_main,lfr_n1000_o00_m50_s12_q10_main,dev,lfr_n1000_o00_m50_s12,999,COMPLETED,True,1.0,RECOVERED,COMPLETED,True,DEV_ALLOWED,True,True,True,0.104461669921875,1.0,32.36708860759494,-36022925/298742766,0.02872340425531915,0,,2,550.05,28,4d5f933e9a99de4654d03400ce84bd8b85f475bb0001ae292f0454e5b317e8c7,results/m4/dev_main_v12_002
dev_main_v12_002__lfr_n1000_o00_m50_s12_q11_main,lfr_n1000_o00_m50_s12_q11_main,dev,lfr_n1000_o00_m50_s12,364,COMPLETED,True,1.0,RECOVERED,COMPLETED,True,DEV_ALLOWED,True,True,True,0.271240234375,0.9583333333333334,9.349005424954791,-3313637/901573596,0.06713780918727916,0,,2,154.014,28,80a5ee8367efb68664d04c7dccd663cfd815f47a0f6113580a61477ea031167d,results/m4/dev_main_v12_002
dev_main_v12_002__sbm_k4_r0_rep0_q00_main,sbm_k4_r0_rep0_q00_main,dev,sbm_k4_r0_rep0,13,COMPLETED,True,1.0,RECOVERED,COMPLETED,True,DEV_ALLOWED,True,True,True,0.80157470703125,0.07,0.15320847405587965,15013013/9505762948,0.0,0,,5,3774.3700000000003,100,8a36e4b266d22cea37203115b957e2ee35502fe5075e89ae82f91d4caa339648,results/m4/dev_main_v12_002
dev_main_v12_002__sbm_k4_r0_rep0_q01_main,sbm_k4_r0_rep0_q01_main,dev,sbm_k4_r0_rep0,97,COMPLETED,True,1.0,RECOVERED,COMPLETED,True,DEV_ALLOWED,True,True,True,0.504425048828125,0.94,1.9829597789376727,-698779219/90164892426,0.3311036789297659,0,,5,3392.3328,100,57f6c061e283dd69ef34383b114d0172325e389bbd25f0dc3723ca13737689d7,results/m4/dev_main_v12_002
dev_main_v12_002__sbm_k4_r0_rep0_q02_main,sbm_k4_r0_rep0_q02_main,dev,sbm_k4_r0_rep0,133,COMPLETED,True,1.0,RECOVERED,COMPLETED,True,DEV_ALLOWED,True,True,True,0.74517822265625,0.05,0.10775862068965517,5796531/2802457630,0.0,0,,5,3672.3599999999997,100,35015900028e3881ca8e93efdb90e9120f7bdd4f7beaf5944c7baa4bd5f79900,results/m4/dev_main_v12_002
dev_main_v12_002__sbm_k4_r0_rep0_q03_main,sbm_k4_r0_rep0_q03_main,dev,sbm_k4_r0_rep0,110,COMPLETED,True,1.0,RECOVERED,COMPLETED,True,DEV_ALLOWED,True,True,True,0.81964111328125,0.07,0.17225985221674878,77926561/44839322080,0.0,0,,5,3456.3384,100,81cdc6304e2cbbb9cdc955b59481943ca79f650cc75f7fd646eb5167ad3350be,results/m4/dev_main_v12_002
dev_main_v12_002__sbm_k4_r0_rep0_q04_main,sbm_k4_r0_rep0_q04_main,dev,sbm_k4_r0_rep0,277,COMPLETED,True,1.0,RECOVERED,COMPLETED,True,DEV_ALLOWED,True,True,True,0.42669677734375,0.96,2.167264783897644,-4560258275/523269957444,0.3173076923076923,0,,5,3200.3136,100,6175ad16ce6e1e3d5d759287d2ad8b3bbec1859a72ab3a271a768bb696c92872,results/m4/dev_main_v12_002
dev_main_v12_002__sbm_k4_r0_rep0_q05_main,sbm_k4_r0_rep0_q05_main,dev,sbm_k4_r0_rep0,220,COMPLETED,True,1.0,RECOVERED,COMPLETED,True,DEV_ALLOWED,True,True,True,0.522918701171875,0.64,1.0709939148073022,-1398572327/523269957444,0.2696078431372549,0,,5,3135.3078,100,e93091ed6f168d060dd40433ce6e432ec799789554bb3ec8107e73a0b563c87f,results/m4/dev_main_v12_002
dev_main_v12_002__sbm_k4_r0_rep0_q06_main,sbm_k4_r0_rep0_q06_main,dev,sbm_k4_r0_rep0,390,COMPLETED,True,1.0,RECOVERED,COMPLETED,True,DEV_ALLOWED,True,True,True,0.491790771484375,0.89,1.8849487785658,-392888386/51207785685,0.3498233215547703,0,,5,3150.3086999999996,100,2f9cdcc30fa79f1a1b66f7e32f4872583d7ee299597fe72fd1cfffa66b3b9968,results/m4/dev_main_v12_002
dev_main_v12_002__sbm_k4_r0_rep0_q07_main,sbm_k4_r0_rep0_q07_main,dev,sbm_k4_r0_rep0,305,COMPLETED,True,1.0,RECOVERED,COMPLETED,True,DEV_ALLOWED,True,True,True,0.50372314453125,0.51,1.1230890464933019,-150608306/51207785685,0.2560386473429952,0,,5,2900.2842,100,7a2f9d909764e5c24c55e04c6ffc01164fcaa44452d5807889805b8c22ea840f,results/m4/dev_main_v12_002
dev_main_v12_002__sbm_k4_r0_rep1_q00_main,sbm_k4_r0_rep1_q00_main,dev,sbm_k4_r0_rep1,55,COMPLETED,True,1.0,RECOVERED,COMPLETED,True,DEV_ALLOWED,True,True,True,0.472900390625,0.64,1.3821733821733821,-160649569/34485298848,0.41350210970464135,0,,5,3111.305,100,f7143e403f5723d754d56f2e4defb69e13d58e942e90dfc640b5e4339b007cf8,results/m4/dev_main_v12_002
dev_main_v12_002__sbm_k4_r0_rep1_q01_main,sbm_k4_r0_rep1_q01_main,dev,sbm_k4_r0_rep1,67,COMPLETED,True,1.0,RECOVERED,COMPLETED,True,DEV_ALLOWED,True,True,True,0.437408447265625,0.88,2.419261294261294,-226747483/19705885056,0.2903225806451613,0,,5,3498.3432000000003,100,ccbc680776385f23f83f9e528a587013772faf87225ca3dc3a7de574040f10cb,results/m4/dev_main_v12_002
dev_main_v12_002__sbm_k4_r0_rep1_q02_main,sbm_k4_r0_rep1_q02_main,dev,sbm_k4_r0_rep1,158,COMPLETED,True,1.0,RECOVERED,COMPLETED,True,DEV_ALLOWED,True,True,True,0.452880859375,0.95,2.365555215662282,-517077653/49983585344,0.2964071856287425,0,,5,3564.3498000000004,100,b0d761f200ad07529d0ece588065738352126ac62944c172436e558f1d758281,results/m4/dev_main_v12_002
dev_main_v12_002__sbm_k4_r0_rep1_q03_main,sbm_k4_r0_rep1_q03_main,dev,sbm_k4_r0_rep1,193,COMPLETED,True,1.0,RECOVERED,COMPLETED,True,DEV_ALLOWED,True,True,True,0.466583251953125,0.64,1.4024166411746712,-108837097/24991792672,0.39748953974895396,0,,5,3233.3172,100,6d43bc9996243c44b5303467200ae73a2f07eadb5dced2dbb9b808b5100b74cc,results/m4/dev_main_v12_002
dev_main_v12_002__sbm_k4_r0_rep1_q04_main,sbm_k4_r0_rep1_q04_main,dev,sbm_k4_r0_rep1,225,COMPLETED,True,0.9949748743718593,H1,COMPLETED,True,DEV_ALLOWED,True,False,True,1.00860595703125,0.09,0.23244929797191888,2626805/3314308448,0.0,3076399/827794451,,5,3726.3657000000003,99,d3c155735b807ca5aae937d717d7f133bc96a2ff9b20fb895dcf502c9883b079,results/m4/dev_main_v12_002
dev_main_v12_002__sbm_k4_r0_rep1_q05_main,sbm_k4_r0_rep1_q05_main,dev,sbm_k4_r0_rep1,201,COMPLETED,True,1.0,RECOVERED,COMPLETED,True,DEV_ALLOWED,True,True,True,0.83404541015625,0.06,0.14882995319812792,19304993/16571542240,0.0,0,,5,3672.3599999999997,100,937b803299b82872abc005f63e6b2e68faf87a3a6122fecbb4234e59a1f24b2c,results/m4/dev_main_v12_002
dev_main_v12_002__sbm_k4_r0_rep1_q06_main,sbm_k4_r0_rep1_q06_main,dev,sbm_k4_r0_rep1,356,COMPLETED,True,1.0,RECOVERED,COMPLETED,True,DEV_ALLOWED,True,True,True,0.4534912109375,0.64,1.553145998778253,-63622113/12557649632,0.391304347826087,0,,5,3162.31,100,f70c8ef45c85e61f0a4f6af0811e01fd7991d9de1ce95c3886a4477bdb0aa13d,results/m4/dev_main_v12_002
dev_main_v12_002__sbm_k4_r0_rep1_q07_main,sbm_k4_r0_rep1_q07_main,dev,sbm_k4_r0_rep1,389,COMPLETED,True,1.0,RECOVERED,COMPLETED,True,DEV_ALLOWED,True,True,True,0.8564453125,0.08,0.16783750763591937,546758831/282152691392,0.0,0,,5,3710.3640000000005,100,492cffb1ba27745f88edb0020c53519c6d27f06891abee5c0a5c8d35fde29561,results/m4/dev_main_v12_002
dev_main_v12_002__sbm_k4_r0_rep2_q00_main,sbm_k4_r0_rep2_q00_main,dev,sbm_k4_r0_rep2,14,COMPLETED,True,1.0,RECOVERED,COMPLETED,True,DEV_ALLOWED,True,True,True,0.7720947265625,0.07,0.1506784474597665,260222808/130827744245,0.0,0,,5,3796.3723,100,e275e2c55f2716e33c5bcf390baaa9db83511a7f6ffa64312afa06bdb6bfc1a9,results/m4/dev_main_v12_002
dev_main_v12_002__sbm_k4_r0_rep2_q01_main,sbm_k4_r0_rep2_q01_main,dev,sbm_k4_r0_rep2,88,COMPLETED,True,1.0,RECOVERED,COMPLETED,True,DEV_ALLOWED,True,True,True,0.498321533203125,0.61,1.5763647838434838,-146660523/25553250514,0.39285714285714285,0,,5,3172.3111,100,7e0d6b985afe5fc2b7c42c9bd7e1417e98c12e0cfc9354b10b688b3235f9ef18,results/m4/dev_main_v12_002
dev_main_v12_002__sbm_k4_r0_rep2_q02_main,sbm_k4_r0_rep2_q02_main,dev,sbm_k4_r0_rep2,170,COMPLETED,True,1.0,RECOVERED,COMPLETED,True,DEV_ALLOWED,True,True,True,0.83270263671875,0.07,0.17472407896782216,887284907/527508869118,0.0,0,,5,4176.4104,100,cf7a9425fad2551daccd263a8a545380d861d308858359b7743312fd732a8abf,results/m4/dev_main_v12_002
dev_main_v12_002__sbm_k4_r0_rep2_q03_main,sbm_k4_r0_rep2_q03_main,dev,sbm_k4_r0_rep2,188,COMPLETED,True,1.0,RECOVERED,COMPLETED,True,DEV_ALLOWED,True,True,True,0.90869140625,0.07,0.19291154982123426,837381833/527508869118,0.0,0,,5,3640.3570000000004,100,fdc246a90fb6a0a7c57cb7a7196888cb61695aae1fb3fcb04fc9c93443d9bb91,results/m4/dev_main_v12_002
dev_main_v12_002__sbm_k4_r0_rep2_q04_main,sbm_k4_r0_rep2_q04_main,dev,sbm_k4_r0_rep2,235,COMPLETED,True,1.0,RECOVERED,COMPLETED,True,DEV_ALLOWED,True,True,True,0.4683837890625,0.76,2.0222049689440995,-60907415/6603109744,0.3311036789297659,0,,5,3328.3264,100,e19d59c016b46c3aff0055a09b2a780f0450e33a04bd10a28fcb90e94fb50970,results/m4/dev_main_v12_002
dev_main_v12_002__sbm_k4_r0_rep2_q05_main,sbm_k4_r0_rep2_q05_main,dev,sbm_k4_r0_rep2,268,COMPLETED,True,1.0,RECOVERED,COMPLETED,True,DEV_ALLOWED,True,True,True,0.4891357421875,0.5,1.35,-180485251/33015548720,0.4025974025974026,0,,5,3120.306,100,54c23129a234282ac17e6fb264b3497ae896268aa812f8ad8f6208d50be5ec92,results/m4/dev_main_v12_002
dev_main_v12_002__sbm_k4_r0_rep2_q06_main,sbm_k4_r0_rep2_q06_main,dev,sbm_k4_r0_rep2,392,COMPLETED,True,1.0,RECOVERED,COMPLETED,True,DEV_ALLOWED,True,True,True,0.77520751953125,0.06,0.13310944893909327,167524513/136869925082,0.0,0,,5,3744.3671999999997,100,b86854c33e72becb43341d0097fb078af981b6bbab4573175930424a608326d1,results/m4/dev_main_v12_002
dev_main_v12_002__sbm_k4_r0_rep2_q07_main,sbm_k4_r0_rep2_q07_main,dev,sbm_k4_r0_rep2,355,COMPLETED,True,1.0,RECOVERED,COMPLETED,True,DEV_ALLOWED,True,True,True,0.42254638671875,1.0,2.8458250648755916,-629906153/49663484754,0.25384615384615383,0,,5,3484.3417,100,6f99022aa6f4e47218ff75c3764c1159e9b26b81246cb31b4536518c1b2af246,results/m4/dev_main_v12_002
dev_main_v12_002__sbm_k4_r1_rep0_q00_main,sbm_k4_r1_rep0_q00_main,dev,sbm_k4_r1_rep0,27,COMPLETED,True,1.0,RECOVERED,COMPLETED,True,DEV_ALLOWED,True,True,True,0.495147705078125,0.77,1.5461756373937676,-5564039/1206995250,0.36363636363636365,0,,4,896.0864,100,5b78fe137ae93f3838eb5471a264b5a2615facb598b13a1afcc719af22355e90,results/m4/dev_main_v12_002
dev_main_v12_002__sbm_k4_r1_rep0_q01_main,sbm_k4_r1_rep0_q01_main,dev,sbm_k4_r1_rep0,49,COMPLETED,True,1.0,RECOVERED,COMPLETED,True,DEV_ALLOWED,True,True,True,0.466949462890625,1.0,2.631728045325779,-1969391/180841900,0.2742382271468144,0,,4,936.0899999999999,100,6758c9fc3544af9ff5f7c1aef2060e1d065c5f5623b28e78e5e7db016f296e02,results/m4/dev_main_v12_002
dev_main_v12_002__sbm_k4_r1_rep0_q02_main,sbm_k4_r1_rep0_q02_main,dev,sbm_k4_r1_rep0,104,COMPLETED,True,1.0,RECOVERED,COMPLETED,True,DEV_ALLOWED,True,True,True,0.426605224609375,0.61,1.6459537572254335,-5794393/1114597480,0.36046511627906974,0,,4,832.08,100,759665c79ef464dc249a9a01a4ac0d93690af4755ca5186dfc812693f11b69b4,results/m4/dev_main_v12_002
dev_main_v12_002__sbm_k4_r1_rep0_q03_main,sbm_k4_r1_rep0_q03_main,dev,sbm_k4_r1_rep0,191,COMPLETED,True,1.0,RECOVERED,COMPLETED,True,DEV_ALLOWED,True,True,True,0.74725341796875,0.1,0.14364161849710982,51089181/27864937000,0.0,0,,4,1176.1134,100,ebe71409487a57de144e7d6e3321ce6b91c22225da3c31b754488535fd73c64b,results/m4/dev_main_v12_002
dev_main_v12_002__sbm_k4_r1_rep0_q04_main,sbm_k4_r1_rep0_q04_main,dev,sbm_k4_r1_rep0,287,COMPLETED,True,1.0,RECOVERED,COMPLETED,True,DEV_ALLOWED,True,True,True,0.358551025390625,0.9,2.5924441900400685,-24561221/2123338740,0.2804532577903683,0,,4,1008.0971999999999,100,39027a445f84030c458da12c4a86a69dd4a3855302983e41c5bb9ac2e44ed453,results/m4/dev_main_v12_002
dev_main_v12_002__sbm_k4_r1_rep0_q05_main,sbm_k4_r1_rep0_q05_main,dev,sbm_k4_r1_rep0,251,COMPLETED,True,1.0,RECOVERED,COMPLETED,True,DEV_ALLOWED,True,True,True,0.551971435546875,0.36,1.009444762449914,-6180609/3543003350,0.09595959595959595,0,,4,841.0812,100,deff0f8091b8073f0b268663fff8771826ccef11e5c4ba2a9246246066451579,results/m4/dev_main_v12_002
dev_main_v12_002__sbm_k4_r1_rep0_q06_main,sbm_k4_r1_rep0_q06_main,dev,sbm_k4_r1_rep0,336,COMPLETED,True,1.0,RECOVERED,COMPLETED,True,DEV_ALLOWED,True,True,True,0.3856201171875,0.66,1.7505530973451326,-97040347/15180962400,0.3548387096774194,0,,4,891.0858000000001,100,926f7324d748b93cfbc44e9f693bca0fbbb5863fa9cbcc3ee76b9997fc4d6966,results/m4/dev_main_v12_002
dev_main_v12_002__sbm_k4_r1_rep0_q07_main,sbm_k4_r1_rep0_q07_main,dev,sbm_k4_r1_rep0,313,COMPLETED,True,1.0,RECOVERED,COMPLETED,True,DEV_ALLOWED,True,True,True,0.54327392578125,0.4,0.603429203539823,-203777/609277920,0.012422360248447204,0,,4,728.0702,100,658d87d0166c313f5526a8181d1bb28c28c9cd442677df2c312484a9d5567629,results/m4/dev_main_v12_002
dev_main_v12_002__sbm_k4_r1_rep1_q00_main,sbm_k4_r1_rep1_q00_main,dev,sbm_k4_r1_rep1,85,COMPLETED,True,1.0,RECOVERED,COMPLETED,True,DEV_ALLOWED,True,True,True,0.60650634765625,0.7,1.2878535773710482,-31339951/10224358644,0.30869565217391304,0,,4,868.0837,100,709227ce69ba3c463352db6e415e2c7c8862f8ad3a9b091e2326cfe9161612c6,results/m4/dev_main_v12_002
dev_main_v12_002__sbm_k4_r1_rep1_q01_main,sbm_k4_r1_rep1_q01_main,dev,sbm_k4_r1_rep1,2,COMPLETED,True,1.0,RECOVERED,COMPLETED,True,DEV_ALLOWED,True,True,True,0.5260009765625,0.28,0.6209095951192457,-15023831/46035367950,0.006134969325153374,0,,4,675.0648,100,95f37a508758ada4bd764aaa3dd482cb4b3a154dfe458c8a6d662474f73f4b49,results/m4/dev_main_v12_002
dev_main_v12_002__sbm_k4_r1_rep1_q02_main,sbm_k4_r1_rep1_q02_main,dev,sbm_k4_r1_rep1,106,COMPLETED,True,1.0,RECOVERED,COMPLETED,True,DEV_ALLOWED,True,True,True,0.470916748046875,0.88,1.9172911462669997,-623833397/91530950682,0.339041095890411,0,,4,1054.1019999999999,100,4c758e8c3d2df6df061ec7e2aad43e45c8549ec5459677da02091e9b6c253af9,results/m4/dev_main_v12_002
dev_main_v12_002__sbm_k4_r1_rep1_q03_main,sbm_k4_r1_rep1_q03_main,dev,sbm_k4_r1_rep1,176,COMPLETED,True,1.0,RECOVERED,COMPLETED,True,DEV_ALLOWED,True,True,True,0.49615478515625,0.69,1.1773522064945878,-2219831/797711406,0.19724770642201836,0,,4,810.078,100,e6a4c5c2e6734be00ad435180be5ed3452717202159ea048464bc3d93f512424,results/m4/dev_main_v12_002
dev_main_v12_002__sbm_k4_r1_rep1_q04_main,sbm_k4_r1_rep1_q04_main,dev,sbm_k4_r1_rep1,295,COMPLETED,True,1.0,RECOVERED,COMPLETED,True,DEV_ALLOWED,True,True,True,0.486968994140625,0.99,1.7764868603042876,-43076963/6151647428,0.35611510791366907,0,,4,825.0792000000001,100,4ec937384280904c7942a10f600e517a387e017bada0480341291725b2ba1363,results/m4/dev_main_v12_002
dev_main_v12_002__sbm_k4_r1_rep1_q05_main,sbm_k4_r1_rep1_q05_main,dev,sbm_k4_r1_rep1,200,COMPLETED,True,1.0,RECOVERED,COMPLETED,True,DEV_ALLOWED,True,True,True,0.810546875,0.04,0.09571230982019364,23875456/9436599615,0.0,0,,4,975.0936,100,d104e6d489b7dfbeb27a4ad7ca6fc709aca23bc57712592a77e3fc6ab47b98c4,results/m4/dev_main_v12_002
dev_main_v12_002__sbm_k4_r1_rep1_q06_main,sbm_k4_r1_rep1_q06_main,dev,sbm_k4_r1_rep1,354,COMPLETED,True,1.0,RECOVERED,COMPLETED,True,DEV_ALLOWED,True,True,True,0.420196533203125,0.9,2.4514450867052022,-49786781/5278955735,0.2964071856287425,0,,4,972.0935999999999,100,00bdf1b24352302e1a7e861c92d0c8f3caed0285e073bfdb3c9fa95f1a5cf67d,results/m4/dev_main_v12_002
dev_main_v12_002__sbm_k4_r1_rep1_q07_main,sbm_k4_r1_rep1_q07_main,dev,sbm_k4_r1_rep1,363,COMPLETED,True,1.0,RECOVERED,COMPLETED,True,DEV_ALLOWED,True,True,True,0.7633056640625,0.04,0.09219653179190751,30143441/16976676840,0.0,0,,3,874.0835999999999,100,0184d52963294c2c1c8e9a11619d3e3debf09e5b1b3aaaffb38fbb833848d40c,results/m4/dev_main_v12_002
dev_main_v12_002__sbm_k4_r1_rep2_q00_main,sbm_k4_r1_rep2_q00_main,dev,sbm_k4_r1_rep2,70,COMPLETED,True,1.0,RECOVERED,COMPLETED,True,DEV_ALLOWED,True,True,True,0.430145263671875,0.87,2.462416481069042,-55558213/5724671425,0.2894736842105263,0,,4,936.0899999999999,100,a08c238478f6e7d6b7f07000d4483c845b02c8582518bf97e9d9a21cbea4583d,results/m4/dev_main_v12_002
dev_main_v12_002__sbm_k4_r1_rep2_q01_main,sbm_k4_r1_rep2_q01_main,dev,sbm_k4_r1_rep2,43,COMPLETED,True,1.0,RECOVERED,COMPLETED,True,DEV_ALLOWED,True,True,True,0.7052001953125,0.04,0.07739420935412027,41527675/22976089708,0.0,0,,4,988.0949999999999,100,958b52e099ba0ba3a0d7f25313cedd3d0dcae9479582bab174025c4ab0b33b3f,results/m4/dev_main_v12_002
dev_main_v12_002__sbm_k4_r1_rep2_q02_main,sbm_k4_r1_rep2_q02_main,dev,sbm_k4_r1_rep2,147,COMPLETED,True,1.0,RECOVERED,COMPLETED,True,DEV_ALLOWED,True,True,True,0.480255126953125,0.76,1.9240997229916899,-40911021/5782530490,0.339041095890411,0,,3,680.0645999999999,100,a9cffe4ed21401dee73500e0dfe36a9d6f2d5363b3197c6157590530e6fbf13e,results/m4/dev_main_v12_002
dev_main_v12_002__sbm_k4_r1_rep2_q03_main,sbm_k4_r1_rep2_q03_main,dev,sbm_k4_r1_rep2,125,COMPLETED,True,1.0,RECOVERED,COMPLETED,True,DEV_ALLOWED,True,True,True,0.384796142578125,0.69,1.814404432132964,-7440417/1156506098,0.35231316725978645,0,,4,986.0952,100,2cc22855cdfdf186083bbc4745e441ab9f0f70eb0819f5ff6a28ab6ac8917d6c,results/m4/dev_main_v12_002
dev_main_v12_002__sbm_k4_r1_rep2_q04_main,sbm_k4_r1_rep2_q04_main,dev,sbm_k4_r1_rep2,233,COMPLETED,True,1.0,RECOVERED,COMPLETED,True,DEV_ALLOWED,True,True,True,0.404998779296875,1.0,2.143725815367606,-277768655/30986470746,0.31230283911671924,0,,4,980.0945,100,b0fc69c87bd3f455ffda5ccc116c45502f1cdff88069a80ef3b7ef68e6faa148,results/m4/dev_main_v12_002
dev_main_v12_002__sbm_k4_r1_rep2_q05_main,sbm_k4_r1_rep2_q05_main,dev,sbm_k4_r1_rep2,262,COMPLETED,True,1.0,RECOVERED,COMPLETED,True,DEV_ALLOWED,True,True,True,0.73211669921875,0.04,0.0978441127694859,2270644/2118029661,0.0,0,,4,1271.123,100,8635ab947be3b913456a2bdae531ecee4eb3a5f1007c79cd8a2aced90022df24,results/m4/dev_main_v12_002
dev_main_v12_002__sbm_k4_r1_rep2_q06_main,sbm_k4_r1_rep2_q06_main,dev,sbm_k4_r1_rep2,334,COMPLETED,True,1.0,RECOVERED,COMPLETED,True,DEV_ALLOWED,True,True,True,0.82440185546875,0.11,0.1754089114495206,57957965/29775503142,0.0,0,,4,1247.1204,100,8881e890b4783d2bb659d0532c42a08f1ef09f2fab4fed322f4a9f41c1e951c9,results/m4/dev_main_v12_002
dev_main_v12_002__sbm_k4_r1_rep2_q07_main,sbm_k4_r1_rep2_q07_main,dev,sbm_k4_r1_rep2,371,COMPLETED,True,1.0,RECOVERED,COMPLETED,True,DEV_ALLOWED,True,True,True,0.47540283203125,0.78,1.9483925549915397,-368952428/44612312877,0.339041095890411,0,,4,986.0952,100,7f3ec4de5a99431222ab70f55aa645d3b01f56236ac7bf4b781733ad365d0ce0,results/m4/dev_main_v12_002
dev_main_v12_002__sbm_k4_r2_rep0_q00_main,sbm_k4_r2_rep0_q00_main,dev,sbm_k4_r2_rep0,51,COMPLETED,True,1.0,RECOVERED,COMPLETED,True,DEV_ALLOWED,True,True,True,0.65283203125,0.0375,0.11113436584344914,678589673/221266494764,0.0,0,,5,2850.2792999999997,80,6e295f2fe43d39cd8a90db42cab38404f3ba06e8a7bf1ca27c53e13d111c5faf,results/m4/dev_main_v12_002
dev_main_v12_002__sbm_k4_r2_rep0_q01_main,sbm_k4_r2_rep0_q01_main,dev,sbm_k4_r2_rep0,75,COMPLETED,True,1.0,RECOVERED,COMPLETED,True,DEV_ALLOWED,True,True,True,0.588714599609375,0.075,0.19129342821264128,760263577/221083516476,0.0,0,,5,3120.3055,80,cc8e6ee92d2d02ccfbffe48acab3ca602c029c6c94df479be8d74511d9425019,results/m4/dev_main_v12_002
dev_main_v12_002__sbm_k4_r2_rep0_q02_main,sbm_k4_r2_rep0_q02_main,dev,sbm_k4_r2_rep0,97,COMPLETED,True,1.0,RECOVERED,COMPLETED,True,DEV_ALLOWED,True,True,True,0.62957763671875,0.1,0.25423378769103677,97271893/55431751041,0.0,0,,5,3360.329,80,96f00f5dfff7dd58fec0c730e1ef62ecf7e1fac3aea64d08aa3c982eadc14c02,results/m4/dev_main_v12_002
dev_main_v12_002__sbm_k4_r2_rep0_q03_main,sbm_k4_r2_rep0_q03_main,dev,sbm_k4_r2_rep0,105,COMPLETED,True,1.0,RECOVERED,COMPLETED,True,DEV_ALLOWED,True,True,True,0.63372802734375,0.0875,0.16294919454770757,85636441/36954500694,0.0,0,,5,3087.3023999999996,80,fb107cbf86f3ddcd4aa924c4529a368f4e9a741a11ddb656009501e7d360d860,results/m4/dev_main_v12_002
dev_main_v12_002__sbm_k4_r2_rep0_q04_main,sbm_k4_r2_rep0_q04_main,dev,sbm_k4_r2_rep0,239,COMPLETED,True,1.0,RECOVERED,COMPLETED,True,DEV_ALLOWED,True,True,True,0.6461181640625,0.1,0.17888563049853373,3782223/1622572798,0.0,0,,5,3339.3275999999996,80,59d65d62710dbcd1d3d5e15b926f16d79ed53a62cc757ec67af4fd295a2134ca,results/m4/dev_main_v12_002
dev_main_v12_002__sbm_k4_r2_rep0_q05_main,sbm_k4_r2_rep0_q05_main,dev,sbm_k4_r2_rep0,232,COMPLETED,True,1.0,RECOVERED,COMPLETED,True,DEV_ALLOWED,True,True,True,0.78515625,0.075,0.20590699622957687,249658613/107798251946,0.0,0,,5,2688.2632,80,9d29f83e569887c38de307edbf78b1d00111a0fdf5b5ec1685ebadf2ef66ebb5,results/m4/dev_main_v12_002
dev_main_v12_002__sbm_k4_r2_rep0_q06_main,sbm_k4_r2_rep0_q06_main,dev,sbm_k4_r2_rep0,287,COMPLETED,True,1.0,RECOVERED,COMPLETED,True,DEV_ALLOWED,True,True,True,0.70367431640625,0.05,0.1047538914598233,30477497/13369971325,0.0,0,,5,2916.2862,80,680e44fa6705948fdd2143c3186fb4c18aaf671a99932f6b20c83db352c1e187,results/m4/dev_main_v12_002
dev_main_v12_002__sbm_k4_r2_rep0_q07_main,sbm_k4_r2_rep0_q07_main,dev,sbm_k4_r2_rep0,283,COMPLETED,True,1.0,RECOVERED,COMPLETED,True,DEV_ALLOWED,True,True,True,0.59820556640625,0.05,0.1409339503575936,27749147/13369971325,0.0,0,,4,2914.2852,80,8e7a7908de79ee3a28bfa77317041a351620d03ca5ddb687cac3cf0b237bf33a,results/m4/dev_main_v12_002
dev_main_v12_002__sbm_k4_r2_rep1_q00_main,sbm_k4_r2_rep1_q00_main,dev,sbm_k4_r2_rep1,25,COMPLETED,True,1.0,RECOVERED,COMPLETED,True,DEV_ALLOWED,True,True,True,0.355804443359375,1.0,2.8635299127102405,-54524567/3736548900,0.2581699346405229,0,,5,2401.2352,80,d5176b73b923bdf85d7a1c5a042bc6a7ddc213426591313980601e33993947fc,results/m4/dev_main_v12_002
dev_main_v12_002__sbm_k4_r2_rep1_q01_main,sbm_k4_r2_rep1_q01_main,dev,sbm_k4_r2_rep1,74,COMPLETED,True,1.0,RECOVERED,COMPLETED,True,DEV_ALLOWED,True,True,True,0.606658935546875,0.075,0.17096018735362997,1705579/1115772350,0.0,0,,5,3150.3086999999996,80,d1573ce4bc9c20e673459380a3efa74190448d4b3792f4c3238717e0aa5fcf17,results/m4/dev_main_v12_002
dev_main_v12_002__sbm_k4_r2_rep1_q02_main,sbm_k4_r2_rep1_q02_main,dev,sbm_k4_r2_rep1,157,COMPLETED,True,1.0,RECOVERED,COMPLETED,True,DEV_ALLOWED,True,True,True,0.63458251953125,0.0875,0.20389582892229516,18218129/7896619850,0.0,0,,4,3008.2943999999998,80,bb458eae5ef4832ece9e0926e0b472ba9d1fc63a61f232bbeb79dccbcb4e4814,results/m4/dev_main_v12_002
dev_main_v12_002__sbm_k4_r2_rep1_q03_main,sbm_k4_r2_rep1_q03_main,dev,sbm_k4_r2_rep1,127,COMPLETED,True,1.0,RECOVERED,COMPLETED,True,DEV_ALLOWED,True,True,True,0.71710205078125,0.1125,0.21723480838450138,1519298/595140507,0.0,0,,5,2976.2914,80,5417fefcad079360d63b3c65aa0c787a2b9704403979904b39cfe00fa818a770,results/m4/dev_main_v12_002
dev_main_v12_002__sbm_k4_r2_rep1_q04_main,sbm_k4_r2_rep1_q04_main,dev,sbm_k4_r2_rep1,211,COMPLETED,True,1.0,RECOVERED,COMPLETED,True,DEV_ALLOWED,True,True,True,0.6204833984375,0.075,0.15232211333617385,778693/244709955,0.0,0,,5,2989.2927999999997,80,337ced83a72d69b77a31cf727eea13a2161fbb432516b6e5af5c3064a14a33f9,results/m4/dev_main_v12_002
dev_main_v12_002__sbm_k4_r2_rep1_q05_main,sbm_k4_r2_rep1_q05_main,dev,sbm_k4_r2_rep1,166,COMPLETED,True,1.0,RECOVERED,COMPLETED,True,DEV_ALLOWED,True,True,True,0.72271728515625,0.0375,0.08968896463570515,876007/244709955,0.0,0,,5,2500.2450000000003,80,8405a4367e39bec2b7d075fc3d79a62e78dbc13d7d65414550aabb0938dd5238,results/m4/dev_main_v12_002
dev_main_v12_002__sbm_k4_r2_rep1_q06_main,sbm_k4_r2_rep1_q06_main,dev,sbm_k4_r2_rep1,299,COMPLETED,True,1.0,RECOVERED,COMPLETED,True,DEV_ALLOWED,True,True,True,0.76361083984375,0.0625,0.16172168825741748,473939/202687100,0.0,0,,5,2750.2695,80,71adfcc457936851ae9f4bf0867c0aec6de6524355fa064a059238c15d8880a6,results/m4/dev_main_v12_002
dev_main_v12_002__sbm_k4_r2_rep1_q07_main,sbm_k4_r2_rep1_q07_main,dev,sbm_k4_r2_rep1,259,COMPLETED,True,1.0,RECOVERED,COMPLETED,True,DEV_ALLOWED,True,True,True,0.71856689453125,0.1,0.25177601337233596,187344/70772975,0.0,0,,4,2961.2898,80,28828ddf5f7993df2aa6a302ee9b35e3eb972110c9838ccf90fc6efd6c83abbe,results/m4/dev_main_v12_002
dev_main_v12_002__sbm_k4_r2_rep2_q00_main,sbm_k4_r2_rep2_q00_main,dev,sbm_k4_r2_rep2,38,COMPLETED,True,1.0,RECOVERED,COMPLETED,True,DEV_ALLOWED,True,True,True,0.638427734375,0.0625,0.13837011884550085,213422/58692021,0.0,0,,4,2700.264,80,7c76cadd454a9d8966eec7ddca7104249c6331cb2a7c20f468edbca7218d946c,results/m4/dev_main_v12_002
dev_main_v12_002__sbm_k4_r2_rep2_q01_main,sbm_k4_r2_rep2_q01_main,dev,sbm_k4_r2_rep2,9,COMPLETED,True,1.0,RECOVERED,COMPLETED,True,DEV_ALLOWED,True,True,True,0.6798095703125,0.0875,0.20055178268251272,453241/112169160,0.0,0,,4,2745.2684,80,9c2ae77ba0be814f02d1609726d4593c2ea868613ae3978a8a4c7315e90e10fb,results/m4/dev_main_v12_002
dev_main_v12_002__sbm_k4_r2_rep2_q02_main,sbm_k4_r2_rep2_q02_main,dev,sbm_k4_r2_rep2,125,COMPLETED,True,1.0,RECOVERED,COMPLETED,True,DEV_ALLOWED,True,True,True,0.567474365234375,0.1,0.2430453879941435,112775329/36730830927,0.0,0,,4,3290.322,80,055e0cc06acb24fbbc9dba83ce3be94824f2f834b7d2f45f3947fffad2c4d35b,results/m4/dev_main_v12_002
dev_main_v12_002__sbm_k4_r2_rep2_q03_main,sbm_k4_r2_rep2_q03_main,dev,sbm_k4_r2_rep2,109,COMPLETED,True,1.0,RECOVERED,COMPLETED,True,DEV_ALLOWED,True,True,True,0.7122802734375,0.05,0.13553649864045178,127950223/36730830927,0.0,0,,4,2585.2529999999997,80,23311ce5779e39eec07890771ba3105dd27fda7e96d86ed2952abe518b3b270a,results/m4/dev_main_v12_002
dev_main_v12_002__sbm_k4_r2_rep2_q04_main,sbm_k4_r2_rep2_q04_main,dev,sbm_k4_r2_rep2,202,COMPLETED,True,1.0,RECOVERED,COMPLETED,True,DEV_ALLOWED,True,True,True,0.7674560546875,0.05,0.10014665828619317,72772213/21360797820,0.0,0,,5,2550.2499,80,2304359649afabd1aed883eef884f780361085c5a2f08c31e5d105975a8dc823,results/m4/dev_main_v12_002
dev_main_v12_002__sbm_k4_r2_rep2_q05_main,sbm_k4_r2_rep2_q05_main,dev,sbm_k4_r2_rep2,214,COMPLETED,True,1.0,RECOVERED,COMPLETED,True,DEV_ALLOWED,True,True,True,0.70037841796875,0.0375,0.10266080033521895,1955689/577318860,0.0,0,,5,2703.265,80,c25e9f44efbd68af17a4e18962392e597610c4c6651ee95d28fedd0b5dd5b914,results/m4/dev_main_v12_002
dev_main_v12_002__sbm_k4_r2_rep2_q06_main,sbm_k4_r2_rep2_q06_main,dev,sbm_k4_r2_rep2,240,COMPLETED,True,1.0,RECOVERED,COMPLETED,True,DEV_ALLOWED,True,True,True,0.6270751953125,0.0625,0.1362494767685224,20478202/9171258717,0.0,0,,5,3050.2989,80,e71aa04393ef46dd6c7122097765ce7e29911127ba462a46cee2cf4c6a7d0d3b,results/m4/dev_main_v12_002
dev_main_v12_002__sbm_k4_r2_rep2_q07_main,sbm_k4_r2_rep2_q07_main,dev,sbm_k4_r2_rep2,297,COMPLETED,True,1.0,RECOVERED,COMPLETED,True,DEV_ALLOWED,True,True,True,0.7396240234375,0.0625,0.14315613227291754,21415309/8951360823,0.0,0,,5,2808.2754,80,2697a3fe42f9c93a5738a75202eebf22e0db5b6bfcd4f95274e22b9d650c6602,results/m4/dev_main_v12_002
dev_main_v12_002__sbm_k4_r3_rep0_q00_main,sbm_k4_r3_rep0_q00_main,dev,sbm_k4_r3_rep0,214,COMPLETED,True,1.0,RECOVERED,COMPLETED,True,DEV_ALLOWED,True,True,True,0.8095703125,0.392,0.8559012470084394,-1225274305/1012536820888,0.12663755458515283,0,,3,667.0638,250,8702469e24de5bc19ac2684884c328e26b68623f4551d8e398c5ad11a0c4c777,results/m4/dev_main_v12_002
dev_main_v12_002__sbm_k4_r3_rep0_q01_main,sbm_k4_r3_rep0_q01_main,dev,sbm_k4_r3_rep0,148,COMPLETED,True,1.0,RECOVERED,COMPLETED,True,DEV_ALLOWED,True,True,True,0.8345947265625,0.292,0.6091447285552336,-182718589/253422367105,0.05012531328320802,0,,4,675.065,250,d152a772b7cb63c4796840594f493eb559ce9475bae3c31c8ed70faddd8abfd0,results/m4/dev_main_v12_002
dev_main_v12_002__sbm_k4_r3_rep0_q02_main,sbm_k4_r3_rep0_q02_main,dev,sbm_k4_r3_rep0,482,COMPLETED,True,1.0,RECOVERED,COMPLETED,True,DEV_ALLOWED,True,True,True,0.81695556640625,0.36,0.871719401520726,-183934675/133612088166,0.12340425531914893,0,,4,725.0696,250,ecb909aeb9e2d857a5304230052a12134258ed844051aadc83565f2246df1a35,results/m4/dev_main_v12_002
dev_main_v12_002__sbm_k4_r3_rep0_q03_main,sbm_k4_r3_rep0_q03_main,dev,sbm_k4_r3_rep0,451,COMPLETED,True,1.0,RECOVERED,COMPLETED,True,DEV_ALLOWED,True,True,True,0.83050537109375,0.356,0.7634289919058131,-8823404/7422893787,0.07640449438202247,0,,4,700.0672,250,434617929121ec5638c0ff015e5a3768a6d6316dea45d5e951d7664c5e5303ce,results/m4/dev_main_v12_002
dev_main_v12_002__sbm_k4_r3_rep0_q04_main,sbm_k4_r3_rep0_q04_main,dev,sbm_k4_r3_rep0,513,COMPLETED,True,1.0,RECOVERED,COMPLETED,True,DEV_ALLOWED,True,True,True,0.9039306640625,0.284,0.6458955223880597,-6538687/7016138160,0.06569343065693431,0,,3,486.0459,250,784e45017b5378f103af36de2cea42fea4eea948a5e8a6d45e7b1e52e89e68a7,results/m4/dev_main_v12_002
dev_main_v12_002__sbm_k4_r3_rep0_q05_main,sbm_k4_r3_rep0_q05_main,dev,sbm_k4_r3_rep0,673,COMPLETED,True,1.0,RECOVERED,COMPLETED,True,DEV_ALLOWED,True,True,True,0.67498779296875,0.432,1.1417910447761195,-128312689/64899277980,0.2811320754716981,0,,3,759.0726000000001,250,8b89af4a27ce1d86acb489a6cf57c8ff533585262c59545305478e13ac920bb3,results/m4/dev_main_v12_002
dev_main_v12_002__sbm_k4_r3_rep0_q06_main,sbm_k4_r3_rep0_q06_main,dev,sbm_k4_r3_rep0,872,COMPLETED,True,1.0,RECOVERED,COMPLETED,True,DEV_ALLOWED,True,True,True,0.6593017578125,0.888,2.003812569179683,-2295458759/530907709370,0.33377837116154874,0,,4,936.0897,250,8efaba7ca28cfbcc41f23dc1929c8d807bc57bbd92f91a6cd4152b516afd9112,results/m4/dev_main_v12_002
dev_main_v12_002__sbm_k4_r3_rep0_q07_main,sbm_k4_r3_rep0_q07_main,dev,sbm_k4_r3_rep0,772,COMPLETED,True,1.0,RECOVERED,COMPLETED,True,DEV_ALLOWED,True,True,True,0.676025390625,0.628,1.3553068503259131,-1527129929/530907709370,0.3644067796610169,0,,3,665.0630000000001,250,f593701e7a2d4051bf5824870ac2bd202b6bf4e362f7008f1bb846382a3aad89,results/m4/dev_main_v12_002
dev_main_v12_002__sbm_k4_r3_rep1_q00_main,sbm_k4_r3_rep1_q00_main,dev,sbm_k4_r3_rep1,178,COMPLETED,True,1.0,RECOVERED,COMPLETED,True,DEV_ALLOWED,True,True,True,0.534576416015625,0.716,1.8848454001781396,-1065957667/329409230536,0.35511363636363635,0,,3,874.0835999999999,250,42d45094183e93f2388fb13c2af65b13d189db7a773d1e4f98d2b3ec8d8b15fc,results/m4/dev_main_v12_002
dev_main_v12_002__sbm_k4_r3_rep1_q01_main,sbm_k4_r3_rep1_q01_main,dev,sbm_k4_r3_rep1,109,COMPLETED,True,1.0,RECOVERED,COMPLETED,True,DEV_ALLOWED,True,True,True,0.94049072265625,0.092,0.18704669805318744,-899947/8607469209,0.006734006734006734,0,,3,792.0748,250,b8179b836fb1ea0422df01017883bf630a28ba3c4fff37e311cca3bc75a0667a,results/m4/dev_main_v12_002
dev_main_v12_002__sbm_k4_r3_rep1_q02_main,sbm_k4_r3_rep1_q02_main,dev,sbm_k4_r3_rep1,421,COMPLETED,True,0.9979959919839679,H2,COMPLETED,True,DEV_ALLOWED,True,True,True,0.84893798828125,0.332,0.8603820086260012,-278890717/175921444070,0.12633832976445397,-9236815/105552866442,output_has_lower_Z_than_truth,4,780.075,249,809af1d88fdca4abc624fad73c1e40d583df49638cf0bee4799d63b038f160c1,results/m4/dev_main_v12_002
dev_main_v12_002__sbm_k4_r3_rep1_q03_main,sbm_k4_r3_rep1_q03_main,dev,sbm_k4_r3_rep1,432,COMPLETED,True,1.0,RECOVERED,COMPLETED,True,DEV_ALLOWED,True,True,True,0.9588623046875,0.056,0.10733210104744301,-15987481/26574209976,0.010830324909747292,0,,3,966.0924,250,6b633eed60dda4667d3beb648ec4ceea929735214c4636b2a59491ee4c2a4bff,results/m4/dev_main_v12_002
dev_main_v12_002__sbm_k4_r3_rep1_q04_main,sbm_k4_r3_rep1_q04_main,dev,sbm_k4_r3_rep1,665,COMPLETED,True,0.998003992015968,H2,COMPLETED,True,DEV_ALLOWED,True,True,True,0.7626953125,0.536,1.3014678208505834,-644325239/254199582021,0.3509700176366843,792447883/512758153218,feasible_truth_has_lower_Z_than_output,3,646.0612,251,ba05ac5991ccfc99e98c5558b668543ff68379211775c7cd06a8d3ac0b8b4222,results/m4/dev_main_v12_002
dev_main_v12_002__sbm_k4_r3_rep1_q05_main,sbm_k4_r3_rep1_q05_main,dev,sbm_k4_r3_rep1,735,COMPLETED,True,1.0,RECOVERED,COMPLETED,True,DEV_ALLOWED,True,True,True,0.77783203125,0.42,0.9508217287667796,-422653789/254199582021,0.18840579710144928,0,,3,660.063,250,8c367b79d1ef99401591de69537fdf9ee26666d7f62a86598aa29a6265e2574a,results/m4/dev_main_v12_002
dev_main_v12_002__sbm_k4_r3_rep1_q06_main,sbm_k4_r3_rep1_q06_main,dev,sbm_k4_r3_rep1,957,COMPLETED,True,0.9979959919839679,H1,COMPLETED,True,DEV_ALLOWED,True,False,True,1.0452880859375,0.468,0.8928614860756415,-80954909/49266377670,0.16356107660455488,10875183/361242683336,,3,638.0609000000001,249,44c5df5c8a277031c49b4a3cf644e10cdcaaa3561a34397942308768e3fb2d28,results/m4/dev_main_v12_002
dev_main_v12_002__sbm_k4_r3_rep1_q07_main,sbm_k4_r3_rep1_q07_main,dev,sbm_k4_r3_rep1,984,COMPLETED,True,0.9979959919839679,H2,COMPLETED,True,DEV_ALLOWED,True,True,True,0.77899169921875,0.564,1.1616198467712513,-34668403/16422125890,0.3083941605839416,-1459283/16422125890,output_has_lower_Z_than_truth,4,768.0735999999999,249,1bce02c1f869f75314de916980005eac01b20225943d3065f58ef32d96f2af29,results/m4/dev_main_v12_002
dev_main_v12_002__sbm_k4_r3_rep2_q00_main,sbm_k4_r3_rep2_q00_main,dev,sbm_k4_r3_rep2,77,COMPLETED,True,1.0,RECOVERED,COMPLETED,True,DEV_ALLOWED,True,True,True,0.7603759765625,0.504,1.2213255074590363,-73335793/34129173798,0.32065217391304346,0,,3,726.0693000000001,250,112055d94d659dbb77a0e28323633ce855668b44be9011188ec4aac026d97885,results/m4/dev_main_v12_002
dev_main_v12_002__sbm_k4_r3_rep2_q01_main,sbm_k4_r3_rep2_q01_main,dev,sbm_k4_r3_rep2,34,COMPLETED,True,1.0,RECOVERED,COMPLETED,True,DEV_ALLOWED,True,True,True,0.94354248046875,0.408,0.7987282954267547,-9949033/7587985923,0.09172259507829977,0,,3,616.0588,250,1760bc7590c4a219813468cc5c55a48489b484f8395c8579b7ab49ec7c21c038,results/m4/dev_main_v12_002
dev_main_v12_002__sbm_k4_r3_rep2_q02_main,sbm_k4_r3_rep2_q02_main,dev,sbm_k4_r3_rep2,361,COMPLETED,True,1.0,RECOVERED,COMPLETED,True,DEV_ALLOWED,True,True,True,0.96612548828125,0.316,0.785572632622707,-41342282/44270574291,0.087248322147651,0,,3,638.0609000000001,250,36874f8e0bf5664ab6e6e334c9561a036c896a479c0f9091dbc1e77e6ec458df,results/m4/dev_main_v12_002
dev_main_v12_002__sbm_k4_r3_rep2_q03_main,sbm_k4_r3_rep2_q03_main,dev,sbm_k4_r3_rep2,488,COMPLETED,True,1.0,RECOVERED,COMPLETED,True,DEV_ALLOWED,True,True,True,0.67657470703125,0.836,2.1091968269707486,-115832161/29510041220,0.32806324110671936,0,,3,880.084,250,316b5fb03eb3d36d912d9bbe15361c768eef660a1533a10849c18a0e9776951d,results/m4/dev_main_v12_002
dev_main_v12_002__sbm_k4_r3_rep2_q04_main,sbm_k4_r3_rep2_q04_main,dev,sbm_k4_r3_rep2,572,COMPLETED,True,1.0,RECOVERED,COMPLETED,True,DEV_ALLOWED,True,True,True,0.72589111328125,0.532,1.4884400097347286,-1110134075/367037953548,0.3818770226537217,0,,4,1008.0971999999999,250,e57ce2b403e9e543731a833d0b0350d94d202c77b3a5ee8abfa0103166cc2f92,results/m4/dev_main_v12_002
dev_main_v12_002__sbm_k4_r3_rep2_q05_main,sbm_k4_r3_rep2_q05_main,dev,sbm_k4_r3_rep2,570,COMPLETED,True,1.0,RECOVERED,COMPLETED,True,DEV_ALLOWED,True,True,True,0.66656494140625,0.884,2.2988561693842784,-1962696215/367037953548,0.304029304029304,0,,4,984.0943,250,b2751ac47aeda01b00e71ed849020ae450ed9be8643d2449f87496986092886d,results/m4/dev_main_v12_002
dev_main_v12_002__sbm_k4_r3_rep2_q06_main,sbm_k4_r3_rep2_q06_main,dev,sbm_k4_r3_rep2,892,COMPLETED,True,1.0,RECOVERED,COMPLETED,True,DEV_ALLOWED,True,True,True,0.525421142578125,0.976,2.236317810849736,-106803125/23579739138,0.30514705882352944,0,,4,984.0943,250,d99be4a8fc621a8988b46b6f7dd400712911ed67d2620a036d00b8b84f7eb076,results/m4/dev_main_v12_002
dev_main_v12_002__sbm_k4_r3_rep2_q07_main,sbm_k4_r3_rep2_q07_main,dev,sbm_k4_r3_rep2,773,COMPLETED,True,1.0,RECOVERED,COMPLETED,True,DEV_ALLOWED,True,True,True,0.7655029296875,0.524,1.0694911185789726,-1887565/1313148196,0.2581888246628131,0,,4,896.0864,250,e90c5a5a12be42ef8aeb2f32d9d17d1ba2444674910dda8497c992b7bf1183b5,results/m4/dev_main_v12_002
dev_main_v12_002__sbm_k8_r0_rep0_q00_main,sbm_k8_r0_rep0_q00_main,dev,sbm_k8_r0_rep0,3,COMPLETED,True,1.0,RECOVERED,COMPLETED,True,DEV_ALLOWED,True,True,True,0.3853759765625,0.92,4.948900772430184,-24267145541/2352701648880,0.16694772344013492,0,,5,5727.5644,100,c43f41a7994088fd94b34860bf139ccb6f34de72b64df397dddfaa739576bb01,results/m4/dev_main_v12_002
dev_main_v12_002__sbm_k8_r0_rep0_q01_main,sbm_k8_r0_rep0_q01_main,dev,sbm_k8_r0_rep0,90,COMPLETED,True,1.0,RECOVERED,COMPLETED,True,DEV_ALLOWED,True,True,True,0.7144775390625,0.11,0.32941176470588235,36202993/26796322080,0.0,0,,5,6160.6071999999995,100,bd6200f45ca9835eae30336930cd18334796996f9f3c94cd43652f2b7b051a10,results/m4/dev_main_v12_002
dev_main_v12_002__sbm_k8_r0_rep0_q02_main,sbm_k8_r0_rep0_q02_main,dev,sbm_k8_r0_rep0,134,COMPLETED,True,1.0,RECOVERED,COMPLETED,True,DEV_ALLOWED,True,True,True,0.83154296875,0.12,0.46693577110293244,376274209/295039765856,0.0,0,,5,6510.6417,100,57e1b931274fd2a4ba9709c1558b57e4988830454a9ce886ff781065642b4f85,results/m4/dev_main_v12_002
dev_main_v12_002__sbm_k8_r0_rep0_q03_main,sbm_k8_r0_rep0_q03_main,dev,sbm_k8_r0_rep0,183,COMPLETED,True,1.0,RECOVERED,COMPLETED,True,DEV_ALLOWED,True,True,True,0.46234130859375,0.82,3.4386798052950254,-7816804211/1179451194504,0.2234762979683973,0,,5,5070.4992,100,4a99452c25e92009252b97216b7cb5f4405111f91d389e3071e070715af31f8a,results/m4/dev_main_v12_002
dev_main_v12_002__sbm_k8_r0_rep0_q04_main,sbm_k8_r0_rep0_q04_main,dev,sbm_k8_r0_rep0,230,COMPLETED,True,1.0,RECOVERED,COMPLETED,True,DEV_ALLOWED,True,True,True,0.384552001953125,0.93,5.302878896026647,-9981032813/781888057632,0.15789473684210525,0,,5,5712.5628,100,97dc3adf5d655aae004a270a118f2ad4e447e11d7d7728491f580e9addb1078c,results/m4/dev_main_v12_002
dev_main_v12_002__sbm_k8_r0_rep0_q05_main,sbm_k8_r0_rep0_q05_main,dev,sbm_k8_r0_rep0,261,COMPLETED,True,1.0,RECOVERED,COMPLETED,True,DEV_ALLOWED,True,True,True,0.410552978515625,0.85,4.209850107066381,-7311597233/781888057632,0.1907514450867052,0,,5,5346.5265,100,5b4fc2a5ed3956de3e6005148c385f6db38c467b4e710f9622550ad14eaace10,results/m4/dev_main_v12_002
dev_main_v12_002__sbm_k8_r0_rep0_q06_main,sbm_k8_r0_rep0_q06_main,dev,sbm_k8_r0_rep0,337,COMPLETED,True,1.0,RECOVERED,COMPLETED,True,DEV_ALLOWED,True,True,True,0.383636474609375,0.96,5.6562611700226375,-41750339/3184141136,0.15,0,,5,5780.5695,100,8aa613abc2f9599e85ec27dbec5001739dff872712cf0598e49b82ebc31708bb,results/m4/dev_main_v12_002
dev_main_v12_002__sbm_k8_r0_rep0_q07_main,sbm_k8_r0_rep0_q07_main,dev,sbm_k8_r0_rep0,311,COMPLETED,True,1.0,RECOVERED,COMPLETED,True,DEV_ALLOWED,True,True,True,0.925048828125,0.09,0.47146431550101275,350432365/217683130896,0.0,0,,5,6424.633599999999,100,053609e175a1c2c0ade80cdcef4648e43c4ee9166d7d3ccde42a16ca40fb9513,results/m4/dev_main_v12_002
dev_main_v12_002__sbm_k8_r0_rep0_q08_main,sbm_k8_r0_rep0_q08_main,dev,sbm_k8_r0_rep0,432,COMPLETED,True,1.0,RECOVERED,COMPLETED,True,DEV_ALLOWED,True,True,True,0.392578125,0.84,4.068679692125518,-148663681/14340600880,0.1956521739130435,0,,5,5600.552,100,e06bddd90c38d12b49e564e36b36a447657e925f6f16e57e7fe869d0b0014d20,results/m4/dev_main_v12_002
dev_main_v12_002__sbm_k8_r0_rep0_q09_main,sbm_k8_r0_rep0_q09_main,dev,sbm_k8_r0_rep0,412,COMPLETED,True,1.0,RECOVERED,COMPLETED,True,DEV_ALLOWED,True,True,True,0.46441650390625,0.41,2.007341622261693,-155799683/43021802640,0.21739130434782608,0,,5,4615.4544,100,c4c976265509356f7449951d12aef23e16d7cc60bfb7a57cc723a86ef67789d5,results/m4/dev_main_v12_002
dev_main_v12_002__sbm_k8_r0_rep0_q10_main,sbm_k8_r0_rep0_q10_main,dev,sbm_k8_r0_rep0,544,COMPLETED,True,1.0,RECOVERED,COMPLETED,True,DEV_ALLOWED,True,True,True,0.44403076171875,0.75,2.7912557918498275,-5472885145/1177620719264,0.2559366754617414,0,,5,5175.509999999999,100,148b3b17f1289e76ec6b23b58433d9f9d0750a5c404f75777dd8aaa968f1ca4e,results/m4/dev_main_v12_002
dev_main_v12_002__sbm_k8_r0_rep0_q11_main,sbm_k8_r0_rep0_q11_main,dev,sbm_k8_r0_rep0,582,COMPLETED,True,1.0,RECOVERED,COMPLETED,True,DEV_ALLOWED,True,True,True,0.8070068359375,0.09,0.40762742069621005,208438183/107056429024,0.0,0,,5,6279.6188,100,abc1f761c1c22f016038fcdc9ae2ff930e3de64609362eecbcd0be132c5ff97b,results/m4/dev_main_v12_002
dev_main_v12_002__sbm_k8_r0_rep0_q12_main,sbm_k8_r0_rep0_q12_main,dev,sbm_k8_r0_rep0,698,COMPLETED,True,1.0,RECOVERED,COMPLETED,True,DEV_ALLOWED,True,True,True,0.77923583984375,0.11,0.4165057915057915,9342/7243675,0.0,0,,5,6300.621,100,74b6d129ea397955994d5ef25381d5ae601b2fb6934318417ee223d1c1cb6447,results/m4/dev_main_v12_002
dev_main_v12_002__sbm_k8_r0_rep0_q13_main,sbm_k8_r0_rep0_q13_main,dev,sbm_k8_r0_rep0,640,COMPLETED,True,1.0,RECOVERED,COMPLETED,True,DEV_ALLOWED,True,True,True,0.365234375,0.83,4.271476833976834,-366439893/40786427264,0.19148936170212766,0,,5,5913.5832,100,cdcd0ca344b1160ef543a3d24672163f9627048a6857ecbe8e87c8006924e41b,results/m4/dev_main_v12_002
dev_main_v12_002__sbm_k8_r0_rep0_q14_main,sbm_k8_r0_rep0_q14_main,dev,sbm_k8_r0_rep0,711,COMPLETED,True,1.0,RECOVERED,COMPLETED,True,DEV_ALLOWED,True,True,True,0.435211181640625,0.8,3.729780935464772,-3510585491/473466938736,0.2088607594936709,0,,5,5280.5199999999995,100,5e545e01a4ec038b1f105273588393a1c8292386989ffac1f97424dd47ce3be6,results/m4/dev_main_v12_002
dev_main_v12_002__sbm_k8_r0_rep0_q15_main,sbm_k8_r0_rep0_q15_main,dev,sbm_k8_r0_rep0,767,COMPLETED,True,1.0,RECOVERED,COMPLETED,True,DEV_ALLOWED,True,True,True,0.713623046875,0.08,0.36767317939609234,5072588849/2418150488160,0.0,0,,5,5796.5704,100,af52579b5d1f655bc804794dcd33f4ad0c8e2ee8849553db8e774a0989534c06,results/m4/dev_main_v12_002
dev_main_v12_002__sbm_k8_r0_rep1_q00_main,sbm_k8_r0_rep1_q00_main,dev,sbm_k8_r0_rep1,42,COMPLETED,True,1.0,RECOVERED,COMPLETED,True,DEV_ALLOWED,True,True,True,0.469146728515625,1.0,6.5578783896786526,-7852637039/465457852794,0.1318242343541944,0,,5,5916.5829,100,280b4db422fc051acd670ccb0c77af2faa32dc978d63c8d733d317b847908388,results/m4/dev_main_v12_002
dev_main_v12_002__sbm_k8_r0_rep1_q01_main,sbm_k8_r0_rep1_q01_main,dev,sbm_k8_r0_rep1,61,COMPLETED,True,1.0,RECOVERED,COMPLETED,True,DEV_ALLOWED,True,True,True,0.63165283203125,0.08,0.299366861784733,1933711144/1167305220059,0.0,0,,5,6072.598,100,1479013b1112dc6ea26ae7922da334deadfddd59dd02be508bffac18d54202ee,results/m4/dev_main_v12_002
dev_main_v12_002__sbm_k8_r0_rep1_q02_main,sbm_k8_r0_rep1_q02_main,dev,sbm_k8_r0_rep1,112,COMPLETED,True,1.0,RECOVERED,COMPLETED,True,DEV_ALLOWED,True,True,True,0.74444580078125,0.09,0.39623971797884844,3477914009/2412307795260,0.0,0,,5,6164.6071999999995,100,4fbc722b11e830e714d3c61ad8158d5c35278de837b9f2108342f9a290fb402d,results/m4/dev_main_v12_002
dev_main_v12_002__sbm_k8_r0_rep1_q03_main,sbm_k8_r0_rep1_q03_main,dev,sbm_k8_r0_rep1,114,COMPLETED,True,1.0,RECOVERED,COMPLETED,True,DEV_ALLOWED,True,True,True,0.75885009765625,0.11,0.381786133960047,890986313/603076948815,0.0,0,,5,5963.587399999999,100,458ed11318b667b03f0b6ef01610d2875f27c52e8746a2178ba829cc01d86d7f,results/m4/dev_main_v12_002
dev_main_v12_002__sbm_k8_r0_rep1_q04_main,sbm_k8_r0_rep1_q04_main,dev,sbm_k8_r0_rep1,227,COMPLETED,True,1.0,RECOVERED,COMPLETED,True,DEV_ALLOWED,True,True,True,0.428375244140625,0.85,4.736271506009898,-301988206/27189309477,0.17217391304347826,0,,5,5561.5478,100,a5605539e37780e81f52d2cc3bfd0876f2c91b3955e3c7896aa509d08902e1e3,results/m4/dev_main_v12_002
dev_main_v12_002__sbm_k8_r0_rep1_q05_main,sbm_k8_r0_rep1_q05_main,dev,sbm_k8_r0_rep1,294,COMPLETED,True,1.0,RECOVERED,COMPLETED,True,DEV_ALLOWED,True,True,True,0.4373779296875,0.73,3.2715060098986566,-178856626/27189309477,0.23076923076923078,0,,5,5148.5070000000005,100,16f91b3578b47cdfa2d5f0df998033e0913f56ff31596595d9ca9949a3e15540,results/m4/dev_main_v12_002
dev_main_v12_002__sbm_k8_r0_rep1_q06_main,sbm_k8_r0_rep1_q06_main,dev,sbm_k8_r0_rep1,327,COMPLETED,True,1.0,RECOVERED,COMPLETED,True,DEV_ALLOWED,True,True,True,0.4620361328125,0.7,3.3851407041092663,-164768485/24222840004,0.225,0,,5,5304.5226,100,ca5f53097e5eadf008de8ebdec5053571da1ec57ed73b44b245168bcacb428e9,results/m4/dev_main_v12_002
dev_main_v12_002__sbm_k8_r0_rep1_q07_main,sbm_k8_r0_rep1_q07_main,dev,sbm_k8_r0_rep1,384,COMPLETED,True,1.0,RECOVERED,COMPLETED,True,DEV_ALLOWED,True,True,True,0.490478515625,0.91,3.5028847286000238,-9113815/1274886316,0.21902654867256638,0,,5,5214.513499999999,100,d3d9a2abe203a5f5355c4f5b88f705d7662b275d50a98de6bac271a4d5a0ca85,results/m4/dev_main_v12_002
dev_main_v12_002__sbm_k8_r0_rep1_q08_main,sbm_k8_r0_rep1_q08_main,dev,sbm_k8_r0_rep1,444,COMPLETED,True,1.0,RECOVERED,COMPLETED,True,DEV_ALLOWED,True,True,True,0.41339111328125,0.72,2.157613217639368,-7412155017/2353964837092,0.24761904761904763,0,,5,4757.468599999999,100,253608b23972f578d03e2d659aa40d547ac51acd481ea8b432dbeca877ed582b,results/m4/dev_main_v12_002
dev_main_v12_002__sbm_k8_r0_rep1_q09_main,sbm_k8_r0_rep1_q09_main,dev,sbm_k8_r0_rep1,415,COMPLETED,True,1.0,RECOVERED,COMPLETED,True,DEV_ALLOWED,True,True,True,0.726806640625,0.1,0.39320099845477235,4317722223/2353964837092,0.0,0,,5,6532.643999999999,100,1069d37cc03f942359720df2a515718ecf74c360e49faf6a27317f4909eb9ffd,results/m4/dev_main_v12_002
dev_main_v12_002__sbm_k8_r0_rep1_q10_main,sbm_k8_r0_rep1_q10_main,dev,sbm_k8_r0_rep1,592,COMPLETED,True,1.0,RECOVERED,COMPLETED,True,DEV_ALLOWED,True,True,True,0.45068359375,0.74,3.2097162097162095,-806804914/143748107811,0.23798076923076922,0,,5,5148.5070000000005,100,5df92e96756855054ccfcb2818cb0e1fa25ad5784bb9d43d1fe634fbb884863d,results/m4/dev_main_v12_002
dev_main_v12_002__sbm_k8_r0_rep1_q11_main,sbm_k8_r0_rep1_q11_main,dev,sbm_k8_r0_rep1,555,COMPLETED,True,1.0,RECOVERED,COMPLETED,True,DEV_ALLOWED,True,True,True,0.345184326171875,1.0,5.290764790764791,-1675875923/143643207708,0.15942028985507245,0,,5,5880.5796,100,7239fff1942f461d63fff318149675fd2511b2006e9ae72b770305d3876a7ec1,results/m4/dev_main_v12_002
dev_main_v12_002__sbm_k8_r0_rep1_q12_main,sbm_k8_r0_rep1_q12_main,dev,sbm_k8_r0_rep1,649,COMPLETED,True,1.0,RECOVERED,COMPLETED,True,DEV_ALLOWED,True,True,True,0.409454345703125,0.95,4.863570391872279,-3925665323/379215234684,0.17217391304347826,0,,5,5561.5478,100,7cbbbaa6aac58967d8e71dd157635204afd1e6ac2cb1aeef69e5b4beebc095ea,results/m4/dev_main_v12_002
dev_main_v12_002__sbm_k8_r0_rep1_q13_main,sbm_k8_r0_rep1_q13_main,dev,sbm_k8_r0_rep1,663,COMPLETED,True,1.0,RECOVERED,COMPLETED,True,DEV_ALLOWED,True,True,True,0.404022216796875,0.66,3.1179245283018866,-4427115829/758430469368,0.24504950495049505,0,,5,5159.5082,100,9f0c9b1da98a85ac3c8b2d413a448b6f9222e42e43dcaae3d3d8ef03eb90078f,results/m4/dev_main_v12_002
dev_main_v12_002__sbm_k8_r0_rep1_q14_main,sbm_k8_r0_rep1_q14_main,dev,sbm_k8_r0_rep1,795,COMPLETED,True,1.0,RECOVERED,COMPLETED,True,DEV_ALLOWED,True,True,True,0.77886962890625,0.09,0.4491032189096092,3084522079/2363289997090,0.0,0,,5,6840.6745,100,d198196f4001b08398ccb74108bab4481e8108b35835360a59fdd5ad7b3af9de,results/m4/dev_main_v12_002
dev_main_v12_002__sbm_k8_r0_rep1_q15_main,sbm_k8_r0_rep1_q15_main,dev,sbm_k8_r0_rep1,766,COMPLETED,True,1.0,RECOVERED,COMPLETED,True,DEV_ALLOWED,True,True,True,0.46453857421875,1.0,5.0390782753296115,-27743077413/2355643642396,0.16472545757071547,0,,5,6048.596399999999,100,0f4e87a3afecddbf71c218eb175102772172b71111a6615b98e9786de1349734,results/m4/dev_main_v12_002
dev_main_v12_002__sbm_k8_r0_rep2_q00_main,sbm_k8_r0_rep2_q00_main,dev,sbm_k8_r0_rep2,82,COMPLETED,True,1.0,RECOVERED,COMPLETED,True,DEV_ALLOWED,True,True,True,0.4495849609375,0.46,2.387735849056604,-14707813/3748274056,0.2692307692307692,0,,5,5254.518,100,359c3729d9b49c6e3385804d533ef39937789bc5820b2b4498ae9ce637a284c3,results/m4/dev_main_v12_002
dev_main_v12_002__sbm_k8_r0_rep2_q01_main,sbm_k8_r0_rep2_q01_main,dev,sbm_k8_r0_rep2,26,COMPLETED,True,1.0,RECOVERED,COMPLETED,True,DEV_ALLOWED,True,True,True,0.79168701171875,0.1,0.4357311320754717,2942680751/2405488918080,0.0,0,,5,6348.625599999999,100,2fd4bfa8832b699dc6435e79bb7195ca5326677f8c21904133dd5a92ecd08b96,results/m4/dev_main_v12_002
dev_main_v12_002__sbm_k8_r0_rep2_q02_main,sbm_k8_r0_rep2_q02_main,dev,sbm_k8_r0_rep2,180,COMPLETED,True,1.0,RECOVERED,COMPLETED,True,DEV_ALLOWED,True,True,True,0.8272705078125,0.09,0.4470241602828521,3577944587/2410349375730,0.0,0,,5,6693.6596,100,186cacf68151c2b0594183248777d7183a792b42c2d1f5d22b484cebbfcb9cae,results/m4/dev_main_v12_002
dev_main_v12_002__sbm_k8_r0_rep2_q03_main,sbm_k8_r0_rep2_q03_main,dev,sbm_k8_r0_rep2,195,COMPLETED,True,1.0,RECOVERED,COMPLETED,True,DEV_ALLOWED,True,True,True,0.747314453125,0.09,0.4491455509723041,3565541759/2410349375730,0.0,0,,5,6624.652800000001,100,3e9c3f4bd5b5cfb9b66bccabaeebb312a82c96b5fd45b4b109ee64907caa3fa8,results/m4/dev_main_v12_002
dev_main_v12_002__sbm_k8_r0_rep2_q04_main,sbm_k8_r0_rep2_q04_main,dev,sbm_k8_r0_rep2,276,COMPLETED,True,1.0,RECOVERED,COMPLETED,True,DEV_ALLOWED,True,True,True,0.396209716796875,0.84,3.7586976962858487,-550542019/75572535462,0.20754716981132076,0,,5,5840.576,100,13ae0af95c074b02e11edf08bddc509ce1e338854d62eab4a939317258c1b89e,results/m4/dev_main_v12_002
dev_main_v12_002__sbm_k8_r0_rep2_q05_main,sbm_k8_r0_rep2_q05_main,dev,sbm_k8_r0_rep2,245,COMPLETED,True,1.0,RECOVERED,COMPLETED,True,DEV_ALLOWED,True,True,True,0.69879150390625,0.09,0.4185472496473907,245462849/151360787010,0.0,0,,5,6900.68,100,dd5121a3dc4de8eca5cc69e43c0ce757de38716ead33a75f4dd14256b6fe18c4,results/m4/dev_main_v12_002
dev_main_v12_002__sbm_k8_r0_rep2_q06_main,sbm_k8_r0_rep2_q06_main,dev,sbm_k8_r0_rep2,383,COMPLETED,True,1.0,RECOVERED,COMPLETED,True,DEV_ALLOWED,True,True,True,0.78228759765625,0.08,0.45183595612780164,139934939/98089765494,0.0,0,,5,6720.6624,100,2a9e888d3fd8975d4c89ddd29c0cc829e04c2be03ac1d2e3dac170b81593ae54,results/m4/dev_main_v12_002
dev_main_v12_002__sbm_k8_r0_rep2_q07_main,sbm_k8_r0_rep2_q07_main,dev,sbm_k8_r0_rep2,323,COMPLETED,True,1.0,RECOVERED,COMPLETED,True,DEV_ALLOWED,True,True,True,0.74383544921875,0.08,0.33249880782069624,150040973/87243414648,0.0,0,,5,6052.5963,100,bb5adbc83b11916b1233672cedee4ffec6a8c63a0662f84d000b065fde135609,results/m4/dev_main_v12_002
dev_main_v12_002__sbm_k8_r0_rep2_q08_main,sbm_k8_r0_rep2_q08_main,dev,sbm_k8_r0_rep2,424,COMPLETED,True,1.0,RECOVERED,COMPLETED,True,DEV_ALLOWED,True,True,True,0.382293701171875,0.89,4.181315378141156,-9796422648/1155726685471,0.19488188976377951,0,,5,5832.5751,100,20bf0e267fc9d99d08dd1fa66c82576e74f2e9b7bb4ac6353ac2004c94444c4f,results/m4/dev_main_v12_002
dev_main_v12_002__sbm_k8_r0_rep2_q09_main,sbm_k8_r0_rep2_q09_main,dev,sbm_k8_r0_rep2,481,COMPLETED,True,1.0,RECOVERED,COMPLETED,True,DEV_ALLOWED,True,True,True,0.410064697265625,0.97,5.3693639533485635,-13695544296/1155726685471,0.1584,0,,5,6290.6205,100,a97a297835da01654cd164774deea872397ce1adc55c583920ddd29524a9b9c2,results/m4/dev_main_v12_002
dev_main_v12_002__sbm_k8_r0_rep2_q10_main,sbm_k8_r0_rep2_q10_main,dev,sbm_k8_r0_rep2,513,COMPLETED,True,1.0,RECOVERED,COMPLETED,True,DEV_ALLOWED,True,True,True,0.6644287109375,0.12,0.423561256914205,3828642673/2465175912724,0.0,0,,5,6272.6174,100,f00c65bde49de21920ad70272be10d8ba378eca9742ec0bcdbf8f0ceef4474bc,results/m4/dev_main_v12_002
dev_main_v12_002__sbm_k8_r0_rep2_q11_main,sbm_k8_r0_rep2_q11_main,dev,sbm_k8_r0_rep2,571,COMPLETED,True,1.0,RECOVERED,COMPLETED,True,DEV_ALLOWED,True,True,True,0.396636962890625,0.99,5.274685183005767,-28260669065/2412609239218,0.15789473684210525,0,,5,5440.5355,100,fa3ee29cbd6caf232d3585e7fb3b27183f7e8f9e55dd7e4eb90aba95b1a0e73b,results/m4/dev_main_v12_002
dev_main_v12_002__sbm_k8_r0_rep2_q12_main,sbm_k8_r0_rep2_q12_main,dev,sbm_k8_r0_rep2,603,COMPLETED,True,1.0,RECOVERED,COMPLETED,True,DEV_ALLOWED,True,True,True,0.457366943359375,0.48,1.7375869795966505,-2402649601/1202172664356,0.11355311355311355,0,,5,4900.483,100,9ba536f74e8b92936eb5ea7ccb1d9aeb7e2a97f8ea936a43870b7a2c3833edd4,results/m4/dev_main_v12_002
dev_main_v12_002__sbm_k8_r0_rep2_q13_main,sbm_k8_r0_rep2_q13_main,dev,sbm_k8_r0_rep2,658,COMPLETED,True,1.0,RECOVERED,COMPLETED,True,DEV_ALLOWED,True,True,True,0.7142333984375,0.1,0.43047529189762945,1827221681/1202172664356,0.0,0,,5,6745.665,100,77d166330483fa176d3b2f503d928169047c09a42da4b944bb750315943c0bab,results/m4/dev_main_v12_002
dev_main_v12_002__sbm_k8_r0_rep2_q14_main,sbm_k8_r0_rep2_q14_main,dev,sbm_k8_r0_rep2,784,COMPLETED,True,1.0,RECOVERED,COMPLETED,True,DEV_ALLOWED,True,True,True,0.4267578125,0.62,2.246275715299125,-1867480166/598525375551,0.2631578947368421,0,,5,4968.4896,100,c480e0e16960c9b63fab1ea899bd09fa5d4fdb25a9529356b910e5344bd93ff7,results/m4/dev_main_v12_002
dev_main_v12_002__sbm_k8_r0_rep2_q15_main,sbm_k8_r0_rep2_q15_main,dev,sbm_k8_r0_rep2,782,COMPLETED,True,1.0,RECOVERED,COMPLETED,True,DEV_ALLOWED,True,True,True,0.358245849609375,0.86,4.119768266729723,-9629274383/1195907026510,0.19373776908023482,0,,5,5589.5508,100,86d1ce6200d94a5945bd2b82fb8825a6b30242a56a0f0d4bd58eb4b5c5942ac5,results/m4/dev_main_v12_002
dev_main_v12_002__sbm_k8_r1_rep0_q00_main,sbm_k8_r1_rep0_q00_main,dev,sbm_k8_r1_rep0,38,COMPLETED,True,1.0,RECOVERED,COMPLETED,True,DEV_ALLOWED,True,True,True,0.374053955078125,0.81,3.7306823316764572,-2630145317/334684896216,0.20454545454545456,0,,4,1326.1287,100,fa753769f80771689f8d2517473262ae004473ff1f8f2d6862620a1621055bd8,results/m4/dev_main_v12_002
dev_main_v12_002__sbm_k8_r1_rep0_q01_main,sbm_k8_r1_rep0_q01_main,dev,sbm_k8_r1_rep0,21,COMPLETED,True,1.0,RECOVERED,COMPLETED,True,DEV_ALLOWED,True,True,True,0.395233154296875,0.61,3.273384545865341,-720348287/111561632072,0.21839080459770116,0,,4,1221.1184,100,6b81f31704077effaa1e2cfa5fb89451426f01d813b21de545aaf3fd6865e1f1,results/m4/dev_main_v12_002
dev_main_v12_002__sbm_k8_r1_rep0_q02_main,sbm_k8_r1_rep0_q02_main,dev,sbm_k8_r1_rep0,113,COMPLETED,True,1.0,RECOVERED,COMPLETED,True,DEV_ALLOWED,True,True,True,0.63916015625,0.21,0.5861740166865316,5749125/5039107832,0.0,0,,4,1584.1536,100,9bc0402adcf39602626a18df0933821ae65a5ee6889123a16ee9138dafa00d75,results/m4/dev_main_v12_002
dev_main_v12_002__sbm_k8_r1_rep0_q03_main,sbm_k8_r1_rep0_q03_main,dev,sbm_k8_r1_rep0,131,COMPLETED,True,1.0,RECOVERED,COMPLETED,True,DEV_ALLOWED,True,True,True,0.34173583984375,1.0,5.78331346841478,-746389627/60092086296,0.15091463414634146,0,,4,1204.1161,100,58cdb299f61afec025c106b5ad79e15a2782b1632c69f25a26ea4813b2752ece,results/m4/dev_main_v12_002
dev_main_v12_002__sbm_k8_r1_rep0_q04_main,sbm_k8_r1_rep0_q04_main,dev,sbm_k8_r1_rep0,278,COMPLETED,True,1.0,RECOVERED,COMPLETED,True,DEV_ALLOWED,True,True,True,0.342132568359375,1.0,6.841050449205253,-104358623/5950952458,0.12611464968152866,0,,4,1395.135,100,2943af38a2ab2b15ba2ad90c38d3719f80a48afaa402db59e3fc6215ca157ac5,results/m4/dev_main_v12_002
dev_main_v12_002__sbm_k8_r1_rep0_q05_main,sbm_k8_r1_rep0_q05_main,dev,sbm_k8_r1_rep0,267,COMPLETED,True,1.0,RECOVERED,COMPLETED,True,DEV_ALLOWED,True,True,True,0.6309814453125,0.22,0.5595484911310757,8143381/7337561913,0.0,0,,4,1568.1519,100,6226dc95a4d1ee4ff0a330f9aeaf0514ec38af8aa38c3f6097bb93f031692380,results/m4/dev_main_v12_002
dev_main_v12_002__sbm_k8_r1_rep0_q06_main,sbm_k8_r1_rep0_q06_main,dev,sbm_k8_r1_rep0,376,COMPLETED,True,1.0,RECOVERED,COMPLETED,True,DEV_ALLOWED,True,True,True,0.407196044921875,0.93,4.700593336376084,-1093111027/109543286776,0.17277486910994763,0,,4,1353.1312,100,7421c6e90fd60a9dc6c9d7f1f83e198b8b1ad42e3254c69919259191a10fbc1f,results/m4/dev_main_v12_002
dev_main_v12_002__sbm_k8_r1_rep0_q07_main,sbm_k8_r1_rep0_q07_main,dev,sbm_k8_r1_rep0,315,COMPLETED,True,1.0,RECOVERED,COMPLETED,True,DEV_ALLOWED,True,True,True,0.555908203125,0.17,0.576220903696942,157687/209052074,0.0,0,,4,1519.147,100,1e65d7740049883adf6ac714764d789cd528bdce54586d8beffebfe4303a106d,results/m4/dev_main_v12_002
dev_main_v12_002__sbm_k8_r1_rep0_q08_main,sbm_k8_r1_rep0_q08_main,dev,sbm_k8_r1_rep0,445,COMPLETED,True,1.0,RECOVERED,COMPLETED,True,DEV_ALLOWED,True,True,True,0.513427734375,0.53,2.146096306685367,-2505656/1088051547,0.1182108626198083,0,,4,1088.1056,100,8adbb13c9bbc8c56fbc614d8ca1d5a508e70ac4a9bb1286590b77020f1588bcf,results/m4/dev_main_v12_002
dev_main_v12_002__sbm_k8_r1_rep0_q09_main,sbm_k8_r1_rep0_q09_main,dev,sbm_k8_r1_rep0,443,COMPLETED,True,1.0,RECOVERED,COMPLETED,True,DEV_ALLOWED,True,True,True,0.345367431640625,1.0,6.977793361383824,-334198664/19520199567,0.12563451776649745,0,,4,1260.1215,100,0208a2064af11ba6b2626df6cea3e71657a7ae0bf70b1fa6ebfd3923ad688d6e,results/m4/dev_main_v12_002
dev_main_v12_002__sbm_k8_r1_rep0_q10_main,sbm_k8_r1_rep0_q10_main,dev,sbm_k8_r1_rep0,552,COMPLETED,True,1.0,RECOVERED,COMPLETED,True,DEV_ALLOWED,True,True,True,0.545806884765625,0.21,0.3973525313516024,1048827/573957505,0.0,0,,4,1598.1551,100,cce524000a6415a6cb689bfbeb32213a301a70c75eb811495d07ffd3be62df93,results/m4/dev_main_v12_002
dev_main_v12_002__sbm_k8_r1_rep0_q11_main,sbm_k8_r1_rep0_q11_main,dev,sbm_k8_r1_rep0,549,COMPLETED,True,1.0,RECOVERED,COMPLETED,True,DEV_ALLOWED,True,True,True,0.31488037109375,1.0,6.172085462145843,-34906477/2295830020,0.13924050632911392,0,,4,1232.1188,100,437ba7ca6bb32df9f4079e78333f51ac9f78d5c8a52c52f60a8b21e6095e90fd,results/m4/dev_main_v12_002
dev_main_v12_002__sbm_k8_r1_rep0_q12_main,sbm_k8_r1_rep0_q12_main,dev,sbm_k8_r1_rep0,641,COMPLETED,True,1.0,RECOVERED,COMPLETED,True,DEV_ALLOWED,True,True,True,0.327178955078125,0.83,4.686623012160898,-422038477/39059117724,0.1771019677996422,0,,4,1394.1353000000001,100,914cf62ecf34faa86bcbb1c83f082981583a88c649f2ba7cdd6e734ee18038cb,results/m4/dev_main_v12_002
dev_main_v12_002__sbm_k8_r1_rep0_q13_main,sbm_k8_r1_rep0_q13_main,dev,sbm_k8_r1_rep0,656,COMPLETED,True,1.0,RECOVERED,COMPLETED,True,DEV_ALLOWED,True,True,True,0.76019287109375,0.15,0.4782507015902713,106508921/78118235448,0.0,0,,4,1242.1196,100,869953e4b555cad7c1b508d53d34432bce6d2171ace5bc9fe41ed6504326dc6a,results/m4/dev_main_v12_002
dev_main_v12_002__sbm_k8_r1_rep0_q14_main,sbm_k8_r1_rep0_q14_main,dev,sbm_k8_r1_rep0,786,COMPLETED,True,1.0,RECOVERED,COMPLETED,True,DEV_ALLOWED,True,True,True,0.32098388671875,0.96,5.463698630136986,-40187603/3033766120,0.15207373271889402,0,,4,1462.1419,100,56d4a57f6cf6e382057638fb4e0197b86cb7b0fb2cb7056d1cb3436f09a0ef15,results/m4/dev_main_v12_002
dev_main_v12_002__sbm_k8_r1_rep0_q15_main,sbm_k8_r1_rep0_q15_main,dev,sbm_k8_r1_rep0,736,COMPLETED,True,1.0,RECOVERED,COMPLETED,True,DEV_ALLOWED,True,True,True,0.361236572265625,0.86,3.784474885844749,-1103579/137898460,0.20496894409937888,0,,4,1326.1287,100,079d4d0116480e7b139779ea801ec00d6e2f0e82b45eac501bf89ff92da19ca3,results/m4/dev_main_v12_002
dev_main_v12_002__sbm_k8_r1_rep1_q00_main,sbm_k8_r1_rep1_q00_main,dev,sbm_k8_r1_rep1,5,COMPLETED,True,1.0,RECOVERED,COMPLETED,True,DEV_ALLOWED,True,True,True,0.274810791015625,0.99,5.92186067827681,-378798841/27208704294,0.14265129682997119,0,,4,1364.1319999999998,100,166bcba2a65245f5c82497b49a857cd13dadc15471159460a628789931c03d18,results/m4/dev_main_v12_002
dev_main_v12_002__sbm_k8_r1_rep1_q01_main,sbm_k8_r1_rep1_q01_main,dev,sbm_k8_r1_rep1,18,COMPLETED,True,1.0,RECOVERED,COMPLETED,True,DEV_ALLOWED,True,True,True,0.3140869140625,0.88,5.146883593033913,-318007391/27208704294,0.16150081566068517,0,,4,1302.126,100,2704de5d3b1aec4f3b5b44416176f3411369bd170cff3023fdd4414a7b6708f5,results/m4/dev_main_v12_002
dev_main_v12_002__sbm_k8_r1_rep1_q02_main,sbm_k8_r1_rep1_q02_main,dev,sbm_k8_r1_rep1,145,COMPLETED,True,1.0,RECOVERED,COMPLETED,True,DEV_ALLOWED,True,True,True,0.500946044921875,0.15,0.6741545893719807,470629/725977980,0.0,0,,4,1632.1580999999999,100,05016c6f1c55a357dcb13c2847a60be3d09ea249d8a2552f1635df16de5a1ec1,results/m4/dev_main_v12_002
dev_main_v12_002__sbm_k8_r1_rep1_q03_main,sbm_k8_r1_rep1_q03_main,dev,sbm_k8_r1_rep1,154,COMPLETED,True,1.0,RECOVERED,COMPLETED,True,DEV_ALLOWED,True,True,True,0.52838134765625,0.2,0.9471014492753623,-14507/241992660,0.005263157894736842,0,,4,1620.1566,100,10c123a652a2242acad2eff9b47c27290491afdb9057b4abae92f79ba84ef8d6,results/m4/dev_main_v12_002
dev_main_v12_002__sbm_k8_r1_rep1_q04_main,sbm_k8_r1_rep1_q04_main,dev,sbm_k8_r1_rep1,273,COMPLETED,True,1.0,RECOVERED,COMPLETED,True,DEV_ALLOWED,True,True,True,0.364593505859375,0.58,3.102587800369686,-154774757/26759069676,0.2181372549019608,0,,4,1188.1152,100,c59c7817e09d9bf617db3512334b99c19561d3a1bbd26a99ac61b47599478719,results/m4/dev_main_v12_002
dev_main_v12_002__sbm_k8_r1_rep1_q05_main,sbm_k8_r1_rep1_q05_main,dev,sbm_k8_r1_rep1,228,COMPLETED,True,1.0,RECOVERED,COMPLETED,True,DEV_ALLOWED,True,True,True,0.2857666015625,1.0,6.131700554528651,-132781919/8894669724,0.14002828854314003,0,,4,1364.1319999999998,100,7242922014c6e082df66b591c7ad6fe63ea4b13b58f8b1bac365b07190285f7b,results/m4/dev_main_v12_002
dev_main_v12_002__sbm_k8_r1_rep1_q06_main,sbm_k8_r1_rep1_q06_main,dev,sbm_k8_r1_rep1,352,COMPLETED,True,1.0,RECOVERED,COMPLETED,True,DEV_ALLOWED,True,True,True,0.551849365234375,0.14,0.5752111390093586,315008227/329979763269,0.0,0,,4,1734.1683,100,df2395f0aa8fe0a0f5795ea522cfd130bcb8158c71c3e669e1d5553c958599cb,results/m4/dev_main_v12_002
dev_main_v12_002__sbm_k8_r1_rep1_q07_main,sbm_k8_r1_rep1_q07_main,dev,sbm_k8_r1_rep1,370,COMPLETED,True,1.0,RECOVERED,COMPLETED,True,DEV_ALLOWED,True,True,True,0.3262939453125,1.0,6.664003652134216,-135496211/8009370486,0.12823834196891193,0,,4,1575.153,100,6b6324dbb2325f94a2cb9d38dffb63f9b8b2968e0153b7a1052ac39113f741be,results/m4/dev_main_v12_002
dev_main_v12_002__sbm_k8_r1_rep1_q08_main,sbm_k8_r1_rep1_q08_main,dev,sbm_k8_r1_rep1,425,COMPLETED,True,1.0,RECOVERED,COMPLETED,True,DEV_ALLOWED,True,True,True,0.568939208984375,0.28,0.8581918311151905,2324092/6789674661,0.0,0,,4,1980.1924999999999,100,b6c1a61e2c40cd9335265b95f4a09d847851a9ab657adf08247ce0b3e196917d,results/m4/dev_main_v12_002
dev_main_v12_002__sbm_k8_r1_rep1_q09_main,sbm_k8_r1_rep1_q09_main,dev,sbm_k8_r1_rep1,444,COMPLETED,True,1.0,RECOVERED,COMPLETED,True,DEV_ALLOWED,True,True,True,0.5263671875,0.14,0.5110142267094998,25728937/20369023983,0.0,0,,4,1666.1616999999999,100,35782e758c4eb251b6c3e4809ff976d6d00375b6fa720651c92250078469a6c2,results/m4/dev_main_v12_002
dev_main_v12_002__sbm_k8_r1_rep1_q10_main,sbm_k8_r1_rep1_q10_main,dev,sbm_k8_r1_rep1,527,COMPLETED,True,1.0,RECOVERED,COMPLETED,True,DEV_ALLOWED,True,True,True,0.403778076171875,0.92,4.51436326622936,-563641/51115602,0.17647058823529413,0,,4,1353.1312,100,7ea261bafa95d61dfa85b5d956c824ce699e8de74e8ccea1b88561b7f62ac4df,results/m4/dev_main_v12_002
dev_main_v12_002__sbm_k8_r1_rep1_q11_main,sbm_k8_r1_rep1_q11_main,dev,sbm_k8_r1_rep1,547,COMPLETED,True,1.0,RECOVERED,COMPLETED,True,DEV_ALLOWED,True,True,True,0.568450927734375,0.63,2.8950463695996382,-846161/153346806,0.23096446700507614,0,,4,1296.126,100,ff028de045096deffb2af7a19de9684d0d660ffe759b60b4d5151dddc546da3d,results/m4/dev_main_v12_002
dev_main_v12_002__sbm_k8_r1_rep1_q12_main,sbm_k8_r1_rep1_q12_main,dev,sbm_k8_r1_rep1,664,COMPLETED,True,1.0,RECOVERED,COMPLETED,True,DEV_ALLOWED,True,True,True,0.40093994140625,0.7,3.817476614191193,-2406940136/329826347091,0.2053941908713693,0,,4,1131.1092,100,da9403c9e2614a46682fecd0e77995b856092d93f1a4282e2a0d5ff237d80891,results/m4/dev_main_v12_002
dev_main_v12_002__sbm_k8_r1_rep1_q13_main,sbm_k8_r1_rep1_q13_main,dev,sbm_k8_r1_rep1,667,COMPLETED,True,1.0,RECOVERED,COMPLETED,True,DEV_ALLOWED,True,True,True,0.68011474609375,0.09,0.4127310061601643,49122148/36647371899,0.0,0,,4,1518.1471999999999,100,b283370d9f6f44ea46eae8f6b55a231e6f1cbd059b4a17e0c7a6d2c2d2b27bcb,results/m4/dev_main_v12_002
dev_main_v12_002__sbm_k8_r1_rep1_q14_main,sbm_k8_r1_rep1_q14_main,dev,sbm_k8_r1_rep1,740,COMPLETED,True,1.0,RECOVERED,COMPLETED,True,DEV_ALLOWED,True,True,True,0.34765625,0.89,5.651588958478311,-4486005353/317978407269,0.15045592705167174,0,,4,1462.1419,100,d87a6b84ed7a0a852158635903ab1d21c0bfc25aeaf034568e17c6bdc856949e,results/m4/dev_main_v12_002
dev_main_v12_002__sbm_k8_r1_rep1_q15_main,sbm_k8_r1_rep1_q15_main,dev,sbm_k8_r1_rep1,783,COMPLETED,True,1.0,RECOVERED,COMPLETED,True,DEV_ALLOWED,True,True,True,0.34466552734375,0.99,6.757596845279518,-5662146985/317978407269,0.12890625,0,,4,1620.1575,100,e9085ff2fbed96a26c317e70052401dac535e97d5ea62580283e0dc56810cf8c,results/m4/dev_main_v12_002
dev_main_v12_002__sbm_k8_r1_rep2_q00_main,sbm_k8_r1_rep2_q00_main,dev,sbm_k8_r1_rep2,32,COMPLETED,True,1.0,RECOVERED,COMPLETED,True,DEV_ALLOWED,True,True,True,0.336883544921875,0.72,3.674771358465313,-2874144901/347902937054,0.20842105263157895,0,,4,1560.1521,100,cf180c68c0774c16588d23419255e36ee6a973d4fd7c102e99e0d10bac9305f1,results/m4/dev_main_v12_002
dev_main_v12_002__sbm_k8_r1_rep2_q01_main,sbm_k8_r1_rep2_q01_main,dev,sbm_k8_r1_rep2,82,COMPLETED,True,1.0,RECOVERED,COMPLETED,True,DEV_ALLOWED,True,True,True,0.607391357421875,0.08,0.31942895382556324,292307227/174658428661,0.0,0,,4,1702.1655999999998,100,21ab5e132e2c6bdd921cff6bafd321a30f8b05eba6dc82d1d0252bf8cddf5a75,results/m4/dev_main_v12_002
dev_main_v12_002__sbm_k8_r1_rep2_q02_main,sbm_k8_r1_rep2_q02_main,dev,sbm_k8_r1_rep2,153,COMPLETED,True,1.0,RECOVERED,COMPLETED,True,DEV_ALLOWED,True,True,True,0.65838623046875,0.28,0.7641096521538816,-122589835/109175762204,0.005747126436781609,0,,4,1431.1378,100,7cdbd47a1b0612bbfa097352538ec725c0e3481de254b50e6773a0bc43d16ef3,results/m4/dev_main_v12_002
dev_main_v12_002__sbm_k8_r1_rep2_q03_main,sbm_k8_r1_rep2_q03_main,dev,sbm_k8_r1_rep2,171,COMPLETED,True,1.0,RECOVERED,COMPLETED,True,DEV_ALLOWED,True,True,True,0.4071044921875,0.89,5.2464869845657685,-210641671/16277482428,0.16097560975609757,0,,4,1161.1118000000001,100,30b9525efb0b1e5284f07b9c98fb9a94d022c13590d1881bdf20303eba1e1d6f,results/m4/dev_main_v12_002
dev_main_v12_002__sbm_k8_r1_rep2_q04_main,sbm_k8_r1_rep2_q04_main,dev,sbm_k8_r1_rep2,285,COMPLETED,True,1.0,RECOVERED,COMPLETED,True,DEV_ALLOWED,True,True,True,0.304779052734375,0.99,5.898457287589224,-2235823537/162963965509,0.14558823529411766,0,,4,1584.154,100,54ce7f88273f9f20dd66198260fbde87e8be15d8e6d6dce9a9fbb9eb339e16e3,results/m4/dev_main_v12_002
dev_main_v12_002__sbm_k8_r1_rep2_q05_main,sbm_k8_r1_rep2_q05_main,dev,sbm_k8_r1_rep2,228,COMPLETED,True,1.0,RECOVERED,COMPLETED,True,DEV_ALLOWED,True,True,True,0.4322509765625,0.83,3.355054110062169,-2189256611/327373793892,0.22505800464037123,0,,4,1258.1221,100,29c560f476e9f2debb2ee422fd09eb3c8dc9a75135d9e587cdde1240715e80d0,results/m4/dev_main_v12_002
dev_main_v12_002__sbm_k8_r1_rep2_q06_main,sbm_k8_r1_rep2_q06_main,dev,sbm_k8_r1_rep2,369,COMPLETED,True,1.0,RECOVERED,COMPLETED,True,DEV_ALLOWED,True,True,True,0.43804931640625,0.84,3.886861313868613,-363029775/41615310704,0.2037037037037037,0,,4,1404.1365,100,3d6ea5c130fbcf2cbb675ba5ee5bfcb4e0de87d07852849868feb46fb00ff869,results/m4/dev_main_v12_002
dev_main_v12_002__sbm_k8_r1_rep2_q07_main,sbm_k8_r1_rep2_q07_main,dev,sbm_k8_r1_rep2,344,COMPLETED,True,1.0,RECOVERED,COMPLETED,True,DEV_ALLOWED,True,True,True,0.63641357421875,0.08,0.36610401459854014,431541/372079670,0.0,0,,4,1564.1517999999999,100,b107cf47bb4073c0c48e21094824ddbaa6f12c120ed9a6a9b37a31fcfce9624e,results/m4/dev_main_v12_002
dev_main_v12_002__sbm_k8_r1_rep2_q08_main,sbm_k8_r1_rep2_q08_main,dev,sbm_k8_r1_rep2,466,COMPLETED,True,1.0,RECOVERED,COMPLETED,True,DEV_ALLOWED,True,True,True,0.5601806640625,0.09,0.4293146346980321,56736487/68014061036,0.0,0,,4,1518.1471999999999,100,045ef65e32c0ce256391e2bad40de21b7d794cfb35402ef24864cc388748255b,results/m4/dev_main_v12_002
dev_main_v12_002__sbm_k8_r1_rep2_q09_main,sbm_k8_r1_rep2_q09_main,dev,sbm_k8_r1_rep2,401,COMPLETED,True,1.0,RECOVERED,COMPLETED,True,DEV_ALLOWED,True,True,True,0.60723876953125,0.25,0.6808414385885546,26470071/68014061036,0.0,0,,4,1908.1855,100,b44546e83c05782c43454db6a6c8916bbb44ff89f094bedcd1b6f0003da47fc1,results/m4/dev_main_v12_002
dev_main_v12_002__sbm_k8_r1_rep2_q10_main,sbm_k8_r1_rep2_q10_main,dev,sbm_k8_r1_rep2,573,COMPLETED,True,1.0,RECOVERED,COMPLETED,True,DEV_ALLOWED,True,True,True,0.39666748046875,0.86,4.289637664435726,-3285890627/324797849628,0.19038461538461537,0,,4,1320.128,100,f389c16fbfc93b2fd12262e3354a105efb6cda3ee1bb0fdf5287e2ddf3236f1f,results/m4/dev_main_v12_002
dev_main_v12_002__sbm_k8_r1_rep2_q11_main,sbm_k8_r1_rep2_q11_main,dev,sbm_k8_r1_rep2,510,COMPLETED,True,1.0,RECOVERED,COMPLETED,True,DEV_ALLOWED,True,True,True,0.32000732421875,0.98,6.449573044080314,-5487969737/324797849628,0.13524590163934427,0,,4,1395.135,100,9344341d414cab4f05301ab0eb1059ae1b53cd86fc8dcb50367c1382847d8be4,results/m4/dev_main_v12_002
dev_main_v12_002__sbm_k8_r1_rep2_q12_main,sbm_k8_r1_rep2_q12_main,dev,sbm_k8_r1_rep2,629,COMPLETED,True,1.0,RECOVERED,COMPLETED,True,DEV_ALLOWED,True,True,True,0.344085693359375,0.77,4.049976646426903,-360211016/39671691615,0.2,0,,4,1248.1209000000001,100,108d50d33640c94875c81eb04ef1af1284901c7e55830e9ba6f9168912956b96,results/m4/dev_main_v12_002
dev_main_v12_002__sbm_k8_r1_rep2_q13_main,sbm_k8_r1_rep2_q13_main,dev,sbm_k8_r1_rep2,612,COMPLETED,True,1.0,RECOVERED,COMPLETED,True,DEV_ALLOWED,True,True,True,0.34320068359375,0.85,4.156936011209715,-372803726/39671691615,0.19760479041916168,0,,4,1440.1399999999999,100,eb330a0aa2997a6b18f49be3232160edf910a23c925ffb7ca1de25fbada5d9be,results/m4/dev_main_v12_002
dev_main_v12_002__sbm_k8_r1_rep2_q14_main,sbm_k8_r1_rep2_q14_main,dev,sbm_k8_r1_rep2,744,COMPLETED,True,1.0,RECOVERED,COMPLETED,True,DEV_ALLOWED,True,True,True,0.361358642578125,1.0,5.723132151671528,-2325074623/172005457685,0.14558823529411766,0,,4,1540.1496,100,5b3c2247009b73c31cb5201524271f543c2b21a48c80fbd40739350991fefe77,results/m4/dev_main_v12_002
dev_main_v12_002__sbm_k8_r1_rep2_q15_main,sbm_k8_r1_rep2_q15_main,dev,sbm_k8_r1_rep2,740,COMPLETED,True,1.0,RECOVERED,COMPLETED,True,DEV_ALLOWED,True,True,True,0.368896484375,0.62,2.664796948620148,-766581040/172161648793,0.21293800539083557,0,,4,1295.1260000000002,100,1f542bdde1f9be37b443562c460109c46aed26ca23804abfe23d7926cedb42a2,results/m4/dev_main_v12_002
dev_main_v12_002__sbm_k8_r2_rep0_q00_main,sbm_k8_r2_rep0_q00_main,dev,sbm_k8_r2_rep0,51,COMPLETED,True,1.0,RECOVERED,COMPLETED,True,DEV_ALLOWED,True,True,True,0.54180908203125,0.1,0.4143600067102835,-255428/4531534317,0.008928571428571428,0,,5,4514.444,80,18f3d665314ac35814bff90e3339b0cfe696bdc82ab15de9854f9e22ec654d32,results/m4/dev_main_v12_002
dev_main_v12_002__sbm_k8_r2_rep0_q01_main,sbm_k8_r2_rep0_q01_main,dev,sbm_k8_r2_rep0,56,COMPLETED,True,1.0,RECOVERED,COMPLETED,True,DEV_ALLOWED,True,True,True,0.571624755859375,0.1375,0.4829726555946989,-12450656/49846877487,0.008620689655172414,0,,5,4588.4514,80,d1ad175b0df70e63b1db791b9e3e1ccbf30c7cb69b5bd5c943c9ceb55fe96043,results/m4/dev_main_v12_002
dev_main_v12_002__sbm_k8_r2_rep0_q02_main,sbm_k8_r2_rep0_q02_main,dev,sbm_k8_r2_rep0,128,COMPLETED,True,1.0,RECOVERED,COMPLETED,True,DEV_ALLOWED,True,True,True,0.63775634765625,0.0875,0.4242524368081943,2007476513/872302684506,0.0,0,,5,4392.432,80,cfa9db45e26d2ad8e4a454f2f297ea27ba06ac27ef519fcff0e7be6a9586a0c2,results/m4/dev_main_v12_002
dev_main_v12_002__sbm_k8_r2_rep0_q03_main,sbm_k8_r2_rep0_q03_main,dev,sbm_k8_r2_rep0,99,COMPLETED,True,1.0,RECOVERED,COMPLETED,True,DEV_ALLOWED,True,True,True,0.61248779296875,0.1375,0.4700148686601685,1876747471/872302684506,0.0,0,,5,4575.45,80,93a64b6bba7cc3220cc34438b67a0cd5a0c7e8e6b490e93d6c65f7ea54862ce1,results/m4/dev_main_v12_002
dev_main_v12_002__sbm_k8_r2_rep0_q04_main,sbm_k8_r2_rep0_q04_main,dev,sbm_k8_r2_rep0,186,COMPLETED,True,1.0,RECOVERED,COMPLETED,True,DEV_ALLOWED,True,True,True,0.59381103515625,0.0625,0.28129161118508655,287336195/107466324636,0.0,0,,5,4095.4030000000002,80,9eeb317d361c263eaa6ee189d599b919b4663457472dd0ee2d22e80ec72b241f,results/m4/dev_main_v12_002
dev_main_v12_002__sbm_k8_r2_rep0_q05_main,sbm_k8_r2_rep0_q05_main,dev,sbm_k8_r2_rep0,177,COMPLETED,True,1.0,RECOVERED,COMPLETED,True,DEV_ALLOWED,True,True,True,0.377685546875,1.0,6.390146471371505,-935082139/47658138572,0.13435374149659865,0,,5,4030.3968,80,71a52d2c9f448bb10d7d8b7c2cbbd20da35620f0ee8cd06ef16053ccd7c88360,results/m4/dev_main_v12_002
dev_main_v12_002__sbm_k8_r2_rep0_q06_main,sbm_k8_r2_rep0_q06_main,dev,sbm_k8_r2_rep0,296,COMPLETED,True,1.0,RECOVERED,COMPLETED,True,DEV_ALLOWED,True,True,True,0.537384033203125,0.2375,0.8406802047218095,54000817/97067743641,0.0,0,,5,5429.534,80,e0a6d658c4ca5112dc482fafc38a0c01a4d5086b361b5d5601759bf4ba83e01d,results/m4/dev_main_v12_002
dev_main_v12_002__sbm_k8_r2_rep0_q07_main,sbm_k8_r2_rep0_q07_main,dev,sbm_k8_r2_rep0,256,COMPLETED,True,1.0,RECOVERED,COMPLETED,True,DEV_ALLOWED,True,True,True,0.487884521484375,0.1125,0.4490671949810137,176913113/97067743641,0.0,0,,5,5040.496,80,e0793ee649db7a8853a2db148e02f6373b1b387ad560895091d369c93bfdea4a,results/m4/dev_main_v12_002
dev_main_v12_002__sbm_k8_r2_rep0_q08_main,sbm_k8_r2_rep0_q08_main,dev,sbm_k8_r2_rep0,349,COMPLETED,True,1.0,RECOVERED,COMPLETED,True,DEV_ALLOWED,True,True,True,0.585723876953125,0.075,0.24414770853939993,132433669/37362956796,0.0,0,,5,4032.3968,80,c4ea4a8558d780ee8d93c62c031425bc097fc69eb0607aa5843e423cc1e9daca,results/m4/dev_main_v12_002
dev_main_v12_002__sbm_k8_r2_rep0_q09_main,sbm_k8_r2_rep0_q09_main,dev,sbm_k8_r2_rep0,336,COMPLETED,True,1.0,RECOVERED,COMPLETED,True,DEV_ALLOWED,True,True,True,0.523223876953125,0.1125,0.49868117375535775,1513144/508752387,0.0,0,,5,5248.5166,80,be8985d27305a9d99744c37758c5c9fe7ec704c2040bf8dc7f4588abc9988d7e,results/m4/dev_main_v12_002
dev_main_v12_002__sbm_k8_r2_rep0_q10_main,sbm_k8_r2_rep0_q10_main,dev,sbm_k8_r2_rep0,407,COMPLETED,True,1.0,RECOVERED,COMPLETED,True,DEV_ALLOWED,True,True,True,0.5772705078125,0.125,0.41273779983457404,228586642/99111395955,0.0,0,,5,4851.4774,80,abf0aac233d526678bbcba883e24eac2eb632180d94c1629066dc1481af41a55,results/m4/dev_main_v12_002
dev_main_v12_002__sbm_k8_r2_rep0_q11_main,sbm_k8_r2_rep0_q11_main,dev,sbm_k8_r2_rep0,445,COMPLETED,True,1.0,RECOVERED,COMPLETED,True,DEV_ALLOWED,True,True,True,0.52197265625,0.1875,0.4349048800661704,43829779/19345922310,0.0,0,,5,4588.4514,80,a82ee1ae0125a4c33c586b622cec0582b5c36942f1a3a5051993961f92c52fe0,results/m4/dev_main_v12_002
dev_main_v12_002__sbm_k8_r2_rep0_q12_main,sbm_k8_r2_rep0_q12_main,dev,sbm_k8_r2_rep0,534,COMPLETED,True,1.0,RECOVERED,COMPLETED,True,DEV_ALLOWED,True,True,True,0.557037353515625,0.125,0.48192573118632925,96181/37422814,0.0,0,,5,4636.456,80,71255fabdbfa653021d9c80d35b19132353befb471fcbd00dca5b9830059c6e2,results/m4/dev_main_v12_002
dev_main_v12_002__sbm_k8_r2_rep0_q13_main,sbm_k8_r2_rep0_q13_main,dev,sbm_k8_r2_rep0,554,COMPLETED,True,1.0,RECOVERED,COMPLETED,True,DEV_ALLOWED,True,True,True,0.48748779296875,0.1625,0.6457443312520539,76006987/36752082026,0.0,0,,5,4988.4902,80,73b4222d23b6c47b58fe1a2ef68b3f73a6416136e826a93dd547114e3311a824,results/m4/dev_main_v12_002
dev_main_v12_002__sbm_k8_r2_rep0_q14_main,sbm_k8_r2_rep0_q14_main,dev,sbm_k8_r2_rep0,619,COMPLETED,True,1.0,RECOVERED,COMPLETED,True,DEV_ALLOWED,True,True,True,0.50286865234375,0.1,0.41792294807370184,11503123/4262541195,0.0,0,,5,4880.48,80,31b2043e4592a44365ef62247571d2f200f052d9a70a1d65bf2c9d211edd4ae8,results/m4/dev_main_v12_002
dev_main_v12_002__sbm_k8_r2_rep0_q15_main,sbm_k8_r2_rep0_q15_main,dev,sbm_k8_r2_rep0,612,COMPLETED,True,1.0,RECOVERED,COMPLETED,True,DEV_ALLOWED,True,True,True,0.67486572265625,0.0625,0.3487437185929648,4730147/1572956297,0.0,0,,5,4290.4224,80,7e54ad0286fae230ac85b28c57c4dc4392de180a43cef9e92dadd90b04b37e3f,results/m4/dev_main_v12_002
dev_main_v12_002__sbm_k8_r2_rep1_q00_main,sbm_k8_r2_rep1_q00_main,dev,sbm_k8_r2_rep1,36,COMPLETED,True,1.0,RECOVERED,COMPLETED,True,DEV_ALLOWED,True,True,True,0.520263671875,0.1,0.34415584415584416,68120323/26809582800,0.0,0,,5,4292.4218,80,b8e453571368f3fadff8554f0101d53fe107321d89ba4319edf6d66df5de5f65,results/m4/dev_main_v12_002
dev_main_v12_002__sbm_k8_r2_rep1_q01_main,sbm_k8_r2_rep1_q01_main,dev,sbm_k8_r2_rep1,5,COMPLETED,True,1.0,RECOVERED,COMPLETED,True,DEV_ALLOWED,True,True,True,0.523681640625,0.175,0.43356643356643354,68120323/26809582800,0.0,0,,5,4292.4218,80,aa228d85003e66d6f01dc6bae2efefb373ba6e8316fd9ed06ead861886ae3759,results/m4/dev_main_v12_002
dev_main_v12_002__sbm_k8_r2_rep1_q02_main,sbm_k8_r2_rep1_q02_main,dev,sbm_k8_r2_rep1,95,COMPLETED,True,1.0,RECOVERED,COMPLETED,True,DEV_ALLOWED,True,True,True,0.60540771484375,0.1125,0.4332099596231494,497888089/215875083600,0.0,0,,5,4464.4392,80,308290c381f3ea1e9b184a038da9dd2feec79a9163eee5ac0763cc9327c50b47,results/m4/dev_main_v12_002
dev_main_v12_002__sbm_k8_r2_rep1_q03_main,sbm_k8_r2_rep1_q03_main,dev,sbm_k8_r2_rep1,152,COMPLETED,True,1.0,RECOVERED,COMPLETED,True,DEV_ALLOWED,True,True,True,0.560394287109375,0.1125,0.4291722745625841,497888089/215875083600,0.0,0,,5,4788.4712,80,ab42fa5a99e626714f317b142eab02e7758f49d5faed74693e61c97569744d50,results/m4/dev_main_v12_002
dev_main_v12_002__sbm_k8_r2_rep1_q04_main,sbm_k8_r2_rep1_q04_main,dev,sbm_k8_r2_rep1,209,COMPLETED,True,1.0,RECOVERED,COMPLETED,True,DEV_ALLOWED,True,True,True,0.547637939453125,0.075,0.33950016228497243,66233/22072600,0.0,0,,5,4774.4697,80,c6b1c3578328e681a0e69e310a65bbea7c8af918c60a19d30420ca75d50a8c60,results/m4/dev_main_v12_002
dev_main_v12_002__sbm_k8_r2_rep1_q05_main,sbm_k8_r2_rep1_q05_main,dev,sbm_k8_r2_rep1,210,COMPLETED,True,1.0,RECOVERED,COMPLETED,True,DEV_ALLOWED,True,True,True,0.450286865234375,0.2875,0.8993833171048361,422879/286943800,0.0,0,,5,5580.549,80,d50a1fde8d3a45f76b92ce4cc3960bdcdf7c4ff1de8c57e54a569a4b3f2a3c4a,results/m4/dev_main_v12_002
dev_main_v12_002__sbm_k8_r2_rep1_q06_main,sbm_k8_r2_rep1_q06_main,dev,sbm_k8_r2_rep1,312,COMPLETED,True,1.0,RECOVERED,COMPLETED,True,DEV_ALLOWED,True,True,True,0.4979248046875,0.1375,0.5838227890585669,1161775797/848086071800,0.0,0,,5,4720.464,80,222c8c8dfa2acfd7554b4c5f8bb605c73907c5f81e2f038bdb7e89ff9e98e608,results/m4/dev_main_v12_002
dev_main_v12_002__sbm_k8_r2_rep1_q07_main,sbm_k8_r2_rep1_q07_main,dev,sbm_k8_r2_rep1,295,COMPLETED,True,1.0,RECOVERED,COMPLETED,True,DEV_ALLOWED,True,True,True,0.4737548828125,0.25,0.693572747105219,34470969/33923442872,0.0,0,,5,4956.4872,80,1dd1fd88c3828779f999cb9c7818f3bd008290ab20a99e334117d24ca7f23939,results/m4/dev_main_v12_002
dev_main_v12_002__sbm_k8_r2_rep1_q08_main,sbm_k8_r2_rep1_q08_main,dev,sbm_k8_r2_rep1,387,COMPLETED,True,1.0,RECOVERED,COMPLETED,True,DEV_ALLOWED,True,True,True,0.43865966796875,0.2,0.7492682926829268,408698/376415875,0.0,0,,5,5504.5418,80,bab40681c08d376e6507e084a9c465b15c9aeef4d50e5c6d0b444651d06eeb55,results/m4/dev_main_v12_002
dev_main_v12_002__sbm_k8_r2_rep1_q09_main,sbm_k8_r2_rep1_q09_main,dev,sbm_k8_r2_rep1,344,COMPLETED,True,1.0,RECOVERED,COMPLETED,True,DEV_ALLOWED,True,True,True,0.51513671875,0.1375,0.41853658536585364,820244/376415875,0.0,0,,5,4484.440799999999,80,6c336b2859caaac2db42032601667d4e04a9ae03a14b37eced843cacf9bc6b53,results/m4/dev_main_v12_002
dev_main_v12_002__sbm_k8_r2_rep1_q10_main,sbm_k8_r2_rep1_q10_main,dev,sbm_k8_r2_rep1,427,COMPLETED,True,1.0,RECOVERED,COMPLETED,True,DEV_ALLOWED,True,True,True,0.53070068359375,0.175,0.44095269599735365,199458929/79448067600,0.0,0,,5,4466.4389,80,e8fda1a2b6ef6e08da0b2b6717e90774233ba56df4bf5f1aea1713453030a155,results/m4/dev_main_v12_002
dev_main_v12_002__sbm_k8_r2_rep1_q11_main,sbm_k8_r2_rep1_q11_main,dev,sbm_k8_r2_rep1,421,COMPLETED,True,1.0,RECOVERED,COMPLETED,True,DEV_ALLOWED,True,True,True,0.587371826171875,0.0875,0.3979490572279193,209765069/79448067600,0.0,0,,5,4752.468,80,b6bd48d740bc130c3db4f6033d77c70799f86e54ae743451b5ada5660e116bbe,results/m4/dev_main_v12_002
dev_main_v12_002__sbm_k8_r2_rep1_q12_main,sbm_k8_r2_rep1_q12_main,dev,sbm_k8_r2_rep1,502,COMPLETED,True,1.0,RECOVERED,COMPLETED,True,DEV_ALLOWED,True,True,True,0.447784423828125,0.1375,0.6142786316311354,10448657/4864056010,0.0,0,,5,5208.5124,80,c3f733bf4fbb8e45753125109d4b6f998be156a2743c4c34d63f5207f76363fd,results/m4/dev_main_v12_002
dev_main_v12_002__sbm_k8_r2_rep1_q13_main,sbm_k8_r2_rep1_q13_main,dev,sbm_k8_r2_rep1,499,COMPLETED,True,1.0,RECOVERED,COMPLETED,True,DEV_ALLOWED,True,True,True,0.581085205078125,0.1,0.3918360601553462,68338753/24320280050,0.0,0,,5,4736.4662,80,da3efa7065f8557502bc84110b87d988731d00a0082fb0b05709dfff7e5e058f,results/m4/dev_main_v12_002
dev_main_v12_002__sbm_k8_r2_rep1_q14_main,sbm_k8_r2_rep1_q14_main,dev,sbm_k8_r2_rep1,629,COMPLETED,True,1.0,RECOVERED,COMPLETED,True,DEV_ALLOWED,True,True,True,0.5736083984375,0.1,0.2890496547188425,2643283121/903859400400,0.0,0,,5,4060.3990000000003,80,53a556405580747b68c96191b95baaf0b89520e7b89c0fa3b6542e947ae87540,results/m4/dev_main_v12_002
dev_main_v12_002__sbm_k8_r2_rep1_q15_main,sbm_k8_r2_rep1_q15_main,dev,sbm_k8_r2_rep1,607,COMPLETED,True,1.0,RECOVERED,COMPLETED,True,DEV_ALLOWED,True,True,True,0.517913818359375,0.0875,0.3990463663268662,367463/128786350,0.0,0,,5,4774.4697,80,df1e05bcea3327db6116af72a0a7284842ec50324ad497cdc173521cf1925fb5,results/m4/dev_main_v12_002
dev_main_v12_002__sbm_k8_r2_rep2_q00_main,sbm_k8_r2_rep2_q00_main,dev,sbm_k8_r2_rep2,17,COMPLETED,True,1.0,RECOVERED,COMPLETED,True,DEV_ALLOWED,True,True,True,0.62078857421875,0.0625,0.3314689916104622,1817267753/880511642543,0.0,0,,5,4278.4209,80,674ffe79613f7b17d965707d26051ad72a6eced37582763a2676e79a4200fbd5,results/m4/dev_main_v12_002
dev_main_v12_002__sbm_k8_r2_rep2_q01_main,sbm_k8_r2_rep2_q01_main,dev,sbm_k8_r2_rep2,30,COMPLETED,True,1.0,RECOVERED,COMPLETED,True,DEV_ALLOWED,True,True,True,0.604522705078125,0.075,0.3693041618687284,1698726213/880511642543,0.0,0,,5,3996.3922000000002,80,778796a069b7d984524c081425acccf16eb78285a6d7bcba52725eb58fa960e8,results/m4/dev_main_v12_002
dev_main_v12_002__sbm_k8_r2_rep2_q02_main,sbm_k8_r2_rep2_q02_main,dev,sbm_k8_r2_rep2,137,COMPLETED,True,1.0,RECOVERED,COMPLETED,True,DEV_ALLOWED,True,True,True,0.54827880859375,0.125,0.4614495624896814,735132071/291563335725,0.0,0,,5,4914.4836000000005,80,f648da8157494e019670335e8c5a2634a8bd525554d37fba75660203ac334ded,results/m4/dev_main_v12_002
dev_main_v12_002__sbm_k8_r2_rep2_q03_main,sbm_k8_r2_rep2_q03_main,dev,sbm_k8_r2_rep2,111,COMPLETED,True,1.0,RECOVERED,COMPLETED,True,DEV_ALLOWED,True,True,True,0.55133056640625,0.075,0.3391117715040449,856149721/291563335725,0.0,0,,5,4536.4464,80,c10ee1b333f49a10705f4c2d521d673d585b4ddac62407edb591a24f0aaa7e3d,results/m4/dev_main_v12_002
dev_main_v12_002__sbm_k8_r2_rep2_q04_main,sbm_k8_r2_rep2_q04_main,dev,sbm_k8_r2_rep2,218,COMPLETED,True,1.0,RECOVERED,COMPLETED,True,DEV_ALLOWED,True,True,True,0.6151123046875,0.075,0.37342819324950366,1406046775/873104834972,0.0,0,,5,4176.4104,80,040cfc6b3330db948130932c3cfe53498673e41f6d7a9d502e3ef2b817fc21e2,results/m4/dev_main_v12_002
dev_main_v12_002__sbm_k8_r2_rep2_q05_main,sbm_k8_r2_rep2_q05_main,dev,sbm_k8_r2_rep2,211,COMPLETED,True,1.0,RECOVERED,COMPLETED,True,DEV_ALLOWED,True,True,True,0.60211181640625,0.125,0.4015552614162806,1337968745/873104834972,0.0,0,,5,4234.4161,80,10ae6ba3bab848770e5479f4639cce0589a98ce07002f97ea7a9a54527f66302,results/m4/dev_main_v12_002
dev_main_v12_002__sbm_k8_r2_rep2_q06_main,sbm_k8_r2_rep2_q06_main,dev,sbm_k8_r2_rep2,304,COMPLETED,True,1.0,RECOVERED,COMPLETED,True,DEV_ALLOWED,True,True,True,0.49798583984375,0.125,0.5435534332290466,1290700280/879642573641,0.0,0,,5,5576.5494,80,4f33cbd33a4d09d3577bcb37c376847fb04715433b3345b5be5c3540f2464a46,results/m4/dev_main_v12_002
dev_main_v12_002__sbm_k8_r2_rep2_q07_main,sbm_k8_r2_rep2_q07_main,dev,sbm_k8_r2_rep2,294,COMPLETED,True,1.0,RECOVERED,COMPLETED,True,DEV_ALLOWED,True,True,True,0.535125732421875,0.1625,0.4057302815741808,1691991560/879642573641,0.0,0,,5,4588.4514,80,699f97468139dab157750ac59607aeca75e23aa65d504f046d148d7491932699,results/m4/dev_main_v12_002
dev_main_v12_002__sbm_k8_r2_rep2_q08_main,sbm_k8_r2_rep2_q08_main,dev,sbm_k8_r2_rep2,367,COMPLETED,True,1.0,RECOVERED,COMPLETED,True,DEV_ALLOWED,True,True,True,0.5166015625,0.0875,0.5462369220384745,423477033/419435859179,0.0,0,,5,5200.512,80,8b9dc30fe822a86a453c8d01c0d775b60efa7276c28eaebddce16f26bb20097c,results/m4/dev_main_v12_002
dev_main_v12_002__sbm_k8_r2_rep2_q09_main,sbm_k8_r2_rep2_q09_main,dev,sbm_k8_r2_rep2,335,COMPLETED,True,1.0,RECOVERED,COMPLETED,True,DEV_ALLOWED,True,True,True,0.538330078125,0.0875,0.3577455281808977,271236348/214480177265,0.0,0,,5,4161.4088,80,fbe7c2c008248fece5ee4b9eba5c27d260f88e1402c2219d56c63c4600338ab8,results/m4/dev_main_v12_002
dev_main_v12_002__sbm_k8_r2_rep2_q10_main,sbm_k8_r2_rep2_q10_main,dev,sbm_k8_r2_rep2,452,COMPLETED,True,1.0,RECOVERED,COMPLETED,True,DEV_ALLOWED,True,True,True,0.578857421875,0.2125,0.4554340622929092,16626312/12387990133,0.0,0,,5,4234.4161,80,9c44f0cdfc774e8bdd6b5b0beb6af1e427f5f2f2b43cccf7ea6f223f329b3221,results/m4/dev_main_v12_002
dev_main_v12_002__sbm_k8_r2_rep2_q11_main,sbm_k8_r2_rep2_q11_main,dev,sbm_k8_r2_rep2,476,COMPLETED,True,1.0,RECOVERED,COMPLETED,True,DEV_ALLOWED,True,True,True,0.56597900390625,0.0875,0.41749502982107356,16626312/12387990133,0.0,0,,5,4928.4851,80,659f007a975c4091d038f7a5cb9ffe2d4fd30a4d3b8ca2818c2e7d84c2253989,results/m4/dev_main_v12_002
dev_main_v12_002__sbm_k8_r2_rep2_q12_main,sbm_k8_r2_rep2_q12_main,dev,sbm_k8_r2_rep2,534,COMPLETED,True,1.0,RECOVERED,COMPLETED,True,DEV_ALLOWED,True,True,True,0.542877197265625,0.1,0.3645661497855493,1505324145/876584155874,0.0,0,,5,4526.4453,80,3678690557498dd48aef222edbdafe47cd658a55e546805ef9c62bc52c323aee,results/m4/dev_main_v12_002
dev_main_v12_002__sbm_k8_r2_rep2_q13_main,sbm_k8_r2_rep2_q13_main,dev,sbm_k8_r2_rep2,504,COMPLETED,True,1.0,RECOVERED,COMPLETED,True,DEV_ALLOWED,True,True,True,0.598236083984375,0.075,0.32992411745298583,1604582115/876584155874,0.0,0,,5,4340.427000000001,80,5036d3aaa8b5eea06ebed694e6edf2a9dfc3dc9c85378b2ef2d977c61eb0e4de,results/m4/dev_main_v12_002
dev_main_v12_002__sbm_k8_r2_rep2_q14_main,sbm_k8_r2_rep2_q14_main,dev,sbm_k8_r2_rep2,569,COMPLETED,True,1.0,RECOVERED,COMPLETED,True,DEV_ALLOWED,True,True,True,0.6075439453125,0.075,0.3468074575152615,337998355/145609379146,0.0,0,,5,4118.404699999999,80,ba7fa85d302e1365e118869042598e23600f81d0af257610d28546b6157f1240,results/m4/dev_main_v12_002
dev_main_v12_002__sbm_k8_r2_rep2_q15_main,sbm_k8_r2_rep2_q15_main,dev,sbm_k8_r2_rep2,560,COMPLETED,True,1.0,RECOVERED,COMPLETED,True,DEV_ALLOWED,True,True,True,0.617919921875,0.2125,0.4981026233294836,249583049/145609379146,0.0,0,,5,4350.4275,80,76d9494796b2d3bd1b9c9af7f646dc63e8f6765bd22c9a7a97e65be8b0a69523,results/m4/dev_main_v12_002
dev_main_v12_002__sbm_k8_r3_rep0_q00_main,sbm_k8_r3_rep0_q00_main,dev,sbm_k8_r3_rep0,148,COMPLETED,True,0.9669421487603306,H1,COMPLETED,True,DEV_ALLOWED,True,False,True,1.182861328125,0.388,2.057628405962214,-950859445/520843638107,0.20363164721141375,42528007709/2212654586136,,4,992.096,234,36e9f8c39693d0e2497ff3a1528721e99a0872d5c5a9ce1acc16c5dc81921ccb,results/m4/dev_main_v12_002
dev_main_v12_002__sbm_k8_r3_rep0_q01_main,sbm_k8_r3_rep0_q01_main,dev,sbm_k8_r3_rep0,13,COMPLETED,True,0.9979959919839679,H2,COMPLETED,True,DEV_ALLOWED,True,True,True,0.8182373046875,0.656,3.7242001329155987,-5839337184/1560445752487,0.21355060034305318,1477445338/4692060946893,feasible_truth_has_lower_Z_than_output,4,1242.1196,249,2cdfedb24421b19400d20ffdeaa39f62bdc2c4a549e34fa56abe45a9d7b41f10,results/m4/dev_main_v12_002
dev_main_v12_002__sbm_k8_r3_rep0_q02_main,sbm_k8_r3_rep0_q02_main,dev,sbm_k8_r3_rep0,454,COMPLETED,True,0.9979959919839679,H2,COMPLETED,True,DEV_ALLOWED,True,True,True,0.69921875,0.984,5.923570484997169,-29139337243/4741696613626,0.14468332364904127,470975893/1187334858878,feasible_truth_has_lower_Z_than_output,4,1836.1782,249,6330af0fe186794a4da6cfa8341293e1081948fb542b02c8a7b623d4fe30e5a0,results/m4/dev_main_v12_002
dev_main_v12_002__sbm_k8_r3_rep0_q03_main,sbm_k8_r3_rep0_q03_main,dev,sbm_k8_r3_rep0,410,COMPLETED,True,1.0,RECOVERED,COMPLETED,True,DEV_ALLOWED,True,True,True,0.6878662109375,0.788,4.789677297603322,-11337714497/2370848306813,0.17315716272600834,0,,4,1664.1612,250,636f7262eadd0d38b3e1643e6ff146601ced13f40636e3d069210adaa8c66245,results/m4/dev_main_v12_002
dev_main_v12_002__sbm_k8_r3_rep0_q04_main,sbm_k8_r3_rep0_q04_main,dev,sbm_k8_r3_rep0,616,COMPLETED,True,1.0,RECOVERED,COMPLETED,True,DEV_ALLOWED,True,True,True,0.87445068359375,0.444,2.4494176532871306,-3749694334/1519721083435,0.2364066193853428,0,,4,1190.1155,250,7717331e979f49b4c8af7075e7f5d525b1114ab39602b9eccde17507b3ee9c3d,results/m4/dev_main_v12_002
dev_main_v12_002__sbm_k8_r3_rep0_q05_main,sbm_k8_r3_rep0_q05_main,dev,sbm_k8_r3_rep0,620,COMPLETED,True,0.9979959919839679,H2,COMPLETED,True,DEV_ALLOWED,True,True,True,0.9342041015625,0.476,2.49282895370103,-11454369182/4559163250305,0.23948598130841123,333882458/4559163250305,feasible_truth_has_lower_Z_than_output,4,1050.1015000000002,249,b0dad1e14909658acabcca3630c3a1c83b58be19f208773be18e8efb1274e1bc,results/m4/dev_main_v12_002
dev_main_v12_002__sbm_k8_r3_rep0_q06_main,sbm_k8_r3_rep0_q06_main,dev,sbm_k8_r3_rep0,955,COMPLETED,True,0.9979959919839679,H2,COMPLETED,True,DEV_ALLOWED,True,True,True,0.93182373046875,0.536,3.0212024123633623,-17272521/6061239743,0.241,182266928/198413155619,feasible_truth_has_lower_Z_than_output,4,1131.1092,249,beee83aaaf4625f4930f65fd4f026845ba31e88975989d416539b89ec46e9819,results/m4/dev_main_v12_002
dev_main_v12_002__sbm_k8_r3_rep0_q07_main,sbm_k8_r3_rep0_q07_main,dev,sbm_k8_r3_rep0,976,COMPLETED,True,1.0,RECOVERED,COMPLETED,True,DEV_ALLOWED,True,True,True,0.794677734375,0.572,3.3322653599698455,-15503504/4710724787,0.22841225626740946,0,,4,1344.1301999999998,250,87808e36db7345ea3cbaf68ac49402eeafd4be57e2d189003bb876bce727a42b,results/m4/dev_main_v12_002
dev_main_v12_002__sbm_k8_r3_rep0_q08_main,sbm_k8_r3_rep0_q08_main,dev,sbm_k8_r3_rep0,1042,COMPLETED,True,1.0,RECOVERED,COMPLETED,True,DEV_ALLOWED,True,True,True,0.64654541015625,0.932,4.545420560747663,-5809140863/1208975168450,0.1813583815028902,0,,4,1479.1428,250,19467c92027d50138e66faa1a764dd07cd3bb91f5b463ed5beb9c0215a3d975c,results/m4/dev_main_v12_002
dev_main_v12_002__sbm_k8_r3_rep0_q09_main,sbm_k8_r3_rep0_q09_main,dev,sbm_k8_r3_rep0,1115,COMPLETED,True,0.9919354838709677,H2,COMPLETED,True,DEV_ALLOWED,True,True,True,0.94915771484375,0.592,3.0503738317757008,-1924586213/604487584225,0.24433497536945814,1525607597/597565537550,feasible_truth_has_lower_Z_than_output,4,1320.128,246,7933c6c5a51bc080808be408f227cd9b7f9f254315cb8a2e509b813300fe087d,results/m4/dev_main_v12_002
dev_main_v12_002__sbm_k8_r3_rep0_q10_main,sbm_k8_r3_rep0_q10_main,dev,sbm_k8_r3_rep0,1321,COMPLETED,True,0.993963782696177,H2,COMPLETED,True,DEV_ALLOWED,True,True,True,0.8114013671875,0.808,4.674952741020794,-1433666551/295319730440,0.1770981507823613,85286855/29330006663,feasible_truth_has_lower_Z_than_output,4,1404.1352000000002,247,02b457a11cad65ccabd33742cb27487a3e91467e992110f921cc1b8a6caa3654,results/m4/dev_main_v12_002
dev_main_v12_002__sbm_k8_r3_rep0_q11_main,sbm_k8_r3_rep0_q11_main,dev,sbm_k8_r3_rep0,1419,COMPLETED,True,0.9959839357429718,H2,COMPLETED,True,DEV_ALLOWED,True,True,True,0.9776611328125,0.568,2.5868620037807184,-1467736903/590639460880,0.25195094760312153,280649813/235851851590,feasible_truth_has_lower_Z_than_output,4,1188.1152,248,bfa98e984bef30ecf4eb5c356a6ace5f3b7a285671143b74fcbd4854a24f2933,results/m4/dev_main_v12_002
dev_main_v12_002__sbm_k8_r3_rep0_q12_main,sbm_k8_r3_rep0_q12_main,dev,sbm_k8_r3_rep0,1745,COMPLETED,True,1.0,RECOVERED,COMPLETED,True,DEV_ALLOWED,True,True,True,0.802001953125,0.504,2.7149062009056464,-12102588841/4945671544134,0.2463002114164905,0,,4,1178.114,250,bd91535e27372276e6b51b7ce1934463989900238a329845abd84008c5a38dd2,results/m4/dev_main_v12_002
dev_main_v12_002__sbm_k8_r3_rep0_q13_main,sbm_k8_r3_rep0_q13_main,dev,sbm_k8_r3_rep0,1637,COMPLETED,True,0.046511627906976744,H1,COMPLETED,True,DEV_ALLOWED,True,False,True,19.771484375,0.016,0.05868219203400795,1147706132/4948884807621,0.0,17826037967/45597739006,,4,870.0840000000001,8,7af317d069cb327f9831ee3a1fe36c791ea978af485b61897b99f9ab3a78b55c,results/m4/dev_main_v12_002
dev_main_v12_002__sbm_k8_r3_rep0_q14_main,sbm_k8_r3_rep0_q14_main,dev,sbm_k8_r3_rep0,1998,COMPLETED,True,1.0,RECOVERED,COMPLETED,True,DEV_ALLOWED,True,True,True,0.67852783203125,0.572,3.1007635026863984,-1355728574/395589017931,0.2443125618199802,0,,4,1470.1427999999999,250,944cc45d319554cbc75dc9691f8e01f43bfc6f6dee8c1c6838c93ecf9c1332a2,results/m4/dev_main_v12_002
dev_main_v12_002__sbm_k8_r3_rep0_q15_main,sbm_k8_r3_rep0_q15_main,dev,sbm_k8_r3_rep0,1957,COMPLETED,True,0.9959839357429718,H2,COMPLETED,True,DEV_ALLOWED,True,True,True,0.87896728515625,0.632,3.623150155528325,-1652885072/395589017931,0.2180385288966725,68618559/46031239205,feasible_truth_has_lower_Z_than_output,4,1188.1144,248,8d4eff211172f21aa422f9cde658a5cf015083937ec1612bb9935ec9a5d06a7a,results/m4/dev_main_v12_002
dev_main_v12_002__sbm_k8_r3_rep1_q00_main,sbm_k8_r3_rep1_q00_main,dev,sbm_k8_r3_rep1,146,COMPLETED,True,1.0,RECOVERED,COMPLETED,True,DEV_ALLOWED,True,True,True,0.80670166015625,0.584,3.3419540229885056,-63009703/20423594520,0.231203007518797,0,,4,1386.1344,250,2198f2aaa1d8ea24cddc8325262407a4c98ae10b258230f8a927ec585a89e07a,results/m4/dev_main_v12_002
dev_main_v12_002__sbm_k8_r3_rep1_q01_main,sbm_k8_r3_rep1_q01_main,dev,sbm_k8_r3_rep1,8,COMPLETED,True,1.0,RECOVERED,COMPLETED,True,DEV_ALLOWED,True,True,True,0.82025146484375,0.676,3.414176245210728,-32413987/10211797260,0.22764976958525346,0,,4,1118.1075,250,f845663e361d865c8551c1cc6cd22df12369ac84398cd667134bd6b10f62c649,results/m4/dev_main_v12_002
dev_main_v12_002__sbm_k8_r3_rep1_q02_main,sbm_k8_r3_rep1_q02_main,dev,sbm_k8_r3_rep1,380,COMPLETED,True,0.9979959919839679,H2,COMPLETED,True,DEV_ALLOWED,True,True,True,0.91082763671875,0.524,2.8600152468077,-139008227/55002852828,0.24947589098532494,884549773/4629093215472,feasible_truth_has_lower_Z_than_output,4,1178.114,249,59bcfb9ccc2a1033a4d9eb53db6f64fbd9f620b7e3477f50a52e076a65cbc040,results/m4/dev_main_v12_002
dev_main_v12_002__sbm_k8_r3_rep1_q03_main,sbm_k8_r3_rep1_q03_main,dev,sbm_k8_r3_rep1,480,COMPLETED,True,1.0,RECOVERED,COMPLETED,True,DEV_ALLOWED,True,True,True,0.80999755859375,0.656,3.690585096245474,-100368559/27501426414,0.21558441558441557,0,,4,1440.1395,250,c11eafff7c8a4fa2cdab1b87f36b5c73c0efcf41b2a0267edc007ccf7ccfb41c,results/m4/dev_main_v12_002
dev_main_v12_002__sbm_k8_r3_rep1_q04_main,sbm_k8_r3_rep1_q04_main,dev,sbm_k8_r3_rep1,648,COMPLETED,True,1.0,RECOVERED,COMPLETED,True,DEV_ALLOWED,True,True,True,0.79315185546875,0.664,3.9311649016641455,-1319492259/293252073608,0.2037643207855974,0,,4,1504.1457,250,47981faeaf915b96cfa4e11c9d9b6f5d07afe1d75db5e8861c1f84b2360ed056,results/m4/dev_main_v12_002
dev_main_v12_002__sbm_k8_r3_rep1_q05_main,sbm_k8_r3_rep1_q05_main,dev,sbm_k8_r3_rep1,659,COMPLETED,True,0.9979959919839679,H2,COMPLETED,True,DEV_ALLOWED,True,True,True,0.78814697265625,0.624,3.7917927382753405,-10098627361/2346016588864,0.20977253580454927,9307859/36736674620,feasible_truth_has_lower_Z_than_output,4,1598.1551,249,2a663bde954da3d063c53e9931f9c57775c4d9d98b07c394419c5c9986fd9080,results/m4/dev_main_v12_002
dev_main_v12_002__sbm_k8_r3_rep1_q06_main,sbm_k8_r3_rep1_q06_main,dev,sbm_k8_r3_rep1,919,COMPLETED,True,0.98989898989899,H2,COMPLETED,True,DEV_ALLOWED,True,True,True,0.9478759765625,0.584,3.4740677645277303,-8564869607/2340232614072,0.22412241224122412,83063387/21431517924,feasible_truth_has_lower_Z_than_output,4,1134.1091999999999,245,7cdc4a9c917e470dabd939e387e7ac319105d18a900921a1e247459c616eda35,results/m4/dev_main_v12_002
dev_main_v12_002__sbm_k8_r3_rep1_q07_main,sbm_k8_r3_rep1_q07_main,dev,sbm_k8_r3_rep1,874,COMPLETED,True,0.9795918367346939,H1,COMPLETED,True,DEV_ALLOWED,True,False,True,1.10302734375,0.496,2.4361158432708687,-28015391/12220050948,0.24364896073903003,5221701773/502916382480,,4,1156.1122,240,7bdce571a1eca4f84c8c8567d3bc9c04b3566e7bde12b48eb4796b4af3201694,results/m4/dev_main_v12_002
dev_main_v12_002__sbm_k8_r3_rep1_q08_main,sbm_k8_r3_rep1_q08_main,dev,sbm_k8_r3_rep1,1228,COMPLETED,True,0.9979959919839679,H2,COMPLETED,True,DEV_ALLOWED,True,True,True,0.72344970703125,0.472,2.7969567284831194,-41811805/12896645397,0.2478723404255319,-767209/12896645397,output_has_lower_Z_than_truth,4,1209.117,249,cf8cf79c0af4c44174120fefb4db436ac85a034bc95e749f4678f1433de8d174,results/m4/dev_main_v12_002
dev_main_v12_002__sbm_k8_r3_rep1_q09_main,sbm_k8_r3_rep1_q09_main,dev,sbm_k8_r3_rep1,1068,COMPLETED,True,0.9979959919839679,H2,COMPLETED,True,DEV_ALLOWED,True,True,True,0.86090087890625,0.604,3.2894912030432715,-245198087/64483226985,0.23047977422389465,16778333/103232305144,feasible_truth_has_lower_Z_than_output,4,1353.1312,249,9e8f6a75a9535d7ea94918eeb1278488be3a979d3616488fa6e9dd4ca773f61c,results/m4/dev_main_v12_002
dev_main_v12_002__sbm_k8_r3_rep1_q10_main,sbm_k8_r3_rep1_q10_main,dev,sbm_k8_r3_rep1,1421,COMPLETED,True,1.0,RECOVERED,COMPLETED,True,DEV_ALLOWED,True,True,True,0.7064208984375,0.692,3.203651947084032,-21772325/6716578664,0.23390151515151514,0,,4,1428.1386,250,d707094dcbe265cf0852b44c493d31a970ac2330165ceb07691957f56b2a2a64,results/m4/dev_main_v12_002
dev_main_v12_002__sbm_k8_r3_rep1_q11_main,sbm_k8_r3_rep1_q11_main,dev,sbm_k8_r3_rep1,1359,COMPLETED,True,0.9858012170385395,H1,COMPLETED,True,DEV_ALLOWED,True,False,True,1.11114501953125,0.612,2.2077510713620274,-1239886031/604718481288,0.2237163814180929,4918657933/591021188844,,4,924.0891,243,ec174a6e87c7a1c482f78950653de4a2955c29dcfe080d8833841f90a7658bc3,results/m4/dev_main_v12_002
dev_main_v12_002__sbm_k8_r3_rep1_q12_main,sbm_k8_r3_rep1_q12_main,dev,sbm_k8_r3_rep1,1518,COMPLETED,True,1.0,RECOVERED,COMPLETED,True,DEV_ALLOWED,True,True,True,0.5526123046875,0.96,6.101399600114253,-14585519027/2315202463476,0.14155770324047753,0,,4,1836.1782,250,99efed6cd354a71c7591b400353b8b9711f90b8319f7e3258d0e9a0bd562b1c0,results/m4/dev_main_v12_002
dev_main_v12_002__sbm_k8_r3_rep1_q13_main,sbm_k8_r3_rep1_q13_main,dev,sbm_k8_r3_rep1,1521,COMPLETED,True,1.0,RECOVERED,COMPLETED,True,DEV_ALLOWED,True,True,True,0.82672119140625,0.564,3.067694944301628,-1400615471/514834037424,0.2400398406374502,0,,4,1280.124,250,d666c1d7847d8ebee65edf1145e7c6f14aca8d297127993b39dff8070d47577d,results/m4/dev_main_v12_002
dev_main_v12_002__sbm_k8_r3_rep1_q14_main,sbm_k8_r3_rep1_q14_main,dev,sbm_k8_r3_rep1,1907,COMPLETED,True,1.0,RECOVERED,COMPLETED,True,DEV_ALLOWED,True,True,True,0.82232666015625,0.484,2.4843453510436433,-193260787/68536766640,0.2428078250863061,0,,4,1188.1152,250,b8855fd05506ac88780a4ac9cbbab442191f173f18ec4b4201db6269b9dc75cc,results/m4/dev_main_v12_002
dev_main_v12_002__sbm_k8_r3_rep1_q15_main,sbm_k8_r3_rep1_q15_main,dev,sbm_k8_r3_rep1,1941,COMPLETED,True,0.9979959919839679,H2,COMPLETED,True,DEV_ALLOWED,True,True,True,0.86285400390625,0.508,2.7503795066413663,-742322107/233025006576,0.24546424759871932,870567031/2334473949680,feasible_truth_has_lower_Z_than_output,4,1332.1295,249,43000e0371e2c3be28920ce8a0d5defa2d9286e9e1ac17b0625411247441b101,results/m4/dev_main_v12_002
dev_main_v12_002__sbm_k8_r3_rep2_q00_main,sbm_k8_r3_rep2_q00_main,dev,sbm_k8_r3_rep2,82,COMPLETED,True,0.9858012170385395,H1,COMPLETED,True,DEV_ALLOWED,True,False,True,1.0191650390625,0.704,3.5183874871985847,-8772063451/2456257207536,0.22133333333333333,23600624303/4825217582032,,4,1512.147,243,dd9fcb40565de0fcc24f69aa5485c8fe69c5a4cbcccda1608698e9b492393b2d,results/m4/dev_main_v12_002
dev_main_v12_002__sbm_k8_r3_rep2_q01_main,sbm_k8_r3_rep2_q01_main,dev,sbm_k8_r3_rep2,13,COMPLETED,True,1.0,RECOVERED,COMPLETED,True,DEV_ALLOWED,True,True,True,0.822265625,0.672,3.4217484405548833,-8500155199/2456257207536,0.22689844464775846,0,,4,1452.1408,250,ffc65649b314bf042adbba286d29776dfd30ad248ca5a33891a849da077f2198,results/m4/dev_main_v12_002
dev_main_v12_002__sbm_k8_r3_rep2_q02_main,sbm_k8_r3_rep2_q02_main,dev,sbm_k8_r3_rep2,497,COMPLETED,True,1.0,RECOVERED,COMPLETED,True,DEV_ALLOWED,True,True,True,0.75921630859375,0.572,2.6929031054742145,-12327306529/4894190802160,0.25841476655808904,0,,4,1178.114,250,50b8f92052bb405fe4b63565766f501e17f759000d9ce4249a6245054d779598,results/m4/dev_main_v12_002
dev_main_v12_002__sbm_k8_r3_rep2_q03_main,sbm_k8_r3_rep2_q03_main,dev,sbm_k8_r3_rep2,446,COMPLETED,True,1.0,RECOVERED,COMPLETED,True,DEV_ALLOWED,True,True,True,0.90545654296875,0.528,2.7411172246572786,-12619675199/4894190802160,0.2532051282051282,0,,4,1292.1254,250,4eb47749400a5cd81a3c92698f42651a99576f54efa5cbbed49509ee7469fa65,results/m4/dev_main_v12_002
dev_main_v12_002__sbm_k8_r3_rep2_q04_main,sbm_k8_r3_rep2_q04_main,dev,sbm_k8_r3_rep2,714,COMPLETED,True,1.0,RECOVERED,COMPLETED,True,DEV_ALLOWED,True,True,True,0.69281005859375,0.692,3.772075471698113,-47708913/11959100200,0.21214713430282292,0,,4,1551.1504,250,0bc84d7054c36713ccedd359e96218c3322bf200ba1b2d40d0d4f5c52e242528,results/m4/dev_main_v12_002
dev_main_v12_002__sbm_k8_r3_rep2_q05_main,sbm_k8_r3_rep2_q05_main,dev,sbm_k8_r3_rep2,611,COMPLETED,True,1.0,RECOVERED,COMPLETED,True,DEV_ALLOWED,True,True,True,0.6640625,0.624,3.7928301886792455,-23999519/5979550100,0.2107051826677995,0,,4,1392.1344000000001,250,8d8781bded91b8773799bdc85c3c517287af000744731edcc287258df9ea7c09,results/m4/dev_main_v12_002
dev_main_v12_002__sbm_k8_r3_rep2_q06_main,sbm_k8_r3_rep2_q06_main,dev,sbm_k8_r3_rep2,760,COMPLETED,True,0.9959839357429718,H2,COMPLETED,True,DEV_ALLOWED,True,True,True,0.82293701171875,0.604,3.374695179140874,-1122941524/302236998771,0.23234200743494424,138398301/201206283944,feasible_truth_has_lower_Z_than_output,4,1290.1247,248,0cf56193f4a8cb9cf536c8cb44399f60a7629d88aa01e926ada7efe76903f23c,results/m4/dev_main_v12_002
dev_main_v12_002__sbm_k8_r3_rep2_q07_main,sbm_k8_r3_rep2_q07_main,dev,sbm_k8_r3_rep2,940,COMPLETED,True,1.0,RECOVERED,COMPLETED,True,DEV_ALLOWED,True,True,True,0.6136474609375,0.772,4.417088726317764,-12459863581/2417895990168,0.18684603886397608,0,,4,1581.153,250,9ac1bd13bd9844c19d2feae297accf55d51911c6d910a76ce766bd662781de1e,results/m4/dev_main_v12_002
dev_main_v12_002__sbm_k8_r3_rep2_q08_main,sbm_k8_r3_rep2_q08_main,dev,sbm_k8_r3_rep2,1249,COMPLETED,True,0.8687782805429864,H1,COMPLETED,True,DEV_ALLOWED,True,False,True,1.3043212890625,0.676,2.6816563612516395,-767702413/303461809326,0.25,335187398395/3758200718544,,4,1332.1296,192,6347578a2d2a6a2c5182082cce5bd6a38aa494fa5d1141c6c335321bbb0ff0c6,results/m4/dev_main_v12_002
dev_main_v12_002__sbm_k8_r3_rep2_q09_main,sbm_k8_r3_rep2_q09_main,dev,sbm_k8_r3_rep2,1109,COMPLETED,True,0.9979959919839679,H2,COMPLETED,True,DEV_ALLOWED,True,True,True,0.73565673828125,0.772,4.5953719317968895,-239497427/50529406656,0.17939481268011528,1771776871/4856758722288,feasible_truth_has_lower_Z_than_output,4,1456.1404,249,532ec6e504e47960c57ee0b951cf9428b0637e60593860545ae56cd62c1b8f06,results/m4/dev_main_v12_002
dev_main_v12_002__sbm_k8_r3_rep2_q10_main,sbm_k8_r3_rep2_q10_main,dev,sbm_k8_r3_rep2,1342,COMPLETED,True,1.0,RECOVERED,COMPLETED,True,DEV_ALLOWED,True,True,True,0.84515380859375,0.628,3.3800037064492217,-3768045259/1239268800224,0.22789425706472197,0,,4,1505.1462000000001,250,47ffe0181311bec76a1cd3ada61a909e1ccef267adb177793108e340f7d73270,results/m4/dev_main_v12_002
dev_main_v12_002__sbm_k8_r3_rep2_q11_main,sbm_k8_r3_rep2_q11_main,dev,sbm_k8_r3_rep2,1470,COMPLETED,True,1.0,RECOVERED,COMPLETED,True,DEV_ALLOWED,True,True,True,0.6651611328125,0.744,3.934581171237954,-2317824407/619634400112,0.20341741253051263,0,,4,1176.1127,250,00cf8dcb69ea7fc80c08ee3f5cf79dd9150d4e2fa87a0229bf866b774319a577,results/m4/dev_main_v12_002
dev_main_v12_002__sbm_k8_r3_rep2_q12_main,sbm_k8_r3_rep2_q12_main,dev,sbm_k8_r3_rep2,1733,COMPLETED,True,1.0,RECOVERED,COMPLETED,True,DEV_ALLOWED,True,True,True,0.68695068359375,0.688,4.185455225275753,-13734782/2717104785,0.19347319347319347,0,,4,1650.16,250,f3be489068deac963da52e69071721b989da318fe84cf619bba0aff9198570b6,results/m4/dev_main_v12_002
dev_main_v12_002__sbm_k8_r3_rep2_q13_main,sbm_k8_r3_rep2_q13_main,dev,sbm_k8_r3_rep2,1698,COMPLETED,True,0.9561586638830898,H1,COMPLETED,True,DEV_ALLOWED,True,False,True,1.2593994140625,0.392,1.9110114040007478,-10710899/5434209570,0.17527173913043478,14331461259/497125304944,,4,1088.1056,229,64be39ba682e95774e5ca14852a2127a6a58c1b75fbf82d95d8b23e9d0b7c55d,results/m4/dev_main_v12_002
dev_main_v12_002__sbm_k8_r3_rep2_q14_main,sbm_k8_r3_rep2_q14_main,dev,sbm_k8_r3_rep2,1870,COMPLETED,True,1.0,RECOVERED,COMPLETED,True,DEV_ALLOWED,True,True,True,0.7647705078125,0.756,3.6103920465203525,-7720541/2099857799,0.218117854001759,0,,4,1395.135,250,9853891d9cc124bf16da1797b6cd92e3a5726cc8e1bb2aaf026994791b13cee2,results/m4/dev_main_v12_002
dev_main_v12_002__sbm_k8_r3_rep2_q15_main,sbm_k8_r3_rep2_q15_main,dev,sbm_k8_r3_rep2,1883,COMPLETED,True,1.0,RECOVERED,COMPLETED,True,DEV_ALLOWED,True,True,True,0.88677978515625,0.624,3.2037141249296566,-6642503/2099857799,0.23416506717850288,0,,4,1189.1148,250,7dbfc083367a21e8d134037272da411d5ca7f31dff1157066e5b8759b43b1246,results/m4/dev_main_v12_002
test_main_v12_002__lfr_n1000_phi10_s202610011_q00_main,lfr_n1000_phi10_s202610011_q00_main,test,lfr_n1000_phi10_s202610011,962,COMPLETED,True,1.0,DIAGNOSTIC_SCOPE_NOT_AUTHORIZED,NOT_RUN_G_E2_NOT_PASS,False,NOT_RUN_G_E2_NOT_PASS,False,,False,,,,,,,,2,520.0455,78,94af6a7192adabde7bd2d17770d4e20dd2dbbd2a547bda538a8d22661d5a9bca,results/m4/test_main_v12_002
test_main_v12_002__lfr_n1000_phi10_s202610011_q01_main,lfr_n1000_phi10_s202610011_q01_main,test,lfr_n1000_phi10_s202610011,456,COMPLETED,True,1.0,DIAGNOSTIC_SCOPE_NOT_AUTHORIZED,NOT_RUN_G_E2_NOT_PASS,False,NOT_RUN_G_E2_NOT_PASS,False,,False,,,,,,,,4,288.0276,78,d8f6068ba40932ea8571552cdcdb1b834351fdcc532466caeb7f8fdc4cd26943,results/m4/test_main_v12_002
test_main_v12_002__lfr_n1000_phi10_s202610011_q02_main,lfr_n1000_phi10_s202610011_q02_main,test,lfr_n1000_phi10_s202610011,556,COMPLETED,True,1.0,DIAGNOSTIC_SCOPE_NOT_AUTHORIZED,NOT_RUN_G_E2_NOT_PASS,False,NOT_RUN_G_E2_NOT_PASS,False,,False,,,,,,,,2,126.0112,54,401bef985355b07854708b0c6b73d6c9f49ebe2ba4aa67a56ae2d184094ffef7,results/m4/test_main_v12_002
test_main_v12_002__lfr_n1000_phi10_s202610011_q03_main,lfr_n1000_phi10_s202610011_q03_main,test,lfr_n1000_phi10_s202610011,32,COMPLETED,True,1.0,DIAGNOSTIC_SCOPE_NOT_AUTHORIZED,NOT_RUN_G_E2_NOT_PASS,False,NOT_RUN_G_E2_NOT_PASS,False,,False,,,,,,,,2,70.00630000000001,54,36fb291027c45147ec3c4b479bc33e499dfb80e614dcf2ea74c9985bca927936,results/m4/test_main_v12_002
test_main_v12_002__lfr_n1000_phi10_s202610011_q04_main,lfr_n1000_phi10_s202610011_q04_main,test,lfr_n1000_phi10_s202610011,290,COMPLETED,True,1.0,DIAGNOSTIC_SCOPE_NOT_AUTHORIZED,NOT_RUN_G_E2_NOT_PASS,False,NOT_RUN_G_E2_NOT_PASS,False,,False,,,,,,,,2,81.0072,21,9c4a6946cbb2087f083b9dc5dd0022773d4d1efb33fc853abdc9d028e243fff4,results/m4/test_main_v12_002
test_main_v12_002__lfr_n1000_phi10_s202610011_q05_main,lfr_n1000_phi10_s202610011_q05_main,test,lfr_n1000_phi10_s202610011,266,COMPLETED,True,1.0,DIAGNOSTIC_SCOPE_NOT_AUTHORIZED,NOT_RUN_G_E2_NOT_PASS,False,NOT_RUN_G_E2_NOT_PASS,False,,False,,,,,,,,2,72.0063,21,041ba7e5686610d95fb4e518091c4c3aa8b6cc1269f6dc4175b00a7860028723,results/m4/test_main_v12_002
test_main_v12_002__lfr_n1000_phi10_s202610011_q06_main,lfr_n1000_phi10_s202610011_q06_main,test,lfr_n1000_phi10_s202610011,140,COMPLETED,True,1.0,DIAGNOSTIC_SCOPE_NOT_AUTHORIZED,NOT_RUN_G_E2_NOT_PASS,False,NOT_RUN_G_E2_NOT_PASS,False,,False,,,,,,,,2,64.0056,25,c961940788d467b7a36e0ee253610898c993b3d9410cf5ce314e4eee79230c14,results/m4/test_main_v12_002
test_main_v12_002__lfr_n1000_phi10_s202610011_q07_main,lfr_n1000_phi10_s202610011_q07_main,test,lfr_n1000_phi10_s202610011,95,COMPLETED,True,1.0,DIAGNOSTIC_SCOPE_NOT_AUTHORIZED,NOT_RUN_G_E2_NOT_PASS,False,NOT_RUN_G_E2_NOT_PASS,False,,False,,,,,,,,3,126.0119,25,453de3c53a91e74f8cec2e113a612e926581b1eb755835f266559eb6c416abae,results/m4/test_main_v12_002
test_main_v12_002__lfr_n1000_phi10_s202610011_q08_main,lfr_n1000_phi10_s202610011_q08_main,test,lfr_n1000_phi10_s202610011,843,COMPLETED,True,1.0,DIAGNOSTIC_SCOPE_NOT_AUTHORIZED,NOT_RUN_G_E2_NOT_PASS,False,NOT_RUN_G_E2_NOT_PASS,False,,False,,,,,,,,2,248.0217,63,48f6e54a85790e7f3d5100dd983ad5eb4dc62092b58ce1ded4f8ff446b367441,results/m4/test_main_v12_002
test_main_v12_002__lfr_n1000_phi10_s202610011_q09_main,lfr_n1000_phi10_s202610011_q09_main,test,lfr_n1000_phi10_s202610011,159,COMPLETED,True,1.0,DIAGNOSTIC_SCOPE_NOT_AUTHORIZED,NOT_RUN_G_E2_NOT_PASS,False,NOT_RUN_G_E2_NOT_PASS,False,,False,,,,,,,,2,64.0056,63,b5b6f8b098ea575bb886c8be1fa2677158f6952f7ecee3323110c58e2ec77d28,results/m4/test_main_v12_002
test_main_v12_002__lfr_n1000_phi10_s202610011_q10_main,lfr_n1000_phi10_s202610011_q10_main,test,lfr_n1000_phi10_s202610011,951,COMPLETED,True,1.0,DIAGNOSTIC_SCOPE_NOT_AUTHORIZED,NOT_RUN_G_E2_NOT_PASS,False,NOT_RUN_G_E2_NOT_PASS,False,,False,,,,,,,,2,448.0392,61,4406c00a612d3fb4f749f3fc3b1487c784610b6ae0a59308279b8dcd29494d2f,results/m4/test_main_v12_002
test_main_v12_002__lfr_n1000_phi10_s202610011_q11_main,lfr_n1000_phi10_s202610011_q11_main,test,lfr_n1000_phi10_s202610011,602,COMPLETED,True,1.0,DIAGNOSTIC_SCOPE_NOT_AUTHORIZED,NOT_RUN_G_E2_NOT_PASS,False,NOT_RUN_G_E2_NOT_PASS,False,,False,,,,,,,,2,135.012,61,a4bb0739d65741745d94cb8fc90622ed73e1b94aab8789654520369961114a9c,results/m4/test_main_v12_002
test_main_v12_002__lfr_n1000_phi10_s202610012_q00_main,lfr_n1000_phi10_s202610012_q00_main,test,lfr_n1000_phi10_s202610012,489,COMPLETED,True,1.0,DIAGNOSTIC_SCOPE_NOT_AUTHORIZED,NOT_RUN_G_E2_NOT_PASS,False,NOT_RUN_G_E2_NOT_PASS,False,,False,,,,,,,,2,96.00840000000001,35,c8f2177e58bbaabc6e3af36594964d76771548806e5196cbb2b516a781dd1b2e,results/m4/test_main_v12_002
test_main_v12_002__lfr_n1000_phi10_s202610012_q01_main,lfr_n1000_phi10_s202610012_q01_main,test,lfr_n1000_phi10_s202610012,611,COMPLETED,True,1.0,DIAGNOSTIC_SCOPE_NOT_AUTHORIZED,NOT_RUN_G_E2_NOT_PASS,False,NOT_RUN_G_E2_NOT_PASS,False,,False,,,,,,,,2,128.0112,35,e5a87be7de85ae8133ba39cabe0e89f004528f125607cc382e2a79cafb7a3c1e,results/m4/test_main_v12_002
test_main_v12_002__lfr_n1000_phi10_s202610012_q02_main,lfr_n1000_phi10_s202610012_q02_main,test,lfr_n1000_phi10_s202610012,742,COMPLETED,True,1.0,DIAGNOSTIC_SCOPE_NOT_AUTHORIZED,NOT_RUN_G_E2_NOT_PASS,False,NOT_RUN_G_E2_NOT_PASS,False,,False,,,,,,,,2,176.0154,24,c2d4ae9903e3cf254a2a62967402434c0d7545ded05cf19056eaa3cec97b4fe1,results/m4/test_main_v12_002
test_main_v12_002__lfr_n1000_phi10_s202610012_q03_main,lfr_n1000_phi10_s202610012_q03_main,test,lfr_n1000_phi10_s202610012,728,COMPLETED,True,1.0,DIAGNOSTIC_SCOPE_NOT_AUTHORIZED,NOT_RUN_G_E2_NOT_PASS,False,NOT_RUN_G_E2_NOT_PASS,False,,False,,,,,,,,2,168.0147,24,f4a689b6795f34843ff5897e249da3beff24587d8b87c0cdee1a3175b92519f2,results/m4/test_main_v12_002
test_main_v12_002__lfr_n1000_phi10_s202610012_q04_main,lfr_n1000_phi10_s202610012_q04_main,test,lfr_n1000_phi10_s202610012,614,COMPLETED,True,1.0,DIAGNOSTIC_SCOPE_NOT_AUTHORIZED,NOT_RUN_G_E2_NOT_PASS,False,NOT_RUN_G_E2_NOT_PASS,False,,False,,,,,,,,2,128.0112,34,236bdb0532ceadf368f6c0f3e62727b99d0174bfb7474f3cb83e8b5d8a8642bf,results/m4/test_main_v12_002
test_main_v12_002__lfr_n1000_phi10_s202610012_q05_main,lfr_n1000_phi10_s202610012_q05_main,test,lfr_n1000_phi10_s202610012,48,COMPLETED,True,1.0,DIAGNOSTIC_SCOPE_NOT_AUTHORIZED,NOT_RUN_G_E2_NOT_PASS,False,NOT_RUN_G_E2_NOT_PASS,False,,False,,,,,,,,3,91.0084,34,2cde1e63a2278a96e781c798df6c3b7f6afbd66bed8cdeb4cb0f64d7c1430e16,results/m4/test_main_v12_002
test_main_v12_002__lfr_n1000_phi10_s202610012_q06_main,lfr_n1000_phi10_s202610012_q06_main,test,lfr_n1000_phi10_s202610012,253,COMPLETED,True,1.0,DIAGNOSTIC_SCOPE_NOT_AUTHORIZED,NOT_RUN_G_E2_NOT_PASS,False,NOT_RUN_G_E2_NOT_PASS,False,,False,,,,,,,,2,80.0072,52,121e1a21331300259338f4411b3b7917331b4b0eb1dc02c018e760ee283b666c,results/m4/test_main_v12_002
test_main_v12_002__lfr_n1000_phi10_s202610012_q07_main,lfr_n1000_phi10_s202610012_q07_main,test,lfr_n1000_phi10_s202610012,850,COMPLETED,True,1.0,DIAGNOSTIC_SCOPE_NOT_AUTHORIZED,NOT_RUN_G_E2_NOT_PASS,False,NOT_RUN_G_E2_NOT_PASS,False,,False,,,,,,,,2,306.0272,52,ab518001c738fc8e8e83d820e319db67cd75ac7b7b0ce07ae35511e7ebd5a7fc,results/m4/test_main_v12_002
test_main_v12_002__lfr_n1000_phi10_s202610012_q08_main,lfr_n1000_phi10_s202610012_q08_main,test,lfr_n1000_phi10_s202610012,181,COMPLETED,True,1.0,DIAGNOSTIC_SCOPE_NOT_AUTHORIZED,NOT_RUN_G_E2_NOT_PASS,False,NOT_RUN_G_E2_NOT_PASS,False,,False,,,,,,,,2,64.0056,22,a055a0f40d3b8195322c2c4e9fde1827c046efbc65bf685ed2fdf5b2f429d46e,results/m4/test_main_v12_002
test_main_v12_002__lfr_n1000_phi10_s202610012_q09_main,lfr_n1000_phi10_s202610012_q09_main,test,lfr_n1000_phi10_s202610012,575,COMPLETED,True,1.0,DIAGNOSTIC_SCOPE_NOT_AUTHORIZED,NOT_RUN_G_E2_NOT_PASS,False,NOT_RUN_G_E2_NOT_PASS,False,,False,,,,,,,,2,112.0098,22,354b548932dc964861b523ac5e362643eb66571dfd3162d1f0e3d980e6325749,results/m4/test_main_v12_002
test_main_v12_002__lfr_n1000_phi10_s202610012_q10_main,lfr_n1000_phi10_s202610012_q10_main,test,lfr_n1000_phi10_s202610012,386,COMPLETED,True,1.0,DIAGNOSTIC_SCOPE_NOT_AUTHORIZED,NOT_RUN_G_E2_NOT_PASS,False,NOT_RUN_G_E2_NOT_PASS,False,,False,,,,,,,,2,80.00699999999999,39,0403eb1eebd5da145e70abecc50b3e1db60e55419ed62a5eb0e36159b94ea3b1,results/m4/test_main_v12_002
test_main_v12_002__lfr_n1000_phi10_s202610012_q11_main,lfr_n1000_phi10_s202610012_q11_main,test,lfr_n1000_phi10_s202610012,114,COMPLETED,True,1.0,DIAGNOSTIC_SCOPE_NOT_AUTHORIZED,NOT_RUN_G_E2_NOT_PASS,False,NOT_RUN_G_E2_NOT_PASS,False,,False,,,,,,,,3,84.0077,39,45cd5bd160835f0623d2ef07a70e1d42ddfc01baf04e48e82c3af13043101ece,results/m4/test_main_v12_002
test_main_v12_002__lfr_n1000_phi10_s202610013_q00_main,lfr_n1000_phi10_s202610013_q00_main,test,lfr_n1000_phi10_s202610013,41,COMPLETED,True,1.0,DIAGNOSTIC_SCOPE_NOT_AUTHORIZED,NOT_RUN_G_E2_NOT_PASS,False,NOT_RUN_G_E2_NOT_PASS,False,,False,,,,,,,,4,189.0182,48,a10337c90b793913a0ed8efb4e325ad59f24707afa4499f7e71eeb01b70c85b6,results/m4/test_main_v12_002
test_main_v12_002__lfr_n1000_phi10_s202610013_q01_main,lfr_n1000_phi10_s202610013_q01_main,test,lfr_n1000_phi10_s202610013,51,COMPLETED,True,1.0,DIAGNOSTIC_SCOPE_NOT_AUTHORIZED,NOT_RUN_G_E2_NOT_PASS,False,NOT_RUN_G_E2_NOT_PASS,False,,False,,,,,,,,2,70.00630000000001,48,c1405790ed7d3c8c4863dc33cb2aedf1a6a9bbd6a72250b20fa8052c9559bae0,results/m4/test_main_v12_002
test_main_v12_002__lfr_n1000_phi10_s202610013_q02_main,lfr_n1000_phi10_s202610013_q02_main,test,lfr_n1000_phi10_s202610013,28,COMPLETED,True,1.0,DIAGNOSTIC_SCOPE_NOT_AUTHORIZED,NOT_RUN_G_E2_NOT_PASS,False,NOT_RUN_G_E2_NOT_PASS,False,,False,,,,,,,,2,77.007,33,20cf23270518a644eb877bb96bfa256bcc517c2144cbf0cb9d1b3f83abe90b4b,results/m4/test_main_v12_002
test_main_v12_002__lfr_n1000_phi10_s202610013_q03_main,lfr_n1000_phi10_s202610013_q03_main,test,lfr_n1000_phi10_s202610013,436,COMPLETED,True,1.0,DIAGNOSTIC_SCOPE_NOT_AUTHORIZED,NOT_RUN_G_E2_NOT_PASS,False,NOT_RUN_G_E2_NOT_PASS,False,,False,,,,,,,,2,88.0077,33,5c0acc23a44e2a58c56e2cd4f719d6b19ff5d35eefdb2ea93af7641d77199019,results/m4/test_main_v12_002
test_main_v12_002__lfr_n1000_phi10_s202610013_q04_main,lfr_n1000_phi10_s202610013_q04_main,test,lfr_n1000_phi10_s202610013,886,COMPLETED,True,1.0,DIAGNOSTIC_SCOPE_NOT_AUTHORIZED,NOT_RUN_G_E2_NOT_PASS,False,NOT_RUN_G_E2_NOT_PASS,False,,False,,,,,,,,2,280.0245,75,5c95dd7f891b160b43b2803357f07118b22315171819147f8a2b30d084a96d60,results/m4/test_main_v12_002
test_main_v12_002__lfr_n1000_phi10_s202610013_q05_main,lfr_n1000_phi10_s202610013_q05_main,test,lfr_n1000_phi10_s202610013,941,COMPLETED,True,1.0,DIAGNOSTIC_SCOPE_NOT_AUTHORIZED,NOT_RUN_G_E2_NOT_PASS,False,NOT_RUN_G_E2_NOT_PASS,False,,False,,,,,,,,2,464.0406,75,ce02b155d670400efcbc38568a4753c1e3ee87a94fc46774a6cf7689526caa89,results/m4/test_main_v12_002
test_main_v12_002__lfr_n1000_phi10_s202610013_q06_main,lfr_n1000_phi10_s202610013_q06_main,test,lfr_n1000_phi10_s202610013,243,COMPLETED,True,1.0,DIAGNOSTIC_SCOPE_NOT_AUTHORIZED,NOT_RUN_G_E2_NOT_PASS,False,NOT_RUN_G_E2_NOT_PASS,False,,False,,,,,,,,3,104.0096,47,45f03de785004fdc5f83c52b873ac7c60c388ad44c4f9b72f1380642107ae274,results/m4/test_main_v12_002
test_main_v12_002__lfr_n1000_phi10_s202610013_q07_main,lfr_n1000_phi10_s202610013_q07_main,test,lfr_n1000_phi10_s202610013,22,COMPLETED,True,1.0,DIAGNOSTIC_SCOPE_NOT_AUTHORIZED,NOT_RUN_G_E2_NOT_PASS,False,NOT_RUN_G_E2_NOT_PASS,False,,False,,,,,,,,4,168.0161,47,0b9d57027890c5fb7dc88887673a558419c0e8515a7f00f2dbbebe3ada34c261,results/m4/test_main_v12_002
test_main_v12_002__lfr_n1000_phi10_s202610013_q08_main,lfr_n1000_phi10_s202610013_q08_main,test,lfr_n1000_phi10_s202610013,874,COMPLETED,True,1.0,DIAGNOSTIC_SCOPE_NOT_AUTHORIZED,NOT_RUN_G_E2_NOT_PASS,False,NOT_RUN_G_E2_NOT_PASS,False,,False,,,,,,,,4,924.0891,95,a708bf9b6567ecd2248c62b2aec3302add12a864a8dfc61ad8d0f96f3f5bc63f,results/m4/test_main_v12_002
test_main_v12_002__lfr_n1000_phi10_s202610013_q09_main,lfr_n1000_phi10_s202610013_q09_main,test,lfr_n1000_phi10_s202610013,882,COMPLETED,True,1.0,DIAGNOSTIC_SCOPE_NOT_AUTHORIZED,NOT_RUN_G_E2_NOT_PASS,False,NOT_RUN_G_E2_NOT_PASS,False,,False,,,,,,,,2,374.034,95,db976792303ebddb916fd5c915112c7b965b99a8a7afe9f172165087e17cd241,results/m4/test_main_v12_002
test_main_v12_002__lfr_n1000_phi10_s202610013_q10_main,lfr_n1000_phi10_s202610013_q10_main,test,lfr_n1000_phi10_s202610013,674,COMPLETED,True,1.0,DIAGNOSTIC_SCOPE_NOT_AUTHORIZED,NOT_RUN_G_E2_NOT_PASS,False,NOT_RUN_G_E2_NOT_PASS,False,,False,,,,,,,,2,136.0119,33,a804eecd687f167d25e13cf1fcbf00e8a0dcb0c077b0b26871e6d7b33b4f0cfd,results/m4/test_main_v12_002
test_main_v12_002__lfr_n1000_phi10_s202610013_q11_main,lfr_n1000_phi10_s202610013_q11_main,test,lfr_n1000_phi10_s202610013,84,COMPLETED,True,1.0,DIAGNOSTIC_SCOPE_NOT_AUTHORIZED,NOT_RUN_G_E2_NOT_PASS,False,NOT_RUN_G_E2_NOT_PASS,False,,False,,,,,,,,2,70.00630000000001,33,431c57bac8a45324bda82cc7f535703bc73fa822c6c9ebe04c42cd90e4e3dd79,results/m4/test_main_v12_002
test_main_v12_002__lfr_n1000_phi20_s202610011_q00_main,lfr_n1000_phi20_s202610011_q00_main,test,lfr_n1000_phi20_s202610011,205,COMPLETED,True,1.0,DIAGNOSTIC_SCOPE_NOT_AUTHORIZED,NOT_RUN_G_E2_NOT_PASS,False,NOT_RUN_G_E2_NOT_PASS,False,,False,,,,,,,,2,80.0072,25,23036df4eb91a796adeb16c67ff3d52bab7f034b7a17e250ae5fc491bae7fda3,results/m4/test_main_v12_002
test_main_v12_002__lfr_n1000_phi20_s202610011_q01_main,lfr_n1000_phi20_s202610011_q01_main,test,lfr_n1000_phi20_s202610011,56,COMPLETED,True,1.0,DIAGNOSTIC_SCOPE_NOT_AUTHORIZED,NOT_RUN_G_E2_NOT_PASS,False,NOT_RUN_G_E2_NOT_PASS,False,,False,,,,,,,,2,77.007,25,374d7b1abc09b3011618521fc60a163519e65cae8cd7672a300db563691988f8,results/m4/test_main_v12_002
test_main_v12_002__lfr_n1000_phi20_s202610011_q02_main,lfr_n1000_phi20_s202610011_q02_main,test,lfr_n1000_phi20_s202610011,373,COMPLETED,True,1.0,DIAGNOSTIC_SCOPE_NOT_AUTHORIZED,NOT_RUN_G_E2_NOT_PASS,False,NOT_RUN_G_E2_NOT_PASS,False,,False,,,,,,,,3,140.013,78,8955315d07522759a2c024b41a0deaff08d4ea5e1fc3c29c0854db350165ab46,results/m4/test_main_v12_002
test_main_v12_002__lfr_n1000_phi20_s202610011_q03_main,lfr_n1000_phi20_s202610011_q03_main,test,lfr_n1000_phi20_s202610011,710,COMPLETED,True,1.0,DIAGNOSTIC_SCOPE_NOT_AUTHORIZED,NOT_RUN_G_E2_NOT_PASS,False,NOT_RUN_G_E2_NOT_PASS,False,,False,,,,,,,,3,460.044,78,06b4ae6b0cd6893c1e081121b5963c9b2836ed91ab26caf2e512d805ab20f160,results/m4/test_main_v12_002
test_main_v12_002__lfr_n1000_phi20_s202610011_q04_main,lfr_n1000_phi20_s202610011_q04_main,test,lfr_n1000_phi20_s202610011,139,COMPLETED,True,1.0,DIAGNOSTIC_SCOPE_NOT_AUTHORIZED,NOT_RUN_G_E2_NOT_PASS,False,NOT_RUN_G_E2_NOT_PASS,False,,False,,,,,,,,2,80.0072,32,0d38d9f5eb1dd55f925169b7d06b9d7e781724b70eca9391352284a4d9e56a15,results/m4/test_main_v12_002
test_main_v12_002__lfr_n1000_phi20_s202610011_q05_main,lfr_n1000_phi20_s202610011_q05_main,test,lfr_n1000_phi20_s202610011,231,COMPLETED,True,1.0,DIAGNOSTIC_SCOPE_NOT_AUTHORIZED,NOT_RUN_G_E2_NOT_PASS,False,NOT_RUN_G_E2_NOT_PASS,False,,False,,,,,,,,2,81.0072,32,a2b0e8447f3b08d4dc3ebb24310086d2e36c397b6704ae66eb149a476222f5fb,results/m4/test_main_v12_002
test_main_v12_002__lfr_n1000_phi20_s202610011_q06_main,lfr_n1000_phi20_s202610011_q06_main,test,lfr_n1000_phi20_s202610011,376,COMPLETED,True,1.0,DIAGNOSTIC_SCOPE_NOT_AUTHORIZED,NOT_RUN_G_E2_NOT_PASS,False,NOT_RUN_G_E2_NOT_PASS,False,,False,,,,,,,,2,80.00699999999999,54,6e67c107159323483aeb81355893fb5f2daea7e86ccaabcd953e6e23599b1d2a,results/m4/test_main_v12_002
test_main_v12_002__lfr_n1000_phi20_s202610011_q07_main,lfr_n1000_phi20_s202610011_q07_main,test,lfr_n1000_phi20_s202610011,546,COMPLETED,True,1.0,DIAGNOSTIC_SCOPE_NOT_AUTHORIZED,NOT_RUN_G_E2_NOT_PASS,False,NOT_RUN_G_E2_NOT_PASS,False,,False,,,,,,,,3,156.0143,54,088476f35e62dd9015542a5fda7c92a2e272319e6fbe3ce0e8ce02007950bd42,results/m4/test_main_v12_002
test_main_v12_002__lfr_n1000_phi20_s202610011_q08_main,lfr_n1000_phi20_s202610011_q08_main,test,lfr_n1000_phi20_s202610011,739,COMPLETED,True,1.0,DIAGNOSTIC_SCOPE_NOT_AUTHORIZED,NOT_RUN_G_E2_NOT_PASS,False,NOT_RUN_G_E2_NOT_PASS,False,,False,,,,,,,,2,176.0154,21,481385034ba8820162c8b71a7b3d31f9617b963d4ed623d98b513d35d5d62f46,results/m4/test_main_v12_002
test_main_v12_002__lfr_n1000_phi20_s202610011_q09_main,lfr_n1000_phi20_s202610011_q09_main,test,lfr_n1000_phi20_s202610011,766,COMPLETED,True,1.0,DIAGNOSTIC_SCOPE_NOT_AUTHORIZED,NOT_RUN_G_E2_NOT_PASS,False,NOT_RUN_G_E2_NOT_PASS,False,,False,,,,,,,,2,184.0161,21,60dc98352349c55e817aa9a2f62813d5262d0389e4263ca02b28eb731038df98,results/m4/test_main_v12_002
test_main_v12_002__lfr_n1000_phi20_s202610011_q10_main,lfr_n1000_phi20_s202610011_q10_main,test,lfr_n1000_phi20_s202610011,862,COMPLETED,True,1.0,DIAGNOSTIC_SCOPE_NOT_AUTHORIZED,NOT_RUN_G_E2_NOT_PASS,False,NOT_RUN_G_E2_NOT_PASS,False,,False,,,,,,,,2,272.0238,61,7e8c54734e4801d531ae5a76a4b4f4e8e101244e7b9377baf71cc0deea42803d,results/m4/test_main_v12_002
test_main_v12_002__lfr_n1000_phi20_s202610011_q11_main,lfr_n1000_phi20_s202610011_q11_main,test,lfr_n1000_phi20_s202610011,197,COMPLETED,True,1.0,DIAGNOSTIC_SCOPE_NOT_AUTHORIZED,NOT_RUN_G_E2_NOT_PASS,False,NOT_RUN_G_E2_NOT_PASS,False,,False,,,,,,,,3,112.0104,61,9203407577bd1e4603b5c011d4286be622d272b2121e273d8fbaf75bf3b4fefc,results/m4/test_main_v12_002
test_main_v12_002__lfr_n1000_phi20_s202610012_q00_main,lfr_n1000_phi20_s202610012_q00_main,test,lfr_n1000_phi20_s202610012,7,COMPLETED,True,1.0,DIAGNOSTIC_SCOPE_NOT_AUTHORIZED,NOT_RUN_G_E2_NOT_PASS,False,NOT_RUN_G_E2_NOT_PASS,False,,False,,,,,,,,2,63.0056,54,ccffa36ed4982cb753a3b23d0bb7d06c737dacbe68c3235b56cfe1bafa2701f9,results/m4/test_main_v12_002
test_main_v12_002__lfr_n1000_phi20_s202610012_q01_main,lfr_n1000_phi20_s202610012_q01_main,test,lfr_n1000_phi20_s202610012,581,COMPLETED,True,1.0,DIAGNOSTIC_SCOPE_NOT_AUTHORIZED,NOT_RUN_G_E2_NOT_PASS,False,NOT_RUN_G_E2_NOT_PASS,False,,False,,,,,,,,3,180.0165,54,561039014e72e5a0a8d63bc4eea89d8acb15ff502ef18b75924eaeada3ca201e,results/m4/test_main_v12_002
test_main_v12_002__lfr_n1000_phi20_s202610012_q02_main,lfr_n1000_phi20_s202610012_q02_main,test,lfr_n1000_phi20_s202610012,18,COMPLETED,True,1.0,DIAGNOSTIC_SCOPE_NOT_AUTHORIZED,NOT_RUN_G_E2_NOT_PASS,False,NOT_RUN_G_E2_NOT_PASS,False,,False,,,,,,,,3,91.0084,33,d4891de4e4f3ab639556ea56d380f33b8c73fdbd5aa86b1f713ad3e8e8ffd8ad,results/m4/test_main_v12_002
test_main_v12_002__lfr_n1000_phi20_s202610012_q03_main,lfr_n1000_phi20_s202610012_q03_main,test,lfr_n1000_phi20_s202610012,328,COMPLETED,True,1.0,DIAGNOSTIC_SCOPE_NOT_AUTHORIZED,NOT_RUN_G_E2_NOT_PASS,False,NOT_RUN_G_E2_NOT_PASS,False,,False,,,,,,,,2,99.009,33,6fdaa4cb472a7c467bc57f3b30b80e0f0de4dc330e923c3221aa527862cf34f6,results/m4/test_main_v12_002
test_main_v12_002__lfr_n1000_phi20_s202610012_q04_main,lfr_n1000_phi20_s202610012_q04_main,test,lfr_n1000_phi20_s202610012,828,COMPLETED,True,1.0,DIAGNOSTIC_SCOPE_NOT_AUTHORIZED,NOT_RUN_G_E2_NOT_PASS,False,NOT_RUN_G_E2_NOT_PASS,False,,False,,,,,,,,2,248.0217,52,6b7f9d741a964550ef724582803a0dcb86e2962a4c1b4ca368b310af6e3e056f,results/m4/test_main_v12_002
test_main_v12_002__lfr_n1000_phi20_s202610012_q05_main,lfr_n1000_phi20_s202610012_q05_main,test,lfr_n1000_phi20_s202610012,474,COMPLETED,True,1.0,DIAGNOSTIC_SCOPE_NOT_AUTHORIZED,NOT_RUN_G_E2_NOT_PASS,False,NOT_RUN_G_E2_NOT_PASS,False,,False,,,,,,,,3,264.02520000000004,52,9c9f012364b8f57e4727db03c1b7383161a0a0ac91fb8e57f7ed1eeba896c126,results/m4/test_main_v12_002
test_main_v12_002__lfr_n1000_phi20_s202610012_q06_main,lfr_n1000_phi20_s202610012_q06_main,test,lfr_n1000_phi20_s202610012,307,COMPLETED,True,1.0,DIAGNOSTIC_SCOPE_NOT_AUTHORIZED,NOT_RUN_G_E2_NOT_PASS,False,NOT_RUN_G_E2_NOT_PASS,False,,False,,,,,,,,3,162.0153,41,a05cff53e1dc8cffd47ed199497177c3e1861561ebbc351263633fe8551feff9,results/m4/test_main_v12_002
test_main_v12_002__lfr_n1000_phi20_s202610012_q07_main,lfr_n1000_phi20_s202610012_q07_main,test,lfr_n1000_phi20_s202610012,910,COMPLETED,True,1.0,DIAGNOSTIC_SCOPE_NOT_AUTHORIZED,NOT_RUN_G_E2_NOT_PASS,False,NOT_RUN_G_E2_NOT_PASS,False,,False,,,,,,,,2,368.0322,41,367da31315278530e5caaba18ddbe1428aa362d695021dc15bee782aeaca3d33,results/m4/test_main_v12_002
test_main_v12_002__lfr_n1000_phi20_s202610012_q08_main,lfr_n1000_phi20_s202610012_q08_main,test,lfr_n1000_phi20_s202610012,448,COMPLETED,True,1.0,DIAGNOSTIC_SCOPE_NOT_AUTHORIZED,NOT_RUN_G_E2_NOT_PASS,False,NOT_RUN_G_E2_NOT_PASS,False,,False,,,,,,,,3,242.02309999999997,39,8b5e90ff1fa04b69e15541b621b09bd22e3c1b2a0676424f25b01caa41d8c3e7,results/m4/test_main_v12_002
test_main_v12_002__lfr_n1000_phi20_s202610012_q09_main,lfr_n1000_phi20_s202610012_q09_main,test,lfr_n1000_phi20_s202610012,361,COMPLETED,True,1.0,DIAGNOSTIC_SCOPE_NOT_AUTHORIZED,NOT_RUN_G_E2_NOT_PASS,False,NOT_RUN_G_E2_NOT_PASS,False,,False,,,,,,,,2,80.00699999999999,39,4a134b2ad7920e75ea26ad14283b45facf407a0c3b50dc35a3fb3d355865f9d5,results/m4/test_main_v12_002
test_main_v12_002__lfr_n1000_phi20_s202610012_q10_main,lfr_n1000_phi20_s202610012_q10_main,test,lfr_n1000_phi20_s202610012,527,COMPLETED,True,1.0,DIAGNOSTIC_SCOPE_NOT_AUTHORIZED,NOT_RUN_G_E2_NOT_PASS,False,NOT_RUN_G_E2_NOT_PASS,False,,False,,,,,,,,2,108.0096,22,0691728bdcccb63cea307b81e692ad03cca992e9d2c2149b75c260fb6658152e,results/m4/test_main_v12_002
test_main_v12_002__lfr_n1000_phi20_s202610012_q11_main,lfr_n1000_phi20_s202610012_q11_main,test,lfr_n1000_phi20_s202610012,569,COMPLETED,True,1.0,DIAGNOSTIC_SCOPE_NOT_AUTHORIZED,NOT_RUN_G_E2_NOT_PASS,False,NOT_RUN_G_E2_NOT_PASS,False,,False,,,,,,,,2,112.0098,22,28c3fc2d39894779d146d9e9eb59c630c94987ca9445e5958446869bed1ef569,results/m4/test_main_v12_002
test_main_v12_002__lfr_n1000_phi20_s202610013_q00_main,lfr_n1000_phi20_s202610013_q00_main,test,lfr_n1000_phi20_s202610013,36,COMPLETED,True,1.0,DIAGNOSTIC_SCOPE_NOT_AUTHORIZED,NOT_RUN_G_E2_NOT_PASS,False,NOT_RUN_G_E2_NOT_PASS,False,,False,,,,,,,,2,70.00630000000001,44,08b6db0ae98aec1c4eff4c8683278dc9a1da53b084d3c96bfb6d55c5e0310d15,results/m4/test_main_v12_002
test_main_v12_002__lfr_n1000_phi20_s202610013_q01_main,lfr_n1000_phi20_s202610013_q01_main,test,lfr_n1000_phi20_s202610013,927,COMPLETED,True,1.0,DIAGNOSTIC_SCOPE_NOT_AUTHORIZED,NOT_RUN_G_E2_NOT_PASS,False,NOT_RUN_G_E2_NOT_PASS,False,,False,,,,,,,,2,392.0343,44,c2d59fe814d94109aa9dad3053635c2f4a502fc5d5a8e5c02ae1c5a85481d412,results/m4/test_main_v12_002
test_main_v12_002__lfr_n1000_phi20_s202610013_q02_main,lfr_n1000_phi20_s202610013_q02_main,test,lfr_n1000_phi20_s202610013,370,COMPLETED,True,1.0,DIAGNOSTIC_SCOPE_NOT_AUTHORIZED,NOT_RUN_G_E2_NOT_PASS,False,NOT_RUN_G_E2_NOT_PASS,False,,False,,,,,,,,2,90.008,48,0309cd5f6a14369d8da8b92324e8f0d0764848a80f1a44dde3989969e2647b6c,results/m4/test_main_v12_002
test_main_v12_002__lfr_n1000_phi20_s202610013_q03_main,lfr_n1000_phi20_s202610013_q03_main,test,lfr_n1000_phi20_s202610013,719,COMPLETED,True,1.0,DIAGNOSTIC_SCOPE_NOT_AUTHORIZED,NOT_RUN_G_E2_NOT_PASS,False,NOT_RUN_G_E2_NOT_PASS,False,,False,,,,,,,,2,209.019,48,429a1a1ca5e81e708c5b5ee2987bc2ce5a8dae3f14a5f6474496c7d094104974,results/m4/test_main_v12_002
test_main_v12_002__lfr_n1000_phi20_s202610013_q04_main,lfr_n1000_phi20_s202610013_q04_main,test,lfr_n1000_phi20_s202610013,735,COMPLETED,True,1.0,DIAGNOSTIC_SCOPE_NOT_AUTHORIZED,NOT_RUN_G_E2_NOT_PASS,False,NOT_RUN_G_E2_NOT_PASS,False,,False,,,,,,,,2,160.01399999999998,71,bc90d8ae06973e2052078437b3259e487410fcf3ec9e78ff62c6471e9e3e55bd,results/m4/test_main_v12_002
test_main_v12_002__lfr_n1000_phi20_s202610013_q05_main,lfr_n1000_phi20_s202610013_q05_main,test,lfr_n1000_phi20_s202610013,786,COMPLETED,True,1.0,DIAGNOSTIC_SCOPE_NOT_AUTHORIZED,NOT_RUN_G_E2_NOT_PASS,False,NOT_RUN_G_E2_NOT_PASS,False,,False,,,,,,,,2,207.01839999999999,71,e525b84176630a7ba8489c0c8dba6605a93039ad4e1e79917b19d465ad8d390a,results/m4/test_main_v12_002
test_main_v12_002__lfr_n1000_phi20_s202610013_q06_main,lfr_n1000_phi20_s202610013_q06_main,test,lfr_n1000_phi20_s202610013,120,COMPLETED,True,1.0,DIAGNOSTIC_SCOPE_NOT_AUTHORIZED,NOT_RUN_G_E2_NOT_PASS,False,NOT_RUN_G_E2_NOT_PASS,False,,False,,,,,,,,2,70.00630000000001,75,984f5aedfa94a2240fbdd254c920d9783c1bdbfa04588a6423997257bb6700d9,results/m4/test_main_v12_002
test_main_v12_002__lfr_n1000_phi20_s202610013_q07_main,lfr_n1000_phi20_s202610013_q07_main,test,lfr_n1000_phi20_s202610013,664,COMPLETED,True,1.0,DIAGNOSTIC_SCOPE_NOT_AUTHORIZED,NOT_RUN_G_E2_NOT_PASS,False,NOT_RUN_G_E2_NOT_PASS,False,,False,,,,,,,,2,170.0153,75,728cd7831af12cda4913ab601ea209127e206b401efe26b1f0ec9778ebaf5b22,results/m4/test_main_v12_002
test_main_v12_002__lfr_n1000_phi20_s202610013_q08_main,lfr_n1000_phi20_s202610013_q08_main,test,lfr_n1000_phi20_s202610013,793,COMPLETED,True,1.0,DIAGNOSTIC_SCOPE_NOT_AUTHORIZED,NOT_RUN_G_E2_NOT_PASS,False,NOT_RUN_G_E2_NOT_PASS,False,,False,,,,,,,,2,192.01680000000002,36,2dce7f0402639df277baed2bfe9c2148d0a4abb3715724fdc80d66fdb14069de,results/m4/test_main_v12_002
test_main_v12_002__lfr_n1000_phi20_s202610013_q09_main,lfr_n1000_phi20_s202610013_q09_main,test,lfr_n1000_phi20_s202610013,692,COMPLETED,True,1.0,DIAGNOSTIC_SCOPE_NOT_AUTHORIZED,NOT_RUN_G_E2_NOT_PASS,False,NOT_RUN_G_E2_NOT_PASS,False,,False,,,,,,,,2,144.0126,36,81367c01f61b2c5f285ae7a69294a5527960d405f3d9d0c256312cf241d4c6fb,results/m4/test_main_v12_002
test_main_v12_002__lfr_n1000_phi20_s202610013_q10_main,lfr_n1000_phi20_s202610013_q10_main,test,lfr_n1000_phi20_s202610013,674,COMPLETED,True,1.0,DIAGNOSTIC_SCOPE_NOT_AUTHORIZED,NOT_RUN_G_E2_NOT_PASS,False,NOT_RUN_G_E2_NOT_PASS,False,,False,,,,,,,,2,136.0119,73,956f88e105fff999b8bd9aebc088d88ec2265f4692f684a26ff970222ded2988,results/m4/test_main_v12_002
test_main_v12_002__lfr_n1000_phi20_s202610013_q11_main,lfr_n1000_phi20_s202610013_q11_main,test,lfr_n1000_phi20_s202610013,102,COMPLETED,True,1.0,DIAGNOSTIC_SCOPE_NOT_AUTHORIZED,NOT_RUN_G_E2_NOT_PASS,False,NOT_RUN_G_E2_NOT_PASS,False,,False,,,,,,,,2,70.00630000000001,73,96ed90e88c821ab92c195c78262f444e22a05e75076c5e158be8b07df305c77e,results/m4/test_main_v12_002
test_main_v12_002__lfr_n1000_phi30_s202610011_q00_main,lfr_n1000_phi30_s202610011_q00_main,test,lfr_n1000_phi30_s202610011,599,COMPLETED,True,1.0,DIAGNOSTIC_SCOPE_NOT_AUTHORIZED,NOT_RUN_G_E2_NOT_PASS,False,NOT_RUN_G_E2_NOT_PASS,False,,False,,,,,,,,3,210.0195,54,f46deeb418e650fb5809e971cc643e0f80a57eb6e29a28013b1f2dfbb7f102df,results/m4/test_main_v12_002
test_main_v12_002__lfr_n1000_phi30_s202610011_q01_main,lfr_n1000_phi30_s202610011_q01_main,test,lfr_n1000_phi30_s202610011,748,COMPLETED,True,1.0,DIAGNOSTIC_SCOPE_NOT_AUTHORIZED,NOT_RUN_G_E2_NOT_PASS,False,NOT_RUN_G_E2_NOT_PASS,False,,False,,,,,,,,2,176.0154,54,4bb54671af293d5a39229833c9012eac1f5314029ef191b72bb3f570e643f153,results/m4/test_main_v12_002
test_main_v12_002__lfr_n1000_phi30_s202610011_q02_main,lfr_n1000_phi30_s202610011_q02_main,test,lfr_n1000_phi30_s202610011,800,COMPLETED,True,1.0,DIAGNOSTIC_SCOPE_NOT_AUTHORIZED,NOT_RUN_G_E2_NOT_PASS,False,NOT_RUN_G_E2_NOT_PASS,False,,False,,,,,,,,2,216.0189,91,cc687e3732bec688158df0e22235d87decd71b437dee2e7f94f883be75967433,results/m4/test_main_v12_002
test_main_v12_002__lfr_n1000_phi30_s202610011_q03_main,lfr_n1000_phi30_s202610011_q03_main,test,lfr_n1000_phi30_s202610011,873,COMPLETED,True,1.0,DIAGNOSTIC_SCOPE_NOT_AUTHORIZED,NOT_RUN_G_E2_NOT_PASS,False,NOT_RUN_G_E2_NOT_PASS,False,,False,,,,,,,,2,288.0252,91,b96a469c8ffa7da1ed3783515b921f1f150e3d76d02e3d60b09a765b61707363,results/m4/test_main_v12_002
test_main_v12_002__lfr_n1000_phi30_s202610011_q04_main,lfr_n1000_phi30_s202610011_q04_main,test,lfr_n1000_phi30_s202610011,190,COMPLETED,True,1.0,DIAGNOSTIC_SCOPE_NOT_AUTHORIZED,NOT_RUN_G_E2_NOT_PASS,False,NOT_RUN_G_E2_NOT_PASS,False,,False,,,,,,,,2,72.0064,25,ed30c368d9481fe1ac12e0ba4cb5b82e9e8db63a76417ddf19d801a34df4f581,results/m4/test_main_v12_002
test_main_v12_002__lfr_n1000_phi30_s202610011_q05_main,lfr_n1000_phi30_s202610011_q05_main,test,lfr_n1000_phi30_s202610011,28,COMPLETED,True,1.0,DIAGNOSTIC_SCOPE_NOT_AUTHORIZED,NOT_RUN_G_E2_NOT_PASS,False,NOT_RUN_G_E2_NOT_PASS,False,,False,,,,,,,,2,63.0056,25,5961c617fab7deb8cc547e91d4fe69b81ab16f6f7ff1db9515a3c46a1ca6bbc8,results/m4/test_main_v12_002
test_main_v12_002__lfr_n1000_phi30_s202610011_q06_main,lfr_n1000_phi30_s202610011_q06_main,test,lfr_n1000_phi30_s202610011,4,COMPLETED,True,1.0,DIAGNOSTIC_SCOPE_NOT_AUTHORIZED,NOT_RUN_G_E2_NOT_PASS,False,NOT_RUN_G_E2_NOT_PASS,False,,False,,,,,,,,4,175.0168,47,56f9690ec545d52ede756c8db7f236d22addb33a89e15729b392bcfd90e2279f,results/m4/test_main_v12_002
test_main_v12_002__lfr_n1000_phi30_s202610011_q07_main,lfr_n1000_phi30_s202610011_q07_main,test,lfr_n1000_phi30_s202610011,572,COMPLETED,True,1.0,DIAGNOSTIC_SCOPE_NOT_AUTHORIZED,NOT_RUN_G_E2_NOT_PASS,False,NOT_RUN_G_E2_NOT_PASS,False,,False,,,,,,,,3,224.02100000000002,47,4028c094b52877b61a42aacc32f63de436319374e3fdb00732db45c92c761190,results/m4/test_main_v12_002
test_main_v12_002__lfr_n1000_phi30_s202610011_q08_main,lfr_n1000_phi30_s202610011_q08_main,test,lfr_n1000_phi30_s202610011,92,COMPLETED,True,0.031746031746031744,DIAGNOSTIC_SCOPE_NOT_AUTHORIZED,NOT_RUN_G_E2_NOT_PASS,False,NOT_RUN_G_E2_NOT_PASS,False,,False,,,,,,,,2,70.00630000000001,2,1d1e5c28296573a50f6f829399a3945f9fda01fe6f07cd558ca99772aa39a27f,results/m4/test_main_v12_002
test_main_v12_002__lfr_n1000_phi30_s202610011_q09_main,lfr_n1000_phi30_s202610011_q09_main,test,lfr_n1000_phi30_s202610011,153,COMPLETED,True,1.0,DIAGNOSTIC_SCOPE_NOT_AUTHORIZED,NOT_RUN_G_E2_NOT_PASS,False,NOT_RUN_G_E2_NOT_PASS,False,,False,,,,,,,,3,112.0104,61,f1a54d2eb959d12e33e6bb6aee503689c3a6534e9567415254b925945f8e274e,results/m4/test_main_v12_002
test_main_v12_002__lfr_n1000_phi30_s202610011_q10_main,lfr_n1000_phi30_s202610011_q10_main,test,lfr_n1000_phi30_s202610011,104,COMPLETED,True,1.0,DIAGNOSTIC_SCOPE_NOT_AUTHORIZED,NOT_RUN_G_E2_NOT_PASS,False,NOT_RUN_G_E2_NOT_PASS,False,,False,,,,,,,,3,84.0077,21,d2d2a8155baa9cfdfb019f9f3b83f522aa083869930d33cfa5ff95ff99d5f484,results/m4/test_main_v12_002
test_main_v12_002__lfr_n1000_phi30_s202610011_q11_main,lfr_n1000_phi30_s202610011_q11_main,test,lfr_n1000_phi30_s202610011,361,COMPLETED,True,1.0,DIAGNOSTIC_SCOPE_NOT_AUTHORIZED,NOT_RUN_G_E2_NOT_PASS,False,NOT_RUN_G_E2_NOT_PASS,False,,False,,,,,,,,2,90.008,21,9ceb3454d37e067a5da8821514288abe756785f0fa1a25c0ed0f72e8d7dd091a,results/m4/test_main_v12_002
test_main_v12_002__lfr_n1000_phi30_s202610012_q00_main,lfr_n1000_phi30_s202610012_q00_main,test,lfr_n1000_phi30_s202610012,23,COMPLETED,True,1.0,DIAGNOSTIC_SCOPE_NOT_AUTHORIZED,NOT_RUN_G_E2_NOT_PASS,False,NOT_RUN_G_E2_NOT_PASS,False,,False,,,,,,,,2,56.0049,34,6aa421a64eb63381b434281c225575c2246e6ee1d9b15be51e2b9ebb3c07c8fa,results/m4/test_main_v12_002
test_main_v12_002__lfr_n1000_phi30_s202610012_q01_main,lfr_n1000_phi30_s202610012_q01_main,test,lfr_n1000_phi30_s202610012,162,COMPLETED,True,1.0,DIAGNOSTIC_SCOPE_NOT_AUTHORIZED,NOT_RUN_G_E2_NOT_PASS,False,NOT_RUN_G_E2_NOT_PASS,False,,False,,,,,,,,2,72.0064,34,89f9052e64d41d855ea1765f74140138e4f5e89bc443fb5d0edc5f316dc9333f,results/m4/test_main_v12_002
test_main_v12_002__lfr_n1000_phi30_s202610012_q02_main,lfr_n1000_phi30_s202610012_q02_main,test,lfr_n1000_phi30_s202610012,735,COMPLETED,True,1.0,DIAGNOSTIC_SCOPE_NOT_AUTHORIZED,NOT_RUN_G_E2_NOT_PASS,False,NOT_RUN_G_E2_NOT_PASS,False,,False,,,,,,,,2,176.0154,41,85b176898c72dc81bcc528fe536d69ebdd4e2b6262c90a67d55828a857f436d9,results/m4/test_main_v12_002
test_main_v12_002__lfr_n1000_phi30_s202610012_q03_main,lfr_n1000_phi30_s202610012_q03_main,test,lfr_n1000_phi30_s202610012,371,COMPLETED,True,1.0,DIAGNOSTIC_SCOPE_NOT_AUTHORIZED,NOT_RUN_G_E2_NOT_PASS,False,NOT_RUN_G_E2_NOT_PASS,False,,False,,,,,,,,2,100.009,41,2070ba2e02505cc0b8a944a85b6dbabb6126c46af39f5c038e71720256097c14,results/m4/test_main_v12_002
test_main_v12_002__lfr_n1000_phi30_s202610012_q04_main,lfr_n1000_phi30_s202610012_q04_main,test,lfr_n1000_phi30_s202610012,93,COMPLETED,True,1.0,DIAGNOSTIC_SCOPE_NOT_AUTHORIZED,NOT_RUN_G_E2_NOT_PASS,False,NOT_RUN_G_E2_NOT_PASS,False,,False,,,,,,,,2,70.00630000000001,28,ad6a7a3851ec984206c22dd86a86dee382bc4cb85268279a8143bbf5e3ca94ac,results/m4/test_main_v12_002
test_main_v12_002__lfr_n1000_phi30_s202610012_q05_main,lfr_n1000_phi30_s202610012_q05_main,test,lfr_n1000_phi30_s202610012,124,COMPLETED,True,1.0,DIAGNOSTIC_SCOPE_NOT_AUTHORIZED,NOT_RUN_G_E2_NOT_PASS,False,NOT_RUN_G_E2_NOT_PASS,False,,False,,,,,,,,4,210.0203,28,0090b7eb503f81a9bad4c60c845b35d9b04e971bce771279e41e7289857527d8,results/m4/test_main_v12_002
test_main_v12_002__lfr_n1000_phi30_s202610012_q06_main,lfr_n1000_phi30_s202610012_q06_main,test,lfr_n1000_phi30_s202610012,436,COMPLETED,True,1.0,DIAGNOSTIC_SCOPE_NOT_AUTHORIZED,NOT_RUN_G_E2_NOT_PASS,False,NOT_RUN_G_E2_NOT_PASS,False,,False,,,,,,,,2,88.0077,39,f68535d73e172928f25792dc50869a710968a3bc8fa968b611c8e563986a75a1,results/m4/test_main_v12_002
test_main_v12_002__lfr_n1000_phi30_s202610012_q07_main,lfr_n1000_phi30_s202610012_q07_main,test,lfr_n1000_phi30_s202610012,374,COMPLETED,True,1.0,DIAGNOSTIC_SCOPE_NOT_AUTHORIZED,NOT_RUN_G_E2_NOT_PASS,False,NOT_RUN_G_E2_NOT_PASS,False,,False,,,,,,,,3,210.01999999999998,39,a9e60d732da01453e2e6faeb3167943fa0cbdb454f00952d57665d0e2c0cd165,results/m4/test_main_v12_002
test_main_v12_002__lfr_n1000_phi30_s202610012_q08_main,lfr_n1000_phi30_s202610012_q08_main,test,lfr_n1000_phi30_s202610012,380,COMPLETED,True,1.0,DIAGNOSTIC_SCOPE_NOT_AUTHORIZED,NOT_RUN_G_E2_NOT_PASS,False,NOT_RUN_G_E2_NOT_PASS,False,,False,,,,,,,,2,90.008,85,64bac7be27b5a6b12cf8a6be9a4ab275a7a2b5392f1338e40a5edf4351995541,results/m4/test_main_v12_002
test_main_v12_002__lfr_n1000_phi30_s202610012_q09_main,lfr_n1000_phi30_s202610012_q09_main,test,lfr_n1000_phi30_s202610012,998,COMPLETED,True,1.0,DIAGNOSTIC_SCOPE_NOT_AUTHORIZED,NOT_RUN_G_E2_NOT_PASS,False,NOT_RUN_G_E2_NOT_PASS,False,,False,,,,,,,,2,776.0679,85,1b2e9c52cc40f58b390d828db54359e56caf3238552fa77ebf7e3ba7b64a2c45,results/m4/test_main_v12_002
test_main_v12_002__lfr_n1000_phi30_s202610012_q10_main,lfr_n1000_phi30_s202610012_q10_main,test,lfr_n1000_phi30_s202610012,449,COMPLETED,True,1.0,DIAGNOSTIC_SCOPE_NOT_AUTHORIZED,NOT_RUN_G_E2_NOT_PASS,False,NOT_RUN_G_E2_NOT_PASS,False,,False,,,,,,,,2,110.00989999999999,52,31197c887c3ec11b43413d25ebfadfbf92108e6be54c36b7466482f1a9e63a68,results/m4/test_main_v12_002
test_main_v12_002__lfr_n1000_phi30_s202610012_q11_main,lfr_n1000_phi30_s202610012_q11_main,test,lfr_n1000_phi30_s202610012,698,COMPLETED,True,1.0,DIAGNOSTIC_SCOPE_NOT_AUTHORIZED,NOT_RUN_G_E2_NOT_PASS,False,NOT_RUN_G_E2_NOT_PASS,False,,False,,,,,,,,2,160.01399999999998,52,8ec5d2205272c88f2b22d2d587698df858ca74b420a7d814fd0522e5ea72e5d3,results/m4/test_main_v12_002
test_main_v12_002__lfr_n1000_phi30_s202610013_q00_main,lfr_n1000_phi30_s202610013_q00_main,test,lfr_n1000_phi30_s202610013,416,COMPLETED,True,1.0,DIAGNOSTIC_SCOPE_NOT_AUTHORIZED,NOT_RUN_G_E2_NOT_PASS,False,NOT_RUN_G_E2_NOT_PASS,False,,False,,,,,,,,3,132.01209999999998,33,a46513bcd316be8b657d28983d644a38b377601899093767c5cf33db8db6cc5f,results/m4/test_main_v12_002
test_main_v12_002__lfr_n1000_phi30_s202610013_q01_main,lfr_n1000_phi30_s202610013_q01_main,test,lfr_n1000_phi30_s202610013,127,COMPLETED,True,1.0,DIAGNOSTIC_SCOPE_NOT_AUTHORIZED,NOT_RUN_G_E2_NOT_PASS,False,NOT_RUN_G_E2_NOT_PASS,False,,False,,,,,,,,2,70.00630000000001,33,c3eee922db38ab85da7c273f1d42eb03090e330138bacd3db790577d41364c17,results/m4/test_main_v12_002
test_main_v12_002__lfr_n1000_phi30_s202610013_q02_main,lfr_n1000_phi30_s202610013_q02_main,test,lfr_n1000_phi30_s202610013,96,COMPLETED,True,1.0,DIAGNOSTIC_SCOPE_NOT_AUTHORIZED,NOT_RUN_G_E2_NOT_PASS,False,NOT_RUN_G_E2_NOT_PASS,False,,False,,,,,,,,3,98.0091,25,4fef9cac4fa25271988f111bb79f88c16db8851135535647cc752a7e8e0f53ea,results/m4/test_main_v12_002
test_main_v12_002__lfr_n1000_phi30_s202610013_q03_main,lfr_n1000_phi30_s202610013_q03_main,test,lfr_n1000_phi30_s202610013,107,COMPLETED,True,1.0,DIAGNOSTIC_SCOPE_NOT_AUTHORIZED,NOT_RUN_G_E2_NOT_PASS,False,NOT_RUN_G_E2_NOT_PASS,False,,False,,,,,,,,2,77.007,25,bbbe122ba7f267b02ed84a7a9af798116b5177af30d567f91c4552d4b75fa25e,results/m4/test_main_v12_002
test_main_v12_002__lfr_n1000_phi30_s202610013_q04_main,lfr_n1000_phi30_s202610013_q04_main,test,lfr_n1000_phi30_s202610013,163,COMPLETED,True,0.993006993006993,DIAGNOSTIC_SCOPE_NOT_AUTHORIZED,NOT_RUN_G_E2_NOT_PASS,False,NOT_RUN_G_E2_NOT_PASS,False,,False,,,,,,,,3,176.0168,72,fd51dac0415a4e1fb3f464e177049f7b0faf21b7d65811cf35980d28d5587913,results/m4/test_main_v12_002
test_main_v12_002__lfr_n1000_phi30_s202610013_q05_main,lfr_n1000_phi30_s202610013_q05_main,test,lfr_n1000_phi30_s202610013,846,COMPLETED,True,0.993006993006993,DIAGNOSTIC_SCOPE_NOT_AUTHORIZED,NOT_RUN_G_E2_NOT_PASS,False,NOT_RUN_G_E2_NOT_PASS,False,,False,,,,,,,,2,232.0203,72,39eb01dc9a2b9973a11136c0bbcfd44b6d977a6baeedf457b7596218bcea4869,results/m4/test_main_v12_002
test_main_v12_002__lfr_n1000_phi30_s202610013_q06_main,lfr_n1000_phi30_s202610013_q06_main,test,lfr_n1000_phi30_s202610013,523,COMPLETED,True,1.0,DIAGNOSTIC_SCOPE_NOT_AUTHORIZED,NOT_RUN_G_E2_NOT_PASS,False,NOT_RUN_G_E2_NOT_PASS,False,,False,,,,,,,,2,117.0104,38,8b2a5896a248e1df74b6990f60c866a8d1b7176e5eca44ce80d1541606b9fbe1,results/m4/test_main_v12_002
test_main_v12_002__lfr_n1000_phi30_s202610013_q07_main,lfr_n1000_phi30_s202610013_q07_main,test,lfr_n1000_phi30_s202610013,878,COMPLETED,True,1.0,DIAGNOSTIC_SCOPE_NOT_AUTHORIZED,NOT_RUN_G_E2_NOT_PASS,False,NOT_RUN_G_E2_NOT_PASS,False,,False,,,,,,,,2,272.0238,38,b7d932b78e698c3d061cd61aad2ea3803cdef12e0ed256c7ad1bd858cc26d9f6,results/m4/test_main_v12_002
test_main_v12_002__lfr_n1000_phi30_s202610013_q08_main,lfr_n1000_phi30_s202610013_q08_main,test,lfr_n1000_phi30_s202610013,838,COMPLETED,True,1.0,DIAGNOSTIC_SCOPE_NOT_AUTHORIZED,NOT_RUN_G_E2_NOT_PASS,False,NOT_RUN_G_E2_NOT_PASS,False,,False,,,,,,,,2,224.0196,33,30caaee08b35911ce46b12ddd7e75ab1b3aefe2f0df95e394d4325fa1e9226c4,results/m4/test_main_v12_002
test_main_v12_002__lfr_n1000_phi30_s202610013_q09_main,lfr_n1000_phi30_s202610013_q09_main,test,lfr_n1000_phi30_s202610013,652,COMPLETED,True,1.0,DIAGNOSTIC_SCOPE_NOT_AUTHORIZED,NOT_RUN_G_E2_NOT_PASS,False,NOT_RUN_G_E2_NOT_PASS,False,,False,,,,,,,,2,144.0128,33,0190cc1b52a5e3e69dd74bce9b103f953ee23b1f7bd364e32b5feb0245fdb96c,results/m4/test_main_v12_002
test_main_v12_002__lfr_n1000_phi30_s202610013_q10_main,lfr_n1000_phi30_s202610013_q10_main,test,lfr_n1000_phi30_s202610013,623,COMPLETED,True,1.0,DIAGNOSTIC_SCOPE_NOT_AUTHORIZED,NOT_RUN_G_E2_NOT_PASS,False,NOT_RUN_G_E2_NOT_PASS,False,,False,,,,,,,,2,120.01050000000001,39,06089914bcfb6adda6e5e38b975f09af7291ae8f176a7a84b1e175adc05b5e7c,results/m4/test_main_v12_002
test_main_v12_002__lfr_n1000_phi30_s202610013_q11_main,lfr_n1000_phi30_s202610013_q11_main,test,lfr_n1000_phi30_s202610013,579,COMPLETED,True,1.0,DIAGNOSTIC_SCOPE_NOT_AUTHORIZED,NOT_RUN_G_E2_NOT_PASS,False,NOT_RUN_G_E2_NOT_PASS,False,,False,,,,,,,,2,126.0112,39,f525dce4e8539b9bd4361134b8c32e54b5c48be0b4a1325feee9db4b2e588df4,results/m4/test_main_v12_002
test_main_v12_002__lfr_n1000_phi40_s202610011_q00_main,lfr_n1000_phi40_s202610011_q00_main,test,lfr_n1000_phi40_s202610011,7,COMPLETED,True,0.06451612903225806,DIAGNOSTIC_SCOPE_NOT_AUTHORIZED,NOT_RUN_G_E2_NOT_PASS,False,NOT_RUN_G_E2_NOT_PASS,False,,False,,,,,,,,2,70.00630000000001,3,e5eb79f3b324dd6b3388ebe8897f7460015bc00ed3482d2f4af4380fa3c87c58,results/m4/test_main_v12_002
test_main_v12_002__lfr_n1000_phi40_s202610011_q01_main,lfr_n1000_phi40_s202610011_q01_main,test,lfr_n1000_phi40_s202610011,955,COMPLETED,True,1.0,DIAGNOSTIC_SCOPE_NOT_AUTHORIZED,NOT_RUN_G_E2_NOT_PASS,False,NOT_RUN_G_E2_NOT_PASS,False,,False,,,,,,,,2,513.0455999999999,59,4094015bb4ba593af6f99d6edbe13cd12162c0087be6b03a95debe16bc24a0de,results/m4/test_main_v12_002
test_main_v12_002__lfr_n1000_phi40_s202610011_q02_main,lfr_n1000_phi40_s202610011_q02_main,test,lfr_n1000_phi40_s202610011,652,COMPLETED,True,0.9937106918238994,DIAGNOSTIC_SCOPE_NOT_AUTHORIZED,NOT_RUN_G_E2_NOT_PASS,False,NOT_RUN_G_E2_NOT_PASS,False,,False,,,,,,,,2,144.0128,80,f40dad3c27b38e4b2349792a35833184427e33a015389f3b856ebbdf6ed2cb6d,results/m4/test_main_v12_002
test_main_v12_002__lfr_n1000_phi40_s202610011_q03_main,lfr_n1000_phi40_s202610011_q03_main,test,lfr_n1000_phi40_s202610011,140,COMPLETED,True,0.9753086419753086,DIAGNOSTIC_SCOPE_NOT_AUTHORIZED,NOT_RUN_G_E2_NOT_PASS,False,NOT_RUN_G_E2_NOT_PASS,False,,False,,,,,,,,3,160.0152,83,b2ce2b8dff69b0e4b4c78929dcfec86eec94ede62fdb09036bbc357a82326b34,results/m4/test_main_v12_002
test_main_v12_002__lfr_n1000_phi40_s202610011_q04_main,lfr_n1000_phi40_s202610011_q04_main,test,lfr_n1000_phi40_s202610011,910,COMPLETED,True,0.9894736842105263,DIAGNOSTIC_SCOPE_NOT_AUTHORIZED,NOT_RUN_G_E2_NOT_PASS,False,NOT_RUN_G_E2_NOT_PASS,False,,False,,,,,,,,2,352.0308,48,fed705533593280fa7850c220bf03913788d8c851da57dc2446a70033dde5190,results/m4/test_main_v12_002
test_main_v12_002__lfr_n1000_phi40_s202610011_q05_main,lfr_n1000_phi40_s202610011_q05_main,test,lfr_n1000_phi40_s202610011,129,COMPLETED,True,0.0392156862745098,DIAGNOSTIC_SCOPE_NOT_AUTHORIZED,NOT_RUN_G_E2_NOT_PASS,False,NOT_RUN_G_E2_NOT_PASS,False,,False,,,,,,,,2,64.0056,4,78391e6d1fbbb03f08098c494782628c4a7e46344f55639f5c7968cb0fb603ff,results/m4/test_main_v12_002
test_main_v12_002__lfr_n1000_phi40_s202610011_q06_main,lfr_n1000_phi40_s202610011_q06_main,test,lfr_n1000_phi40_s202610011,59,COMPLETED,True,0.8372093023255814,DIAGNOSTIC_SCOPE_NOT_AUTHORIZED,NOT_RUN_G_E2_NOT_PASS,False,NOT_RUN_G_E2_NOT_PASS,False,,False,,,,,,,,3,91.0084,75,8520c9185f395bff7f5270ad7c0458de32f391b128fcc18dadf807a56687ddd3,results/m4/test_main_v12_002
test_main_v12_002__lfr_n1000_phi40_s202610011_q07_main,lfr_n1000_phi40_s202610011_q07_main,test,lfr_n1000_phi40_s202610011,537,COMPLETED,True,0.7714285714285715,DIAGNOSTIC_SCOPE_NOT_AUTHORIZED,NOT_RUN_G_E2_NOT_PASS,False,NOT_RUN_G_E2_NOT_PASS,False,,False,,,,,,,,2,130.01170000000002,86,e69157e513d05b35a4d830e7be2540793cec02ae5fc358f1883dee1c4e79708f,results/m4/test_main_v12_002
test_main_v12_002__lfr_n1000_phi40_s202610011_q08_main,lfr_n1000_phi40_s202610011_q08_main,test,lfr_n1000_phi40_s202610011,251,COMPLETED,True,1.0,DIAGNOSTIC_SCOPE_NOT_AUTHORIZED,NOT_RUN_G_E2_NOT_PASS,False,NOT_RUN_G_E2_NOT_PASS,False,,False,,,,,,,,2,99.009,25,07b42ce23128954a2cd7887bb5bd91989f58aa53fef2a93c66f1ea305aa9dc9c,results/m4/test_main_v12_002
test_main_v12_002__lfr_n1000_phi40_s202610011_q09_main,lfr_n1000_phi40_s202610011_q09_main,test,lfr_n1000_phi40_s202610011,577,COMPLETED,True,1.0,DIAGNOSTIC_SCOPE_NOT_AUTHORIZED,NOT_RUN_G_E2_NOT_PASS,False,NOT_RUN_G_E2_NOT_PASS,False,,False,,,,,,,,2,112.0098,25,c9c0a6d64faa273e9c3105f4769a75e8d579b32829dcdb0c6209c16dd01ba208,results/m4/test_main_v12_002
test_main_v12_002__lfr_n1000_phi40_s202610011_q10_main,lfr_n1000_phi40_s202610011_q10_main,test,lfr_n1000_phi40_s202610011,454,COMPLETED,True,1.0,DIAGNOSTIC_SCOPE_NOT_AUTHORIZED,NOT_RUN_G_E2_NOT_PASS,False,NOT_RUN_G_E2_NOT_PASS,False,,False,,,,,,,,2,108.0096,21,aef316a3233af5a84dc884713f97969c141493a79ea4830d6ff5eac1e76227b1,results/m4/test_main_v12_002
test_main_v12_002__lfr_n1000_phi40_s202610011_q11_main,lfr_n1000_phi40_s202610011_q11_main,test,lfr_n1000_phi40_s202610011,862,COMPLETED,True,1.0,DIAGNOSTIC_SCOPE_NOT_AUTHORIZED,NOT_RUN_G_E2_NOT_PASS,False,NOT_RUN_G_E2_NOT_PASS,False,,False,,,,,,,,2,272.0238,21,55b90b923a7b4e37a4a8d5ded34724d55d0ce4625c4243c7c39cf519fe8dc2c2,results/m4/test_main_v12_002
test_main_v12_002__lfr_n1000_phi40_s202610012_q00_main,lfr_n1000_phi40_s202610012_q00_main,test,lfr_n1000_phi40_s202610012,526,COMPLETED,True,0.022988505747126436,DIAGNOSTIC_SCOPE_NOT_AUTHORIZED,NOT_RUN_G_E2_NOT_PASS,False,NOT_RUN_G_E2_NOT_PASS,False,,False,,,,,,,,3,168.0156,2,cb93f20a6e4d8b90052ef69f5da8604b9214a977a23dc49f0f832c3069077f67,results/m4/test_main_v12_002
test_main_v12_002__lfr_n1000_phi40_s202610012_q01_main,lfr_n1000_phi40_s202610012_q01_main,test,lfr_n1000_phi40_s202610012,438,COMPLETED,True,0.02247191011235955,DIAGNOSTIC_SCOPE_NOT_AUTHORIZED,NOT_RUN_G_E2_NOT_PASS,False,NOT_RUN_G_E2_NOT_PASS,False,,False,,,,,,,,2,88.0077,4,e810e9d2841e0f873911760f7dd45f8d8a0218d73fe4ca0eae4b7762d81f4a44,results/m4/test_main_v12_002
test_main_v12_002__lfr_n1000_phi40_s202610012_q02_main,lfr_n1000_phi40_s202610012_q02_main,test,lfr_n1000_phi40_s202610012,88,COMPLETED,True,0.03571428571428571,DIAGNOSTIC_SCOPE_NOT_AUTHORIZED,NOT_RUN_G_E2_NOT_PASS,False,NOT_RUN_G_E2_NOT_PASS,False,,False,,,,,,,,2,77.007,2,e2abe1c296e45d9ba208fe50f3fb0d94c0b78c7cb15fac8645d1dd1aca567432,results/m4/test_main_v12_002
test_main_v12_002__lfr_n1000_phi40_s202610012_q03_main,lfr_n1000_phi40_s202610012_q03_main,test,lfr_n1000_phi40_s202610012,679,COMPLETED,True,1.0,DIAGNOSTIC_SCOPE_NOT_AUTHORIZED,NOT_RUN_G_E2_NOT_PASS,False,NOT_RUN_G_E2_NOT_PASS,False,,False,,,,,,,,2,209.019,54,97bbe8262de36e5d096380299884591ae37ed5414a51a97d4e41b5b8269b192c,results/m4/test_main_v12_002
test_main_v12_002__lfr_n1000_phi40_s202610012_q04_main,lfr_n1000_phi40_s202610012_q04_main,test,lfr_n1000_phi40_s202610012,254,COMPLETED,True,1.0,DIAGNOSTIC_SCOPE_NOT_AUTHORIZED,NOT_RUN_G_E2_NOT_PASS,False,NOT_RUN_G_E2_NOT_PASS,False,,False,,,,,,,,3,96.0088,41,5e4ef84e4780ac0485fcff70fea630f5c3844b14cd14374005f719e1cac2d29a,results/m4/test_main_v12_002
test_main_v12_002__lfr_n1000_phi40_s202610012_q05_main,lfr_n1000_phi40_s202610012_q05_main,test,lfr_n1000_phi40_s202610012,377,COMPLETED,True,0.7735849056603774,DIAGNOSTIC_SCOPE_NOT_AUTHORIZED,NOT_RUN_G_E2_NOT_PASS,False,NOT_RUN_G_E2_NOT_PASS,False,,False,,,,,,,,2,80.00699999999999,65,c6535ed7c4b64892ec91cfae673caaf645753a25e245ae531eb4478571eb1ad6,results/m4/test_main_v12_002
test_main_v12_002__lfr_n1000_phi40_s202610012_q06_main,lfr_n1000_phi40_s202610012_q06_main,test,lfr_n1000_phi40_s202610012,136,COMPLETED,True,0.14285714285714285,DIAGNOSTIC_SCOPE_NOT_AUTHORIZED,NOT_RUN_G_E2_NOT_PASS,False,NOT_RUN_G_E2_NOT_PASS,False,,False,,,,,,,,2,56.0049,3,587f1cd233ea14c8228bd5ef0ae4a456b20e1300abb8403815aa85cbd04002cb,results/m4/test_main_v12_002
test_main_v12_002__lfr_n1000_phi40_s202610012_q07_main,lfr_n1000_phi40_s202610012_q07_main,test,lfr_n1000_phi40_s202610012,419,COMPLETED,True,1.0,DIAGNOSTIC_SCOPE_NOT_AUTHORIZED,NOT_RUN_G_E2_NOT_PASS,False,NOT_RUN_G_E2_NOT_PASS,False,,False,,,,,,,,2,99.0088,39,173c04b80cf872e617c2a4ad1b53fe730f3ecc9ef9bd7f1fa601d8b214aa55dc,results/m4/test_main_v12_002
test_main_v12_002__lfr_n1000_phi40_s202610012_q08_main,lfr_n1000_phi40_s202610012_q08_main,test,lfr_n1000_phi40_s202610012,244,COMPLETED,True,0.037037037037037035,DIAGNOSTIC_SCOPE_NOT_AUTHORIZED,NOT_RUN_G_E2_NOT_PASS,False,NOT_RUN_G_E2_NOT_PASS,False,,False,,,,,,,,2,64.0056,2,de5d5e5d72ab937f3a5f738f19812b0359c5a39a3359dcf27683169b08b3cbb8,results/m4/test_main_v12_002
test_main_v12_002__lfr_n1000_phi40_s202610012_q09_main,lfr_n1000_phi40_s202610012_q09_main,test,lfr_n1000_phi40_s202610012,705,COMPLETED,True,1.0,DIAGNOSTIC_SCOPE_NOT_AUTHORIZED,NOT_RUN_G_E2_NOT_PASS,False,NOT_RUN_G_E2_NOT_PASS,False,,False,,,,,,,,2,180.016,52,0f0c4b6ad0a0ca4bf024cb1773f7dd90a66834c30bb4745c524409b6ec1e9e59,results/m4/test_main_v12_002
test_main_v12_002__lfr_n1000_phi40_s202610012_q10_main,lfr_n1000_phi40_s202610012_q10_main,test,lfr_n1000_phi40_s202610012,4,COMPLETED,True,0.03278688524590164,DIAGNOSTIC_SCOPE_NOT_AUTHORIZED,NOT_RUN_G_E2_NOT_PASS,False,NOT_RUN_G_E2_NOT_PASS,False,,False,,,,,,,,3,91.0084,2,4c33cb20ddbb6ac9cb63ec62e53a7e7c4dc6a3d447df7cb13fc9cac693e2801b,results/m4/test_main_v12_002
test_main_v12_002__lfr_n1000_phi40_s202610012_q11_main,lfr_n1000_phi40_s202610012_q11_main,test,lfr_n1000_phi40_s202610012,501,COMPLETED,True,1.0,DIAGNOSTIC_SCOPE_NOT_AUTHORIZED,NOT_RUN_G_E2_NOT_PASS,False,NOT_RUN_G_E2_NOT_PASS,False,,False,,,,,,,,3,180.01680000000002,59,5dd32c3cd9b6abe2f15037eabc0e7399237e69ee912201fb9df61298ce505e22,results/m4/test_main_v12_002
test_main_v12_002__lfr_n1000_phi40_s202610013_q00_main,lfr_n1000_phi40_s202610013_q00_main,test,lfr_n1000_phi40_s202610013,263,COMPLETED,True,1.0,DIAGNOSTIC_SCOPE_NOT_AUTHORIZED,NOT_RUN_G_E2_NOT_PASS,False,NOT_RUN_G_E2_NOT_PASS,False,,False,,,,,,,,2,72.0063,33,d153ed0fad438e64c3f8f8460d14e2a10db8627fbb7de818186ff392fd1ebca1,results/m4/test_main_v12_002
test_main_v12_002__lfr_n1000_phi40_s202610013_q01_main,lfr_n1000_phi40_s202610013_q01_main,test,lfr_n1000_phi40_s202610013,747,COMPLETED,True,1.0,DIAGNOSTIC_SCOPE_NOT_AUTHORIZED,NOT_RUN_G_E2_NOT_PASS,False,NOT_RUN_G_E2_NOT_PASS,False,,False,,,,,,,,2,168.0147,33,6086b597f3399575fca8aa2b48b36e0f6f17755dd8855cc0d773da9d68e696ce,results/m4/test_main_v12_002
test_main_v12_002__lfr_n1000_phi40_s202610013_q02_main,lfr_n1000_phi40_s202610013_q02_main,test,lfr_n1000_phi40_s202610013,106,COMPLETED,True,0.14285714285714285,DIAGNOSTIC_SCOPE_NOT_AUTHORIZED,NOT_RUN_G_E2_NOT_PASS,False,NOT_RUN_G_E2_NOT_PASS,False,,False,,,,,,,,2,63.0056,3,16eb35a77c65e328b5f97902b452193b1dc07252ace1bff96b9a3c7c6fa491fd,results/m4/test_main_v12_002
test_main_v12_002__lfr_n1000_phi40_s202610013_q03_main,lfr_n1000_phi40_s202610013_q03_main,test,lfr_n1000_phi40_s202610013,615,COMPLETED,True,1.0,DIAGNOSTIC_SCOPE_NOT_AUTHORIZED,NOT_RUN_G_E2_NOT_PASS,False,NOT_RUN_G_E2_NOT_PASS,False,,False,,,,,,,,2,120.01050000000001,39,0a3c9bdb1062474dc60cc83adc2fd8f617009b5a7d890ddf64964c6bf864a71e,results/m4/test_main_v12_002
test_main_v12_002__lfr_n1000_phi40_s202610013_q04_main,lfr_n1000_phi40_s202610013_q04_main,test,lfr_n1000_phi40_s202610013,916,COMPLETED,True,0.9942857142857143,DIAGNOSTIC_SCOPE_NOT_AUTHORIZED,NOT_RUN_G_E2_NOT_PASS,False,NOT_RUN_G_E2_NOT_PASS,False,,False,,,,,,,,2,336.0294,88,3d51bf92c6c53c551fb8cd37aa526d58a0bf20de48d415ff82a72b98474f2be1,results/m4/test_main_v12_002
test_main_v12_002__lfr_n1000_phi40_s202610013_q05_main,lfr_n1000_phi40_s202610013_q05_main,test,lfr_n1000_phi40_s202610013,704,COMPLETED,True,0.02197802197802198,DIAGNOSTIC_SCOPE_NOT_AUTHORIZED,NOT_RUN_G_E2_NOT_PASS,False,NOT_RUN_G_E2_NOT_PASS,False,,False,,,,,,,,2,144.0126,4,81c3897444ab5d42acfa7f99a2c4bdb49f5ef7cc1932d1de5794e32d9018de1a,results/m4/test_main_v12_002
test_main_v12_002__lfr_n1000_phi40_s202610013_q06_main,lfr_n1000_phi40_s202610013_q06_main,test,lfr_n1000_phi40_s202610013,430,COMPLETED,True,1.0,DIAGNOSTIC_SCOPE_NOT_AUTHORIZED,NOT_RUN_G_E2_NOT_PASS,False,NOT_RUN_G_E2_NOT_PASS,False,,False,,,,,,,,2,88.0077,36,97d5ef42c1b92ccb9ad3cb3310de6ac5ed747009163dc33926f3270e6f819347,results/m4/test_main_v12_002
test_main_v12_002__lfr_n1000_phi40_s202610013_q07_main,lfr_n1000_phi40_s202610013_q07_main,test,lfr_n1000_phi40_s202610013,377,COMPLETED,True,1.0,DIAGNOSTIC_SCOPE_NOT_AUTHORIZED,NOT_RUN_G_E2_NOT_PASS,False,NOT_RUN_G_E2_NOT_PASS,False,,False,,,,,,,,2,90.008,36,1ecb988a20de4b12eced9c38cc6202863aef6424c7a5e493833bd9505894ae36,results/m4/test_main_v12_002
test_main_v12_002__lfr_n1000_phi40_s202610013_q08_main,lfr_n1000_phi40_s202610013_q08_main,test,lfr_n1000_phi40_s202610013,830,COMPLETED,True,1.0,DIAGNOSTIC_SCOPE_NOT_AUTHORIZED,NOT_RUN_G_E2_NOT_PASS,False,NOT_RUN_G_E2_NOT_PASS,False,,False,,,,,,,,2,216.0189,41,fb3247362dea0ed13799e5e9f4fd904548194fcc332a84b593d123677520ca9f,results/m4/test_main_v12_002
test_main_v12_002__lfr_n1000_phi40_s202610013_q09_main,lfr_n1000_phi40_s202610013_q09_main,test,lfr_n1000_phi40_s202610013,72,COMPLETED,True,0.09090909090909091,DIAGNOSTIC_SCOPE_NOT_AUTHORIZED,NOT_RUN_G_E2_NOT_PASS,False,NOT_RUN_G_E2_NOT_PASS,False,,False,,,,,,,,2,70.00630000000001,3,1e0cbfcdf50fc4dffef5fafb2315da5e14cbd3fe3d2624fe1d8472f7b2d1740f,results/m4/test_main_v12_002
test_main_v12_002__lfr_n1000_phi40_s202610013_q10_main,lfr_n1000_phi40_s202610013_q10_main,test,lfr_n1000_phi40_s202610013,826,COMPLETED,True,0.8755760368663594,DIAGNOSTIC_SCOPE_NOT_AUTHORIZED,NOT_RUN_G_E2_NOT_PASS,False,NOT_RUN_G_E2_NOT_PASS,False,,False,,,,,,,,2,208.0182,122,a8efeee619d0755a2e33a97f630db948d01df6d346858c5fdaace4833217a562,results/m4/test_main_v12_002
test_main_v12_002__lfr_n1000_phi40_s202610013_q11_main,lfr_n1000_phi40_s202610013_q11_main,test,lfr_n1000_phi40_s202610013,47,COMPLETED,True,0.041237113402061855,DIAGNOSTIC_SCOPE_NOT_AUTHORIZED,NOT_RUN_G_E2_NOT_PASS,False,NOT_RUN_G_E2_NOT_PASS,False,,False,,,,,,,,2,77.007,2,7d005ee60eb60ea073b0b5b9ecdc09c2f35a04b8f46e0e1e039c2076d0412f5d,results/m4/test_main_v12_002
test_main_v12_002__lfr_n1000_phi50_s202610011_q00_main,lfr_n1000_phi50_s202610011_q00_main,test,lfr_n1000_phi50_s202610011,979,COMPLETED,True,0.9461077844311377,DIAGNOSTIC_SCOPE_NOT_AUTHORIZED,NOT_RUN_G_E2_NOT_PASS,False,NOT_RUN_G_E2_NOT_PASS,False,,False,,,,,,,,2,608.0532,88,b4a49694cb4ab087d5b7e18d0e03028ab41369dbc923343f35bf6d512f49708b,results/m4/test_main_v12_002
test_main_v12_002__lfr_n1000_phi50_s202610011_q01_main,lfr_n1000_phi50_s202610011_q01_main,test,lfr_n1000_phi50_s202610011,908,COMPLETED,True,0.9570552147239264,DIAGNOSTIC_SCOPE_NOT_AUTHORIZED,NOT_RUN_G_E2_NOT_PASS,False,NOT_RUN_G_E2_NOT_PASS,False,,False,,,,,,,,2,344.0301,84,f584d6ff9399910e4e2cb90eb9d5aec11a1fddd6bb1dd3e3d9d0e19905df942d,results/m4/test_main_v12_002
test_main_v12_002__lfr_n1000_phi50_s202610011_q02_main,lfr_n1000_phi50_s202610011_q02_main,test,lfr_n1000_phi50_s202610011,478,COMPLETED,True,1.0,DIAGNOSTIC_SCOPE_NOT_AUTHORIZED,NOT_RUN_G_E2_NOT_PASS,False,NOT_RUN_G_E2_NOT_PASS,False,,False,,,,,,,,3,144.0132,32,2183ddaae9f1acc139c912e2dd1884a938d3b62526ff2955f3e7d45d742f083a,results/m4/test_main_v12_002
test_main_v12_002__lfr_n1000_phi50_s202610011_q03_main,lfr_n1000_phi50_s202610011_q03_main,test,lfr_n1000_phi50_s202610011,476,COMPLETED,True,0.21052631578947367,DIAGNOSTIC_SCOPE_NOT_AUTHORIZED,NOT_RUN_G_E2_NOT_PASS,False,NOT_RUN_G_E2_NOT_PASS,False,,False,,,,,,,,2,96.00840000000001,6,dcbc6923a246959066669cd113d2be1dee2b099e8b9e1effaa9f115217413bca,results/m4/test_main_v12_002
test_main_v12_002__lfr_n1000_phi50_s202610011_q04_main,lfr_n1000_phi50_s202610011_q04_main,test,lfr_n1000_phi50_s202610011,198,COMPLETED,True,0.9508196721311475,DIAGNOSTIC_SCOPE_NOT_AUTHORIZED,NOT_RUN_G_E2_NOT_PASS,False,NOT_RUN_G_E2_NOT_PASS,False,,False,,,,,,,,2,88.008,32,5449e0b5b708bf860500779f011350f2cc8c0461481b8e7830e87470042159ee,results/m4/test_main_v12_002
test_main_v12_002__lfr_n1000_phi50_s202610011_q05_main,lfr_n1000_phi50_s202610011_q05_main,test,lfr_n1000_phi50_s202610011,236,COMPLETED,True,0.9508196721311475,DIAGNOSTIC_SCOPE_NOT_AUTHORIZED,NOT_RUN_G_E2_NOT_PASS,False,NOT_RUN_G_E2_NOT_PASS,False,,False,,,,,,,,2,90.0081,32,d866cf41a148c35b2a9671f42b563875d20ec5a8c1224497680fdb2a8b5094dd,results/m4/test_main_v12_002
test_main_v12_002__lfr_n1000_phi50_s202610011_q06_main,lfr_n1000_phi50_s202610011_q06_main,test,lfr_n1000_phi50_s202610011,815,COMPLETED,True,1.0,DIAGNOSTIC_SCOPE_NOT_AUTHORIZED,NOT_RUN_G_E2_NOT_PASS,False,NOT_RUN_G_E2_NOT_PASS,False,,False,,,,,,,,2,224.0196,47,4a920c7a13947b3070bfc37e98eb67e1805f4c3d2809d3a20abb0860134e3c45,results/m4/test_main_v12_002
test_main_v12_002__lfr_n1000_phi50_s202610011_q07_main,lfr_n1000_phi50_s202610011_q07_main,test,lfr_n1000_phi50_s202610011,285,COMPLETED,True,0.04081632653061224,DIAGNOSTIC_SCOPE_NOT_AUTHORIZED,NOT_RUN_G_E2_NOT_PASS,False,NOT_RUN_G_E2_NOT_PASS,False,,False,,,,,,,,2,81.0072,2,0214a0416ee41b790b961602118a7814157b3770f35cf2ab24de52c06b25494b,results/m4/test_main_v12_002
test_main_v12_002__lfr_n1000_phi50_s202610011_q08_main,lfr_n1000_phi50_s202610011_q08_main,test,lfr_n1000_phi50_s202610011,146,COMPLETED,True,1.0,DIAGNOSTIC_SCOPE_NOT_AUTHORIZED,NOT_RUN_G_E2_NOT_PASS,False,NOT_RUN_G_E2_NOT_PASS,False,,False,,,,,,,,2,72.0064,25,80b7c8c9b482ed3afb75559c3a6505fa8893e7abd910fcd714b00474eae1341c,results/m4/test_main_v12_002
test_main_v12_002__lfr_n1000_phi50_s202610011_q09_main,lfr_n1000_phi50_s202610011_q09_main,test,lfr_n1000_phi50_s202610011,354,COMPLETED,True,0.2,DIAGNOSTIC_SCOPE_NOT_AUTHORIZED,NOT_RUN_G_E2_NOT_PASS,False,NOT_RUN_G_E2_NOT_PASS,False,,False,,,,,,,,2,80.00699999999999,5,c855d0ae59ead9a13f28a145124e830a24a0ff46a71f2ccddd426116c6ea00ca,results/m4/test_main_v12_002
test_main_v12_002__lfr_n1000_phi50_s202610011_q10_main,lfr_n1000_phi50_s202610011_q10_main,test,lfr_n1000_phi50_s202610011,98,COMPLETED,True,0.024691358024691357,DIAGNOSTIC_SCOPE_NOT_AUTHORIZED,NOT_RUN_G_E2_NOT_PASS,False,NOT_RUN_G_E2_NOT_PASS,False,,False,,,,,,,,2,70.00630000000001,3,5900caf5c1a9b120375722de225a501eb831f0460121f7a5649833f6dd1e77e7,results/m4/test_main_v12_002
test_main_v12_002__lfr_n1000_phi50_s202610011_q11_main,lfr_n1000_phi50_s202610011_q11_main,test,lfr_n1000_phi50_s202610011,17,COMPLETED,True,0.05,DIAGNOSTIC_SCOPE_NOT_AUTHORIZED,NOT_RUN_G_E2_NOT_PASS,False,NOT_RUN_G_E2_NOT_PASS,False,,False,,,,,,,,3,161.0154,2,96851e0247593250e2562f61ae7e88b093a121d0a85039bbee2da0d491550a7c,results/m4/test_main_v12_002
test_main_v12_002__lfr_n1000_phi50_s202610012_q00_main,lfr_n1000_phi50_s202610012_q00_main,test,lfr_n1000_phi50_s202610012,828,COMPLETED,True,0.9855072463768116,DIAGNOSTIC_SCOPE_NOT_AUTHORIZED,NOT_RUN_G_E2_NOT_PASS,False,NOT_RUN_G_E2_NOT_PASS,False,,False,,,,,,,,2,279.0248,35,5e3015adb77f991ffc48ad49f4f7ca75c64b1bcb06d0567c19d827ef2a9eb873,results/m4/test_main_v12_002
test_main_v12_002__lfr_n1000_phi50_s202610012_q01_main,lfr_n1000_phi50_s202610012_q01_main,test,lfr_n1000_phi50_s202610012,141,COMPLETED,True,0.1111111111111111,DIAGNOSTIC_SCOPE_NOT_AUTHORIZED,NOT_RUN_G_E2_NOT_PASS,False,NOT_RUN_G_E2_NOT_PASS,False,,False,,,,,,,,2,77.007,2,c00630e39e6a8b2174dc800352e67819bbf32e2c7d4ba12775d200596e0cf11f,results/m4/test_main_v12_002
test_main_v12_002__lfr_n1000_phi50_s202610012_q02_main,lfr_n1000_phi50_s202610012_q02_main,test,lfr_n1000_phi50_s202610012,861,COMPLETED,True,0.8936170212765957,DIAGNOSTIC_SCOPE_NOT_AUTHORIZED,NOT_RUN_G_E2_NOT_PASS,False,NOT_RUN_G_E2_NOT_PASS,False,,False,,,,,,,,2,280.0245,103,2fa528bbce419edb3dc93db7bb5be046a2ca2dde1ad551d12be23aa312f91b11,results/m4/test_main_v12_002
test_main_v12_002__lfr_n1000_phi50_s202610012_q03_main,lfr_n1000_phi50_s202610012_q03_main,test,lfr_n1000_phi50_s202610012,168,COMPLETED,True,0.016666666666666666,DIAGNOSTIC_SCOPE_NOT_AUTHORIZED,NOT_RUN_G_E2_NOT_PASS,False,NOT_RUN_G_E2_NOT_PASS,False,,False,,,,,,,,3,168.016,35,f88b28cfc079d86fd9d2b383d76db62f7cd8443f40633f3423b5e8a0e8b34988,results/m4/test_main_v12_002
test_main_v12_002__lfr_n1000_phi50_s202610012_q04_main,lfr_n1000_phi50_s202610012_q04_main,test,lfr_n1000_phi50_s202610012,912,COMPLETED,True,1.0,DIAGNOSTIC_SCOPE_NOT_AUTHORIZED,NOT_RUN_G_E2_NOT_PASS,False,NOT_RUN_G_E2_NOT_PASS,False,,False,,,,,,,,2,376.0329,24,aef135cbc3d2126714d640b48535ea08c4060020d2f1fa4cadfd35018d234b22,results/m4/test_main_v12_002
test_main_v12_002__lfr_n1000_phi50_s202610012_q05_main,lfr_n1000_phi50_s202610012_q05_main,test,lfr_n1000_phi50_s202610012,338,COMPLETED,True,0.26666666666666666,DIAGNOSTIC_SCOPE_NOT_AUTHORIZED,NOT_RUN_G_E2_NOT_PASS,False,NOT_RUN_G_E2_NOT_PASS,False,,False,,,,,,,,2,81.0072,6,8e065ae001f2f3712974d7950b00f4c82c77c731fdfe359725b4853d0dfe19f5,results/m4/test_main_v12_002
test_main_v12_002__lfr_n1000_phi50_s202610012_q06_main,lfr_n1000_phi50_s202610012_q06_main,test,lfr_n1000_phi50_s202610012,967,COMPLETED,True,1.0,DIAGNOSTIC_SCOPE_NOT_AUTHORIZED,NOT_RUN_G_E2_NOT_PASS,False,NOT_RUN_G_E2_NOT_PASS,False,,False,,,,,,,,2,552.0483,42,8cb275fe661cb7dfe6fe1eaefa92a982ea2ec8b17c6a44b3900ea25112ebe364,results/m4/test_main_v12_002
test_main_v12_002__lfr_n1000_phi50_s202610012_q07_main,lfr_n1000_phi50_s202610012_q07_main,test,lfr_n1000_phi50_s202610012,304,COMPLETED,True,0.1276595744680851,DIAGNOSTIC_SCOPE_NOT_AUTHORIZED,NOT_RUN_G_E2_NOT_PASS,False,NOT_RUN_G_E2_NOT_PASS,False,,False,,,,,,,,2,72.0063,5,05e6dee737bdb21a8a7ac03dd23042b9bbad2bdb763b8968bb4bda8b88109723,results/m4/test_main_v12_002
test_main_v12_002__lfr_n1000_phi50_s202610012_q08_main,lfr_n1000_phi50_s202610012_q08_main,test,lfr_n1000_phi50_s202610012,295,COMPLETED,True,0.025974025974025976,DIAGNOSTIC_SCOPE_NOT_AUTHORIZED,NOT_RUN_G_E2_NOT_PASS,False,NOT_RUN_G_E2_NOT_PASS,False,,False,,,,,,,,2,90.0081,3,2a85b1fa26cac048548451f55e9e0bae035d223c8b221bd9822fb3aede9b00eb,results/m4/test_main_v12_002
test_main_v12_002__lfr_n1000_phi50_s202610012_q09_main,lfr_n1000_phi50_s202610012_q09_main,test,lfr_n1000_phi50_s202610012,27,COMPLETED,True,0.05263157894736842,DIAGNOSTIC_SCOPE_NOT_AUTHORIZED,NOT_RUN_G_E2_NOT_PASS,False,NOT_RUN_G_E2_NOT_PASS,False,,False,,,,,,,,2,70.00630000000001,2,57bf592428af3a22c82e0e8629518f2692a5eb45c2067a5beda243f1902d3233,results/m4/test_main_v12_002
test_main_v12_002__lfr_n1000_phi50_s202610012_q10_main,lfr_n1000_phi50_s202610012_q10_main,test,lfr_n1000_phi50_s202610012,249,COMPLETED,True,0.5654450261780105,DIAGNOSTIC_SCOPE_NOT_AUTHORIZED,NOT_RUN_G_E2_NOT_PASS,False,NOT_RUN_G_E2_NOT_PASS,False,,False,,,,,,,,2,88.008,137,d1e09394aa26bf13461d46d22c7c27e38cfd7e943bfbeaea6827724b7f82cf14,results/m4/test_main_v12_002
test_main_v12_002__lfr_n1000_phi50_s202610012_q11_main,lfr_n1000_phi50_s202610012_q11_main,test,lfr_n1000_phi50_s202610012,23,COMPLETED,True,0.03571428571428571,DIAGNOSTIC_SCOPE_NOT_AUTHORIZED,NOT_RUN_G_E2_NOT_PASS,False,NOT_RUN_G_E2_NOT_PASS,False,,False,,,,,,,,2,56.0049,2,75886475f7b2e35b2675e64a53c05ed6e47b2717807a29aec65d70fa72234f16,results/m4/test_main_v12_002
test_main_v12_002__lfr_n1000_phi50_s202610013_q00_main,lfr_n1000_phi50_s202610013_q00_main,test,lfr_n1000_phi50_s202610013,770,COMPLETED,True,0.9894736842105263,DIAGNOSTIC_SCOPE_NOT_AUTHORIZED,NOT_RUN_G_E2_NOT_PASS,False,NOT_RUN_G_E2_NOT_PASS,False,,False,,,,,,,,2,176.0154,48,69ae7f19d524cec0691b2aa0fcecf41c7142c3e2b35b01c09ee56ddf1895d119,results/m4/test_main_v12_002
test_main_v12_002__lfr_n1000_phi50_s202610013_q01_main,lfr_n1000_phi50_s202610013_q01_main,test,lfr_n1000_phi50_s202610013,793,COMPLETED,True,0.9791666666666666,DIAGNOSTIC_SCOPE_NOT_AUTHORIZED,NOT_RUN_G_E2_NOT_PASS,False,NOT_RUN_G_E2_NOT_PASS,False,,False,,,,,,,,2,192.01680000000002,49,731da82bab7c62015ff1133212ecce7302dc5e8cdd94725cfe2c58d85568a804,results/m4/test_main_v12_002
test_main_v12_002__lfr_n1000_phi50_s202610013_q02_main,lfr_n1000_phi50_s202610013_q02_main,test,lfr_n1000_phi50_s202610013,693,COMPLETED,True,0.9873417721518988,DIAGNOSTIC_SCOPE_NOT_AUTHORIZED,NOT_RUN_G_E2_NOT_PASS,False,NOT_RUN_G_E2_NOT_PASS,False,,False,,,,,,,,2,144.0126,40,81d91c78a12bb8e36ef3d6fdb7c79adab20daaf0cf641e9b87dd7e08eaac4085,results/m4/test_main_v12_002
test_main_v12_002__lfr_n1000_phi50_s202610013_q03_main,lfr_n1000_phi50_s202610013_q03_main,test,lfr_n1000_phi50_s202610013,359,COMPLETED,True,0.9873417721518988,DIAGNOSTIC_SCOPE_NOT_AUTHORIZED,NOT_RUN_G_E2_NOT_PASS,False,NOT_RUN_G_E2_NOT_PASS,False,,False,,,,,,,,2,80.00699999999999,40,5a271c974e52b27480db248aa3698a5e3adb878ce14d221ac113c72d3816262d,results/m4/test_main_v12_002
test_main_v12_002__lfr_n1000_phi50_s202610013_q04_main,lfr_n1000_phi50_s202610013_q04_main,test,lfr_n1000_phi50_s202610013,748,COMPLETED,True,0.9803921568627451,DIAGNOSTIC_SCOPE_NOT_AUTHORIZED,NOT_RUN_G_E2_NOT_PASS,False,NOT_RUN_G_E2_NOT_PASS,False,,False,,,,,,,,2,168.0147,26,4705a4a2e91f13e4de348c13022b2ac50f99786ff840beb53a88eecd09fd025a,results/m4/test_main_v12_002
test_main_v12_002__lfr_n1000_phi50_s202610013_q05_main,lfr_n1000_phi50_s202610013_q05_main,test,lfr_n1000_phi50_s202610013,694,COMPLETED,True,0.9803921568627451,DIAGNOSTIC_SCOPE_NOT_AUTHORIZED,NOT_RUN_G_E2_NOT_PASS,False,NOT_RUN_G_E2_NOT_PASS,False,,False,,,,,,,,2,144.0126,26,b2311d62d71164dabc985aca3b9c781b5394cf09e1229b1ef815a0455c4192db,results/m4/test_main_v12_002
test_main_v12_002__lfr_n1000_phi50_s202610013_q06_main,lfr_n1000_phi50_s202610013_q06_main,test,lfr_n1000_phi50_s202610013,565,COMPLETED,True,0.06382978723404255,DIAGNOSTIC_SCOPE_NOT_AUTHORIZED,NOT_RUN_G_E2_NOT_PASS,False,NOT_RUN_G_E2_NOT_PASS,False,,False,,,,,,,,2,140.01260000000002,7,7c4b014c4d8b463798ec105b5f1bb4f435cad3cd1b053fee8954835239c86867,results/m4/test_main_v12_002
test_main_v12_002__lfr_n1000_phi50_s202610013_q07_main,lfr_n1000_phi50_s202610013_q07_main,test,lfr_n1000_phi50_s202610013,651,COMPLETED,True,0.02197802197802198,DIAGNOSTIC_SCOPE_NOT_AUTHORIZED,NOT_RUN_G_E2_NOT_PASS,False,NOT_RUN_G_E2_NOT_PASS,False,,False,,,,,,,,2,144.0128,4,ca7b1f27d0334532a2328d16823ffd23095f9c34d2707578a4974405c9660828,results/m4/test_main_v12_002
test_main_v12_002__lfr_n1000_phi50_s202610013_q08_main,lfr_n1000_phi50_s202610013_q08_main,test,lfr_n1000_phi50_s202610013,229,COMPLETED,True,0.9761904761904762,DIAGNOSTIC_SCOPE_NOT_AUTHORIZED,NOT_RUN_G_E2_NOT_PASS,False,NOT_RUN_G_E2_NOT_PASS,False,,False,,,,,,,,3,96.0088,43,42e2bffc34397bbfe76d7e9107dfcb1bad7a888e72d14fa1865b243032375af7,results/m4/test_main_v12_002
test_main_v12_002__lfr_n1000_phi50_s202610013_q09_main,lfr_n1000_phi50_s202610013_q09_main,test,lfr_n1000_phi50_s202610013,444,COMPLETED,True,0.045454545454545456,DIAGNOSTIC_SCOPE_NOT_AUTHORIZED,NOT_RUN_G_E2_NOT_PASS,False,NOT_RUN_G_E2_NOT_PASS,False,,False,,,,,,,,2,88.0077,3,db3014ca25e8de4eee9c4be4831f743efb2da6bb62326e243f3bb11bc50707a8,results/m4/test_main_v12_002
test_main_v12_002__lfr_n1000_phi50_s202610013_q10_main,lfr_n1000_phi50_s202610013_q10_main,test,lfr_n1000_phi50_s202610013,799,COMPLETED,True,0.9485714285714286,DIAGNOSTIC_SCOPE_NOT_AUTHORIZED,NOT_RUN_G_E2_NOT_PASS,False,NOT_RUN_G_E2_NOT_PASS,False,,False,,,,,,,,2,216.0192,88,76b5ad4332563353305d61e28630de1fabec09bfacb8a3b45db2afabce2b26c6,results/m4/test_main_v12_002
test_main_v12_002__lfr_n1000_phi50_s202610013_q11_main,lfr_n1000_phi50_s202610013_q11_main,test,lfr_n1000_phi50_s202610013,225,COMPLETED,True,0.04395604395604396,DIAGNOSTIC_SCOPE_NOT_AUTHORIZED,NOT_RUN_G_E2_NOT_PASS,False,NOT_RUN_G_E2_NOT_PASS,False,,False,,,,,,,,2,80.0072,4,cabaaf35b7c307d911d2c0b7e49eabac2cc63a06c20881e0533aa1413e1158ef,results/m4/test_main_v12_002
test_main_v12_002__lfr_n1000_phi60_s202610011_q00_main,lfr_n1000_phi60_s202610011_q00_main,test,lfr_n1000_phi60_s202610011,444,COMPLETED,True,0.17142857142857143,DIAGNOSTIC_SCOPE_NOT_AUTHORIZED,NOT_RUN_G_E2_NOT_PASS,False,NOT_RUN_G_E2_NOT_PASS,False,,False,,,,,,,,2,88.0077,6,b103ed47e7f4cb5c73f084e2e3e030f2fb1d58e49ac817c1b8acbdd976d40b01,results/m4/test_main_v12_002
test_main_v12_002__lfr_n1000_phi60_s202610011_q01_main,lfr_n1000_phi60_s202610011_q01_main,test,lfr_n1000_phi60_s202610011,842,COMPLETED,True,0.9508196721311475,DIAGNOSTIC_SCOPE_NOT_AUTHORIZED,NOT_RUN_G_E2_NOT_PASS,False,NOT_RUN_G_E2_NOT_PASS,False,,False,,,,,,,,2,240.02100000000002,32,5b8697eaa733a40b615c2d4ce58bf0e3fb940b126e4b53bb61aa67e2fb3bb6bb,results/m4/test_main_v12_002
test_main_v12_002__lfr_n1000_phi60_s202610011_q02_main,lfr_n1000_phi60_s202610011_q02_main,test,lfr_n1000_phi60_s202610011,337,COMPLETED,True,0.9310344827586207,DIAGNOSTIC_SCOPE_NOT_AUTHORIZED,NOT_RUN_G_E2_NOT_PASS,False,NOT_RUN_G_E2_NOT_PASS,False,,False,,,,,,,,2,100.009,31,c4ba37d91fd4ae1dd22da580479e98b507b37257d631e54418c7dd654fb120a0,results/m4/test_main_v12_002
test_main_v12_002__lfr_n1000_phi60_s202610011_q03_main,lfr_n1000_phi60_s202610011_q03_main,test,lfr_n1000_phi60_s202610011,223,COMPLETED,True,0.9152542372881356,DIAGNOSTIC_SCOPE_NOT_AUTHORIZED,NOT_RUN_G_E2_NOT_PASS,False,NOT_RUN_G_E2_NOT_PASS,False,,False,,,,,,,,3,104.0096,32,a4c7b4633605d5cbc39f9331a4574930d26fc19c1b0da50eff35e993a32f5400,results/m4/test_main_v12_002
test_main_v12_002__lfr_n1000_phi60_s202610011_q04_main,lfr_n1000_phi60_s202610011_q04_main,test,lfr_n1000_phi60_s202610011,551,COMPLETED,True,0.11842105263157894,DIAGNOSTIC_SCOPE_NOT_AUTHORIZED,NOT_RUN_G_E2_NOT_PASS,False,NOT_RUN_G_E2_NOT_PASS,False,,False,,,,,,,,2,112.0098,61,0b98bd2d7e3f27bf0b97976e78e33a04db43f79c6182af67cda31311950cf50d,results/m4/test_main_v12_002
test_main_v12_002__lfr_n1000_phi60_s202610011_q05_main,lfr_n1000_phi60_s202610011_q05_main,test,lfr_n1000_phi60_s202610011,244,COMPLETED,True,0.02127659574468085,DIAGNOSTIC_SCOPE_NOT_AUTHORIZED,NOT_RUN_G_E2_NOT_PASS,False,NOT_RUN_G_E2_NOT_PASS,False,,False,,,,,,,,2,72.0063,3,b3e217c0b564108b0ff28157ee2f7461c77c3a2d8fdde815c40fe5a503014e13,results/m4/test_main_v12_002
test_main_v12_002__lfr_n1000_phi60_s202610011_q06_main,lfr_n1000_phi60_s202610011_q06_main,test,lfr_n1000_phi60_s202610011,490,COMPLETED,True,1.0,DIAGNOSTIC_SCOPE_NOT_AUTHORIZED,NOT_RUN_G_E2_NOT_PASS,False,NOT_RUN_G_E2_NOT_PASS,False,,False,,,,,,,,2,108.0096,21,41e5833ed4a35bcd74f45642580e3faab24d8c3667807b65c17dbccb04a6156f,results/m4/test_main_v12_002
test_main_v12_002__lfr_n1000_phi60_s202610011_q07_main,lfr_n1000_phi60_s202610011_q07_main,test,lfr_n1000_phi60_s202610011,484,COMPLETED,True,0.24,DIAGNOSTIC_SCOPE_NOT_AUTHORIZED,NOT_RUN_G_E2_NOT_PASS,False,NOT_RUN_G_E2_NOT_PASS,False,,False,,,,,,,,2,96.00840000000001,4,844539911d237e4407f9b13006188b6ca5c7b773e14750240c417a9d14cddf3b,results/m4/test_main_v12_002
test_main_v12_002__lfr_n1000_phi60_s202610011_q08_main,lfr_n1000_phi60_s202610011_q08_main,test,lfr_n1000_phi60_s202610011,614,COMPLETED,True,0.1509433962264151,DIAGNOSTIC_SCOPE_NOT_AUTHORIZED,NOT_RUN_G_E2_NOT_PASS,False,NOT_RUN_G_E2_NOT_PASS,False,,False,,,,,,,,2,135.012,6,0b5186dd35b2a4f41fda6ab6522b8b5539e30795ffc4e119c8692393926bd718,results/m4/test_main_v12_002
test_main_v12_002__lfr_n1000_phi60_s202610011_q09_main,lfr_n1000_phi60_s202610011_q09_main,test,lfr_n1000_phi60_s202610011,98,COMPLETED,True,0.04,DIAGNOSTIC_SCOPE_NOT_AUTHORIZED,NOT_RUN_G_E2_NOT_PASS,False,NOT_RUN_G_E2_NOT_PASS,False,,False,,,,,,,,2,77.007,3,80ff4d48f450e251bb77bf2eb749c4b7a57f5a79f843602600cb46ff1db2ce93,results/m4/test_main_v12_002
test_main_v12_002__lfr_n1000_phi60_s202610011_q10_main,lfr_n1000_phi60_s202610011_q10_main,test,lfr_n1000_phi60_s202610011,849,COMPLETED,True,0.9024390243902439,DIAGNOSTIC_SCOPE_NOT_AUTHORIZED,NOT_RUN_G_E2_NOT_PASS,False,NOT_RUN_G_E2_NOT_PASS,False,,False,,,,,,,,2,256.0224,45,93ce549bd25322aa1c509bf914cf274a46de44aec0946e904b97e23178bf0d95,results/m4/test_main_v12_002
test_main_v12_002__lfr_n1000_phi60_s202610011_q11_main,lfr_n1000_phi60_s202610011_q11_main,test,lfr_n1000_phi60_s202610011,245,COMPLETED,True,0.05,DIAGNOSTIC_SCOPE_NOT_AUTHORIZED,NOT_RUN_G_E2_NOT_PASS,False,NOT_RUN_G_E2_NOT_PASS,False,,False,,,,,,,,3,117.01079999999999,3,35f4470caa9d302441fb21e1a2bf0126b34669cb7fa09862b5ac0eb4a6d17f88,results/m4/test_main_v12_002
test_main_v12_002__lfr_n1000_phi60_s202610012_q00_main,lfr_n1000_phi60_s202610012_q00_main,test,lfr_n1000_phi60_s202610012,456,COMPLETED,True,0.1,DIAGNOSTIC_SCOPE_NOT_AUTHORIZED,NOT_RUN_G_E2_NOT_PASS,False,NOT_RUN_G_E2_NOT_PASS,False,,False,,,,,,,,2,88.0077,5,7f2542ff54619ba599aa7642d80e244ca05fc1d4a4e97e3a3ed450d73ca09c98,results/m4/test_main_v12_002
test_main_v12_002__lfr_n1000_phi60_s202610012_q01_main,lfr_n1000_phi60_s202610012_q01_main,test,lfr_n1000_phi60_s202610012,318,COMPLETED,True,0.05128205128205128,DIAGNOSTIC_SCOPE_NOT_AUTHORIZED,NOT_RUN_G_E2_NOT_PASS,False,NOT_RUN_G_E2_NOT_PASS,False,,False,,,,,,,,2,81.0072,4,72872326f724c1a4e886b2dba12060874adb9a74b9120fa63ce601c5c6b0dd79,results/m4/test_main_v12_002
test_main_v12_002__lfr_n1000_phi60_s202610012_q02_main,lfr_n1000_phi60_s202610012_q02_main,test,lfr_n1000_phi60_s202610012,173,COMPLETED,True,0.26666666666666666,DIAGNOSTIC_SCOPE_NOT_AUTHORIZED,NOT_RUN_G_E2_NOT_PASS,False,NOT_RUN_G_E2_NOT_PASS,False,,False,,,,,,,,2,64.0056,6,2363518b9f7d84e6c8749b64c3531649e37ae27861201bb51b9f8c714b17bb63,results/m4/test_main_v12_002
test_main_v12_002__lfr_n1000_phi60_s202610012_q03_main,lfr_n1000_phi60_s202610012_q03_main,test,lfr_n1000_phi60_s202610012,849,COMPLETED,True,1.0,DIAGNOSTIC_SCOPE_NOT_AUTHORIZED,NOT_RUN_G_E2_NOT_PASS,False,NOT_RUN_G_E2_NOT_PASS,False,,False,,,,,,,,2,264.0231,24,b1704320ccbc8c8806a1d84ed5e589af59e8e898f4106df3f7b3a46cb2a6fc50,results/m4/test_main_v12_002
test_main_v12_002__lfr_n1000_phi60_s202610012_q04_main,lfr_n1000_phi60_s202610012_q04_main,test,lfr_n1000_phi60_s202610012,739,COMPLETED,True,0.17777777777777778,DIAGNOSTIC_SCOPE_NOT_AUTHORIZED,NOT_RUN_G_E2_NOT_PASS,False,NOT_RUN_G_E2_NOT_PASS,False,,False,,,,,,,,2,176.0154,8,8459a1188cd0593ffe1b22a56fe8e70d282daa576bff48a34004a119e14aa58e,results/m4/test_main_v12_002
test_main_v12_002__lfr_n1000_phi60_s202610012_q05_main,lfr_n1000_phi60_s202610012_q05_main,test,lfr_n1000_phi60_s202610012,348,COMPLETED,True,0.05128205128205128,DIAGNOSTIC_SCOPE_NOT_AUTHORIZED,NOT_RUN_G_E2_NOT_PASS,False,NOT_RUN_G_E2_NOT_PASS,False,,False,,,,,,,,2,100.009,2,9ca87aef084041a777bf659ddd0fc3737710dce7c4d84d76fa5d6d79e59eafef,results/m4/test_main_v12_002
test_main_v12_002__lfr_n1000_phi60_s202610012_q06_main,lfr_n1000_phi60_s202610012_q06_main,test,lfr_n1000_phi60_s202610012,109,COMPLETED,True,0.9705882352941176,DIAGNOSTIC_SCOPE_NOT_AUTHORIZED,NOT_RUN_G_E2_NOT_PASS,False,NOT_RUN_G_E2_NOT_PASS,False,,False,,,,,,,,4,203.0196,35,ec21cecb55bcb7acd5600be0f68ee5ce4530f7e450a9af3cb3752f2ec58657df,results/m4/test_main_v12_002
test_main_v12_002__lfr_n1000_phi60_s202610012_q07_main,lfr_n1000_phi60_s202610012_q07_main,test,lfr_n1000_phi60_s202610012,257,COMPLETED,True,0.05714285714285714,DIAGNOSTIC_SCOPE_NOT_AUTHORIZED,NOT_RUN_G_E2_NOT_PASS,False,NOT_RUN_G_E2_NOT_PASS,False,,False,,,,,,,,2,80.0072,2,aaf81f6ee24b8f254fc7aab124035af7ac1a11b4f2e0d881f232edecfb097619,results/m4/test_main_v12_002
test_main_v12_002__lfr_n1000_phi60_s202610012_q08_main,lfr_n1000_phi60_s202610012_q08_main,test,lfr_n1000_phi60_s202610012,614,COMPLETED,True,0.9387755102040817,DIAGNOSTIC_SCOPE_NOT_AUTHORIZED,NOT_RUN_G_E2_NOT_PASS,False,NOT_RUN_G_E2_NOT_PASS,False,,False,,,,,,,,2,128.0112,26,8c161080fbe3589576d3ce3d6384ed6de443fff7586b47cda18ca3076afc402e,results/m4/test_main_v12_002
test_main_v12_002__lfr_n1000_phi60_s202610012_q09_main,lfr_n1000_phi60_s202610012_q09_main,test,lfr_n1000_phi60_s202610012,218,COMPLETED,True,0.9787234042553191,DIAGNOSTIC_SCOPE_NOT_AUTHORIZED,NOT_RUN_G_E2_NOT_PASS,False,NOT_RUN_G_E2_NOT_PASS,False,,False,,,,,,,,3,104.0096,24,21ea0f6b93e2d848efe69c414f351e5b7de84e34c5221af33bfa542b0bef675b,results/m4/test_main_v12_002
test_main_v12_002__lfr_n1000_phi60_s202610012_q10_main,lfr_n1000_phi60_s202610012_q10_main,test,lfr_n1000_phi60_s202610012,581,COMPLETED,True,0.034482758620689655,DIAGNOSTIC_SCOPE_NOT_AUTHORIZED,NOT_RUN_G_E2_NOT_PASS,False,NOT_RUN_G_E2_NOT_PASS,False,,False,,,,,,,,2,165.015,4,6a476698f8916da6200534d7e895e6bd45cfdeeaf81b98a6add839d8454511bc,results/m4/test_main_v12_002
test_main_v12_002__lfr_n1000_phi60_s202610012_q11_main,lfr_n1000_phi60_s202610012_q11_main,test,lfr_n1000_phi60_s202610012,156,COMPLETED,True,0.03571428571428571,DIAGNOSTIC_SCOPE_NOT_AUTHORIZED,NOT_RUN_G_E2_NOT_PASS,False,NOT_RUN_G_E2_NOT_PASS,False,,False,,,,,,,,2,72.0064,2,81c496e78fbf39d67a3ea1d2adc7deaf8ad3544299e1362e9bf14b6b697dc2df,results/m4/test_main_v12_002
test_main_v12_002__lfr_n1000_phi60_s202610013_q00_main,lfr_n1000_phi60_s202610013_q00_main,test,lfr_n1000_phi60_s202610013,612,COMPLETED,True,0.07692307692307693,DIAGNOSTIC_SCOPE_NOT_AUTHORIZED,NOT_RUN_G_E2_NOT_PASS,False,NOT_RUN_G_E2_NOT_PASS,False,,False,,,,,,,,2,120.01050000000001,5,1e04c6c320aa3f86b3286017565bdd13fe99f05cf98029d7692ad895d620b649,results/m4/test_main_v12_002
test_main_v12_002__lfr_n1000_phi60_s202610013_q01_main,lfr_n1000_phi60_s202610013_q01_main,test,lfr_n1000_phi60_s202610013,48,COMPLETED,True,0.05263157894736842,DIAGNOSTIC_SCOPE_NOT_AUTHORIZED,NOT_RUN_G_E2_NOT_PASS,False,NOT_RUN_G_E2_NOT_PASS,False,,False,,,,,,,,3,98.0091,3,d671d637800c2689066ab3d7e0860cc43e64edc8dc083d8cf5233e02c2d2eb3b,results/m4/test_main_v12_002
test_main_v12_002__lfr_n1000_phi60_s202610013_q02_main,lfr_n1000_phi60_s202610013_q02_main,test,lfr_n1000_phi60_s202610013,439,COMPLETED,True,0.041666666666666664,DIAGNOSTIC_SCOPE_NOT_AUTHORIZED,NOT_RUN_G_E2_NOT_PASS,False,NOT_RUN_G_E2_NOT_PASS,False,,False,,,,,,,,2,99.0088,4,c5e5926aacfae42248e090e4d22d4a777879c0ce3a565c36ed8d43ea495eb658,results/m4/test_main_v12_002
test_main_v12_002__lfr_n1000_phi60_s202610013_q03_main,lfr_n1000_phi60_s202610013_q03_main,test,lfr_n1000_phi60_s202610013,514,COMPLETED,True,0.0425531914893617,DIAGNOSTIC_SCOPE_NOT_AUTHORIZED,NOT_RUN_G_E2_NOT_PASS,False,NOT_RUN_G_E2_NOT_PASS,False,,False,,,,,,,,2,120.0108,3,119bd97ec11bd29efb39612b464561b48141d5c8a3218d7122bd5ea7c8474c6a,results/m4/test_main_v12_002
test_main_v12_002__lfr_n1000_phi60_s202610013_q04_main,lfr_n1000_phi60_s202610013_q04_main,test,lfr_n1000_phi60_s202610013,848,COMPLETED,True,0.9428571428571428,DIAGNOSTIC_SCOPE_NOT_AUTHORIZED,NOT_RUN_G_E2_NOT_PASS,False,NOT_RUN_G_E2_NOT_PASS,False,,False,,,,,,,,2,232.0203,37,3572870291954211468be7b7650b78ae172b977d72e4b4e4bc943c852cafae81,results/m4/test_main_v12_002
test_main_v12_002__lfr_n1000_phi60_s202610013_q05_main,lfr_n1000_phi60_s202610013_q05_main,test,lfr_n1000_phi60_s202610013,609,COMPLETED,True,0.05263157894736842,DIAGNOSTIC_SCOPE_NOT_AUTHORIZED,NOT_RUN_G_E2_NOT_PASS,False,NOT_RUN_G_E2_NOT_PASS,False,,False,,,,,,,,2,120.01050000000001,5,21cacdc57357680c80784f1f7cd19bd3799a77a42285a06be0a8769793aa55d1,results/m4/test_main_v12_002
test_main_v12_002__lfr_n1000_phi60_s202610013_q06_main,lfr_n1000_phi60_s202610013_q06_main,test,lfr_n1000_phi60_s202610013,579,COMPLETED,True,0.1,DIAGNOSTIC_SCOPE_NOT_AUTHORIZED,NOT_RUN_G_E2_NOT_PASS,False,NOT_RUN_G_E2_NOT_PASS,False,,False,,,,,,,,2,112.0098,5,74edd42d099848396b1b38d34a0da5e6fc1cde99e58f62e9cbcb650ad2623492,results/m4/test_main_v12_002
test_main_v12_002__lfr_n1000_phi60_s202610013_q07_main,lfr_n1000_phi60_s202610013_q07_main,test,lfr_n1000_phi60_s202610013,815,COMPLETED,True,0.7305389221556886,DIAGNOSTIC_SCOPE_NOT_AUTHORIZED,NOT_RUN_G_E2_NOT_PASS,False,NOT_RUN_G_E2_NOT_PASS,False,,False,,,,,,,,2,234.0208,92,0e5610da94fbbab55799fae58ca55058bf6d6bd78f5df002d269d06e7546b64b,results/m4/test_main_v12_002
test_main_v12_002__lfr_n1000_phi60_s202610013_q08_main,lfr_n1000_phi60_s202610013_q08_main,test,lfr_n1000_phi60_s202610013,108,COMPLETED,True,0.09302325581395349,DIAGNOSTIC_SCOPE_NOT_AUTHORIZED,NOT_RUN_G_E2_NOT_PASS,False,NOT_RUN_G_E2_NOT_PASS,False,,False,,,,,,,,2,56.0049,4,bca88f735f9644ae82c83fea59a75b2bdd8d1b9774053536cfb89a6d816d4983,results/m4/test_main_v12_002
test_main_v12_002__lfr_n1000_phi60_s202610013_q09_main,lfr_n1000_phi60_s202610013_q09_main,test,lfr_n1000_phi60_s202610013,891,COMPLETED,True,0.926829268292683,DIAGNOSTIC_SCOPE_NOT_AUTHORIZED,NOT_RUN_G_E2_NOT_PASS,False,NOT_RUN_G_E2_NOT_PASS,False,,False,,,,,,,,2,288.0252,43,aa426976a48b85bee62d7f68ee63388c594a90b85884b36b77f653957d40f80b,results/m4/test_main_v12_002
test_main_v12_002__lfr_n1000_phi60_s202610013_q10_main,lfr_n1000_phi60_s202610013_q10_main,test,lfr_n1000_phi60_s202610013,69,COMPLETED,True,0.9545454545454546,DIAGNOSTIC_SCOPE_NOT_AUTHORIZED,NOT_RUN_G_E2_NOT_PASS,False,NOT_RUN_G_E2_NOT_PASS,False,,False,,,,,,,,3,161.0154,46,51c5f96925df8dad784dc4f3245c61899756e27cca2194ce2b1f8a11f07b7b59,results/m4/test_main_v12_002
test_main_v12_002__lfr_n1000_phi60_s202610013_q11_main,lfr_n1000_phi60_s202610013_q11_main,test,lfr_n1000_phi60_s202610013,807,COMPLETED,True,0.11764705882352941,DIAGNOSTIC_SCOPE_NOT_AUTHORIZED,NOT_RUN_G_E2_NOT_PASS,False,NOT_RUN_G_E2_NOT_PASS,False,,False,,,,,,,,2,225.02,9,7f9225b90580540b49bc1da47f7672de383ce3d35dbfc2e989313270fdc40372,results/m4/test_main_v12_002
test_main_v12_002__lfr_n10000_phi10_s202610011_q00_main,lfr_n10000_phi10_s202610011_q00_main,test,lfr_n10000_phi10_s202610011,800,COMPLETED,True,1.0,DIAGNOSTIC_SCOPE_NOT_AUTHORIZED,NOT_RUN_G_E2_NOT_PASS,False,NOT_RUN_G_E2_NOT_PASS,False,,False,,,,,,,,2,77.007,73,d6299493039cc2f2881aa852492f62c3533616ba6c41a4deefcdb536e1ed8d97,results/m4/test_main_v12_002
test_main_v12_002__lfr_n10000_phi10_s202610011_q01_main,lfr_n10000_phi10_s202610011_q01_main,test,lfr_n10000_phi10_s202610011,5031,COMPLETED,True,1.0,DIAGNOSTIC_SCOPE_NOT_AUTHORIZED,NOT_RUN_G_E2_NOT_PASS,False,NOT_RUN_G_E2_NOT_PASS,False,,False,,,,,,,,2,96.00840000000001,73,011213e8d780bcbab969870b92c7a5b468b2926e59228b3492885787060e8c4b,results/m4/test_main_v12_002
test_main_v12_002__lfr_n10000_phi10_s202610011_q02_main,lfr_n10000_phi10_s202610011_q02_main,test,lfr_n10000_phi10_s202610011,3728,COMPLETED,True,1.0,DIAGNOSTIC_SCOPE_NOT_AUTHORIZED,NOT_RUN_G_E2_NOT_PASS,False,NOT_RUN_G_E2_NOT_PASS,False,,False,,,,,,,,4,250.024,113,1b5c5e06bdd60a39278817cd58272ef82bb8d5735dc3670dd3e71f731bea754f,results/m4/test_main_v12_002
test_main_v12_002__lfr_n10000_phi10_s202610011_q03_main,lfr_n10000_phi10_s202610011_q03_main,test,lfr_n10000_phi10_s202610011,9368,COMPLETED,True,1.0,DIAGNOSTIC_SCOPE_NOT_AUTHORIZED,NOT_RUN_G_E2_NOT_PASS,False,NOT_RUN_G_E2_NOT_PASS,False,,False,,,,,,,,2,416.0364,113,58f97d4a6f027116128eae2f5a972091a2cd323dc4f213fac886cac44738514a,results/m4/test_main_v12_002
test_main_v12_002__lfr_n10000_phi10_s202610011_q04_main,lfr_n10000_phi10_s202610011_q04_main,test,lfr_n10000_phi10_s202610011,9036,COMPLETED,True,1.0,DIAGNOSTIC_SCOPE_NOT_AUTHORIZED,NOT_RUN_G_E2_NOT_PASS,False,NOT_RUN_G_E2_NOT_PASS,False,,False,,,,,,,,2,328.0287,69,3173d0ef6a6d061512663e30404bc072da0c24c0fd0de2123d6f1f2e58131dac,results/m4/test_main_v12_002
test_main_v12_002__lfr_n10000_phi10_s202610011_q05_main,lfr_n10000_phi10_s202610011_q05_main,test,lfr_n10000_phi10_s202610011,6403,COMPLETED,True,1.0,DIAGNOSTIC_SCOPE_NOT_AUTHORIZED,NOT_RUN_G_E2_NOT_PASS,False,NOT_RUN_G_E2_NOT_PASS,False,,False,,,,,,,,2,128.0112,69,22af80b54cfc916cb4aeb46855a48c757a2e3107d5dfdfcdc774f96124e55f8c,results/m4/test_main_v12_002
test_main_v12_002__lfr_n10000_phi10_s202610011_q06_main,lfr_n10000_phi10_s202610011_q06_main,test,lfr_n10000_phi10_s202610011,3692,COMPLETED,True,1.0,DIAGNOSTIC_SCOPE_NOT_AUTHORIZED,NOT_RUN_G_E2_NOT_PASS,False,NOT_RUN_G_E2_NOT_PASS,False,,False,,,,,,,,2,100.009,174,d7723d8f5b9cb88a64ddef70a8a5e1b1e07c9c6cc5b10b4ba78eba7ef0b969e5,results/m4/test_main_v12_002
test_main_v12_002__lfr_n10000_phi10_s202610011_q07_main,lfr_n10000_phi10_s202610011_q07_main,test,lfr_n10000_phi10_s202610011,1229,COMPLETED,True,1.0,DIAGNOSTIC_SCOPE_NOT_AUTHORIZED,NOT_RUN_G_E2_NOT_PASS,False,NOT_RUN_G_E2_NOT_PASS,False,,False,,,,,,,,3,98.0091,174,e508e12d7fce0539adc8810636f566b15b3a3e492a7182e7edfbc93582a4c890,results/m4/test_main_v12_002
test_main_v12_002__lfr_n10000_phi10_s202610011_q08_main,lfr_n10000_phi10_s202610011_q08_main,test,lfr_n10000_phi10_s202610011,8518,COMPLETED,True,1.0,DIAGNOSTIC_SCOPE_NOT_AUTHORIZED,NOT_RUN_G_E2_NOT_PASS,False,NOT_RUN_G_E2_NOT_PASS,False,,False,,,,,,,,2,248.0217,57,c8a6716bb867e30c41e4a6d010cbe0749c77c8e73770f25235ed312c73f93af7,results/m4/test_main_v12_002
test_main_v12_002__lfr_n10000_phi10_s202610011_q09_main,lfr_n10000_phi10_s202610011_q09_main,test,lfr_n10000_phi10_s202610011,702,COMPLETED,True,1.0,DIAGNOSTIC_SCOPE_NOT_AUTHORIZED,NOT_RUN_G_E2_NOT_PASS,False,NOT_RUN_G_E2_NOT_PASS,False,,False,,,,,,,,2,56.0049,57,967ade28ec7becdcfdd8f43b04a74a165c5a6101ad4eb687bd3db99488e8e97d,results/m4/test_main_v12_002
test_main_v12_002__lfr_n10000_phi10_s202610011_q10_main,lfr_n10000_phi10_s202610011_q10_main,test,lfr_n10000_phi10_s202610011,2418,COMPLETED,True,1.0,DIAGNOSTIC_SCOPE_NOT_AUTHORIZED,NOT_RUN_G_E2_NOT_PASS,False,NOT_RUN_G_E2_NOT_PASS,False,,False,,,,,,,,2,88.008,139,003540adc3ede0809a87d67400c84c3382d856535d6a0d9d48811e18a3b90089,results/m4/test_main_v12_002
test_main_v12_002__lfr_n10000_phi10_s202610011_q11_main,lfr_n10000_phi10_s202610011_q11_main,test,lfr_n10000_phi10_s202610011,9993,COMPLETED,True,1.0,DIAGNOSTIC_SCOPE_NOT_AUTHORIZED,NOT_RUN_G_E2_NOT_PASS,False,NOT_RUN_G_E2_NOT_PASS,False,,False,,,,,,,,2,800.07,139,2ca91ec8328793b680f61cf5d6aecc116fdc35012ff1f9affea296591b4526bf,results/m4/test_main_v12_002
test_main_v12_002__lfr_n10000_phi10_s202610012_q00_main,lfr_n10000_phi10_s202610012_q00_main,test,lfr_n10000_phi10_s202610012,6225,COMPLETED,True,1.0,DIAGNOSTIC_SCOPE_NOT_AUTHORIZED,NOT_RUN_G_E2_NOT_PASS,False,NOT_RUN_G_E2_NOT_PASS,False,,False,,,,,,,,3,225.02100000000002,182,ed6c68f55cd0128bf67ff53ce435173dd2a4743260993db81c8020e865a35b9a,results/m4/test_main_v12_002
test_main_v12_002__lfr_n10000_phi10_s202610012_q01_main,lfr_n10000_phi10_s202610012_q01_main,test,lfr_n10000_phi10_s202610012,7533,COMPLETED,True,1.0,DIAGNOSTIC_SCOPE_NOT_AUTHORIZED,NOT_RUN_G_E2_NOT_PASS,False,NOT_RUN_G_E2_NOT_PASS,False,,False,,,,,,,,2,198.0176,182,faaaf9adbc6c7214012549c9f88db6ab07b9eec01fa210659db5e2fd578eab2c,results/m4/test_main_v12_002
test_main_v12_002__lfr_n10000_phi10_s202610012_q02_main,lfr_n10000_phi10_s202610012_q02_main,test,lfr_n10000_phi10_s202610012,9813,COMPLETED,True,1.0,DIAGNOSTIC_SCOPE_NOT_AUTHORIZED,NOT_RUN_G_E2_NOT_PASS,False,NOT_RUN_G_E2_NOT_PASS,False,,False,,,,,,,,2,640.0559999999999,158,71ca83292f446b94e57597aea6278f9b0230510ac136997269c959b4802b3d01,results/m4/test_main_v12_002
test_main_v12_002__lfr_n10000_phi10_s202610012_q03_main,lfr_n10000_phi10_s202610012_q03_main,test,lfr_n10000_phi10_s202610012,584,COMPLETED,True,1.0,DIAGNOSTIC_SCOPE_NOT_AUTHORIZED,NOT_RUN_G_E2_NOT_PASS,False,NOT_RUN_G_E2_NOT_PASS,False,,False,,,,,,,,3,105.0098,158,423964f8b663f61dff84ecaaa02e9ef680c8a57515293c3528fbbaf5badd7a23,results/m4/test_main_v12_002
test_main_v12_002__lfr_n10000_phi10_s202610012_q04_main,lfr_n10000_phi10_s202610012_q04_main,test,lfr_n10000_phi10_s202610012,2518,COMPLETED,True,0.04225352112676056,DIAGNOSTIC_SCOPE_NOT_AUTHORIZED,NOT_RUN_G_E2_NOT_PASS,False,NOT_RUN_G_E2_NOT_PASS,False,,False,,,,,,,,2,64.0056,4,d3e1809625161da9e28e72dc345fb078cee6d91f3cef7226436af02e4b009bdd,results/m4/test_main_v12_002
test_main_v12_002__lfr_n10000_phi10_s202610012_q05_main,lfr_n10000_phi10_s202610012_q05_main,test,lfr_n10000_phi10_s202610012,2008,COMPLETED,True,1.0,DIAGNOSTIC_SCOPE_NOT_AUTHORIZED,NOT_RUN_G_E2_NOT_PASS,False,NOT_RUN_G_E2_NOT_PASS,False,,False,,,,,,,,3,136.0128,138,b4a9e27e1717d733715dc751fa44f4c04bdb61a703ae6de4d3fdadfc995ef0d0,results/m4/test_main_v12_002
test_main_v12_002__lfr_n10000_phi10_s202610012_q06_main,lfr_n10000_phi10_s202610012_q06_main,test,lfr_n10000_phi10_s202610012,3075,COMPLETED,True,1.0,DIAGNOSTIC_SCOPE_NOT_AUTHORIZED,NOT_RUN_G_E2_NOT_PASS,False,NOT_RUN_G_E2_NOT_PASS,False,,False,,,,,,,,2,90.0081,91,b72763e201ee443a3932e573de895572d0a6f924036712c602fc5f11feefdf9b,results/m4/test_main_v12_002
test_main_v12_002__lfr_n10000_phi10_s202610012_q07_main,lfr_n10000_phi10_s202610012_q07_main,test,lfr_n10000_phi10_s202610012,6207,COMPLETED,True,1.0,DIAGNOSTIC_SCOPE_NOT_AUTHORIZED,NOT_RUN_G_E2_NOT_PASS,False,NOT_RUN_G_E2_NOT_PASS,False,,False,,,,,,,,2,165.015,91,641d3d5e3690c8cdb9edf660715f640468e47b43b7ad58e7566a850358a5dae1,results/m4/test_main_v12_002
test_main_v12_002__lfr_n10000_phi10_s202610012_q08_main,lfr_n10000_phi10_s202610012_q08_main,test,lfr_n10000_phi10_s202610012,646,COMPLETED,True,1.0,DIAGNOSTIC_SCOPE_NOT_AUTHORIZED,NOT_RUN_G_E2_NOT_PASS,False,NOT_RUN_G_E2_NOT_PASS,False,,False,,,,,,,,2,63.0056,97,e76c435d4f6560f23f39b2862490ae3bc9c9177992d7b0a9cffd4f1736f8c155,results/m4/test_main_v12_002
test_main_v12_002__lfr_n10000_phi10_s202610012_q09_main,lfr_n10000_phi10_s202610012_q09_main,test,lfr_n10000_phi10_s202610012,2674,COMPLETED,True,1.0,DIAGNOSTIC_SCOPE_NOT_AUTHORIZED,NOT_RUN_G_E2_NOT_PASS,False,NOT_RUN_G_E2_NOT_PASS,False,,False,,,,,,,,2,81.0072,97,1b42fb825be9f708a23458810aeb9720d7607cd7e3f59ef45db07f1adccbff74,results/m4/test_main_v12_002
test_main_v12_002__lfr_n10000_phi10_s202610012_q10_main,lfr_n10000_phi10_s202610012_q10_main,test,lfr_n10000_phi10_s202610012,6901,COMPLETED,True,1.0,DIAGNOSTIC_SCOPE_NOT_AUTHORIZED,NOT_RUN_G_E2_NOT_PASS,False,NOT_RUN_G_E2_NOT_PASS,False,,False,,,,,,,,2,198.018,55,e81014acd294729abf1a7ac605b24d39bd84b62ec8348663fd452d84d3c4bfba,results/m4/test_main_v12_002
test_main_v12_002__lfr_n10000_phi10_s202610012_q11_main,lfr_n10000_phi10_s202610012_q11_main,test,lfr_n10000_phi10_s202610012,4279,COMPLETED,True,1.0,DIAGNOSTIC_SCOPE_NOT_AUTHORIZED,NOT_RUN_G_E2_NOT_PASS,False,NOT_RUN_G_E2_NOT_PASS,False,,False,,,,,,,,3,220.02089999999998,55,cfc883a8f5c5177879874623f7cf863f0230023f464c240d54d25d12b650f8ae,results/m4/test_main_v12_002
test_main_v12_002__lfr_n10000_phi10_s202610013_q00_main,lfr_n10000_phi10_s202610013_q00_main,test,lfr_n10000_phi10_s202610013,3393,COMPLETED,True,1.0,DIAGNOSTIC_SCOPE_NOT_AUTHORIZED,NOT_RUN_G_E2_NOT_PASS,False,NOT_RUN_G_E2_NOT_PASS,False,,False,,,,,,,,3,120.011,124,6aa4eba54fc677e3011268280691a598b8fc267174b2b8d06d5479a100f04989,results/m4/test_main_v12_002
test_main_v12_002__lfr_n10000_phi10_s202610013_q01_main,lfr_n10000_phi10_s202610013_q01_main,test,lfr_n10000_phi10_s202610013,5550,COMPLETED,True,1.0,DIAGNOSTIC_SCOPE_NOT_AUTHORIZED,NOT_RUN_G_E2_NOT_PASS,False,NOT_RUN_G_E2_NOT_PASS,False,,False,,,,,,,,3,168.0154,124,c3b750eb3f83648236e9f19a9232b355bae3637a7f265b3e80c941fa8f3484d6,results/m4/test_main_v12_002
test_main_v12_002__lfr_n10000_phi10_s202610013_q02_main,lfr_n10000_phi10_s202610013_q02_main,test,lfr_n10000_phi10_s202610013,8928,COMPLETED,True,1.0,DIAGNOSTIC_SCOPE_NOT_AUTHORIZED,NOT_RUN_G_E2_NOT_PASS,False,NOT_RUN_G_E2_NOT_PASS,False,,False,,,,,,,,2,312.0273,74,4fc424318315ae84116b757213970de954c279038d8c1b75051aaec0db7a25f1,results/m4/test_main_v12_002
test_main_v12_002__lfr_n10000_phi10_s202610013_q03_main,lfr_n10000_phi10_s202610013_q03_main,test,lfr_n10000_phi10_s202610013,3066,COMPLETED,True,1.0,DIAGNOSTIC_SCOPE_NOT_AUTHORIZED,NOT_RUN_G_E2_NOT_PASS,False,NOT_RUN_G_E2_NOT_PASS,False,,False,,,,,,,,3,108.0099,74,1290e9b38f6a256553052dd9aa71eac53f91aff45617bfa3d2f61ecdcf9e3bd5,results/m4/test_main_v12_002
test_main_v12_002__lfr_n10000_phi10_s202610013_q04_main,lfr_n10000_phi10_s202610013_q04_main,test,lfr_n10000_phi10_s202610013,4698,COMPLETED,True,1.0,DIAGNOSTIC_SCOPE_NOT_AUTHORIZED,NOT_RUN_G_E2_NOT_PASS,False,NOT_RUN_G_E2_NOT_PASS,False,,False,,,,,,,,2,120.0108,158,68faa86d77273a679a2b261ae1613b0271064dfef5352afaedb220d49b496f09,results/m4/test_main_v12_002
test_main_v12_002__lfr_n10000_phi10_s202610013_q05_main,lfr_n10000_phi10_s202610013_q05_main,test,lfr_n10000_phi10_s202610013,780,COMPLETED,True,1.0,DIAGNOSTIC_SCOPE_NOT_AUTHORIZED,NOT_RUN_G_E2_NOT_PASS,False,NOT_RUN_G_E2_NOT_PASS,False,,False,,,,,,,,3,98.0091,158,3d4d185b92400331f5a669426c9f29187e38c12af5e2f64c0999a15025f4e671,results/m4/test_main_v12_002
test_main_v12_002__lfr_n10000_phi10_s202610013_q06_main,lfr_n10000_phi10_s202610013_q06_main,test,lfr_n10000_phi10_s202610013,4523,COMPLETED,True,1.0,DIAGNOSTIC_SCOPE_NOT_AUTHORIZED,NOT_RUN_G_E2_NOT_PASS,False,NOT_RUN_G_E2_NOT_PASS,False,,False,,,,,,,,3,154.0143,101,618c3c42fa38b855dc5cac47ea45a92227baf3481041a38457abe04d51ceb546,results/m4/test_main_v12_002
test_main_v12_002__lfr_n10000_phi10_s202610013_q07_main,lfr_n10000_phi10_s202610013_q07_main,test,lfr_n10000_phi10_s202610013,2105,COMPLETED,True,1.0,DIAGNOSTIC_SCOPE_NOT_AUTHORIZED,NOT_RUN_G_E2_NOT_PASS,False,NOT_RUN_G_E2_NOT_PASS,False,,False,,,,,,,,3,128.012,101,8d810a58ed4520469f0d139b28f361754c17e795ec91b33a515e2238d29c3301,results/m4/test_main_v12_002
test_main_v12_002__lfr_n10000_phi10_s202610013_q08_main,lfr_n10000_phi10_s202610013_q08_main,test,lfr_n10000_phi10_s202610013,7046,COMPLETED,True,1.0,DIAGNOSTIC_SCOPE_NOT_AUTHORIZED,NOT_RUN_G_E2_NOT_PASS,False,NOT_RUN_G_E2_NOT_PASS,False,,False,,,,,,,,2,190.0171,189,bb5e64aefe0d798a99d194363ee3ae5f5ade21f13be9940dc9513a196389cf2b,results/m4/test_main_v12_002
test_main_v12_002__lfr_n10000_phi10_s202610013_q09_main,lfr_n10000_phi10_s202610013_q09_main,test,lfr_n10000_phi10_s202610013,8557,COMPLETED,True,1.0,DIAGNOSTIC_SCOPE_NOT_AUTHORIZED,NOT_RUN_G_E2_NOT_PASS,False,NOT_RUN_G_E2_NOT_PASS,False,,False,,,,,,,,2,256.0224,189,93c9da31f4d43062f701f4867d25fbedbe564e22ebfdf8cf2cbe6e29b7443651,results/m4/test_main_v12_002
test_main_v12_002__lfr_n10000_phi10_s202610013_q10_main,lfr_n10000_phi10_s202610013_q10_main,test,lfr_n10000_phi10_s202610013,5435,COMPLETED,True,1.0,DIAGNOSTIC_SCOPE_NOT_AUTHORIZED,NOT_RUN_G_E2_NOT_PASS,False,NOT_RUN_G_E2_NOT_PASS,False,,False,,,,,,,,3,156.0143,77,c84147fb21e8e12750ceb810eb1621f9668807dbe853d59bfada1c7ecf1f94a2,results/m4/test_main_v12_002
test_main_v12_002__lfr_n10000_phi10_s202610013_q11_main,lfr_n10000_phi10_s202610013_q11_main,test,lfr_n10000_phi10_s202610013,9619,COMPLETED,True,1.0,DIAGNOSTIC_SCOPE_NOT_AUTHORIZED,NOT_RUN_G_E2_NOT_PASS,False,NOT_RUN_G_E2_NOT_PASS,False,,False,,,,,,,,2,528.0462,77,35773e30dd6c4fd3b4c169affccecff7e0641e5439881a1a4efea25b119b9b89,results/m4/test_main_v12_002
test_main_v12_002__lfr_n10000_phi20_s202610011_q00_main,lfr_n10000_phi20_s202610011_q00_main,test,lfr_n10000_phi20_s202610011,1837,COMPLETED,True,1.0,DIAGNOSTIC_SCOPE_NOT_AUTHORIZED,NOT_RUN_G_E2_NOT_PASS,False,NOT_RUN_G_E2_NOT_PASS,False,,False,,,,,,,,2,80.0072,69,a8830329aeb530b360f9740d545a5b674cebcc40f371ee677a9f074316dcde8c,results/m4/test_main_v12_002
test_main_v12_002__lfr_n10000_phi20_s202610011_q01_main,lfr_n10000_phi20_s202610011_q01_main,test,lfr_n10000_phi20_s202610011,2371,COMPLETED,True,1.0,DIAGNOSTIC_SCOPE_NOT_AUTHORIZED,NOT_RUN_G_E2_NOT_PASS,False,NOT_RUN_G_E2_NOT_PASS,False,,False,,,,,,,,3,136.0128,69,c319e645d1ca80e7d0ac6e8abb5ad830efeb1bfcd1a3674f6fbe4b5d766f9602,results/m4/test_main_v12_002
test_main_v12_002__lfr_n10000_phi20_s202610011_q02_main,lfr_n10000_phi20_s202610011_q02_main,test,lfr_n10000_phi20_s202610011,2041,COMPLETED,True,1.0,DIAGNOSTIC_SCOPE_NOT_AUTHORIZED,NOT_RUN_G_E2_NOT_PASS,False,NOT_RUN_G_E2_NOT_PASS,False,,False,,,,,,,,3,144.0136,60,79430f600a71276ab5ab1b499f74f5215f2d969d55325c86fddcf22b65c80236,results/m4/test_main_v12_002
test_main_v12_002__lfr_n10000_phi20_s202610011_q03_main,lfr_n10000_phi20_s202610011_q03_main,test,lfr_n10000_phi20_s202610011,2779,COMPLETED,True,1.0,DIAGNOSTIC_SCOPE_NOT_AUTHORIZED,NOT_RUN_G_E2_NOT_PASS,False,NOT_RUN_G_E2_NOT_PASS,False,,False,,,,,,,,3,135.0126,60,c9b84365ff04a0c5924736f11d62aaee42cd2268671efc650e0a758458f4ef76,results/m4/test_main_v12_002
test_main_v12_002__lfr_n10000_phi20_s202610011_q04_main,lfr_n10000_phi20_s202610011_q04_main,test,lfr_n10000_phi20_s202610011,4809,COMPLETED,True,1.0,DIAGNOSTIC_SCOPE_NOT_AUTHORIZED,NOT_RUN_G_E2_NOT_PASS,False,NOT_RUN_G_E2_NOT_PASS,False,,False,,,,,,,,2,108.0096,108,0c2c5ba7c826017c4cf8afdd7933666a04c2050b9067caa737d5078e314fec75,results/m4/test_main_v12_002
test_main_v12_002__lfr_n10000_phi20_s202610011_q05_main,lfr_n10000_phi20_s202610011_q05_main,test,lfr_n10000_phi20_s202610011,3723,COMPLETED,True,1.0,DIAGNOSTIC_SCOPE_NOT_AUTHORIZED,NOT_RUN_G_E2_NOT_PASS,False,NOT_RUN_G_E2_NOT_PASS,False,,False,,,,,,,,3,120.011,108,52a36b5ba881efff03c7fe445b5dc14333c2342bba1ddfc78c2eb2ae45c32834,results/m4/test_main_v12_002
test_main_v12_002__lfr_n10000_phi20_s202610011_q06_main,lfr_n10000_phi20_s202610011_q06_main,test,lfr_n10000_phi20_s202610011,9873,COMPLETED,True,1.0,DIAGNOSTIC_SCOPE_NOT_AUTHORIZED,NOT_RUN_G_E2_NOT_PASS,False,NOT_RUN_G_E2_NOT_PASS,False,,False,,,,,,,,2,688.0602,189,a99092f3308dd072afbbc5669a66ae1acfc70a0fcad19f5c201190fe443363f0,results/m4/test_main_v12_002
test_main_v12_002__lfr_n10000_phi20_s202610011_q07_main,lfr_n10000_phi20_s202610011_q07_main,test,lfr_n10000_phi20_s202610011,8605,COMPLETED,True,1.0,DIAGNOSTIC_SCOPE_NOT_AUTHORIZED,NOT_RUN_G_E2_NOT_PASS,False,NOT_RUN_G_E2_NOT_PASS,False,,False,,,,,,,,2,288.0256,189,4f7ae0be13c34e75404f14d49440459356a3fd48c65d6f0468287243c6456a1e,results/m4/test_main_v12_002
test_main_v12_002__lfr_n10000_phi20_s202610011_q08_main,lfr_n10000_phi20_s202610011_q08_main,test,lfr_n10000_phi20_s202610011,2780,COMPLETED,True,0.05405405405405406,DIAGNOSTIC_SCOPE_NOT_AUTHORIZED,NOT_RUN_G_E2_NOT_PASS,False,NOT_RUN_G_E2_NOT_PASS,False,,False,,,,,,,,2,81.0072,4,2b245cecc4a710eb5b213c532cb45c8708551cfea99ee224757936afca206608,results/m4/test_main_v12_002
test_main_v12_002__lfr_n10000_phi20_s202610011_q09_main,lfr_n10000_phi20_s202610011_q09_main,test,lfr_n10000_phi20_s202610011,5915,COMPLETED,True,1.0,DIAGNOSTIC_SCOPE_NOT_AUTHORIZED,NOT_RUN_G_E2_NOT_PASS,False,NOT_RUN_G_E2_NOT_PASS,False,,False,,,,,,,,2,150.0135,107,842b52cb318c627558b9969aa6694ba6380ce26f2ae1147c74c6bb05e0abd05b,results/m4/test_main_v12_002
test_main_v12_002__lfr_n10000_phi20_s202610011_q10_main,lfr_n10000_phi20_s202610011_q10_main,test,lfr_n10000_phi20_s202610011,2004,COMPLETED,True,1.0,DIAGNOSTIC_SCOPE_NOT_AUTHORIZED,NOT_RUN_G_E2_NOT_PASS,False,NOT_RUN_G_E2_NOT_PASS,False,,False,,,,,,,,2,88.008,76,390081bfb48536143c4cafbc9efc8945b6dbb41b9f6b187f497e466b666683a3,results/m4/test_main_v12_002
test_main_v12_002__lfr_n10000_phi20_s202610011_q11_main,lfr_n10000_phi20_s202610011_q11_main,test,lfr_n10000_phi20_s202610011,2635,COMPLETED,True,0.0759493670886076,DIAGNOSTIC_SCOPE_NOT_AUTHORIZED,NOT_RUN_G_E2_NOT_PASS,False,NOT_RUN_G_E2_NOT_PASS,False,,False,,,,,,,,2,81.0072,3,aeb01e770188fcd3503720ae7c5f744d1ba05d6e27182cb22efbf3bd7345c8b7,results/m4/test_main_v12_002
test_main_v12_002__lfr_n10000_phi20_s202610012_q00_main,lfr_n10000_phi20_s202610012_q00_main,test,lfr_n10000_phi20_s202610012,1549,COMPLETED,True,0.012422360248447204,DIAGNOSTIC_SCOPE_NOT_AUTHORIZED,NOT_RUN_G_E2_NOT_PASS,False,NOT_RUN_G_E2_NOT_PASS,False,,False,,,,,,,,2,72.0064,2,52666db22954a8f34777678d226e4f6170568e83a9566b9b393cf4b43eb68872,results/m4/test_main_v12_002
test_main_v12_002__lfr_n10000_phi20_s202610012_q01_main,lfr_n10000_phi20_s202610012_q01_main,test,lfr_n10000_phi20_s202610012,1729,COMPLETED,True,1.0,DIAGNOSTIC_SCOPE_NOT_AUTHORIZED,NOT_RUN_G_E2_NOT_PASS,False,NOT_RUN_G_E2_NOT_PASS,False,,False,,,,,,,,3,96.0088,159,4bafe29611add48e4829982d94c200e87630c39e799291781303a428a6c207bc,results/m4/test_main_v12_002
test_main_v12_002__lfr_n10000_phi20_s202610012_q02_main,lfr_n10000_phi20_s202610012_q02_main,test,lfr_n10000_phi20_s202610012,9027,COMPLETED,True,1.0,DIAGNOSTIC_SCOPE_NOT_AUTHORIZED,NOT_RUN_G_E2_NOT_PASS,False,NOT_RUN_G_E2_NOT_PASS,False,,False,,,,,,,,2,336.0294,53,e3dd83a796778c604ae783b89618b99301cfc00da25e24f24cd2df5236a37dc0,results/m4/test_main_v12_002
test_main_v12_002__lfr_n10000_phi20_s202610012_q03_main,lfr_n10000_phi20_s202610012_q03_main,test,lfr_n10000_phi20_s202610012,952,COMPLETED,True,1.0,DIAGNOSTIC_SCOPE_NOT_AUTHORIZED,NOT_RUN_G_E2_NOT_PASS,False,NOT_RUN_G_E2_NOT_PASS,False,,False,,,,,,,,2,63.0056,53,e53a5f1313316ff09ccce00e19aecab1de425d819459b343dbc9f7ce01a10413,results/m4/test_main_v12_002
test_main_v12_002__lfr_n10000_phi20_s202610012_q04_main,lfr_n10000_phi20_s202610012_q04_main,test,lfr_n10000_phi20_s202610012,1558,COMPLETED,True,1.0,DIAGNOSTIC_SCOPE_NOT_AUTHORIZED,NOT_RUN_G_E2_NOT_PASS,False,NOT_RUN_G_E2_NOT_PASS,False,,False,,,,,,,,3,128.012,91,00532a8583827ba6ae0952af648cb5b10bc5035655987b4c5dda391a44268c7f,results/m4/test_main_v12_002
test_main_v12_002__lfr_n10000_phi20_s202610012_q05_main,lfr_n10000_phi20_s202610012_q05_main,test,lfr_n10000_phi20_s202610012,8334,COMPLETED,True,1.0,DIAGNOSTIC_SCOPE_NOT_AUTHORIZED,NOT_RUN_G_E2_NOT_PASS,False,NOT_RUN_G_E2_NOT_PASS,False,,False,,,,,,,,2,232.0203,91,328fb67539de41925de3856da0aa30eff51ef1d6377b2b4a57bb3634f209c748,results/m4/test_main_v12_002
test_main_v12_002__lfr_n10000_phi20_s202610012_q06_main,lfr_n10000_phi20_s202610012_q06_main,test,lfr_n10000_phi20_s202610012,9622,COMPLETED,True,1.0,DIAGNOSTIC_SCOPE_NOT_AUTHORIZED,NOT_RUN_G_E2_NOT_PASS,False,NOT_RUN_G_E2_NOT_PASS,False,,False,,,,,,,,2,520.0455,68,9622a68aa6cd9e630658a918bce4d2891ef6b3ce5d78c78c108e62fd86bf484f,results/m4/test_main_v12_002
test_main_v12_002__lfr_n10000_phi20_s202610012_q07_main,lfr_n10000_phi20_s202610012_q07_main,test,lfr_n10000_phi20_s202610012,8970,COMPLETED,True,1.0,DIAGNOSTIC_SCOPE_NOT_AUTHORIZED,NOT_RUN_G_E2_NOT_PASS,False,NOT_RUN_G_E2_NOT_PASS,False,,False,,,,,,,,2,328.0287,68,e723c8e8234136a5bf82a951b530b4de0491a45ab3e0e65deb147a4ef6c29372,results/m4/test_main_v12_002
test_main_v12_002__lfr_n10000_phi20_s202610012_q08_main,lfr_n10000_phi20_s202610012_q08_main,test,lfr_n10000_phi20_s202610012,8706,COMPLETED,True,1.0,DIAGNOSTIC_SCOPE_NOT_AUTHORIZED,NOT_RUN_G_E2_NOT_PASS,False,NOT_RUN_G_E2_NOT_PASS,False,,False,,,,,,,,2,280.0245,170,eb030214e058e50bad6e3f4e9fa6901e42b50cc3e600ab7e10120cdca2e10154,results/m4/test_main_v12_002
test_main_v12_002__lfr_n10000_phi20_s202610012_q09_main,lfr_n10000_phi20_s202610012_q09_main,test,lfr_n10000_phi20_s202610012,8712,COMPLETED,True,1.0,DIAGNOSTIC_SCOPE_NOT_AUTHORIZED,NOT_RUN_G_E2_NOT_PASS,False,NOT_RUN_G_E2_NOT_PASS,False,,False,,,,,,,,2,280.0245,170,167c0b3c1a21bbff9f8445d2c3cddad4d8030a156cfc9d047ba9c14d2f2cbf8a,results/m4/test_main_v12_002
test_main_v12_002__lfr_n10000_phi20_s202610012_q10_main,lfr_n10000_phi20_s202610012_q10_main,test,lfr_n10000_phi20_s202610012,7309,COMPLETED,True,1.0,DIAGNOSTIC_SCOPE_NOT_AUTHORIZED,NOT_RUN_G_E2_NOT_PASS,False,NOT_RUN_G_E2_NOT_PASS,False,,False,,,,,,,,2,160.01399999999998,66,f5594e43a3ccd4a32708fbc402fd538f46f7beb9c3d9fc5fc972cfe9595f600f,results/m4/test_main_v12_002
test_main_v12_002__lfr_n10000_phi20_s202610012_q11_main,lfr_n10000_phi20_s202610012_q11_main,test,lfr_n10000_phi20_s202610012,7116,COMPLETED,True,1.0,DIAGNOSTIC_SCOPE_NOT_AUTHORIZED,NOT_RUN_G_E2_NOT_PASS,False,NOT_RUN_G_E2_NOT_PASS,False,,False,,,,,,,,2,190.0171,66,b6a441ae5c6dc97bd07ad1adbe766bfd340a02ad7d55f60a7e615b69fd280cb0,results/m4/test_main_v12_002
test_main_v12_002__lfr_n10000_phi20_s202610013_q00_main,lfr_n10000_phi20_s202610013_q00_main,test,lfr_n10000_phi20_s202610013,9227,COMPLETED,True,1.0,DIAGNOSTIC_SCOPE_NOT_AUTHORIZED,NOT_RUN_G_E2_NOT_PASS,False,NOT_RUN_G_E2_NOT_PASS,False,,False,,,,,,,,2,376.0329,100,06d5d534756f9cebdbcd647014cf46c2ffc26b2f69b4bae3ab360746393e02dd,results/m4/test_main_v12_002
test_main_v12_002__lfr_n10000_phi20_s202610013_q01_main,lfr_n10000_phi20_s202610013_q01_main,test,lfr_n10000_phi20_s202610013,2124,COMPLETED,True,1.0,DIAGNOSTIC_SCOPE_NOT_AUTHORIZED,NOT_RUN_G_E2_NOT_PASS,False,NOT_RUN_G_E2_NOT_PASS,False,,False,,,,,,,,2,88.008,100,f7f204ffa28ff083ac0e5bf56bbf97e9f019d67f46fc69a5225651d67f322cf2,results/m4/test_main_v12_002
test_main_v12_002__lfr_n10000_phi20_s202610013_q02_main,lfr_n10000_phi20_s202610013_q02_main,test,lfr_n10000_phi20_s202610013,8331,COMPLETED,True,1.0,DIAGNOSTIC_SCOPE_NOT_AUTHORIZED,NOT_RUN_G_E2_NOT_PASS,False,NOT_RUN_G_E2_NOT_PASS,False,,False,,,,,,,,2,261.0232,60,42f9aed631e6eee7e6dd2f5f3190cfa4d37e3486334edbc70e0c21f33aa2c114,results/m4/test_main_v12_002
test_main_v12_002__lfr_n10000_phi20_s202610013_q03_main,lfr_n10000_phi20_s202610013_q03_main,test,lfr_n10000_phi20_s202610013,6857,COMPLETED,True,1.0,DIAGNOSTIC_SCOPE_NOT_AUTHORIZED,NOT_RUN_G_E2_NOT_PASS,False,NOT_RUN_G_E2_NOT_PASS,False,,False,,,,,,,,2,162.0144,60,f1b0312b5a7243276730da56f50e1bc79ca75601a116b2399e2a462310f548a9,results/m4/test_main_v12_002
test_main_v12_002__lfr_n10000_phi20_s202610013_q04_main,lfr_n10000_phi20_s202610013_q04_main,test,lfr_n10000_phi20_s202610013,277,COMPLETED,True,1.0,DIAGNOSTIC_SCOPE_NOT_AUTHORIZED,NOT_RUN_G_E2_NOT_PASS,False,NOT_RUN_G_E2_NOT_PASS,False,,False,,,,,,,,3,84.0077,56,caddca37a141ecdb4191e15ae200abe1f86a96f11b899e1548b43f9cd9aa2459,results/m4/test_main_v12_002
test_main_v12_002__lfr_n10000_phi20_s202610013_q05_main,lfr_n10000_phi20_s202610013_q05_main,test,lfr_n10000_phi20_s202610013,7069,COMPLETED,True,1.0,DIAGNOSTIC_SCOPE_NOT_AUTHORIZED,NOT_RUN_G_E2_NOT_PASS,False,NOT_RUN_G_E2_NOT_PASS,False,,False,,,,,,,,2,152.0133,56,c6c074e861d90b28b0606fadce93965039d01be45d89f66453b25349de67f16e,results/m4/test_main_v12_002
test_main_v12_002__lfr_n10000_phi20_s202610013_q06_main,lfr_n10000_phi20_s202610013_q06_main,test,lfr_n10000_phi20_s202610013,5873,COMPLETED,True,1.0,DIAGNOSTIC_SCOPE_NOT_AUTHORIZED,NOT_RUN_G_E2_NOT_PASS,False,NOT_RUN_G_E2_NOT_PASS,False,,False,,,,,,,,2,140.01260000000002,124,95eb06ecdde8c5e7230794c5b65f9ca8e92ec97615bc67db87021a6ca6a176b5,results/m4/test_main_v12_002
test_main_v12_002__lfr_n10000_phi20_s202610013_q07_main,lfr_n10000_phi20_s202610013_q07_main,test,lfr_n10000_phi20_s202610013,733,COMPLETED,True,0.015873015873015872,DIAGNOSTIC_SCOPE_NOT_AUTHORIZED,NOT_RUN_G_E2_NOT_PASS,False,NOT_RUN_G_E2_NOT_PASS,False,,False,,,,,,,,2,63.0056,2,fe68e3626d78d170b32729c5dc95604e5bc326c835f80b2015b07c1671011555,results/m4/test_main_v12_002
test_main_v12_002__lfr_n10000_phi20_s202610013_q08_main,lfr_n10000_phi20_s202610013_q08_main,test,lfr_n10000_phi20_s202610013,7692,COMPLETED,True,1.0,DIAGNOSTIC_SCOPE_NOT_AUTHORIZED,NOT_RUN_G_E2_NOT_PASS,False,NOT_RUN_G_E2_NOT_PASS,False,,False,,,,,,,,2,184.0161,189,d418197cccf07f1317805ac2b1a868e3ebb70a8bc980fc9bc20b2ed2bb0e4c6e,results/m4/test_main_v12_002
test_main_v12_002__lfr_n10000_phi20_s202610013_q09_main,lfr_n10000_phi20_s202610013_q09_main,test,lfr_n10000_phi20_s202610013,8481,COMPLETED,True,1.0,DIAGNOSTIC_SCOPE_NOT_AUTHORIZED,NOT_RUN_G_E2_NOT_PASS,False,NOT_RUN_G_E2_NOT_PASS,False,,False,,,,,,,,2,310.0279,189,8f6448cb5d84acd786449d87e43a929255ddb1d8f43ab3d744f3a28d390a7583,results/m4/test_main_v12_002
test_main_v12_002__lfr_n10000_phi20_s202610013_q10_main,lfr_n10000_phi20_s202610013_q10_main,test,lfr_n10000_phi20_s202610013,3751,COMPLETED,True,0.034782608695652174,DIAGNOSTIC_SCOPE_NOT_AUTHORIZED,NOT_RUN_G_E2_NOT_PASS,False,NOT_RUN_G_E2_NOT_PASS,False,,False,,,,,,,,2,80.00699999999999,2,54a3dbcfc82d6bcff77a2c4c2b6aed357fef5abff53debd5310253955efb7c5c,results/m4/test_main_v12_002
test_main_v12_002__lfr_n10000_phi20_s202610013_q11_main,lfr_n10000_phi20_s202610013_q11_main,test,lfr_n10000_phi20_s202610013,1403,COMPLETED,True,0.034782608695652174,DIAGNOSTIC_SCOPE_NOT_AUTHORIZED,NOT_RUN_G_E2_NOT_PASS,False,NOT_RUN_G_E2_NOT_PASS,False,,False,,,,,,,,2,56.0049,2,353ad7780feb8b3525b13db14acc6b567bd17b2ce830fe47128e2cac65ea2bcf,results/m4/test_main_v12_002
test_main_v12_002__lfr_n10000_phi30_s202610011_q00_main,lfr_n10000_phi30_s202610011_q00_main,test,lfr_n10000_phi30_s202610011,2864,COMPLETED,True,0.031007751937984496,DIAGNOSTIC_SCOPE_NOT_AUTHORIZED,NOT_RUN_G_E2_NOT_PASS,False,NOT_RUN_G_E2_NOT_PASS,False,,False,,,,,,,,2,81.0072,3,ffc3465bd296f2d66ad67b63b5bf924fa78df249fafe80eb3db0627aac2385af,results/m4/test_main_v12_002
test_main_v12_002__lfr_n10000_phi30_s202610011_q01_main,lfr_n10000_phi30_s202610011_q01_main,test,lfr_n10000_phi30_s202610011,6839,COMPLETED,True,1.0,DIAGNOSTIC_SCOPE_NOT_AUTHORIZED,NOT_RUN_G_E2_NOT_PASS,False,NOT_RUN_G_E2_NOT_PASS,False,,False,,,,,,,,2,162.0144,126,55bffc712072098bc5134c137bf5ed2ad2d1afeaee3dccefa430fd8aa6db9df8,results/m4/test_main_v12_002
test_main_v12_002__lfr_n10000_phi30_s202610011_q02_main,lfr_n10000_phi30_s202610011_q02_main,test,lfr_n10000_phi30_s202610011,5010,COMPLETED,True,1.0,DIAGNOSTIC_SCOPE_NOT_AUTHORIZED,NOT_RUN_G_E2_NOT_PASS,False,NOT_RUN_G_E2_NOT_PASS,False,,False,,,,,,,,2,132.012,124,706de5695bb450ac7ff1a85c872a718689b694dd1192e518ea98dd46c8f95de6,results/m4/test_main_v12_002
test_main_v12_002__lfr_n10000_phi30_s202610011_q03_main,lfr_n10000_phi30_s202610011_q03_main,test,lfr_n10000_phi30_s202610011,6168,COMPLETED,True,1.0,DIAGNOSTIC_SCOPE_NOT_AUTHORIZED,NOT_RUN_G_E2_NOT_PASS,False,NOT_RUN_G_E2_NOT_PASS,False,,False,,,,,,,,2,135.012,124,c919ffb79ecfe7f69a064ccd8f97b34baf2907e1e9c2fc4745b3f986ab3fc65f,results/m4/test_main_v12_002
test_main_v12_002__lfr_n10000_phi30_s202610011_q04_main,lfr_n10000_phi30_s202610011_q04_main,test,lfr_n10000_phi30_s202610011,7552,COMPLETED,True,1.0,DIAGNOSTIC_SCOPE_NOT_AUTHORIZED,NOT_RUN_G_E2_NOT_PASS,False,NOT_RUN_G_E2_NOT_PASS,False,,False,,,,,,,,2,242.022,109,3ebb21caf21ddf7b05794ac0dcd0ab5c206d9edb2adb41dadfe242e445353fcc,results/m4/test_main_v12_002
test_main_v12_002__lfr_n10000_phi30_s202610011_q05_main,lfr_n10000_phi30_s202610011_q05_main,test,lfr_n10000_phi30_s202610011,1415,COMPLETED,True,0.05309734513274336,DIAGNOSTIC_SCOPE_NOT_AUTHORIZED,NOT_RUN_G_E2_NOT_PASS,False,NOT_RUN_G_E2_NOT_PASS,False,,False,,,,,,,,2,80.0072,4,095f0ad271fd6a496541a3b9d04b6a6f7cc3ceed830548420b1a53e40c6e5ea4,results/m4/test_main_v12_002
test_main_v12_002__lfr_n10000_phi30_s202610011_q06_main,lfr_n10000_phi30_s202610011_q06_main,test,lfr_n10000_phi30_s202610011,7528,COMPLETED,True,1.0,DIAGNOSTIC_SCOPE_NOT_AUTHORIZED,NOT_RUN_G_E2_NOT_PASS,False,NOT_RUN_G_E2_NOT_PASS,False,,False,,,,,,,,2,198.0176,113,097d962f81b031734fb78478ac216d0cb2763d91845a0967d6dfe8070d8231a2,results/m4/test_main_v12_002
test_main_v12_002__lfr_n10000_phi30_s202610011_q07_main,lfr_n10000_phi30_s202610011_q07_main,test,lfr_n10000_phi30_s202610011,7666,COMPLETED,True,1.0,DIAGNOSTIC_SCOPE_NOT_AUTHORIZED,NOT_RUN_G_E2_NOT_PASS,False,NOT_RUN_G_E2_NOT_PASS,False,,False,,,,,,,,2,207.01839999999999,113,3376e8ca1a289f3137c8452a418e9bac39d754dc46e167acefda6a3a04d0f45f,results/m4/test_main_v12_002
test_main_v12_002__lfr_n10000_phi30_s202610011_q08_main,lfr_n10000_phi30_s202610011_q08_main,test,lfr_n10000_phi30_s202610011,6114,COMPLETED,True,1.0,DIAGNOSTIC_SCOPE_NOT_AUTHORIZED,NOT_RUN_G_E2_NOT_PASS,False,NOT_RUN_G_E2_NOT_PASS,False,,False,,,,,,,,2,165.015,69,1b41720acbaba59cde1bd1ec62f1e8c8245ff08d63643f98d07a65315c8cc1aa,results/m4/test_main_v12_002
test_main_v12_002__lfr_n10000_phi30_s202610011_q09_main,lfr_n10000_phi30_s202610011_q09_main,test,lfr_n10000_phi30_s202610011,352,COMPLETED,True,0.08333333333333333,DIAGNOSTIC_SCOPE_NOT_AUTHORIZED,NOT_RUN_G_E2_NOT_PASS,False,NOT_RUN_G_E2_NOT_PASS,False,,False,,,,,,,,2,56.0049,3,c36efa1b557418b4767d3348065d2547b20ad1d63242b001d9633409f39fa35e,results/m4/test_main_v12_002
test_main_v12_002__lfr_n10000_phi30_s202610011_q10_main,lfr_n10000_phi30_s202610011_q10_main,test,lfr_n10000_phi30_s202610011,9217,COMPLETED,True,1.0,DIAGNOSTIC_SCOPE_NOT_AUTHORIZED,NOT_RUN_G_E2_NOT_PASS,False,NOT_RUN_G_E2_NOT_PASS,False,,False,,,,,,,,2,376.0329,98,02fba9ab5fe5f24f37ae8f0a599e639cae56be6956697a8420dd72e72e166ae3,results/m4/test_main_v12_002
test_main_v12_002__lfr_n10000_phi30_s202610011_q11_main,lfr_n10000_phi30_s202610011_q11_main,test,lfr_n10000_phi30_s202610011,5927,COMPLETED,True,0.05825242718446602,DIAGNOSTIC_SCOPE_NOT_AUTHORIZED,NOT_RUN_G_E2_NOT_PASS,False,NOT_RUN_G_E2_NOT_PASS,False,,False,,,,,,,,2,135.012,5,6376fae4e295da38b5bf0df859323b7143ed2c2689bda8143080e59e7c6da86c,results/m4/test_main_v12_002
test_main_v12_002__lfr_n10000_phi30_s202610012_q00_main,lfr_n10000_phi30_s202610012_q00_main,test,lfr_n10000_phi30_s202610012,1617,COMPLETED,True,0.029850746268656716,DIAGNOSTIC_SCOPE_NOT_AUTHORIZED,NOT_RUN_G_E2_NOT_PASS,False,NOT_RUN_G_E2_NOT_PASS,False,,False,,,,,,,,2,80.0072,2,51c8188d9da90c4ccc2aff3aaff7b9f6d039fe2b5dd4b1025b09e445686dd093,results/m4/test_main_v12_002
test_main_v12_002__lfr_n10000_phi30_s202610012_q01_main,lfr_n10000_phi30_s202610012_q01_main,test,lfr_n10000_phi30_s202610012,9727,COMPLETED,True,1.0,DIAGNOSTIC_SCOPE_NOT_AUTHORIZED,NOT_RUN_G_E2_NOT_PASS,False,NOT_RUN_G_E2_NOT_PASS,False,,False,,,,,,,,2,576.0504,65,7900bfabb5a55125c888fe111582b076d5883b131e9ae875df58e7ef1da59de7,results/m4/test_main_v12_002
test_main_v12_002__lfr_n10000_phi30_s202610012_q02_main,lfr_n10000_phi30_s202610012_q02_main,test,lfr_n10000_phi30_s202610012,2022,COMPLETED,True,1.0,DIAGNOSTIC_SCOPE_NOT_AUTHORIZED,NOT_RUN_G_E2_NOT_PASS,False,NOT_RUN_G_E2_NOT_PASS,False,,False,,,,,,,,3,104.0096,97,73f3a6acd55fd3fafea40c9e9ca782e4ef6c497bdbcc086030e919b0fa546338,results/m4/test_main_v12_002
test_main_v12_002__lfr_n10000_phi30_s202610012_q03_main,lfr_n10000_phi30_s202610012_q03_main,test,lfr_n10000_phi30_s202610012,1601,COMPLETED,True,1.0,DIAGNOSTIC_SCOPE_NOT_AUTHORIZED,NOT_RUN_G_E2_NOT_PASS,False,NOT_RUN_G_E2_NOT_PASS,False,,False,,,,,,,,2,80.0072,97,35b128596a2b078ffec7a520a67663589cdfbcce2551cc05444e8f650a6c243e,results/m4/test_main_v12_002
test_main_v12_002__lfr_n10000_phi30_s202610012_q04_main,lfr_n10000_phi30_s202610012_q04_main,test,lfr_n10000_phi30_s202610012,2684,COMPLETED,True,0.020942408376963352,DIAGNOSTIC_SCOPE_NOT_AUTHORIZED,NOT_RUN_G_E2_NOT_PASS,False,NOT_RUN_G_E2_NOT_PASS,False,,False,,,,,,,,2,72.0063,3,f736fb52f3b8ccf88907a0e662c3c86b3c201ca3a5b205e40c72336972af8f05,results/m4/test_main_v12_002
test_main_v12_002__lfr_n10000_phi30_s202610012_q05_main,lfr_n10000_phi30_s202610012_q05_main,test,lfr_n10000_phi30_s202610012,7150,COMPLETED,True,1.0,DIAGNOSTIC_SCOPE_NOT_AUTHORIZED,NOT_RUN_G_E2_NOT_PASS,False,NOT_RUN_G_E2_NOT_PASS,False,,False,,,,,,,,2,180.016,188,7cafd29c5df191d82372fe01d12295c1c149a101b1f1a95b730e74f3f2695845,results/m4/test_main_v12_002
test_main_v12_002__lfr_n10000_phi30_s202610012_q06_main,lfr_n10000_phi30_s202610012_q06_main,test,lfr_n10000_phi30_s202610012,3054,COMPLETED,True,1.0,DIAGNOSTIC_SCOPE_NOT_AUTHORIZED,NOT_RUN_G_E2_NOT_PASS,False,NOT_RUN_G_E2_NOT_PASS,False,,False,,,,,,,,2,81.0072,124,c7b7b0b3e01a85ae147f089418ee476a236531b3bd470133dc60056bd95be9f9,results/m4/test_main_v12_002
test_main_v12_002__lfr_n10000_phi30_s202610012_q07_main,lfr_n10000_phi30_s202610012_q07_main,test,lfr_n10000_phi30_s202610012,3536,COMPLETED,True,0.031496062992125984,DIAGNOSTIC_SCOPE_NOT_AUTHORIZED,NOT_RUN_G_E2_NOT_PASS,False,NOT_RUN_G_E2_NOT_PASS,False,,False,,,,,,,,2,80.00699999999999,3,f9b0a06ce47f08c6e0136ff7c4cc53d433f0d66209195bfb38b93111da93b69b,results/m4/test_main_v12_002
test_main_v12_002__lfr_n10000_phi30_s202610012_q08_main,lfr_n10000_phi30_s202610012_q08_main,test,lfr_n10000_phi30_s202610012,3376,COMPLETED,True,1.0,DIAGNOSTIC_SCOPE_NOT_AUTHORIZED,NOT_RUN_G_E2_NOT_PASS,False,NOT_RUN_G_E2_NOT_PASS,False,,False,,,,,,,,3,108.0099,55,9a31a72ee00afa1ba2c79a897da120006df861ec09041528f39ce14259d19ce5,results/m4/test_main_v12_002
test_main_v12_002__lfr_n10000_phi30_s202610012_q09_main,lfr_n10000_phi30_s202610012_q09_main,test,lfr_n10000_phi30_s202610012,3339,COMPLETED,True,0.1016949152542373,DIAGNOSTIC_SCOPE_NOT_AUTHORIZED,NOT_RUN_G_E2_NOT_PASS,False,NOT_RUN_G_E2_NOT_PASS,False,,False,,,,,,,,2,72.0063,4,319b9c51651c7cc0b36d9f9b20d154526daef719f0f77b8e85428bdb5fd48b1b,results/m4/test_main_v12_002
test_main_v12_002__lfr_n10000_phi30_s202610012_q10_main,lfr_n10000_phi30_s202610012_q10_main,test,lfr_n10000_phi30_s202610012,2182,COMPLETED,True,0.02197802197802198,DIAGNOSTIC_SCOPE_NOT_AUTHORIZED,NOT_RUN_G_E2_NOT_PASS,False,NOT_RUN_G_E2_NOT_PASS,False,,False,,,,,,,,2,64.0056,3,c5e0f219754999e1a1b0bddbf97d2b3a7318ce3e61350b973525743bae0177e0,results/m4/test_main_v12_002
test_main_v12_002__lfr_n10000_phi30_s202610012_q11_main,lfr_n10000_phi30_s202610012_q11_main,test,lfr_n10000_phi30_s202610012,7001,COMPLETED,True,1.0,DIAGNOSTIC_SCOPE_NOT_AUTHORIZED,NOT_RUN_G_E2_NOT_PASS,False,NOT_RUN_G_E2_NOT_PASS,False,,False,,,,,,,,2,152.0133,88,0ea3dc24f3917216f09a1f4391c6a0685f64a3b8c85c640d427bef680b10a4d7,results/m4/test_main_v12_002
test_main_v12_002__lfr_n10000_phi30_s202610013_q00_main,lfr_n10000_phi30_s202610013_q00_main,test,lfr_n10000_phi30_s202610013,9802,COMPLETED,True,1.0,DIAGNOSTIC_SCOPE_NOT_AUTHORIZED,NOT_RUN_G_E2_NOT_PASS,False,NOT_RUN_G_E2_NOT_PASS,False,,False,,,,,,,,2,624.0546,150,8069355b6dcfe0b85328107abccabad8246f49ff546f3956674999834bd4bdc3,results/m4/test_main_v12_002
test_main_v12_002__lfr_n10000_phi30_s202610013_q01_main,lfr_n10000_phi30_s202610013_q01_main,test,lfr_n10000_phi30_s202610013,1585,COMPLETED,True,0.026143790849673203,DIAGNOSTIC_SCOPE_NOT_AUTHORIZED,NOT_RUN_G_E2_NOT_PASS,False,NOT_RUN_G_E2_NOT_PASS,False,,False,,,,,,,,3,96.0088,3,69c72534e2ae38a1f3abf800316420ef32e696e3a514f1e8e37089d8aa64d894,results/m4/test_main_v12_002
test_main_v12_002__lfr_n10000_phi30_s202610013_q02_main,lfr_n10000_phi30_s202610013_q02_main,test,lfr_n10000_phi30_s202610013,8448,COMPLETED,True,1.0,DIAGNOSTIC_SCOPE_NOT_AUTHORIZED,NOT_RUN_G_E2_NOT_PASS,False,NOT_RUN_G_E2_NOT_PASS,False,,False,,,,,,,,2,279.0248,146,2c33371862a03ce194d819a127e5c171865205d63751f198c0c4115ef6b356f6,results/m4/test_main_v12_002
test_main_v12_002__lfr_n10000_phi30_s202610013_q03_main,lfr_n10000_phi30_s202610013_q03_main,test,lfr_n10000_phi30_s202610013,2266,COMPLETED,True,1.0,DIAGNOSTIC_SCOPE_NOT_AUTHORIZED,NOT_RUN_G_E2_NOT_PASS,False,NOT_RUN_G_E2_NOT_PASS,False,,False,,,,,,,,3,136.0128,146,fa51ea73d54b750dad9a704333732b6e6343b19613aeeac6eedb6c86d892f25f,results/m4/test_main_v12_002
test_main_v12_002__lfr_n10000_phi30_s202610013_q04_main,lfr_n10000_phi30_s202610013_q04_main,test,lfr_n10000_phi30_s202610013,2039,COMPLETED,True,0.042105263157894736,DIAGNOSTIC_SCOPE_NOT_AUTHORIZED,NOT_RUN_G_E2_NOT_PASS,False,NOT_RUN_G_E2_NOT_PASS,False,,False,,,,,,,,2,64.0056,4,156b9159d58dc77f52dd0a9b8a5b6ef1586aeec72f62e10323d6738c0c8cf8c9,results/m4/test_main_v12_002
test_main_v12_002__lfr_n10000_phi30_s202610013_q05_main,lfr_n10000_phi30_s202610013_q05_main,test,lfr_n10000_phi30_s202610013,4485,COMPLETED,True,0.042105263157894736,DIAGNOSTIC_SCOPE_NOT_AUTHORIZED,NOT_RUN_G_E2_NOT_PASS,False,NOT_RUN_G_E2_NOT_PASS,False,,False,,,,,,,,2,99.0088,4,d9553149bb188f343436fe1285167c41c12a304db964ea01017f06fafdb2b766,results/m4/test_main_v12_002
test_main_v12_002__lfr_n10000_phi30_s202610013_q06_main,lfr_n10000_phi30_s202610013_q06_main,test,lfr_n10000_phi30_s202610013,4501,COMPLETED,True,1.0,DIAGNOSTIC_SCOPE_NOT_AUTHORIZED,NOT_RUN_G_E2_NOT_PASS,False,NOT_RUN_G_E2_NOT_PASS,False,,False,,,,,,,,2,88.0077,161,664368053799bf978a16304e7947cbbf042fdf9e03c82b61904af9b42e9e8318,results/m4/test_main_v12_002
test_main_v12_002__lfr_n10000_phi30_s202610013_q07_main,lfr_n10000_phi30_s202610013_q07_main,test,lfr_n10000_phi30_s202610013,3501,COMPLETED,True,0.8235294117647058,DIAGNOSTIC_SCOPE_NOT_AUTHORIZED,NOT_RUN_G_E2_NOT_PASS,False,NOT_RUN_G_E2_NOT_PASS,False,,False,,,,,,,,2,80.00699999999999,230,acb336e5c3f01284c5bb3faeaf35cf664a1304dd91bd902d3a2add95defdfd7e,results/m4/test_main_v12_002
test_main_v12_002__lfr_n10000_phi30_s202610013_q08_main,lfr_n10000_phi30_s202610013_q08_main,test,lfr_n10000_phi30_s202610013,3356,COMPLETED,True,0.03428571428571429,DIAGNOSTIC_SCOPE_NOT_AUTHORIZED,NOT_RUN_G_E2_NOT_PASS,False,NOT_RUN_G_E2_NOT_PASS,False,,False,,,,,,,,2,80.00699999999999,4,e586e967b9b90afa93cc4f4da042cf0196c89b2730d04a6e73789cbd35eddace,results/m4/test_main_v12_002
test_main_v12_002__lfr_n10000_phi30_s202610013_q09_main,lfr_n10000_phi30_s202610013_q09_main,test,lfr_n10000_phi30_s202610013,9181,COMPLETED,True,1.0,DIAGNOSTIC_SCOPE_NOT_AUTHORIZED,NOT_RUN_G_E2_NOT_PASS,False,NOT_RUN_G_E2_NOT_PASS,False,,False,,,,,,,,2,368.0322,171,cd266be3a27335038a2ceb7fe4da9e3ffce25a9e59f45ae29069c3a8175fe863,results/m4/test_main_v12_002
test_main_v12_002__lfr_n10000_phi30_s202610013_q10_main,lfr_n10000_phi30_s202610013_q10_main,test,lfr_n10000_phi30_s202610013,1797,COMPLETED,True,0.032520325203252036,DIAGNOSTIC_SCOPE_NOT_AUTHORIZED,NOT_RUN_G_E2_NOT_PASS,False,NOT_RUN_G_E2_NOT_PASS,False,,False,,,,,,,,2,64.0056,3,8bba4cb0eb2add1da15ca1ce14d4b6c32cae9af16711395a729681c8355acec6,results/m4/test_main_v12_002
test_main_v12_002__lfr_n10000_phi30_s202610013_q11_main,lfr_n10000_phi30_s202610013_q11_main,test,lfr_n10000_phi30_s202610013,7801,COMPLETED,True,1.0,DIAGNOSTIC_SCOPE_NOT_AUTHORIZED,NOT_RUN_G_E2_NOT_PASS,False,NOT_RUN_G_E2_NOT_PASS,False,,False,,,,,,,,2,192.01680000000002,120,257b9b1cab413cd9263b335057f90111af0a6f9265d19bc191bf368a2599f543,results/m4/test_main_v12_002
test_main_v12_002__lfr_n10000_phi40_s202610011_q00_main,lfr_n10000_phi40_s202610011_q00_main,test,lfr_n10000_phi40_s202610011,5223,COMPLETED,True,0.10810810810810811,DIAGNOSTIC_SCOPE_NOT_AUTHORIZED,NOT_RUN_G_E2_NOT_PASS,False,NOT_RUN_G_E2_NOT_PASS,False,,False,,,,,,,,2,104.0091,5,1f546355720f21c4c828c1ddfc9a6b50c771686ca0497ad1f0529c26b07a5412,results/m4/test_main_v12_002
test_main_v12_002__lfr_n10000_phi40_s202610011_q01_main,lfr_n10000_phi40_s202610011_q01_main,test,lfr_n10000_phi40_s202610011,2134,COMPLETED,True,0.08108108108108109,DIAGNOSTIC_SCOPE_NOT_AUTHORIZED,NOT_RUN_G_E2_NOT_PASS,False,NOT_RUN_G_E2_NOT_PASS,False,,False,,,,,,,,2,64.0056,5,0c39a7fbee6320363e9d29d3f871ec75ea583e8184f4d91830423c5edeafa5d1,results/m4/test_main_v12_002
test_main_v12_002__lfr_n10000_phi40_s202610011_q02_main,lfr_n10000_phi40_s202610011_q02_main,test,lfr_n10000_phi40_s202610011,5284,COMPLETED,True,1.0,DIAGNOSTIC_SCOPE_NOT_AUTHORIZED,NOT_RUN_G_E2_NOT_PASS,False,NOT_RUN_G_E2_NOT_PASS,False,,False,,,,,,,,2,104.0091,83,9a9db0c761293d94da32486c629551eb8d87e88713eb44ebff4c4c5a98f88581,results/m4/test_main_v12_002
test_main_v12_002__lfr_n10000_phi40_s202610011_q03_main,lfr_n10000_phi40_s202610011_q03_main,test,lfr_n10000_phi40_s202610011,5856,COMPLETED,True,0.7614678899082569,DIAGNOSTIC_SCOPE_NOT_AUTHORIZED,NOT_RUN_G_E2_NOT_PASS,False,NOT_RUN_G_E2_NOT_PASS,False,,False,,,,,,,,3,210.0196,135,959863177e366678ee79abcaca444598cc72b969a19f940131ed7bcb459f6a33,results/m4/test_main_v12_002
test_main_v12_002__lfr_n10000_phi40_s202610011_q04_main,lfr_n10000_phi40_s202610011_q04_main,test,lfr_n10000_phi40_s202610011,4655,COMPLETED,True,0.028169014084507043,DIAGNOSTIC_SCOPE_NOT_AUTHORIZED,NOT_RUN_G_E2_NOT_PASS,False,NOT_RUN_G_E2_NOT_PASS,False,,False,,,,,,,,2,96.00840000000001,6,4c372967ed2538660b2443e28aad0f87e909f6ac3a37ef9ab723cf0a5871cc40,results/m4/test_main_v12_002
test_main_v12_002__lfr_n10000_phi40_s202610011_q05_main,lfr_n10000_phi40_s202610011_q05_main,test,lfr_n10000_phi40_s202610011,190,COMPLETED,True,1.0,DIAGNOSTIC_SCOPE_NOT_AUTHORIZED,NOT_RUN_G_E2_NOT_PASS,False,NOT_RUN_G_E2_NOT_PASS,False,,False,,,,,,,,5,336.0329,136,58937ac87b4b2764ef6557864863a7a5e1eabeaddf93e943217891d7f4693ec8,results/m4/test_main_v12_002
test_main_v12_002__lfr_n10000_phi40_s202610011_q06_main,lfr_n10000_phi40_s202610011_q06_main,test,lfr_n10000_phi40_s202610011,6019,COMPLETED,True,1.0,DIAGNOSTIC_SCOPE_NOT_AUTHORIZED,NOT_RUN_G_E2_NOT_PASS,False,NOT_RUN_G_E2_NOT_PASS,False,,False,,,,,,,,2,135.012,76,ad8eae669ee3592da37c25743d866277668fd53105cc0ebece923d105cbb824a,results/m4/test_main_v12_002
test_main_v12_002__lfr_n10000_phi40_s202610011_q07_main,lfr_n10000_phi40_s202610011_q07_main,test,lfr_n10000_phi40_s202610011,8754,COMPLETED,True,1.0,DIAGNOSTIC_SCOPE_NOT_AUTHORIZED,NOT_RUN_G_E2_NOT_PASS,False,NOT_RUN_G_E2_NOT_PASS,False,,False,,,,,,,,2,280.0245,76,56e0af4d80b830a1944967e3fd87d0605d4d35fb9419b2120bfe1ef77bb54de7,results/m4/test_main_v12_002
test_main_v12_002__lfr_n10000_phi40_s202610011_q08_main,lfr_n10000_phi40_s202610011_q08_main,test,lfr_n10000_phi40_s202610011,7718,COMPLETED,True,1.0,DIAGNOSTIC_SCOPE_NOT_AUTHORIZED,NOT_RUN_G_E2_NOT_PASS,False,NOT_RUN_G_E2_NOT_PASS,False,,False,,,,,,,,2,207.01839999999999,73,0aaffb59819003b5eb0e285bc70b2b36f85c2d4442071fc09cbb1fd6e733fa0b,results/m4/test_main_v12_002
test_main_v12_002__lfr_n10000_phi40_s202610011_q09_main,lfr_n10000_phi40_s202610011_q09_main,test,lfr_n10000_phi40_s202610011,3616,COMPLETED,True,0.07792207792207792,DIAGNOSTIC_SCOPE_NOT_AUTHORIZED,NOT_RUN_G_E2_NOT_PASS,False,NOT_RUN_G_E2_NOT_PASS,False,,False,,,,,,,,2,100.009,4,2bd89ac71561da8a8cd7ab0b574fecdd363ee90636ce62771a2595a638a5479d,results/m4/test_main_v12_002
test_main_v12_002__lfr_n10000_phi40_s202610011_q10_main,lfr_n10000_phi40_s202610011_q10_main,test,lfr_n10000_phi40_s202610011,9639,COMPLETED,True,1.0,DIAGNOSTIC_SCOPE_NOT_AUTHORIZED,NOT_RUN_G_E2_NOT_PASS,False,NOT_RUN_G_E2_NOT_PASS,False,,False,,,,,,,,2,528.0462,69,1a623ce163c7cebc78fa479d5f3275269777d5d3effd001d540fb35fbdddaa07,results/m4/test_main_v12_002
test_main_v12_002__lfr_n10000_phi40_s202610011_q11_main,lfr_n10000_phi40_s202610011_q11_main,test,lfr_n10000_phi40_s202610011,3117,COMPLETED,True,0.0821917808219178,DIAGNOSTIC_SCOPE_NOT_AUTHORIZED,NOT_RUN_G_E2_NOT_PASS,False,NOT_RUN_G_E2_NOT_PASS,False,,False,,,,,,,,2,81.0072,4,58c958796bd400a809195a4aa271c999319f42b67589943e446b5b8d163a10b2,results/m4/test_main_v12_002
test_main_v12_002__lfr_n10000_phi40_s202610012_q00_main,lfr_n10000_phi40_s202610012_q00_main,test,lfr_n10000_phi40_s202610012,8916,COMPLETED,True,1.0,DIAGNOSTIC_SCOPE_NOT_AUTHORIZED,NOT_RUN_G_E2_NOT_PASS,False,NOT_RUN_G_E2_NOT_PASS,False,,False,,,,,,,,2,351.0312,116,d7e21f355c352b7b0c8babc3bb752b48bcb5b996e26d43eeb1bec9adf3d3e365,results/m4/test_main_v12_002
test_main_v12_002__lfr_n10000_phi40_s202610012_q01_main,lfr_n10000_phi40_s202610012_q01_main,test,lfr_n10000_phi40_s202610012,1324,COMPLETED,True,0.03389830508474576,DIAGNOSTIC_SCOPE_NOT_AUTHORIZED,NOT_RUN_G_E2_NOT_PASS,False,NOT_RUN_G_E2_NOT_PASS,False,,False,,,,,,,,2,56.0049,2,4383beccd52c9a7de87a35d5533c0fd01d520f9d533c8503750f75c7f29720bc,results/m4/test_main_v12_002
test_main_v12_002__lfr_n10000_phi40_s202610012_q02_main,lfr_n10000_phi40_s202610012_q02_main,test,lfr_n10000_phi40_s202610012,8470,COMPLETED,True,1.0,DIAGNOSTIC_SCOPE_NOT_AUTHORIZED,NOT_RUN_G_E2_NOT_PASS,False,NOT_RUN_G_E2_NOT_PASS,False,,False,,,,,,,,2,248.0217,85,9a842074ee1e0ed27b25cb4b89d708cf23b3726fb099500a000331adec71cbfb,results/m4/test_main_v12_002
test_main_v12_002__lfr_n10000_phi40_s202610012_q03_main,lfr_n10000_phi40_s202610012_q03_main,test,lfr_n10000_phi40_s202610012,290,COMPLETED,True,1.0,DIAGNOSTIC_SCOPE_NOT_AUTHORIZED,NOT_RUN_G_E2_NOT_PASS,False,NOT_RUN_G_E2_NOT_PASS,False,,False,,,,,,,,2,70.00630000000001,85,0e63cd80c5fcde41508e61af7d98d53b39f40c2dc9058c7ea499e9d7accbf196,results/m4/test_main_v12_002
test_main_v12_002__lfr_n10000_phi40_s202610012_q04_main,lfr_n10000_phi40_s202610012_q04_main,test,lfr_n10000_phi40_s202610012,974,COMPLETED,True,1.0,DIAGNOSTIC_SCOPE_NOT_AUTHORIZED,NOT_RUN_G_E2_NOT_PASS,False,NOT_RUN_G_E2_NOT_PASS,False,,False,,,,,,,,2,70.00630000000001,97,98c24939ae6033c5be1adf5726a5f7e643f9545476a581b659cbdb36ee97fe42,results/m4/test_main_v12_002
test_main_v12_002__lfr_n10000_phi40_s202610012_q05_main,lfr_n10000_phi40_s202610012_q05_main,test,lfr_n10000_phi40_s202610012,6475,COMPLETED,True,1.0,DIAGNOSTIC_SCOPE_NOT_AUTHORIZED,NOT_RUN_G_E2_NOT_PASS,False,NOT_RUN_G_E2_NOT_PASS,False,,False,,,,,,,,2,128.0112,97,52d6945c1ecd48143645be0363e3b0e4d5e91b0cae3f5363aae10f6feb95dc1c,results/m4/test_main_v12_002
test_main_v12_002__lfr_n10000_phi40_s202610012_q06_main,lfr_n10000_phi40_s202610012_q06_main,test,lfr_n10000_phi40_s202610012,8374,COMPLETED,True,1.0,DIAGNOSTIC_SCOPE_NOT_AUTHORIZED,NOT_RUN_G_E2_NOT_PASS,False,NOT_RUN_G_E2_NOT_PASS,False,,False,,,,,,,,2,232.0203,67,e2373b7353631bf609c2f3cffd5ec62b4128bbd4395158b4a7e5917df70faea5,results/m4/test_main_v12_002
test_main_v12_002__lfr_n10000_phi40_s202610012_q07_main,lfr_n10000_phi40_s202610012_q07_main,test,lfr_n10000_phi40_s202610012,94,COMPLETED,True,1.0,DIAGNOSTIC_SCOPE_NOT_AUTHORIZED,NOT_RUN_G_E2_NOT_PASS,False,NOT_RUN_G_E2_NOT_PASS,False,,False,,,,,,,,3,119.0112,67,afeb5cb6c5aa562e04d64979699dcd903f13fc8961fff630765a078164f47b03,results/m4/test_main_v12_002
test_main_v12_002__lfr_n10000_phi40_s202610012_q08_main,lfr_n10000_phi40_s202610012_q08_main,test,lfr_n10000_phi40_s202610012,3862,COMPLETED,True,0.0594059405940594,DIAGNOSTIC_SCOPE_NOT_AUTHORIZED,NOT_RUN_G_E2_NOT_PASS,False,NOT_RUN_G_E2_NOT_PASS,False,,False,,,,,,,,2,80.00699999999999,3,d062574186396d19e7217d8302f15c1759d090f0a6883431af4bd982627409b5,results/m4/test_main_v12_002
test_main_v12_002__lfr_n10000_phi40_s202610012_q09_main,lfr_n10000_phi40_s202610012_q09_main,test,lfr_n10000_phi40_s202610012,1662,COMPLETED,True,0.07766990291262135,DIAGNOSTIC_SCOPE_NOT_AUTHORIZED,NOT_RUN_G_E2_NOT_PASS,False,NOT_RUN_G_E2_NOT_PASS,False,,False,,,,,,,,2,80.0072,5,2b808017dd238601db6c5f02ae7f93aabbb629691a18f0ff932aabefa7074200,results/m4/test_main_v12_002
test_main_v12_002__lfr_n10000_phi40_s202610012_q10_main,lfr_n10000_phi40_s202610012_q10_main,test,lfr_n10000_phi40_s202610012,729,COMPLETED,True,0.03015075376884422,DIAGNOSTIC_SCOPE_NOT_AUTHORIZED,NOT_RUN_G_E2_NOT_PASS,False,NOT_RUN_G_E2_NOT_PASS,False,,False,,,,,,,,2,70.00630000000001,4,255b8c8fefdee8ab30fe29e368b8d703f60338e1747f6787b1eb477d5c39b889,results/m4/test_main_v12_002
test_main_v12_002__lfr_n10000_phi40_s202610012_q11_main,lfr_n10000_phi40_s202610012_q11_main,test,lfr_n10000_phi40_s202610012,6703,COMPLETED,True,0.02,DIAGNOSTIC_SCOPE_NOT_AUTHORIZED,NOT_RUN_G_E2_NOT_PASS,False,NOT_RUN_G_E2_NOT_PASS,False,,False,,,,,,,,2,153.0136,5,3efada4b1185b136a33b87539a3a19b3de1348d83fb2ae973082ec5aae1c03e0,results/m4/test_main_v12_002
test_main_v12_002__lfr_n10000_phi40_s202610013_q00_main,lfr_n10000_phi40_s202610013_q00_main,test,lfr_n10000_phi40_s202610013,1226,COMPLETED,True,0.012578616352201259,DIAGNOSTIC_SCOPE_NOT_AUTHORIZED,NOT_RUN_G_E2_NOT_PASS,False,NOT_RUN_G_E2_NOT_PASS,False,,False,,,,,,,,2,56.0049,2,dcf67ea6c9cbbb2b0d6bec17a8a45b09f0e5e3946ffc2e86132d07ac62af212e,results/m4/test_main_v12_002
test_main_v12_002__lfr_n10000_phi40_s202610013_q01_main,lfr_n10000_phi40_s202610013_q01_main,test,lfr_n10000_phi40_s202610013,8481,COMPLETED,True,1.0,DIAGNOSTIC_SCOPE_NOT_AUTHORIZED,NOT_RUN_G_E2_NOT_PASS,False,NOT_RUN_G_E2_NOT_PASS,False,,False,,,,,,,,2,248.0217,157,94a1ee56efacbe6632a2c10316ba073075f5c8579e361dde6b77e97dfb938ae2,results/m4/test_main_v12_002
test_main_v12_002__lfr_n10000_phi40_s202610013_q02_main,lfr_n10000_phi40_s202610013_q02_main,test,lfr_n10000_phi40_s202610013,635,COMPLETED,True,1.0,DIAGNOSTIC_SCOPE_NOT_AUTHORIZED,NOT_RUN_G_E2_NOT_PASS,False,NOT_RUN_G_E2_NOT_PASS,False,,False,,,,,,,,3,133.01260000000002,193,52f4eb4bf201c0764257263b8cb2c689e1f46d56766a6a2168772bbd4f3e6d0f,results/m4/test_main_v12_002
test_main_v12_002__lfr_n10000_phi40_s202610013_q03_main,lfr_n10000_phi40_s202610013_q03_main,test,lfr_n10000_phi40_s202610013,5093,COMPLETED,True,0.030303030303030304,DIAGNOSTIC_SCOPE_NOT_AUTHORIZED,NOT_RUN_G_E2_NOT_PASS,False,NOT_RUN_G_E2_NOT_PASS,False,,False,,,,,,,,2,104.0091,5,35165b9244fa77f90f271883672f7332a57371f90a082106694ec49601f41bac,results/m4/test_main_v12_002
test_main_v12_002__lfr_n10000_phi40_s202610013_q04_main,lfr_n10000_phi40_s202610013_q04_main,test,lfr_n10000_phi40_s202610013,8390,COMPLETED,True,1.0,DIAGNOSTIC_SCOPE_NOT_AUTHORIZED,NOT_RUN_G_E2_NOT_PASS,False,NOT_RUN_G_E2_NOT_PASS,False,,False,,,,,,,,2,240.02100000000002,161,d3be2d275475267e76e67ecf54d91e6a957b72941b38cebab2ccb871878f0fa2,results/m4/test_main_v12_002
test_main_v12_002__lfr_n10000_phi40_s202610013_q05_main,lfr_n10000_phi40_s202610013_q05_main,test,lfr_n10000_phi40_s202610013,4807,COMPLETED,True,1.0,DIAGNOSTIC_SCOPE_NOT_AUTHORIZED,NOT_RUN_G_E2_NOT_PASS,False,NOT_RUN_G_E2_NOT_PASS,False,,False,,,,,,,,2,96.00840000000001,161,87e7391ccd4faeb04d4541b9ab75328e9fdc42c8621fe5d0611f4e0969537d7e,results/m4/test_main_v12_002
test_main_v12_002__lfr_n10000_phi40_s202610013_q06_main,lfr_n10000_phi40_s202610013_q06_main,test,lfr_n10000_phi40_s202610013,5425,COMPLETED,True,0.03389830508474576,DIAGNOSTIC_SCOPE_NOT_AUTHORIZED,NOT_RUN_G_E2_NOT_PASS,False,NOT_RUN_G_E2_NOT_PASS,False,,False,,,,,,,,2,104.0091,6,1705b738db579faaa186cbe38b46a3235c09b4e9d43e71a09cce0e9be801c0a9,results/m4/test_main_v12_002
test_main_v12_002__lfr_n10000_phi40_s202610013_q07_main,lfr_n10000_phi40_s202610013_q07_main,test,lfr_n10000_phi40_s202610013,5646,COMPLETED,True,0.04519774011299435,DIAGNOSTIC_SCOPE_NOT_AUTHORIZED,NOT_RUN_G_E2_NOT_PASS,False,NOT_RUN_G_E2_NOT_PASS,False,,False,,,,,,,,2,140.01260000000002,6,e43a604202ffa1a1b934d25e6735e47034475a78801e4e7707b5c0b94ec47c2c,results/m4/test_main_v12_002
test_main_v12_002__lfr_n10000_phi40_s202610013_q08_main,lfr_n10000_phi40_s202610013_q08_main,test,lfr_n10000_phi40_s202610013,1096,COMPLETED,True,0.011235955056179775,DIAGNOSTIC_SCOPE_NOT_AUTHORIZED,NOT_RUN_G_E2_NOT_PASS,False,NOT_RUN_G_E2_NOT_PASS,False,,False,,,,,,,,3,84.0077,2,9447ba07f062199070c223629aba9916cdfc6919644119986cda4be547bbc93b,results/m4/test_main_v12_002
test_main_v12_002__lfr_n10000_phi40_s202610013_q09_main,lfr_n10000_phi40_s202610013_q09_main,test,lfr_n10000_phi40_s202610013,109,COMPLETED,True,0.0223463687150838,DIAGNOSTIC_SCOPE_NOT_AUTHORIZED,NOT_RUN_G_E2_NOT_PASS,False,NOT_RUN_G_E2_NOT_PASS,False,,False,,,,,,,,3,91.0084,3,94d8da7df4f89820485d38baf2bd556312af87b29a365d734a3731171278c4e6,results/m4/test_main_v12_002
test_main_v12_002__lfr_n10000_phi40_s202610013_q10_main,lfr_n10000_phi40_s202610013_q10_main,test,lfr_n10000_phi40_s202610013,7097,COMPLETED,True,0.03773584905660377,DIAGNOSTIC_SCOPE_NOT_AUTHORIZED,NOT_RUN_G_E2_NOT_PASS,False,NOT_RUN_G_E2_NOT_PASS,False,,False,,,,,,,,2,160.01399999999998,5,c2603ae7aa27817ceeec05ae2b181a194e3be5ed47241475f4acc8ced8f13a70,results/m4/test_main_v12_002
test_main_v12_002__lfr_n10000_phi40_s202610013_q11_main,lfr_n10000_phi40_s202610013_q11_main,test,lfr_n10000_phi40_s202610013,6733,COMPLETED,True,0.7859922178988327,DIAGNOSTIC_SCOPE_NOT_AUTHORIZED,NOT_RUN_G_E2_NOT_PASS,False,NOT_RUN_G_E2_NOT_PASS,False,,False,,,,,,,,2,162.0144,156,1e6c10a44b81dfac5420438e9c4f7c3e5057f94e043bd8c799a0ac05673c832c,results/m4/test_main_v12_002
test_main_v12_002__lfr_n10000_phi50_s202610011_q00_main,lfr_n10000_phi50_s202610011_q00_main,test,lfr_n10000_phi50_s202610011,9246,COMPLETED,True,0.9940119760479041,DIAGNOSTIC_SCOPE_NOT_AUTHORIZED,NOT_RUN_G_E2_NOT_PASS,False,NOT_RUN_G_E2_NOT_PASS,False,,False,,,,,,,,2,384.03360000000004,84,a44152953e9c858a8f45fd2f36a0060b037c5e33e218c8c679fef693b22f0778,results/m4/test_main_v12_002
test_main_v12_002__lfr_n10000_phi50_s202610011_q01_main,lfr_n10000_phi50_s202610011_q01_main,test,lfr_n10000_phi50_s202610011,1451,COMPLETED,True,0.023529411764705882,DIAGNOSTIC_SCOPE_NOT_AUTHORIZED,NOT_RUN_G_E2_NOT_PASS,False,NOT_RUN_G_E2_NOT_PASS,False,,False,,,,,,,,2,72.0064,2,eaa12b8cdad0fc96bcf3dc2d55c5e8ce507ab03712c0c0c34b6af175b99998fe,results/m4/test_main_v12_002
test_main_v12_002__lfr_n10000_phi50_s202610011_q02_main,lfr_n10000_phi50_s202610011_q02_main,test,lfr_n10000_phi50_s202610011,9128,COMPLETED,True,1.0,DIAGNOSTIC_SCOPE_NOT_AUTHORIZED,NOT_RUN_G_E2_NOT_PASS,False,NOT_RUN_G_E2_NOT_PASS,False,,False,,,,,,,,2,352.0308,79,37944a38c3dd913620f021f0c0ddcc3b2dc79a10026b79770937fb0a9c8f470d,results/m4/test_main_v12_002
test_main_v12_002__lfr_n10000_phi50_s202610011_q03_main,lfr_n10000_phi50_s202610011_q03_main,test,lfr_n10000_phi50_s202610011,1091,COMPLETED,True,0.024691358024691357,DIAGNOSTIC_SCOPE_NOT_AUTHORIZED,NOT_RUN_G_E2_NOT_PASS,False,NOT_RUN_G_E2_NOT_PASS,False,,False,,,,,,,,2,77.007,2,3376a9c44b30cb901aae16f0c2c1009abfd3f39d68e5aa574c7a0d28195e4bb3,results/m4/test_main_v12_002
test_main_v12_002__lfr_n10000_phi50_s202610011_q04_main,lfr_n10000_phi50_s202610011_q04_main,test,lfr_n10000_phi50_s202610011,9527,COMPLETED,True,1.0,DIAGNOSTIC_SCOPE_NOT_AUTHORIZED,NOT_RUN_G_E2_NOT_PASS,False,NOT_RUN_G_E2_NOT_PASS,False,,False,,,,,,,,2,464.0406,79,56e094b7fb9e6a715ef35cb943075e1e5598d919e348ffadce5a30a34ef4cd3b,results/m4/test_main_v12_002
test_main_v12_002__lfr_n10000_phi50_s202610011_q05_main,lfr_n10000_phi50_s202610011_q05_main,test,lfr_n10000_phi50_s202610011,2231,COMPLETED,True,1.0,DIAGNOSTIC_SCOPE_NOT_AUTHORIZED,NOT_RUN_G_E2_NOT_PASS,False,NOT_RUN_G_E2_NOT_PASS,False,,False,,,,,,,,3,176.0168,79,7386d13aa5a87bef5b3de5fa689058022f8ea7982b9c1a4cd43dc48fb86443e7,results/m4/test_main_v12_002
test_main_v12_002__lfr_n10000_phi50_s202610011_q06_main,lfr_n10000_phi50_s202610011_q06_main,test,lfr_n10000_phi50_s202610011,8550,COMPLETED,True,1.0,DIAGNOSTIC_SCOPE_NOT_AUTHORIZED,NOT_RUN_G_E2_NOT_PASS,False,NOT_RUN_G_E2_NOT_PASS,False,,False,,,,,,,,2,248.0217,57,752d4a524b015c015425ca00721dbb8c775febfbae424c548f7abcd3bf377299,results/m4/test_main_v12_002
test_main_v12_002__lfr_n10000_phi50_s202610011_q07_main,lfr_n10000_phi50_s202610011_q07_main,test,lfr_n10000_phi50_s202610011,4121,COMPLETED,True,0.0967741935483871,DIAGNOSTIC_SCOPE_NOT_AUTHORIZED,NOT_RUN_G_E2_NOT_PASS,False,NOT_RUN_G_E2_NOT_PASS,False,,False,,,,,,,,2,110.00989999999999,5,a8f7209428d3aaa762c7c02749b4b130953e89d479ca7316a147bb015610ed4b,results/m4/test_main_v12_002
test_main_v12_002__lfr_n10000_phi50_s202610011_q08_main,lfr_n10000_phi50_s202610011_q08_main,test,lfr_n10000_phi50_s202610011,9555,COMPLETED,True,0.9787234042553191,DIAGNOSTIC_SCOPE_NOT_AUTHORIZED,NOT_RUN_G_E2_NOT_PASS,False,NOT_RUN_G_E2_NOT_PASS,False,,False,,,,,,,,2,480.04200000000003,72,446e9abbd57eca672e34a0afe30e9f8cc50f15a7eb2d685532bfbfe9b7eb4a7e,results/m4/test_main_v12_002
test_main_v12_002__lfr_n10000_phi50_s202610011_q09_main,lfr_n10000_phi50_s202610011_q09_main,test,lfr_n10000_phi50_s202610011,8653,COMPLETED,True,0.07692307692307693,DIAGNOSTIC_SCOPE_NOT_AUTHORIZED,NOT_RUN_G_E2_NOT_PASS,False,NOT_RUN_G_E2_NOT_PASS,False,,False,,,,,,,,2,264.0231,9,b2a60f0465083ff55710209310de19942cba700d5f47b29246e7472cc89f6761,results/m4/test_main_v12_002
test_main_v12_002__lfr_n10000_phi50_s202610011_q10_main,lfr_n10000_phi50_s202610011_q10_main,test,lfr_n10000_phi50_s202610011,817,COMPLETED,True,0.05405405405405406,DIAGNOSTIC_SCOPE_NOT_AUTHORIZED,NOT_RUN_G_E2_NOT_PASS,False,NOT_RUN_G_E2_NOT_PASS,False,,False,,,,,,,,2,63.0056,5,74b67b9ff0f332311ec49e4082b27e4ef114e8661e389443fed1392a2730ea84,results/m4/test_main_v12_002
test_main_v12_002__lfr_n10000_phi50_s202610011_q11_main,lfr_n10000_phi50_s202610011_q11_main,test,lfr_n10000_phi50_s202610011,6755,COMPLETED,True,0.10526315789473684,DIAGNOSTIC_SCOPE_NOT_AUTHORIZED,NOT_RUN_G_E2_NOT_PASS,False,NOT_RUN_G_E2_NOT_PASS,False,,False,,,,,,,,2,136.0119,7,fa4f70e962183adcaa08d841ac10b09e9b52812559f4e12e6d417cfd12e30028,results/m4/test_main_v12_002
test_main_v12_002__lfr_n10000_phi50_s202610012_q00_main,lfr_n10000_phi50_s202610012_q00_main,test,lfr_n10000_phi50_s202610012,7523,COMPLETED,True,0.06896551724137931,DIAGNOSTIC_SCOPE_NOT_AUTHORIZED,NOT_RUN_G_E2_NOT_PASS,False,NOT_RUN_G_E2_NOT_PASS,False,,False,,,,,,,,2,176.0154,5,14486ca2b4643535bd74268066d37d5806f9c78ece2c12e7fa5079818d4a04ad,results/m4/test_main_v12_002
test_main_v12_002__lfr_n10000_phi50_s202610012_q01_main,lfr_n10000_phi50_s202610012_q01_main,test,lfr_n10000_phi50_s202610012,3700,COMPLETED,True,0.047058823529411764,DIAGNOSTIC_SCOPE_NOT_AUTHORIZED,NOT_RUN_G_E2_NOT_PASS,False,NOT_RUN_G_E2_NOT_PASS,False,,False,,,,,,,,2,80.00699999999999,3,fb250ac61700e82a4f3c7d467565041b2b17f54b15163791ac8a3de8121365ee,results/m4/test_main_v12_002
test_main_v12_002__lfr_n10000_phi50_s202610012_q02_main,lfr_n10000_phi50_s202610012_q02_main,test,lfr_n10000_phi50_s202610012,3330,COMPLETED,True,1.0,DIAGNOSTIC_SCOPE_NOT_AUTHORIZED,NOT_RUN_G_E2_NOT_PASS,False,NOT_RUN_G_E2_NOT_PASS,False,,False,,,,,,,,3,144.0135,116,5dcc97a1e9e7c229cdbd2e99ea1569c94066ceb40ac366d667265466639e7dd1,results/m4/test_main_v12_002
test_main_v12_002__lfr_n10000_phi50_s202610012_q03_main,lfr_n10000_phi50_s202610012_q03_main,test,lfr_n10000_phi50_s202610012,4556,COMPLETED,True,0.06666666666666667,DIAGNOSTIC_SCOPE_NOT_AUTHORIZED,NOT_RUN_G_E2_NOT_PASS,False,NOT_RUN_G_E2_NOT_PASS,False,,False,,,,,,,,2,88.0077,4,307f8ec07bec63368d666735d8d4c5fab69515b9e311c4887931fabe2780aa16,results/m4/test_main_v12_002
test_main_v12_002__lfr_n10000_phi50_s202610012_q04_main,lfr_n10000_phi50_s202610012_q04_main,test,lfr_n10000_phi50_s202610012,1987,COMPLETED,True,0.010869565217391304,DIAGNOSTIC_SCOPE_NOT_AUTHORIZED,NOT_RUN_G_E2_NOT_PASS,False,NOT_RUN_G_E2_NOT_PASS,False,,False,,,,,,,,3,96.0088,2,130c5d4d15adb5733c9d936f0a5efd28bab2df6cefd1270064276d01c35a2df6,results/m4/test_main_v12_002
test_main_v12_002__lfr_n10000_phi50_s202610012_q05_main,lfr_n10000_phi50_s202610012_q05_main,test,lfr_n10000_phi50_s202610012,9492,COMPLETED,True,0.9918256130790191,DIAGNOSTIC_SCOPE_NOT_AUTHORIZED,NOT_RUN_G_E2_NOT_PASS,False,NOT_RUN_G_E2_NOT_PASS,False,,False,,,,,,,,2,464.0406,185,34c0be462bcf939b1102380adf6e66aa1ed9026a9c2d7155090427bb9958aa0e,results/m4/test_main_v12_002
test_main_v12_002__lfr_n10000_phi50_s202610012_q06_main,lfr_n10000_phi50_s202610012_q06_main,test,lfr_n10000_phi50_s202610012,1265,COMPLETED,True,0.9934640522875817,DIAGNOSTIC_SCOPE_NOT_AUTHORIZED,NOT_RUN_G_E2_NOT_PASS,False,NOT_RUN_G_E2_NOT_PASS,False,,False,,,,,,,,3,98.0091,77,9b39cbf5d0323a2df209287173fb26cc6762ef7583d01674da610e03febd541f,results/m4/test_main_v12_002
test_main_v12_002__lfr_n10000_phi50_s202610012_q07_main,lfr_n10000_phi50_s202610012_q07_main,test,lfr_n10000_phi50_s202610012,1391,COMPLETED,True,0.9934640522875817,DIAGNOSTIC_SCOPE_NOT_AUTHORIZED,NOT_RUN_G_E2_NOT_PASS,False,NOT_RUN_G_E2_NOT_PASS,False,,False,,,,,,,,3,105.0098,77,6a45b261639ddfa1298a4c0b96d361eaab2ea1eb2cb6bf848235231db9dce9b5,results/m4/test_main_v12_002
test_main_v12_002__lfr_n10000_phi50_s202610012_q08_main,lfr_n10000_phi50_s202610012_q08_main,test,lfr_n10000_phi50_s202610012,7755,COMPLETED,True,0.9948717948717949,DIAGNOSTIC_SCOPE_NOT_AUTHORIZED,NOT_RUN_G_E2_NOT_PASS,False,NOT_RUN_G_E2_NOT_PASS,False,,False,,,,,,,,2,184.0161,98,7e53ed3c26cc21aba98540a0999d035a9b5c9ca15f5fa4f66cb4dfc203b81537,results/m4/test_main_v12_002
test_main_v12_002__lfr_n10000_phi50_s202610012_q09_main,lfr_n10000_phi50_s202610012_q09_main,test,lfr_n10000_phi50_s202610012,4222,COMPLETED,True,0.9948717948717949,DIAGNOSTIC_SCOPE_NOT_AUTHORIZED,NOT_RUN_G_E2_NOT_PASS,False,NOT_RUN_G_E2_NOT_PASS,False,,False,,,,,,,,2,99.0088,98,8f34edf6af26737f088a56d96b8885ce4c2c1482acb8ce6eb04b21dfed3ac2b5,results/m4/test_main_v12_002
test_main_v12_002__lfr_n10000_phi50_s202610012_q10_main,lfr_n10000_phi50_s202610012_q10_main,test,lfr_n10000_phi50_s202610012,2482,COMPLETED,True,0.023529411764705882,DIAGNOSTIC_SCOPE_NOT_AUTHORIZED,NOT_RUN_G_E2_NOT_PASS,False,NOT_RUN_G_E2_NOT_PASS,False,,False,,,,,,,,2,64.0056,3,b4c1390239cf2039fb304377b5c51bc4f446af740d1eefa74c6e5e0972867ca7,results/m4/test_main_v12_002
test_main_v12_002__lfr_n10000_phi50_s202610012_q11_main,lfr_n10000_phi50_s202610012_q11_main,test,lfr_n10000_phi50_s202610012,1315,COMPLETED,True,0.047619047619047616,DIAGNOSTIC_SCOPE_NOT_AUTHORIZED,NOT_RUN_G_E2_NOT_PASS,False,NOT_RUN_G_E2_NOT_PASS,False,,False,,,,,,,,3,91.0084,2,57fa1531cbb68278ba4517701567e7cf079c49012bd22ce0cce860c785e387c0,results/m4/test_main_v12_002
test_main_v12_002__lfr_n10000_phi50_s202610013_q00_main,lfr_n10000_phi50_s202610013_q00_main,test,lfr_n10000_phi50_s202610013,7728,COMPLETED,True,0.05,DIAGNOSTIC_SCOPE_NOT_AUTHORIZED,NOT_RUN_G_E2_NOT_PASS,False,NOT_RUN_G_E2_NOT_PASS,False,,False,,,,,,,,2,192.01680000000002,5,2628a6f3ce3181b35c0d368cd0b0e3d98b115d104552bca9fde1c02661026b5f,results/m4/test_main_v12_002
test_main_v12_002__lfr_n10000_phi50_s202610013_q01_main,lfr_n10000_phi50_s202610013_q01_main,test,lfr_n10000_phi50_s202610013,1056,COMPLETED,True,1.0,DIAGNOSTIC_SCOPE_NOT_AUTHORIZED,NOT_RUN_G_E2_NOT_PASS,False,NOT_RUN_G_E2_NOT_PASS,False,,False,,,,,,,,3,154.0147,115,6d4f66ce107b1aaaaa11f5ae237276e486568b217bc3d48efacdb637193352d2,results/m4/test_main_v12_002
test_main_v12_002__lfr_n10000_phi50_s202610013_q02_main,lfr_n10000_phi50_s202610013_q02_main,test,lfr_n10000_phi50_s202610013,1545,COMPLETED,True,0.1016949152542373,DIAGNOSTIC_SCOPE_NOT_AUTHORIZED,NOT_RUN_G_E2_NOT_PASS,False,NOT_RUN_G_E2_NOT_PASS,False,,False,,,,,,,,2,64.0056,3,150a3d7258fbf34f592eb6268a2f7dacb6b13d2b00d22b5eaaca0d83c92c0599,results/m4/test_main_v12_002
test_main_v12_002__lfr_n10000_phi50_s202610013_q03_main,lfr_n10000_phi50_s202610013_q03_main,test,lfr_n10000_phi50_s202610013,6184,COMPLETED,True,0.12903225806451613,DIAGNOSTIC_SCOPE_NOT_AUTHORIZED,NOT_RUN_G_E2_NOT_PASS,False,NOT_RUN_G_E2_NOT_PASS,False,,False,,,,,,,,2,135.012,6,983f7a548e20c2b72a5f595991a22efdbfb7760339e4e427ed9586a7c400dc08,results/m4/test_main_v12_002
test_main_v12_002__lfr_n10000_phi50_s202610013_q04_main,lfr_n10000_phi50_s202610013_q04_main,test,lfr_n10000_phi50_s202610013,5803,COMPLETED,True,0.05454545454545454,DIAGNOSTIC_SCOPE_NOT_AUTHORIZED,NOT_RUN_G_E2_NOT_PASS,False,NOT_RUN_G_E2_NOT_PASS,False,,False,,,,,,,,2,126.0112,5,89357e669f77d8d3cfb5771a4d6b5adff5e80bda85a4acf5613b11d8ca9239db,results/m4/test_main_v12_002
test_main_v12_002__lfr_n10000_phi50_s202610013_q05_main,lfr_n10000_phi50_s202610013_q05_main,test,lfr_n10000_phi50_s202610013,5320,COMPLETED,True,0.05504587155963303,DIAGNOSTIC_SCOPE_NOT_AUTHORIZED,NOT_RUN_G_E2_NOT_PASS,False,NOT_RUN_G_E2_NOT_PASS,False,,False,,,,,,,,2,104.0091,4,ab59c9daf116dee214dec0287dcd29e788f7342174c0270d03c64aa6a48a83a3,results/m4/test_main_v12_002
test_main_v12_002__lfr_n10000_phi50_s202610013_q06_main,lfr_n10000_phi50_s202610013_q06_main,test,lfr_n10000_phi50_s202610013,5925,COMPLETED,True,0.03669724770642202,DIAGNOSTIC_SCOPE_NOT_AUTHORIZED,NOT_RUN_G_E2_NOT_PASS,False,NOT_RUN_G_E2_NOT_PASS,False,,False,,,,,,,,2,165.015,5,cd903694a572a44fe91d5d8f1ca0a64cbb311fe3a712902606ca29ba0fd8a74e,results/m4/test_main_v12_002
test_main_v12_002__lfr_n10000_phi50_s202610013_q07_main,lfr_n10000_phi50_s202610013_q07_main,test,lfr_n10000_phi50_s202610013,6901,COMPLETED,True,0.9904761904761905,DIAGNOSTIC_SCOPE_NOT_AUTHORIZED,NOT_RUN_G_E2_NOT_PASS,False,NOT_RUN_G_E2_NOT_PASS,False,,False,,,,,,,,3,252.02339999999998,106,46d5844b82a62c6df1f5157a051a7d073c8458fc5ab109d56f9e713eb5583e85,results/m4/test_main_v12_002
test_main_v12_002__lfr_n10000_phi50_s202610013_q08_main,lfr_n10000_phi50_s202610013_q08_main,test,lfr_n10000_phi50_s202610013,664,COMPLETED,True,0.012658227848101266,DIAGNOSTIC_SCOPE_NOT_AUTHORIZED,NOT_RUN_G_E2_NOT_PASS,False,NOT_RUN_G_E2_NOT_PASS,False,,False,,,,,,,,2,63.0056,3,5382ac33c561463edf1a7060ed2408f3e72f183ba466f5bf9385c8139a162f62,results/m4/test_main_v12_002
test_main_v12_002__lfr_n10000_phi50_s202610013_q09_main,lfr_n10000_phi50_s202610013_q09_main,test,lfr_n10000_phi50_s202610013,2857,COMPLETED,True,0.037267080745341616,DIAGNOSTIC_SCOPE_NOT_AUTHORIZED,NOT_RUN_G_E2_NOT_PASS,False,NOT_RUN_G_E2_NOT_PASS,False,,False,,,,,,,,2,81.0072,6,ce530e842c4f12dbe12303ae223861dae0bd85300438134e385621b133c85255,results/m4/test_main_v12_002
test_main_v12_002__lfr_n10000_phi50_s202610013_q10_main,lfr_n10000_phi50_s202610013_q10_main,test,lfr_n10000_phi50_s202610013,7872,COMPLETED,True,0.9940828402366864,DIAGNOSTIC_SCOPE_NOT_AUTHORIZED,NOT_RUN_G_E2_NOT_PASS,False,NOT_RUN_G_E2_NOT_PASS,False,,False,,,,,,,,2,200.0175,85,209ff71921ee5bdc17580e1ac2368ab6ee656c4b9b40e0f114e4ea308fdf800b,results/m4/test_main_v12_002
test_main_v12_002__lfr_n10000_phi50_s202610013_q11_main,lfr_n10000_phi50_s202610013_q11_main,test,lfr_n10000_phi50_s202610013,9503,COMPLETED,True,1.0,DIAGNOSTIC_SCOPE_NOT_AUTHORIZED,NOT_RUN_G_E2_NOT_PASS,False,NOT_RUN_G_E2_NOT_PASS,False,,False,,,,,,,,2,480.04200000000003,84,806776f166fe9b0399f6464e846b39e854338841de626507f27c476d8b05d3eb,results/m4/test_main_v12_002
test_main_v12_002__lfr_n10000_phi60_s202610011_q00_main,lfr_n10000_phi60_s202610011_q00_main,test,lfr_n10000_phi60_s202610011,3603,COMPLETED,True,0.01818181818181818,DIAGNOSTIC_SCOPE_NOT_AUTHORIZED,NOT_RUN_G_E2_NOT_PASS,False,NOT_RUN_G_E2_NOT_PASS,False,,False,,,,,,,,2,80.00699999999999,3,fb7aa7f016dd90920cfca7e3dda464b2f60b8d376707d257630579304c5815ae,results/m4/test_main_v12_002
test_main_v12_002__lfr_n10000_phi60_s202610011_q01_main,lfr_n10000_phi60_s202610011_q01_main,test,lfr_n10000_phi60_s202610011,2736,COMPLETED,True,0.03636363636363636,DIAGNOSTIC_SCOPE_NOT_AUTHORIZED,NOT_RUN_G_E2_NOT_PASS,False,NOT_RUN_G_E2_NOT_PASS,False,,False,,,,,,,,2,81.0072,3,5fd6aea0c515ee5efacf5b5b0c4171a2c48872d012c8f566beb1c40e5f896064,results/m4/test_main_v12_002
test_main_v12_002__lfr_n10000_phi60_s202610011_q02_main,lfr_n10000_phi60_s202610011_q02_main,test,lfr_n10000_phi60_s202610011,8400,COMPLETED,True,0.040268456375838924,DIAGNOSTIC_SCOPE_NOT_AUTHORIZED,NOT_RUN_G_E2_NOT_PASS,False,NOT_RUN_G_E2_NOT_PASS,False,,False,,,,,,,,2,232.0203,10,e8e3241d0c4552b62e391b578f08199577aa6a4223456d5ba36472830b4d151b,results/m4/test_main_v12_002
test_main_v12_002__lfr_n10000_phi60_s202610011_q03_main,lfr_n10000_phi60_s202610011_q03_main,test,lfr_n10000_phi60_s202610011,9844,COMPLETED,True,0.972027972027972,DIAGNOSTIC_SCOPE_NOT_AUTHORIZED,NOT_RUN_G_E2_NOT_PASS,False,NOT_RUN_G_E2_NOT_PASS,False,,False,,,,,,,,2,656.0574,147,ff4c329770ab20150da9cca0f012f6a89611a2a20d8f8f52f2aff7c6e652a1eb,results/m4/test_main_v12_002
test_main_v12_002__lfr_n10000_phi60_s202610011_q04_main,lfr_n10000_phi60_s202610011_q04_main,test,lfr_n10000_phi60_s202610011,7865,COMPLETED,True,0.1791044776119403,DIAGNOSTIC_SCOPE_NOT_AUTHORIZED,NOT_RUN_G_E2_NOT_PASS,False,NOT_RUN_G_E2_NOT_PASS,False,,False,,,,,,,,2,192.01680000000002,6,5da46d298942e2b3bd2abcc2bebc75eac287e202a789f948cad6774da5ee5e47,results/m4/test_main_v12_002
test_main_v12_002__lfr_n10000_phi60_s202610011_q05_main,lfr_n10000_phi60_s202610011_q05_main,test,lfr_n10000_phi60_s202610011,1039,COMPLETED,True,0.031746031746031744,DIAGNOSTIC_SCOPE_NOT_AUTHORIZED,NOT_RUN_G_E2_NOT_PASS,False,NOT_RUN_G_E2_NOT_PASS,False,,False,,,,,,,,3,105.0098,2,5071480097a94d59c777d8101492a12bb1e5527d19fe378c6fda1d631d4d3354,results/m4/test_main_v12_002
test_main_v12_002__lfr_n10000_phi60_s202610011_q06_main,lfr_n10000_phi60_s202610011_q06_main,test,lfr_n10000_phi60_s202610011,4983,COMPLETED,True,0.06779661016949153,DIAGNOSTIC_SCOPE_NOT_AUTHORIZED,NOT_RUN_G_E2_NOT_PASS,False,NOT_RUN_G_E2_NOT_PASS,False,,False,,,,,,,,3,144.0132,3,3fae22b318ae9e9f92329007bfc8cee477324afae28cba90e74d7c7fbdea3278,results/m4/test_main_v12_002
test_main_v12_002__lfr_n10000_phi60_s202610011_q07_main,lfr_n10000_phi60_s202610011_q07_main,test,lfr_n10000_phi60_s202610011,3829,COMPLETED,True,0.09836065573770492,DIAGNOSTIC_SCOPE_NOT_AUTHORIZED,NOT_RUN_G_E2_NOT_PASS,False,NOT_RUN_G_E2_NOT_PASS,False,,False,,,,,,,,2,80.00699999999999,5,c2ca2cbdb2724b6c61e47804654bcbc2d85b4d9804da2ed0f467d53dbaa05787,results/m4/test_main_v12_002
test_main_v12_002__lfr_n10000_phi60_s202610011_q08_main,lfr_n10000_phi60_s202610011_q08_main,test,lfr_n10000_phi60_s202610011,8476,COMPLETED,True,0.045112781954887216,DIAGNOSTIC_SCOPE_NOT_AUTHORIZED,NOT_RUN_G_E2_NOT_PASS,False,NOT_RUN_G_E2_NOT_PASS,False,,False,,,,,,,,2,240.02100000000002,5,3565c6f16bdf6688eb3af786fec8fa731f9edab9b074a9b2fef3f469915f99f3,results/m4/test_main_v12_002
test_main_v12_002__lfr_n10000_phi60_s202610011_q09_main,lfr_n10000_phi60_s202610011_q09_main,test,lfr_n10000_phi60_s202610011,1554,COMPLETED,True,0.015267175572519083,DIAGNOSTIC_SCOPE_NOT_AUTHORIZED,NOT_RUN_G_E2_NOT_PASS,False,NOT_RUN_G_E2_NOT_PASS,False,,False,,,,,,,,2,72.0064,3,28066f929f09a02f034267e656184db7e351addc8fe8a84a0b6f68424d51fa38,results/m4/test_main_v12_002
test_main_v12_002__lfr_n10000_phi60_s202610011_q10_main,lfr_n10000_phi60_s202610011_q10_main,test,lfr_n10000_phi60_s202610011,2481,COMPLETED,True,0.017241379310344827,DIAGNOSTIC_SCOPE_NOT_AUTHORIZED,NOT_RUN_G_E2_NOT_PASS,False,NOT_RUN_G_E2_NOT_PASS,False,,False,,,,,,,,2,72.0064,3,e3f5ab7d200722c982785434ea05baeb2cf2591565231ff3e9b8875d00c0bc6d,results/m4/test_main_v12_002
test_main_v12_002__lfr_n10000_phi60_s202610011_q11_main,lfr_n10000_phi60_s202610011_q11_main,test,lfr_n10000_phi60_s202610011,803,COMPLETED,True,0.9400921658986175,DIAGNOSTIC_SCOPE_NOT_AUTHORIZED,NOT_RUN_G_E2_NOT_PASS,False,NOT_RUN_G_E2_NOT_PASS,False,,False,,,,,,,,3,84.0077,104,4ad1fad31d89b857e2614c3589b40d8f1b501d361e1381e3a9c6ac139cf1b131,results/m4/test_main_v12_002
test_main_v12_002__lfr_n10000_phi60_s202610012_q00_main,lfr_n10000_phi60_s202610012_q00_main,test,lfr_n10000_phi60_s202610012,4829,COMPLETED,True,0.06521739130434782,DIAGNOSTIC_SCOPE_NOT_AUTHORIZED,NOT_RUN_G_E2_NOT_PASS,False,NOT_RUN_G_E2_NOT_PASS,False,,False,,,,,,,,2,108.0096,4,5f54572fa7f4545f9ae6c7156e913c0ae25c0085bc5f5c2e27ba241bb3c28df5,results/m4/test_main_v12_002
test_main_v12_002__lfr_n10000_phi60_s202610012_q01_main,lfr_n10000_phi60_s202610012_q01_main,test,lfr_n10000_phi60_s202610012,368,COMPLETED,True,0.06593406593406594,DIAGNOSTIC_SCOPE_NOT_AUTHORIZED,NOT_RUN_G_E2_NOT_PASS,False,NOT_RUN_G_E2_NOT_PASS,False,,False,,,,,,,,2,70.00630000000001,3,97cb6da3932ae689e19515b451dd46a54770ce4726f82053a205063f86af2c10,results/m4/test_main_v12_002
test_main_v12_002__lfr_n10000_phi60_s202610012_q02_main,lfr_n10000_phi60_s202610012_q02_main,test,lfr_n10000_phi60_s202610012,1661,COMPLETED,True,0.03076923076923077,DIAGNOSTIC_SCOPE_NOT_AUTHORIZED,NOT_RUN_G_E2_NOT_PASS,False,NOT_RUN_G_E2_NOT_PASS,False,,False,,,,,,,,2,64.0056,2,c9e3db9c021f4d99f0a38bf8817be61bdca99d13b84cbef22faf1d2985bb289b,results/m4/test_main_v12_002
test_main_v12_002__lfr_n10000_phi60_s202610012_q03_main,lfr_n10000_phi60_s202610012_q03_main,test,lfr_n10000_phi60_s202610012,7345,COMPLETED,True,0.08450704225352113,DIAGNOSTIC_SCOPE_NOT_AUTHORIZED,NOT_RUN_G_E2_NOT_PASS,False,NOT_RUN_G_E2_NOT_PASS,False,,False,,,,,,,,2,168.0147,8,be262d7057279eee06ce04c17bb2367f8b12fbe7cf8648d14f8709cfe1b164ad,results/m4/test_main_v12_002
test_main_v12_002__lfr_n10000_phi60_s202610012_q04_main,lfr_n10000_phi60_s202610012_q04_main,test,lfr_n10000_phi60_s202610012,2271,COMPLETED,True,0.04597701149425287,DIAGNOSTIC_SCOPE_NOT_AUTHORIZED,NOT_RUN_G_E2_NOT_PASS,False,NOT_RUN_G_E2_NOT_PASS,False,,False,,,,,,,,2,64.0056,5,d90385d33aba20c189fb48d938fd1a65c7f52b6cf7c6d77520bfdda986d92321,results/m4/test_main_v12_002
test_main_v12_002__lfr_n10000_phi60_s202610012_q05_main,lfr_n10000_phi60_s202610012_q05_main,test,lfr_n10000_phi60_s202610012,1465,COMPLETED,True,0.023809523809523808,DIAGNOSTIC_SCOPE_NOT_AUTHORIZED,NOT_RUN_G_E2_NOT_PASS,False,NOT_RUN_G_E2_NOT_PASS,False,,False,,,,,,,,2,70.00630000000001,2,8892baccb28bafc09f608e86ca0cffa30e59d33580504119c67e44acc14abf2d,results/m4/test_main_v12_002
test_main_v12_002__lfr_n10000_phi60_s202610012_q06_main,lfr_n10000_phi60_s202610012_q06_main,test,lfr_n10000_phi60_s202610012,6393,COMPLETED,True,0.01639344262295082,DIAGNOSTIC_SCOPE_NOT_AUTHORIZED,NOT_RUN_G_E2_NOT_PASS,False,NOT_RUN_G_E2_NOT_PASS,False,,False,,,,,,,,2,128.0112,5,534626fb89fc6cab279fd9d9619b706cc3bf75b8a84d6584b363df8d8c0788ec,results/m4/test_main_v12_002
test_main_v12_002__lfr_n10000_phi60_s202610012_q07_main,lfr_n10000_phi60_s202610012_q07_main,test,lfr_n10000_phi60_s202610012,6322,COMPLETED,True,0.06504065040650407,DIAGNOSTIC_SCOPE_NOT_AUTHORIZED,NOT_RUN_G_E2_NOT_PASS,False,NOT_RUN_G_E2_NOT_PASS,False,,False,,,,,,,,2,128.0112,6,0412fa5fd0cd5230ef50c8ef1fe00b412d39e9ee7a59e891bf54f8d57e1f33e6,results/m4/test_main_v12_002
test_main_v12_002__lfr_n10000_phi60_s202610012_q08_main,lfr_n10000_phi60_s202610012_q08_main,test,lfr_n10000_phi60_s202610012,2883,COMPLETED,True,0.03225806451612903,DIAGNOSTIC_SCOPE_NOT_AUTHORIZED,NOT_RUN_G_E2_NOT_PASS,False,NOT_RUN_G_E2_NOT_PASS,False,,False,,,,,,,,2,90.0081,4,a77d70cc644ede8b8fa54e4146fee347f9a40867e6555fdcfc44529de2154234,results/m4/test_main_v12_002
test_main_v12_002__lfr_n10000_phi60_s202610012_q09_main,lfr_n10000_phi60_s202610012_q09_main,test,lfr_n10000_phi60_s202610012,6020,COMPLETED,True,0.031746031746031744,DIAGNOSTIC_SCOPE_NOT_AUTHORIZED,NOT_RUN_G_E2_NOT_PASS,False,NOT_RUN_G_E2_NOT_PASS,False,,False,,,,,,,,2,150.0135,7,66d2dc25c8709d837a7457afccb43844225cace659476792b54e10a6c03ea8c5,results/m4/test_main_v12_002
test_main_v12_002__lfr_n10000_phi60_s202610012_q10_main,lfr_n10000_phi60_s202610012_q10_main,test,lfr_n10000_phi60_s202610012,7539,COMPLETED,True,0.816414686825054,DIAGNOSTIC_SCOPE_NOT_AUTHORIZED,NOT_RUN_G_E2_NOT_PASS,False,NOT_RUN_G_E2_NOT_PASS,False,,False,,,,,,,,2,198.0176,266,ce15313792bce89a94f72d2d26357721ebaf94b94904b26b6fad10b07af3a8a9,results/m4/test_main_v12_002
test_main_v12_002__lfr_n10000_phi60_s202610012_q11_main,lfr_n10000_phi60_s202610012_q11_main,test,lfr_n10000_phi60_s202610012,9753,COMPLETED,True,0.09216589861751152,DIAGNOSTIC_SCOPE_NOT_AUTHORIZED,NOT_RUN_G_E2_NOT_PASS,False,NOT_RUN_G_E2_NOT_PASS,False,,False,,,,,,,,2,592.0518000000001,20,d46a649e0a322d4d0f47b545544bd112ff86cdc7b4b65318eed0e4febe16c8c3,results/m4/test_main_v12_002
test_main_v12_002__lfr_n10000_phi60_s202610013_q00_main,lfr_n10000_phi60_s202610013_q00_main,test,lfr_n10000_phi60_s202610013,1935,COMPLETED,True,0.010810810810810811,DIAGNOSTIC_SCOPE_NOT_AUTHORIZED,NOT_RUN_G_E2_NOT_PASS,False,NOT_RUN_G_E2_NOT_PASS,False,,False,,,,,,,,3,160.0152,4,4dbdde5b3d255c271f64e450db7756bcebf74a9adc9338d36f4a48bbf6ff3837,results/m4/test_main_v12_002
test_main_v12_002__lfr_n10000_phi60_s202610013_q01_main,lfr_n10000_phi60_s202610013_q01_main,test,lfr_n10000_phi60_s202610013,2215,COMPLETED,True,0.021621621621621623,DIAGNOSTIC_SCOPE_NOT_AUTHORIZED,NOT_RUN_G_E2_NOT_PASS,False,NOT_RUN_G_E2_NOT_PASS,False,,False,,,,,,,,2,64.0056,4,a390ef9fc198127a5655477250ec8a59895a13f87d06def2b52375aea1f89779,results/m4/test_main_v12_002
test_main_v12_002__lfr_n10000_phi60_s202610013_q02_main,lfr_n10000_phi60_s202610013_q02_main,test,lfr_n10000_phi60_s202610013,5654,COMPLETED,True,0.0380952380952381,DIAGNOSTIC_SCOPE_NOT_AUTHORIZED,NOT_RUN_G_E2_NOT_PASS,False,NOT_RUN_G_E2_NOT_PASS,False,,False,,,,,,,,2,112.0098,5,1cf52d641e59d11d40765bde9e5279a75609c542d43e3cea3da98ebfd8745ea7,results/m4/test_main_v12_002
test_main_v12_002__lfr_n10000_phi60_s202610013_q03_main,lfr_n10000_phi60_s202610013_q03_main,test,lfr_n10000_phi60_s202610013,291,COMPLETED,True,0.019417475728155338,DIAGNOSTIC_SCOPE_NOT_AUTHORIZED,NOT_RUN_G_E2_NOT_PASS,False,NOT_RUN_G_E2_NOT_PASS,False,,False,,,,,,,,2,63.0056,3,fa27d3172c76e3794f540fe127ab753207bbc7c300f632697595135fc60d626f,results/m4/test_main_v12_002
test_main_v12_002__lfr_n10000_phi60_s202610013_q04_main,lfr_n10000_phi60_s202610013_q04_main,test,lfr_n10000_phi60_s202610013,7489,COMPLETED,True,0.08333333333333333,DIAGNOSTIC_SCOPE_NOT_AUTHORIZED,NOT_RUN_G_E2_NOT_PASS,False,NOT_RUN_G_E2_NOT_PASS,False,,False,,,,,,,,2,176.0154,9,1aa2bce8c223977afcf7e613d5305985e0af71ba030f723280b7653ffe68f3a8,results/m4/test_main_v12_002
test_main_v12_002__lfr_n10000_phi60_s202610013_q05_main,lfr_n10000_phi60_s202610013_q05_main,test,lfr_n10000_phi60_s202610013,38,COMPLETED,True,0.03076923076923077,DIAGNOSTIC_SCOPE_NOT_AUTHORIZED,NOT_RUN_G_E2_NOT_PASS,False,NOT_RUN_G_E2_NOT_PASS,False,,False,,,,,,,,2,63.0056,2,47ebd2a10981950b9917d766d4d7863fad503462f772ed99086ddea691b2abee,results/m4/test_main_v12_002
test_main_v12_002__lfr_n10000_phi60_s202610013_q06_main,lfr_n10000_phi60_s202610013_q06_main,test,lfr_n10000_phi60_s202610013,2199,COMPLETED,True,0.05555555555555555,DIAGNOSTIC_SCOPE_NOT_AUTHORIZED,NOT_RUN_G_E2_NOT_PASS,False,NOT_RUN_G_E2_NOT_PASS,False,,False,,,,,,,,2,72.0064,3,bcef1336f94e54163509e36c2f70a507519432c5791dbcd28384c10b2f289c4d,results/m4/test_main_v12_002
test_main_v12_002__lfr_n10000_phi60_s202610013_q07_main,lfr_n10000_phi60_s202610013_q07_main,test,lfr_n10000_phi60_s202610013,1523,COMPLETED,True,0.028169014084507043,DIAGNOSTIC_SCOPE_NOT_AUTHORIZED,NOT_RUN_G_E2_NOT_PASS,False,NOT_RUN_G_E2_NOT_PASS,False,,False,,,,,,,,2,88.008,2,08d7cd617a6f0f6adaee9e5cf72b57c0e99b1f7cae5f16579e8d5ebe471bc938,results/m4/test_main_v12_002
test_main_v12_002__lfr_n10000_phi60_s202610013_q08_main,lfr_n10000_phi60_s202610013_q08_main,test,lfr_n10000_phi60_s202610013,9603,COMPLETED,True,1.0,DIAGNOSTIC_SCOPE_NOT_AUTHORIZED,NOT_RUN_G_E2_NOT_PASS,False,NOT_RUN_G_E2_NOT_PASS,False,,False,,,,,,,,2,520.0455,55,aeb4e92e378175e3ac8f65970ea4725d08ae835aa344c39bc1375b6c1c763a9b,results/m4/test_main_v12_002
test_main_v12_002__lfr_n10000_phi60_s202610013_q09_main,lfr_n10000_phi60_s202610013_q09_main,test,lfr_n10000_phi60_s202610013,860,COMPLETED,True,0.03508771929824561,DIAGNOSTIC_SCOPE_NOT_AUTHORIZED,NOT_RUN_G_E2_NOT_PASS,False,NOT_RUN_G_E2_NOT_PASS,False,,False,,,,,,,,3,98.0091,2,2d06f51d1cfbda6f7e05fb0c811abfa12a9d32ade7e33e971aa034edcc150978,results/m4/test_main_v12_002
test_main_v12_002__lfr_n10000_phi60_s202610013_q10_main,lfr_n10000_phi60_s202610013_q10_main,test,lfr_n10000_phi60_s202610013,9515,COMPLETED,True,0.9859154929577465,DIAGNOSTIC_SCOPE_NOT_AUTHORIZED,NOT_RUN_G_E2_NOT_PASS,False,NOT_RUN_G_E2_NOT_PASS,False,,False,,,,,,,,2,480.04200000000003,72,a040b36bc622869ddf6203b1470ff328c8ab0d6ccaf2c9f03f445fda51a89663,results/m4/test_main_v12_002
test_main_v12_002__lfr_n10000_phi60_s202610013_q11_main,lfr_n10000_phi60_s202610013_q11_main,test,lfr_n10000_phi60_s202610013,1451,COMPLETED,True,0.0273972602739726,DIAGNOSTIC_SCOPE_NOT_AUTHORIZED,NOT_RUN_G_E2_NOT_PASS,False,NOT_RUN_G_E2_NOT_PASS,False,,False,,,,,,,,2,80.0072,3,2f9e6b246438543d9af6813410f9f1b5722eca618f207072da9ceb1def47f08b,results/m4/test_main_v12_002
